25-07-11 15:49:50.125 :   task: scunet_ngswin_trans_nstb
  model: scunet_ngswin
  gpu_ids: [0]
  dist: False
  scale: 1
  n_channels: 1
  path:[
    root: training_results/trans_nstb
    pretrained_netG: None
    pretrained_netE: None
    task: training_results/trans_nstb/scunet_ngswin_trans_nstb
    log: training_results/trans_nstb/scunet_ngswin_trans_nstb
    options: training_results/trans_nstb/scunet_ngswin_trans_nstb/options
    models: training_results/trans_nstb/scunet_ngswin_trans_nstb/models
    images: training_results/trans_nstb/scunet_ngswin_trans_nstb/images
    pretrained_optimizerG: None
  ]
  datasets:[
    train:[
      name: syn_deeplesion_train_li_ct
      dataset_type: li_ct
      dataroot_H: /home/Drive-D/SynDeepLesion/train_640geo
      dataloader_shuffle: True
      dataloader_num_workers: 4
      dataloader_batch_size: 2
      phase: train
      scale: 1
      n_channels: 1
    ]
    test:[
      name: syn_deeplesion_test_li_ct
      dataset_type: li_ct
      dataroot_H: /home/Drive-D/SynDeepLesion/test_640geo
      phase: test
      scale: 1
      n_channels: 1
    ]
    test_2:[
      name: clinical_metal_test_nii_ct
      dataset_type: nii_ct
      dataroot_H: /home/Drive-D/clinical_metal
      phase: test
      scale: 1
      n_channels: 1
    ]
  ]
  netG:[
    net_type: scunet_ngswin
    in_nc: 1
    out_nc: 1
    config: [1, 1, 1, 1, 1, 1, 1]
    dim: 32
    drop_path_rate: 0.0
    input_resolution: 512
    block_variant: trans_nstb
    init_type: kaiming_normal
    init_bn_type: constant
    init_gain: 1.0
    scale: 1
  ]
  train:[
    G_lossfn_type: l1
    G_lossfn_weight: 1.0
    E_decay: 0.999
    G_optimizer_type: adam
    G_optimizer_lr: 0.0001
    G_optimizer_wd: 0
    G_scheduler_type: MultiStepLR
    G_scheduler_milestones: [200000, 400000, 600000, 800000]
    G_scheduler_gamma: 0.5
    G_param_strict: True
    E_param_strict: True
    checkpoint_test: 30000
    checkpoint_save: 16252
    checkpoint_print: 1000
    use_fp16: True
    test_both_checkpoints: True
    test_save_every_nth: 10
    F_feature_layer: 34
    F_weights: 1.0
    F_lossfn_type: l1
    F_use_input_norm: True
    F_use_range_norm: False
    G_optimizer_betas: [0.9, 0.999]
    G_scheduler_restart_weights: 1
    G_optimizer_reuse: False
  ]
  opt_path: options/train_scunet_ngswin_2.json
  is_train: True
  merge_bn: False
  merge_bn_startpoint: -1
  find_unused_parameters: False
  use_static_graph: False
  num_gpu: 1
  device: cuda

25-07-11 15:49:50.126 : Using device: cuda
25-07-11 15:49:50.405 : Total samples: 36,116 | Train: 32,505 (90.0%) | Validation: 3,611 (10.0%)
25-07-11 15:49:50.406 : Training iters per epoch: 16,253
25-07-11 15:49:50.429 : Test set samples: 2,000
25-07-11 15:49:51.397 : 
Networks name: SCUNet_NGSwin
Params number: 4711102
Net structure:
SCUNet_NGSwin(
  (m_head): Sequential(
    (0): Conv2d(1, 64, kernel_size=(3, 3), stride=(1, 1), padding=(1, 1), bias=False)
  )
  (m_down1): Sequential(
    (0): TransNSTBBlock(
      (conv1_1): Conv2d(64, 64, kernel_size=(1, 1), stride=(1, 1))
      (trans_block): Block(
        (ln1): LayerNorm((32,), eps=1e-05, elementwise_affine=True)
        (msa): WMSA(
          (embedding_layer): Linear(in_features=32, out_features=96, bias=True)
          (linear): Linear(in_features=32, out_features=32, bias=True)
        )
        (drop_path): Identity()
        (ln2): LayerNorm((32,), eps=1e-05, elementwise_affine=True)
        (mlp): Sequential(
          (0): Linear(in_features=32, out_features=128, bias=True)
          (1): GELU(approximate='none')
          (2): Linear(in_features=128, out_features=32, bias=True)
        )
      )
      (nstb_block): NSTB(
        (ngram_window_partition): NGramWindowPartition(
          (ngram_context): NGramContext(
            (unigram_embed): Conv2d(32, 16, kernel_size=(8, 8), stride=(8, 8), groups=16)
            (ngram_attn): WindowAttention(
              (qkv): Linear(in_features=16, out_features=48, bias=True)
              (attn_drop): Dropout(p=0.0, inplace=False)
              (proj): Linear(in_features=16, out_features=16, bias=True)
              (proj_drop): Dropout(p=0.0, inplace=False)
              (softmax): Softmax(dim=-1)
            )
            (avg_pool): AvgPool2d(kernel_size=2, stride=2, padding=0)
            (merge): Conv2d(32, 32, kernel_size=(1, 1), stride=(1, 1))
          )
        )
        (attn): WindowAttention(
          (qkv): Linear(in_features=32, out_features=96, bias=True)
          (attn_drop): Dropout(p=0.0, inplace=False)
          (proj): Linear(in_features=32, out_features=32, bias=True)
          (proj_drop): Dropout(p=0.0, inplace=False)
          (softmax): Softmax(dim=-1)
        )
        (norm1): LayerNorm((32,), eps=1e-05, elementwise_affine=True)
        (drop_path): Identity()
        (ffn): Mlp(
          (fc1): Linear(in_features=32, out_features=64, bias=True)
          (act): GELU(approximate='none')
          (drop1): Dropout(p=0.0, inplace=False)
          (norm): Identity()
          (fc2): Linear(in_features=64, out_features=32, bias=True)
          (drop2): Dropout(p=0.0, inplace=False)
        )
        (norm2): LayerNorm((32,), eps=1e-05, elementwise_affine=True)
      )
      (conv1_2): Conv2d(64, 64, kernel_size=(1, 1), stride=(1, 1))
    )
    (1): Conv2d(64, 128, kernel_size=(2, 2), stride=(2, 2), bias=False)
  )
  (m_down2): Sequential(
    (0): TransNSTBBlock(
      (conv1_1): Conv2d(128, 128, kernel_size=(1, 1), stride=(1, 1))
      (trans_block): Block(
        (ln1): LayerNorm((64,), eps=1e-05, elementwise_affine=True)
        (msa): WMSA(
          (embedding_layer): Linear(in_features=64, out_features=192, bias=True)
          (linear): Linear(in_features=64, out_features=64, bias=True)
        )
        (drop_path): Identity()
        (ln2): LayerNorm((64,), eps=1e-05, elementwise_affine=True)
        (mlp): Sequential(
          (0): Linear(in_features=64, out_features=256, bias=True)
          (1): GELU(approximate='none')
          (2): Linear(in_features=256, out_features=64, bias=True)
        )
      )
      (nstb_block): NSTB(
        (ngram_window_partition): NGramWindowPartition(
          (ngram_context): NGramContext(
            (unigram_embed): Conv2d(64, 32, kernel_size=(8, 8), stride=(8, 8), groups=32)
            (ngram_attn): WindowAttention(
              (qkv): Linear(in_features=32, out_features=96, bias=True)
              (attn_drop): Dropout(p=0.0, inplace=False)
              (proj): Linear(in_features=32, out_features=32, bias=True)
              (proj_drop): Dropout(p=0.0, inplace=False)
              (softmax): Softmax(dim=-1)
            )
            (avg_pool): AvgPool2d(kernel_size=2, stride=2, padding=0)
            (merge): Conv2d(64, 64, kernel_size=(1, 1), stride=(1, 1))
          )
        )
        (attn): WindowAttention(
          (qkv): Linear(in_features=64, out_features=192, bias=True)
          (attn_drop): Dropout(p=0.0, inplace=False)
          (proj): Linear(in_features=64, out_features=64, bias=True)
          (proj_drop): Dropout(p=0.0, inplace=False)
          (softmax): Softmax(dim=-1)
        )
        (norm1): LayerNorm((64,), eps=1e-05, elementwise_affine=True)
        (drop_path): Identity()
        (ffn): Mlp(
          (fc1): Linear(in_features=64, out_features=128, bias=True)
          (act): GELU(approximate='none')
          (drop1): Dropout(p=0.0, inplace=False)
          (norm): Identity()
          (fc2): Linear(in_features=128, out_features=64, bias=True)
          (drop2): Dropout(p=0.0, inplace=False)
        )
        (norm2): LayerNorm((64,), eps=1e-05, elementwise_affine=True)
      )
      (conv1_2): Conv2d(128, 128, kernel_size=(1, 1), stride=(1, 1))
    )
    (1): Conv2d(128, 256, kernel_size=(2, 2), stride=(2, 2), bias=False)
  )
  (m_down3): Sequential(
    (0): TransNSTBBlock(
      (conv1_1): Conv2d(256, 256, kernel_size=(1, 1), stride=(1, 1))
      (trans_block): Block(
        (ln1): LayerNorm((128,), eps=1e-05, elementwise_affine=True)
        (msa): WMSA(
          (embedding_layer): Linear(in_features=128, out_features=384, bias=True)
          (linear): Linear(in_features=128, out_features=128, bias=True)
        )
        (drop_path): Identity()
        (ln2): LayerNorm((128,), eps=1e-05, elementwise_affine=True)
        (mlp): Sequential(
          (0): Linear(in_features=128, out_features=512, bias=True)
          (1): GELU(approximate='none')
          (2): Linear(in_features=512, out_features=128, bias=True)
        )
      )
      (nstb_block): NSTB(
        (ngram_window_partition): NGramWindowPartition(
          (ngram_context): NGramContext(
            (unigram_embed): Conv2d(128, 64, kernel_size=(8, 8), stride=(8, 8), groups=64)
            (ngram_attn): WindowAttention(
              (qkv): Linear(in_features=64, out_features=192, bias=True)
              (attn_drop): Dropout(p=0.0, inplace=False)
              (proj): Linear(in_features=64, out_features=64, bias=True)
              (proj_drop): Dropout(p=0.0, inplace=False)
              (softmax): Softmax(dim=-1)
            )
            (avg_pool): AvgPool2d(kernel_size=2, stride=2, padding=0)
            (merge): Conv2d(128, 128, kernel_size=(1, 1), stride=(1, 1))
          )
        )
        (attn): WindowAttention(
          (qkv): Linear(in_features=128, out_features=384, bias=True)
          (attn_drop): Dropout(p=0.0, inplace=False)
          (proj): Linear(in_features=128, out_features=128, bias=True)
          (proj_drop): Dropout(p=0.0, inplace=False)
          (softmax): Softmax(dim=-1)
        )
        (norm1): LayerNorm((128,), eps=1e-05, elementwise_affine=True)
        (drop_path): Identity()
        (ffn): Mlp(
          (fc1): Linear(in_features=128, out_features=256, bias=True)
          (act): GELU(approximate='none')
          (drop1): Dropout(p=0.0, inplace=False)
          (norm): Identity()
          (fc2): Linear(in_features=256, out_features=128, bias=True)
          (drop2): Dropout(p=0.0, inplace=False)
        )
        (norm2): LayerNorm((128,), eps=1e-05, elementwise_affine=True)
      )
      (conv1_2): Conv2d(256, 256, kernel_size=(1, 1), stride=(1, 1))
    )
    (1): Conv2d(256, 512, kernel_size=(2, 2), stride=(2, 2), bias=False)
  )
  (m_body): Sequential(
    (0): TransNSTBBlock(
      (conv1_1): Conv2d(512, 512, kernel_size=(1, 1), stride=(1, 1))
      (trans_block): Block(
        (ln1): LayerNorm((256,), eps=1e-05, elementwise_affine=True)
        (msa): WMSA(
          (embedding_layer): Linear(in_features=256, out_features=768, bias=True)
          (linear): Linear(in_features=256, out_features=256, bias=True)
        )
        (drop_path): Identity()
        (ln2): LayerNorm((256,), eps=1e-05, elementwise_affine=True)
        (mlp): Sequential(
          (0): Linear(in_features=256, out_features=1024, bias=True)
          (1): GELU(approximate='none')
          (2): Linear(in_features=1024, out_features=256, bias=True)
        )
      )
      (nstb_block): NSTB(
        (ngram_window_partition): NGramWindowPartition(
          (ngram_context): NGramContext(
            (unigram_embed): Conv2d(256, 128, kernel_size=(8, 8), stride=(8, 8), groups=128)
            (ngram_attn): WindowAttention(
              (qkv): Linear(in_features=128, out_features=384, bias=True)
              (attn_drop): Dropout(p=0.0, inplace=False)
              (proj): Linear(in_features=128, out_features=128, bias=True)
              (proj_drop): Dropout(p=0.0, inplace=False)
              (softmax): Softmax(dim=-1)
            )
            (avg_pool): AvgPool2d(kernel_size=2, stride=2, padding=0)
            (merge): Conv2d(256, 256, kernel_size=(1, 1), stride=(1, 1))
          )
        )
        (attn): WindowAttention(
          (qkv): Linear(in_features=256, out_features=768, bias=True)
          (attn_drop): Dropout(p=0.0, inplace=False)
          (proj): Linear(in_features=256, out_features=256, bias=True)
          (proj_drop): Dropout(p=0.0, inplace=False)
          (softmax): Softmax(dim=-1)
        )
        (norm1): LayerNorm((256,), eps=1e-05, elementwise_affine=True)
        (drop_path): Identity()
        (ffn): Mlp(
          (fc1): Linear(in_features=256, out_features=512, bias=True)
          (act): GELU(approximate='none')
          (drop1): Dropout(p=0.0, inplace=False)
          (norm): Identity()
          (fc2): Linear(in_features=512, out_features=256, bias=True)
          (drop2): Dropout(p=0.0, inplace=False)
        )
        (norm2): LayerNorm((256,), eps=1e-05, elementwise_affine=True)
      )
      (conv1_2): Conv2d(512, 512, kernel_size=(1, 1), stride=(1, 1))
    )
  )
  (m_up3): Sequential(
    (0): ConvTranspose2d(512, 256, kernel_size=(2, 2), stride=(2, 2), bias=False)
    (1): TransNSTBBlock(
      (conv1_1): Conv2d(256, 256, kernel_size=(1, 1), stride=(1, 1))
      (trans_block): Block(
        (ln1): LayerNorm((128,), eps=1e-05, elementwise_affine=True)
        (msa): WMSA(
          (embedding_layer): Linear(in_features=128, out_features=384, bias=True)
          (linear): Linear(in_features=128, out_features=128, bias=True)
        )
        (drop_path): Identity()
        (ln2): LayerNorm((128,), eps=1e-05, elementwise_affine=True)
        (mlp): Sequential(
          (0): Linear(in_features=128, out_features=512, bias=True)
          (1): GELU(approximate='none')
          (2): Linear(in_features=512, out_features=128, bias=True)
        )
      )
      (nstb_block): NSTB(
        (ngram_window_partition): NGramWindowPartition(
          (ngram_context): NGramContext(
            (unigram_embed): Conv2d(128, 64, kernel_size=(8, 8), stride=(8, 8), groups=64)
            (ngram_attn): WindowAttention(
              (qkv): Linear(in_features=64, out_features=192, bias=True)
              (attn_drop): Dropout(p=0.0, inplace=False)
              (proj): Linear(in_features=64, out_features=64, bias=True)
              (proj_drop): Dropout(p=0.0, inplace=False)
              (softmax): Softmax(dim=-1)
            )
            (avg_pool): AvgPool2d(kernel_size=2, stride=2, padding=0)
            (merge): Conv2d(128, 128, kernel_size=(1, 1), stride=(1, 1))
          )
        )
        (attn): WindowAttention(
          (qkv): Linear(in_features=128, out_features=384, bias=True)
          (attn_drop): Dropout(p=0.0, inplace=False)
          (proj): Linear(in_features=128, out_features=128, bias=True)
          (proj_drop): Dropout(p=0.0, inplace=False)
          (softmax): Softmax(dim=-1)
        )
        (norm1): LayerNorm((128,), eps=1e-05, elementwise_affine=True)
        (drop_path): Identity()
        (ffn): Mlp(
          (fc1): Linear(in_features=128, out_features=256, bias=True)
          (act): GELU(approximate='none')
          (drop1): Dropout(p=0.0, inplace=False)
          (norm): Identity()
          (fc2): Linear(in_features=256, out_features=128, bias=True)
          (drop2): Dropout(p=0.0, inplace=False)
        )
        (norm2): LayerNorm((128,), eps=1e-05, elementwise_affine=True)
      )
      (conv1_2): Conv2d(256, 256, kernel_size=(1, 1), stride=(1, 1))
    )
  )
  (m_up2): Sequential(
    (0): ConvTranspose2d(256, 128, kernel_size=(2, 2), stride=(2, 2), bias=False)
    (1): TransNSTBBlock(
      (conv1_1): Conv2d(128, 128, kernel_size=(1, 1), stride=(1, 1))
      (trans_block): Block(
        (ln1): LayerNorm((64,), eps=1e-05, elementwise_affine=True)
        (msa): WMSA(
          (embedding_layer): Linear(in_features=64, out_features=192, bias=True)
          (linear): Linear(in_features=64, out_features=64, bias=True)
        )
        (drop_path): Identity()
        (ln2): LayerNorm((64,), eps=1e-05, elementwise_affine=True)
        (mlp): Sequential(
          (0): Linear(in_features=64, out_features=256, bias=True)
          (1): GELU(approximate='none')
          (2): Linear(in_features=256, out_features=64, bias=True)
        )
      )
      (nstb_block): NSTB(
        (ngram_window_partition): NGramWindowPartition(
          (ngram_context): NGramContext(
            (unigram_embed): Conv2d(64, 32, kernel_size=(8, 8), stride=(8, 8), groups=32)
            (ngram_attn): WindowAttention(
              (qkv): Linear(in_features=32, out_features=96, bias=True)
              (attn_drop): Dropout(p=0.0, inplace=False)
              (proj): Linear(in_features=32, out_features=32, bias=True)
              (proj_drop): Dropout(p=0.0, inplace=False)
              (softmax): Softmax(dim=-1)
            )
            (avg_pool): AvgPool2d(kernel_size=2, stride=2, padding=0)
            (merge): Conv2d(64, 64, kernel_size=(1, 1), stride=(1, 1))
          )
        )
        (attn): WindowAttention(
          (qkv): Linear(in_features=64, out_features=192, bias=True)
          (attn_drop): Dropout(p=0.0, inplace=False)
          (proj): Linear(in_features=64, out_features=64, bias=True)
          (proj_drop): Dropout(p=0.0, inplace=False)
          (softmax): Softmax(dim=-1)
        )
        (norm1): LayerNorm((64,), eps=1e-05, elementwise_affine=True)
        (drop_path): Identity()
        (ffn): Mlp(
          (fc1): Linear(in_features=64, out_features=128, bias=True)
          (act): GELU(approximate='none')
          (drop1): Dropout(p=0.0, inplace=False)
          (norm): Identity()
          (fc2): Linear(in_features=128, out_features=64, bias=True)
          (drop2): Dropout(p=0.0, inplace=False)
        )
        (norm2): LayerNorm((64,), eps=1e-05, elementwise_affine=True)
      )
      (conv1_2): Conv2d(128, 128, kernel_size=(1, 1), stride=(1, 1))
    )
  )
  (m_up1): Sequential(
    (0): ConvTranspose2d(128, 64, kernel_size=(2, 2), stride=(2, 2), bias=False)
    (1): TransNSTBBlock(
      (conv1_1): Conv2d(64, 64, kernel_size=(1, 1), stride=(1, 1))
      (trans_block): Block(
        (ln1): LayerNorm((32,), eps=1e-05, elementwise_affine=True)
        (msa): WMSA(
          (embedding_layer): Linear(in_features=32, out_features=96, bias=True)
          (linear): Linear(in_features=32, out_features=32, bias=True)
        )
        (drop_path): Identity()
        (ln2): LayerNorm((32,), eps=1e-05, elementwise_affine=True)
        (mlp): Sequential(
          (0): Linear(in_features=32, out_features=128, bias=True)
          (1): GELU(approximate='none')
          (2): Linear(in_features=128, out_features=32, bias=True)
        )
      )
      (nstb_block): NSTB(
        (ngram_window_partition): NGramWindowPartition(
          (ngram_context): NGramContext(
            (unigram_embed): Conv2d(32, 16, kernel_size=(8, 8), stride=(8, 8), groups=16)
            (ngram_attn): WindowAttention(
              (qkv): Linear(in_features=16, out_features=48, bias=True)
              (attn_drop): Dropout(p=0.0, inplace=False)
              (proj): Linear(in_features=16, out_features=16, bias=True)
              (proj_drop): Dropout(p=0.0, inplace=False)
              (softmax): Softmax(dim=-1)
            )
            (avg_pool): AvgPool2d(kernel_size=2, stride=2, padding=0)
            (merge): Conv2d(32, 32, kernel_size=(1, 1), stride=(1, 1))
          )
        )
        (attn): WindowAttention(
          (qkv): Linear(in_features=32, out_features=96, bias=True)
          (attn_drop): Dropout(p=0.0, inplace=False)
          (proj): Linear(in_features=32, out_features=32, bias=True)
          (proj_drop): Dropout(p=0.0, inplace=False)
          (softmax): Softmax(dim=-1)
        )
        (norm1): LayerNorm((32,), eps=1e-05, elementwise_affine=True)
        (drop_path): Identity()
        (ffn): Mlp(
          (fc1): Linear(in_features=32, out_features=64, bias=True)
          (act): GELU(approximate='none')
          (drop1): Dropout(p=0.0, inplace=False)
          (norm): Identity()
          (fc2): Linear(in_features=64, out_features=32, bias=True)
          (drop2): Dropout(p=0.0, inplace=False)
        )
        (norm2): LayerNorm((32,), eps=1e-05, elementwise_affine=True)
      )
      (conv1_2): Conv2d(64, 64, kernel_size=(1, 1), stride=(1, 1))
    )
  )
  (m_tail): Sequential(
    (0): Conv2d(64, 1, kernel_size=(3, 3), stride=(1, 1), padding=(1, 1), bias=False)
  )
)

25-07-11 15:49:51.438 : 
 |  mean  |  min   |  max   |  std   || shape               
 | -0.002 | -0.333 |  0.333 |  0.191 | torch.Size([64, 1, 3, 3]) || m_head.0.weight
 | -0.000 | -0.125 |  0.125 |  0.071 | torch.Size([64, 64, 1, 1]) || m_down1.0.conv1_1.weight
 |  0.005 | -0.120 |  0.121 |  0.070 | torch.Size([64]) || m_down1.0.conv1_1.bias
 |  1.000 |  1.000 |  1.000 |  0.000 | torch.Size([32]) || m_down1.0.trans_block.ln1.weight
 |  0.000 |  0.000 |  0.000 |  0.000 | torch.Size([32]) || m_down1.0.trans_block.ln1.bias
 | -0.001 | -0.057 |  0.048 |  0.020 | torch.Size([1, 15, 15]) || m_down1.0.trans_block.msa.relative_position_params
 |  0.002 | -0.177 |  0.177 |  0.100 | torch.Size([96, 32]) || m_down1.0.trans_block.msa.embedding_layer.weight
 |  0.022 | -0.175 |  0.175 |  0.106 | torch.Size([96]) || m_down1.0.trans_block.msa.embedding_layer.bias
 | -0.003 | -0.176 |  0.176 |  0.101 | torch.Size([32, 32]) || m_down1.0.trans_block.msa.linear.weight
 |  0.023 | -0.162 |  0.174 |  0.104 | torch.Size([32]) || m_down1.0.trans_block.msa.linear.bias
 |  1.000 |  1.000 |  1.000 |  0.000 | torch.Size([32]) || m_down1.0.trans_block.ln2.weight
 |  0.000 |  0.000 |  0.000 |  0.000 | torch.Size([32]) || m_down1.0.trans_block.ln2.bias
 | -0.001 | -0.177 |  0.177 |  0.102 | torch.Size([128, 32]) || m_down1.0.trans_block.mlp.0.weight
 |  0.004 | -0.171 |  0.177 |  0.103 | torch.Size([128]) || m_down1.0.trans_block.mlp.0.bias
 | -0.001 | -0.088 |  0.088 |  0.051 | torch.Size([32, 128]) || m_down1.0.trans_block.mlp.2.weight
 | -0.009 | -0.087 |  0.073 |  0.041 | torch.Size([32]) || m_down1.0.trans_block.mlp.2.bias
 | -12.109 | -100.000 |  0.000 | 32.624 | torch.Size([64, 64, 64]) || m_down1.0.nstb_block.attn_mask
 | -0.001 | -0.088 |  0.088 |  0.051 | torch.Size([16, 2, 8, 8]) || m_down1.0.nstb_block.ngram_window_partition.ngram_context.unigram_embed.weight
 | -0.005 | -0.073 |  0.069 |  0.042 | torch.Size([16]) || m_down1.0.nstb_block.ngram_window_partition.ngram_context.unigram_embed.bias
 |  2.303 |  2.303 |  2.303 |    nan | torch.Size([1, 1, 1]) || m_down1.0.nstb_block.ngram_window_partition.ngram_context.ngram_attn.logit_scale
 |  0.002 | -0.024 |  0.039 |  0.018 | torch.Size([9, 1]) || m_down1.0.nstb_block.ngram_window_partition.ngram_context.ngram_attn.relative_position_bias_table
 |  4.000 |  0.000 |  8.000 |  2.309 | torch.Size([4, 4]) || m_down1.0.nstb_block.ngram_window_partition.ngram_context.ngram_attn.relative_position_index
 | -0.002 | -0.249 |  0.250 |  0.143 | torch.Size([48, 16]) || m_down1.0.nstb_block.ngram_window_partition.ngram_context.ngram_attn.qkv.weight
 | -0.007 | -0.245 |  0.239 |  0.146 | torch.Size([48]) || m_down1.0.nstb_block.ngram_window_partition.ngram_context.ngram_attn.qkv.bias
 |  0.008 | -0.246 |  0.250 |  0.145 | torch.Size([16, 16]) || m_down1.0.nstb_block.ngram_window_partition.ngram_context.ngram_attn.proj.weight
 | -0.002 | -0.228 |  0.245 |  0.173 | torch.Size([16]) || m_down1.0.nstb_block.ngram_window_partition.ngram_context.ngram_attn.proj.bias
 |  0.002 | -0.177 |  0.177 |  0.101 | torch.Size([32, 32, 1, 1]) || m_down1.0.nstb_block.ngram_window_partition.ngram_context.merge.weight
 | -0.034 | -0.154 |  0.151 |  0.083 | torch.Size([32]) || m_down1.0.nstb_block.ngram_window_partition.ngram_context.merge.bias
 |  2.303 |  2.303 |  2.303 |    nan | torch.Size([1, 1, 1]) || m_down1.0.nstb_block.attn.logit_scale
 |  0.001 | -0.043 |  0.061 |  0.019 | torch.Size([225, 1]) || m_down1.0.nstb_block.attn.relative_position_bias_table
 | 112.000 |  0.000 | 224.000 | 48.719 | torch.Size([64, 64]) || m_down1.0.nstb_block.attn.relative_position_index
 |  0.004 | -0.177 |  0.177 |  0.102 | torch.Size([96, 32]) || m_down1.0.nstb_block.attn.qkv.weight
 | -0.007 | -0.175 |  0.174 |  0.099 | torch.Size([96]) || m_down1.0.nstb_block.attn.qkv.bias
 |  0.003 | -0.176 |  0.177 |  0.101 | torch.Size([32, 32]) || m_down1.0.nstb_block.attn.proj.weight
 |  0.013 | -0.170 |  0.167 |  0.106 | torch.Size([32]) || m_down1.0.nstb_block.attn.proj.bias
 |  1.000 |  1.000 |  1.000 |  0.000 | torch.Size([32]) || m_down1.0.nstb_block.norm1.weight
 |  0.000 |  0.000 |  0.000 |  0.000 | torch.Size([32]) || m_down1.0.nstb_block.norm1.bias
 | -0.000 | -0.177 |  0.177 |  0.102 | torch.Size([64, 32]) || m_down1.0.nstb_block.ffn.fc1.weight
 | -0.012 | -0.176 |  0.172 |  0.112 | torch.Size([64]) || m_down1.0.nstb_block.ffn.fc1.bias
 |  0.002 | -0.125 |  0.125 |  0.072 | torch.Size([32, 64]) || m_down1.0.nstb_block.ffn.fc2.weight
 |  0.016 | -0.106 |  0.120 |  0.069 | torch.Size([32]) || m_down1.0.nstb_block.ffn.fc2.bias
 |  1.000 |  1.000 |  1.000 |  0.000 | torch.Size([32]) || m_down1.0.nstb_block.norm2.weight
 |  0.000 |  0.000 |  0.000 |  0.000 | torch.Size([32]) || m_down1.0.nstb_block.norm2.bias
 |  0.000 | -0.125 |  0.125 |  0.072 | torch.Size([64, 64, 1, 1]) || m_down1.0.conv1_2.weight
 |  0.001 | -0.124 |  0.123 |  0.068 | torch.Size([64]) || m_down1.0.conv1_2.bias
 |  0.000 | -0.062 |  0.062 |  0.036 | torch.Size([128, 64, 2, 2]) || m_down1.1.weight
 |  0.001 | -0.088 |  0.088 |  0.051 | torch.Size([128, 128, 1, 1]) || m_down2.0.conv1_1.weight
 | -0.002 | -0.088 |  0.088 |  0.053 | torch.Size([128]) || m_down2.0.conv1_1.bias
 |  1.000 |  1.000 |  1.000 |  0.000 | torch.Size([64]) || m_down2.0.trans_block.ln1.weight
 |  0.000 |  0.000 |  0.000 |  0.000 | torch.Size([64]) || m_down2.0.trans_block.ln1.bias
 | -0.000 | -0.071 |  0.064 |  0.021 | torch.Size([2, 15, 15]) || m_down2.0.trans_block.msa.relative_position_params
 |  0.000 | -0.125 |  0.125 |  0.073 | torch.Size([192, 64]) || m_down2.0.trans_block.msa.embedding_layer.weight
 | -0.003 | -0.125 |  0.124 |  0.072 | torch.Size([192]) || m_down2.0.trans_block.msa.embedding_layer.bias
 | -0.001 | -0.125 |  0.125 |  0.072 | torch.Size([64, 64]) || m_down2.0.trans_block.msa.linear.weight
 | -0.007 | -0.123 |  0.122 |  0.074 | torch.Size([64]) || m_down2.0.trans_block.msa.linear.bias
 |  1.000 |  1.000 |  1.000 |  0.000 | torch.Size([64]) || m_down2.0.trans_block.ln2.weight
 |  0.000 |  0.000 |  0.000 |  0.000 | torch.Size([64]) || m_down2.0.trans_block.ln2.bias
 |  0.000 | -0.125 |  0.125 |  0.073 | torch.Size([256, 64]) || m_down2.0.trans_block.mlp.0.weight
 |  0.007 | -0.123 |  0.124 |  0.070 | torch.Size([256]) || m_down2.0.trans_block.mlp.0.bias
 |  0.000 | -0.062 |  0.062 |  0.036 | torch.Size([64, 256]) || m_down2.0.trans_block.mlp.2.weight
 | -0.002 | -0.062 |  0.061 |  0.034 | torch.Size([64]) || m_down2.0.trans_block.mlp.2.bias
 | -23.438 | -100.000 |  0.000 | 42.361 | torch.Size([16, 64, 64]) || m_down2.0.nstb_block.attn_mask
 |  0.000 | -0.088 |  0.088 |  0.051 | torch.Size([32, 2, 8, 8]) || m_down2.0.nstb_block.ngram_window_partition.ngram_context.unigram_embed.weight
 |  0.010 | -0.086 |  0.087 |  0.057 | torch.Size([32]) || m_down2.0.nstb_block.ngram_window_partition.ngram_context.unigram_embed.bias
 |  2.303 |  2.303 |  2.303 |  0.000 | torch.Size([2, 1, 1]) || m_down2.0.nstb_block.ngram_window_partition.ngram_context.ngram_attn.logit_scale
 | -0.004 | -0.026 |  0.019 |  0.014 | torch.Size([9, 2]) || m_down2.0.nstb_block.ngram_window_partition.ngram_context.ngram_attn.relative_position_bias_table
 |  4.000 |  0.000 |  8.000 |  2.309 | torch.Size([4, 4]) || m_down2.0.nstb_block.ngram_window_partition.ngram_context.ngram_attn.relative_position_index
 |  0.000 | -0.177 |  0.176 |  0.102 | torch.Size([96, 32]) || m_down2.0.nstb_block.ngram_window_partition.ngram_context.ngram_attn.qkv.weight
 | -0.009 | -0.175 |  0.176 |  0.107 | torch.Size([96]) || m_down2.0.nstb_block.ngram_window_partition.ngram_context.ngram_attn.qkv.bias
 | -0.000 | -0.176 |  0.176 |  0.101 | torch.Size([32, 32]) || m_down2.0.nstb_block.ngram_window_partition.ngram_context.ngram_attn.proj.weight
 | -0.013 | -0.161 |  0.175 |  0.109 | torch.Size([32]) || m_down2.0.nstb_block.ngram_window_partition.ngram_context.ngram_attn.proj.bias
 |  0.001 | -0.125 |  0.125 |  0.072 | torch.Size([64, 64, 1, 1]) || m_down2.0.nstb_block.ngram_window_partition.ngram_context.merge.weight
 | -0.011 | -0.124 |  0.117 |  0.074 | torch.Size([64]) || m_down2.0.nstb_block.ngram_window_partition.ngram_context.merge.bias
 |  2.303 |  2.303 |  2.303 |  0.000 | torch.Size([2, 1, 1]) || m_down2.0.nstb_block.attn.logit_scale
 | -0.000 | -0.056 |  0.062 |  0.020 | torch.Size([225, 2]) || m_down2.0.nstb_block.attn.relative_position_bias_table
 | 112.000 |  0.000 | 224.000 | 48.719 | torch.Size([64, 64]) || m_down2.0.nstb_block.attn.relative_position_index
 |  0.001 | -0.125 |  0.125 |  0.071 | torch.Size([192, 64]) || m_down2.0.nstb_block.attn.qkv.weight
 | -0.000 | -0.125 |  0.123 |  0.074 | torch.Size([192]) || m_down2.0.nstb_block.attn.qkv.bias
 |  0.001 | -0.125 |  0.125 |  0.073 | torch.Size([64, 64]) || m_down2.0.nstb_block.attn.proj.weight
 | -0.020 | -0.121 |  0.120 |  0.063 | torch.Size([64]) || m_down2.0.nstb_block.attn.proj.bias
 |  1.000 |  1.000 |  1.000 |  0.000 | torch.Size([64]) || m_down2.0.nstb_block.norm1.weight
 |  0.000 |  0.000 |  0.000 |  0.000 | torch.Size([64]) || m_down2.0.nstb_block.norm1.bias
 | -0.001 | -0.125 |  0.125 |  0.072 | torch.Size([128, 64]) || m_down2.0.nstb_block.ffn.fc1.weight
 |  0.005 | -0.125 |  0.121 |  0.075 | torch.Size([128]) || m_down2.0.nstb_block.ffn.fc1.bias
 |  0.001 | -0.088 |  0.088 |  0.051 | torch.Size([64, 128]) || m_down2.0.nstb_block.ffn.fc2.weight
 | -0.006 | -0.088 |  0.088 |  0.052 | torch.Size([64]) || m_down2.0.nstb_block.ffn.fc2.bias
 |  1.000 |  1.000 |  1.000 |  0.000 | torch.Size([64]) || m_down2.0.nstb_block.norm2.weight
 |  0.000 |  0.000 |  0.000 |  0.000 | torch.Size([64]) || m_down2.0.nstb_block.norm2.bias
 | -0.000 | -0.088 |  0.088 |  0.051 | torch.Size([128, 128, 1, 1]) || m_down2.0.conv1_2.weight
 | -0.002 | -0.086 |  0.085 |  0.049 | torch.Size([128]) || m_down2.0.conv1_2.bias
 |  0.000 | -0.044 |  0.044 |  0.025 | torch.Size([256, 128, 2, 2]) || m_down2.1.weight
 | -0.000 | -0.062 |  0.062 |  0.036 | torch.Size([256, 256, 1, 1]) || m_down3.0.conv1_1.weight
 |  0.001 | -0.062 |  0.062 |  0.037 | torch.Size([256]) || m_down3.0.conv1_1.bias
 |  1.000 |  1.000 |  1.000 |  0.000 | torch.Size([128]) || m_down3.0.trans_block.ln1.weight
 |  0.000 |  0.000 |  0.000 |  0.000 | torch.Size([128]) || m_down3.0.trans_block.ln1.bias
 | -0.001 | -0.066 |  0.062 |  0.020 | torch.Size([4, 15, 15]) || m_down3.0.trans_block.msa.relative_position_params
 |  0.000 | -0.088 |  0.088 |  0.051 | torch.Size([384, 128]) || m_down3.0.trans_block.msa.embedding_layer.weight
 | -0.001 | -0.087 |  0.088 |  0.052 | torch.Size([384]) || m_down3.0.trans_block.msa.embedding_layer.bias
 |  0.001 | -0.088 |  0.088 |  0.051 | torch.Size([128, 128]) || m_down3.0.trans_block.msa.linear.weight
 | -0.002 | -0.085 |  0.086 |  0.049 | torch.Size([128]) || m_down3.0.trans_block.msa.linear.bias
 |  1.000 |  1.000 |  1.000 |  0.000 | torch.Size([128]) || m_down3.0.trans_block.ln2.weight
 |  0.000 |  0.000 |  0.000 |  0.000 | torch.Size([128]) || m_down3.0.trans_block.ln2.bias
 |  0.000 | -0.088 |  0.088 |  0.051 | torch.Size([512, 128]) || m_down3.0.trans_block.mlp.0.weight
 |  0.007 | -0.088 |  0.088 |  0.051 | torch.Size([512]) || m_down3.0.trans_block.mlp.0.bias
 |  0.000 | -0.044 |  0.044 |  0.025 | torch.Size([128, 512]) || m_down3.0.trans_block.mlp.2.weight
 | -0.000 | -0.044 |  0.044 |  0.024 | torch.Size([128]) || m_down3.0.trans_block.mlp.2.bias
 | -43.750 | -100.000 |  0.000 | 49.609 | torch.Size([4, 64, 64]) || m_down3.0.nstb_block.attn_mask
 | -0.001 | -0.088 |  0.088 |  0.051 | torch.Size([64, 2, 8, 8]) || m_down3.0.nstb_block.ngram_window_partition.ngram_context.unigram_embed.weight
 | -0.003 | -0.087 |  0.088 |  0.050 | torch.Size([64]) || m_down3.0.nstb_block.ngram_window_partition.ngram_context.unigram_embed.bias
 |  2.303 |  2.303 |  2.303 |  0.000 | torch.Size([4, 1, 1]) || m_down3.0.nstb_block.ngram_window_partition.ngram_context.ngram_attn.logit_scale
 |  0.001 | -0.038 |  0.049 |  0.021 | torch.Size([9, 4]) || m_down3.0.nstb_block.ngram_window_partition.ngram_context.ngram_attn.relative_position_bias_table
 |  4.000 |  0.000 |  8.000 |  2.309 | torch.Size([4, 4]) || m_down3.0.nstb_block.ngram_window_partition.ngram_context.ngram_attn.relative_position_index
 |  0.001 | -0.125 |  0.125 |  0.073 | torch.Size([192, 64]) || m_down3.0.nstb_block.ngram_window_partition.ngram_context.ngram_attn.qkv.weight
 |  0.012 | -0.123 |  0.125 |  0.069 | torch.Size([192]) || m_down3.0.nstb_block.ngram_window_partition.ngram_context.ngram_attn.qkv.bias
 |  0.000 | -0.125 |  0.125 |  0.072 | torch.Size([64, 64]) || m_down3.0.nstb_block.ngram_window_partition.ngram_context.ngram_attn.proj.weight
 | -0.017 | -0.121 |  0.119 |  0.078 | torch.Size([64]) || m_down3.0.nstb_block.ngram_window_partition.ngram_context.ngram_attn.proj.bias
 |  0.000 | -0.088 |  0.088 |  0.051 | torch.Size([128, 128, 1, 1]) || m_down3.0.nstb_block.ngram_window_partition.ngram_context.merge.weight
 | -0.004 | -0.086 |  0.088 |  0.049 | torch.Size([128]) || m_down3.0.nstb_block.ngram_window_partition.ngram_context.merge.bias
 |  2.303 |  2.303 |  2.303 |  0.000 | torch.Size([4, 1, 1]) || m_down3.0.nstb_block.attn.logit_scale
 |  0.001 | -0.051 |  0.065 |  0.020 | torch.Size([225, 4]) || m_down3.0.nstb_block.attn.relative_position_bias_table
 | 112.000 |  0.000 | 224.000 | 48.719 | torch.Size([64, 64]) || m_down3.0.nstb_block.attn.relative_position_index
 | -0.000 | -0.088 |  0.088 |  0.051 | torch.Size([384, 128]) || m_down3.0.nstb_block.attn.qkv.weight
 | -0.000 | -0.088 |  0.088 |  0.052 | torch.Size([384]) || m_down3.0.nstb_block.attn.qkv.bias
 | -0.000 | -0.088 |  0.088 |  0.051 | torch.Size([128, 128]) || m_down3.0.nstb_block.attn.proj.weight
 |  0.007 | -0.088 |  0.086 |  0.050 | torch.Size([128]) || m_down3.0.nstb_block.attn.proj.bias
 |  1.000 |  1.000 |  1.000 |  0.000 | torch.Size([128]) || m_down3.0.nstb_block.norm1.weight
 |  0.000 |  0.000 |  0.000 |  0.000 | torch.Size([128]) || m_down3.0.nstb_block.norm1.bias
 | -0.000 | -0.088 |  0.088 |  0.051 | torch.Size([256, 128]) || m_down3.0.nstb_block.ffn.fc1.weight
 | -0.002 | -0.088 |  0.086 |  0.050 | torch.Size([256]) || m_down3.0.nstb_block.ffn.fc1.bias
 |  0.000 | -0.062 |  0.062 |  0.036 | torch.Size([128, 256]) || m_down3.0.nstb_block.ffn.fc2.weight
 |  0.002 | -0.061 |  0.062 |  0.037 | torch.Size([128]) || m_down3.0.nstb_block.ffn.fc2.bias
 |  1.000 |  1.000 |  1.000 |  0.000 | torch.Size([128]) || m_down3.0.nstb_block.norm2.weight
 |  0.000 |  0.000 |  0.000 |  0.000 | torch.Size([128]) || m_down3.0.nstb_block.norm2.bias
 | -0.000 | -0.062 |  0.062 |  0.036 | torch.Size([256, 256, 1, 1]) || m_down3.0.conv1_2.weight
 | -0.005 | -0.062 |  0.061 |  0.034 | torch.Size([256]) || m_down3.0.conv1_2.bias
 |  0.000 | -0.031 |  0.031 |  0.018 | torch.Size([512, 256, 2, 2]) || m_down3.1.weight
 |  0.000 | -0.044 |  0.044 |  0.026 | torch.Size([512, 512, 1, 1]) || m_body.0.conv1_1.weight
 | -0.002 | -0.044 |  0.044 |  0.025 | torch.Size([512]) || m_body.0.conv1_1.bias
 |  1.000 |  1.000 |  1.000 |  0.000 | torch.Size([256]) || m_body.0.trans_block.ln1.weight
 |  0.000 |  0.000 |  0.000 |  0.000 | torch.Size([256]) || m_body.0.trans_block.ln1.bias
 | -0.000 | -0.076 |  0.073 |  0.020 | torch.Size([8, 15, 15]) || m_body.0.trans_block.msa.relative_position_params
 | -0.000 | -0.062 |  0.062 |  0.036 | torch.Size([768, 256]) || m_body.0.trans_block.msa.embedding_layer.weight
 |  0.003 | -0.062 |  0.062 |  0.036 | torch.Size([768]) || m_body.0.trans_block.msa.embedding_layer.bias
 | -0.000 | -0.062 |  0.062 |  0.036 | torch.Size([256, 256]) || m_body.0.trans_block.msa.linear.weight
 | -0.004 | -0.062 |  0.062 |  0.037 | torch.Size([256]) || m_body.0.trans_block.msa.linear.bias
 |  1.000 |  1.000 |  1.000 |  0.000 | torch.Size([256]) || m_body.0.trans_block.ln2.weight
 |  0.000 |  0.000 |  0.000 |  0.000 | torch.Size([256]) || m_body.0.trans_block.ln2.bias
 |  0.000 | -0.062 |  0.062 |  0.036 | torch.Size([1024, 256]) || m_body.0.trans_block.mlp.0.weight
 | -0.002 | -0.062 |  0.062 |  0.036 | torch.Size([1024]) || m_body.0.trans_block.mlp.0.bias
 | -0.000 | -0.031 |  0.031 |  0.018 | torch.Size([256, 1024]) || m_body.0.trans_block.mlp.2.weight
 |  0.001 | -0.031 |  0.031 |  0.018 | torch.Size([256]) || m_body.0.trans_block.mlp.2.bias
 | -75.000 | -100.000 |  0.000 | 43.307 | torch.Size([1, 64, 64]) || m_body.0.nstb_block.attn_mask
 |  0.001 | -0.088 |  0.088 |  0.051 | torch.Size([128, 2, 8, 8]) || m_body.0.nstb_block.ngram_window_partition.ngram_context.unigram_embed.weight
 | -0.006 | -0.088 |  0.086 |  0.052 | torch.Size([128]) || m_body.0.nstb_block.ngram_window_partition.ngram_context.unigram_embed.bias
 |  2.303 |  2.303 |  2.303 |  0.000 | torch.Size([8, 1, 1]) || m_body.0.nstb_block.ngram_window_partition.ngram_context.ngram_attn.logit_scale
 |  0.000 | -0.042 |  0.052 |  0.022 | torch.Size([9, 8]) || m_body.0.nstb_block.ngram_window_partition.ngram_context.ngram_attn.relative_position_bias_table
 |  4.000 |  0.000 |  8.000 |  2.309 | torch.Size([4, 4]) || m_body.0.nstb_block.ngram_window_partition.ngram_context.ngram_attn.relative_position_index
 | -0.000 | -0.088 |  0.088 |  0.051 | torch.Size([384, 128]) || m_body.0.nstb_block.ngram_window_partition.ngram_context.ngram_attn.qkv.weight
 |  0.002 | -0.088 |  0.088 |  0.050 | torch.Size([384]) || m_body.0.nstb_block.ngram_window_partition.ngram_context.ngram_attn.qkv.bias
 |  0.000 | -0.088 |  0.088 |  0.051 | torch.Size([128, 128]) || m_body.0.nstb_block.ngram_window_partition.ngram_context.ngram_attn.proj.weight
 |  0.005 | -0.086 |  0.086 |  0.049 | torch.Size([128]) || m_body.0.nstb_block.ngram_window_partition.ngram_context.ngram_attn.proj.bias
 | -0.000 | -0.062 |  0.062 |  0.036 | torch.Size([256, 256, 1, 1]) || m_body.0.nstb_block.ngram_window_partition.ngram_context.merge.weight
 | -0.001 | -0.061 |  0.062 |  0.035 | torch.Size([256]) || m_body.0.nstb_block.ngram_window_partition.ngram_context.merge.bias
 |  2.303 |  2.303 |  2.303 |  0.000 | torch.Size([8, 1, 1]) || m_body.0.nstb_block.attn.logit_scale
 |  0.000 | -0.067 |  0.069 |  0.020 | torch.Size([225, 8]) || m_body.0.nstb_block.attn.relative_position_bias_table
 | 112.000 |  0.000 | 224.000 | 48.719 | torch.Size([64, 64]) || m_body.0.nstb_block.attn.relative_position_index
 | -0.000 | -0.062 |  0.062 |  0.036 | torch.Size([768, 256]) || m_body.0.nstb_block.attn.qkv.weight
 | -0.000 | -0.062 |  0.062 |  0.037 | torch.Size([768]) || m_body.0.nstb_block.attn.qkv.bias
 |  0.000 | -0.062 |  0.062 |  0.036 | torch.Size([256, 256]) || m_body.0.nstb_block.attn.proj.weight
 |  0.001 | -0.061 |  0.062 |  0.034 | torch.Size([256]) || m_body.0.nstb_block.attn.proj.bias
 |  1.000 |  1.000 |  1.000 |  0.000 | torch.Size([256]) || m_body.0.nstb_block.norm1.weight
 |  0.000 |  0.000 |  0.000 |  0.000 | torch.Size([256]) || m_body.0.nstb_block.norm1.bias
 | -0.000 | -0.062 |  0.062 |  0.036 | torch.Size([512, 256]) || m_body.0.nstb_block.ffn.fc1.weight
 | -0.003 | -0.062 |  0.062 |  0.036 | torch.Size([512]) || m_body.0.nstb_block.ffn.fc1.bias
 |  0.000 | -0.044 |  0.044 |  0.026 | torch.Size([256, 512]) || m_body.0.nstb_block.ffn.fc2.weight
 |  0.000 | -0.044 |  0.044 |  0.025 | torch.Size([256]) || m_body.0.nstb_block.ffn.fc2.bias
 |  1.000 |  1.000 |  1.000 |  0.000 | torch.Size([256]) || m_body.0.nstb_block.norm2.weight
 |  0.000 |  0.000 |  0.000 |  0.000 | torch.Size([256]) || m_body.0.nstb_block.norm2.bias
 | -0.000 | -0.044 |  0.044 |  0.026 | torch.Size([512, 512, 1, 1]) || m_body.0.conv1_2.weight
 | -0.002 | -0.044 |  0.044 |  0.024 | torch.Size([512]) || m_body.0.conv1_2.bias
 | -0.000 | -0.031 |  0.031 |  0.018 | torch.Size([512, 256, 2, 2]) || m_up3.0.weight
 |  0.000 | -0.062 |  0.062 |  0.036 | torch.Size([256, 256, 1, 1]) || m_up3.1.conv1_1.weight
 |  0.001 | -0.062 |  0.061 |  0.034 | torch.Size([256]) || m_up3.1.conv1_1.bias
 |  1.000 |  1.000 |  1.000 |  0.000 | torch.Size([128]) || m_up3.1.trans_block.ln1.weight
 |  0.000 |  0.000 |  0.000 |  0.000 | torch.Size([128]) || m_up3.1.trans_block.ln1.bias
 |  0.000 | -0.053 |  0.059 |  0.021 | torch.Size([4, 15, 15]) || m_up3.1.trans_block.msa.relative_position_params
 |  0.000 | -0.088 |  0.088 |  0.051 | torch.Size([384, 128]) || m_up3.1.trans_block.msa.embedding_layer.weight
 |  0.003 | -0.087 |  0.088 |  0.050 | torch.Size([384]) || m_up3.1.trans_block.msa.embedding_layer.bias
 |  0.000 | -0.088 |  0.088 |  0.051 | torch.Size([128, 128]) || m_up3.1.trans_block.msa.linear.weight
 | -0.005 | -0.088 |  0.084 |  0.053 | torch.Size([128]) || m_up3.1.trans_block.msa.linear.bias
 |  1.000 |  1.000 |  1.000 |  0.000 | torch.Size([128]) || m_up3.1.trans_block.ln2.weight
 |  0.000 |  0.000 |  0.000 |  0.000 | torch.Size([128]) || m_up3.1.trans_block.ln2.bias
 | -0.000 | -0.088 |  0.088 |  0.051 | torch.Size([512, 128]) || m_up3.1.trans_block.mlp.0.weight
 | -0.002 | -0.088 |  0.088 |  0.051 | torch.Size([512]) || m_up3.1.trans_block.mlp.0.bias
 |  0.000 | -0.044 |  0.044 |  0.025 | torch.Size([128, 512]) || m_up3.1.trans_block.mlp.2.weight
 |  0.000 | -0.043 |  0.044 |  0.025 | torch.Size([128]) || m_up3.1.trans_block.mlp.2.bias
 | -43.750 | -100.000 |  0.000 | 49.609 | torch.Size([4, 64, 64]) || m_up3.1.nstb_block.attn_mask
 | -0.001 | -0.088 |  0.088 |  0.051 | torch.Size([64, 2, 8, 8]) || m_up3.1.nstb_block.ngram_window_partition.ngram_context.unigram_embed.weight
 | -0.002 | -0.087 |  0.086 |  0.053 | torch.Size([64]) || m_up3.1.nstb_block.ngram_window_partition.ngram_context.unigram_embed.bias
 |  2.303 |  2.303 |  2.303 |  0.000 | torch.Size([4, 1, 1]) || m_up3.1.nstb_block.ngram_window_partition.ngram_context.ngram_attn.logit_scale
 |  0.003 | -0.030 |  0.045 |  0.021 | torch.Size([9, 4]) || m_up3.1.nstb_block.ngram_window_partition.ngram_context.ngram_attn.relative_position_bias_table
 |  4.000 |  0.000 |  8.000 |  2.309 | torch.Size([4, 4]) || m_up3.1.nstb_block.ngram_window_partition.ngram_context.ngram_attn.relative_position_index
 |  0.000 | -0.125 |  0.125 |  0.072 | torch.Size([192, 64]) || m_up3.1.nstb_block.ngram_window_partition.ngram_context.ngram_attn.qkv.weight
 |  0.012 | -0.125 |  0.125 |  0.074 | torch.Size([192]) || m_up3.1.nstb_block.ngram_window_partition.ngram_context.ngram_attn.qkv.bias
 | -0.001 | -0.125 |  0.125 |  0.072 | torch.Size([64, 64]) || m_up3.1.nstb_block.ngram_window_partition.ngram_context.ngram_attn.proj.weight
 | -0.007 | -0.124 |  0.117 |  0.072 | torch.Size([64]) || m_up3.1.nstb_block.ngram_window_partition.ngram_context.ngram_attn.proj.bias
 | -0.000 | -0.088 |  0.088 |  0.051 | torch.Size([128, 128, 1, 1]) || m_up3.1.nstb_block.ngram_window_partition.ngram_context.merge.weight
 | -0.000 | -0.088 |  0.088 |  0.051 | torch.Size([128]) || m_up3.1.nstb_block.ngram_window_partition.ngram_context.merge.bias
 |  2.303 |  2.303 |  2.303 |  0.000 | torch.Size([4, 1, 1]) || m_up3.1.nstb_block.attn.logit_scale
 |  0.000 | -0.063 |  0.070 |  0.020 | torch.Size([225, 4]) || m_up3.1.nstb_block.attn.relative_position_bias_table
 | 112.000 |  0.000 | 224.000 | 48.719 | torch.Size([64, 64]) || m_up3.1.nstb_block.attn.relative_position_index
 |  0.000 | -0.088 |  0.088 |  0.051 | torch.Size([384, 128]) || m_up3.1.nstb_block.attn.qkv.weight
 |  0.000 | -0.088 |  0.088 |  0.052 | torch.Size([384]) || m_up3.1.nstb_block.attn.qkv.bias
 | -0.000 | -0.088 |  0.088 |  0.051 | torch.Size([128, 128]) || m_up3.1.nstb_block.attn.proj.weight
 | -0.003 | -0.086 |  0.088 |  0.049 | torch.Size([128]) || m_up3.1.nstb_block.attn.proj.bias
 |  1.000 |  1.000 |  1.000 |  0.000 | torch.Size([128]) || m_up3.1.nstb_block.norm1.weight
 |  0.000 |  0.000 |  0.000 |  0.000 | torch.Size([128]) || m_up3.1.nstb_block.norm1.bias
 | -0.000 | -0.088 |  0.088 |  0.051 | torch.Size([256, 128]) || m_up3.1.nstb_block.ffn.fc1.weight
 |  0.001 | -0.088 |  0.087 |  0.050 | torch.Size([256]) || m_up3.1.nstb_block.ffn.fc1.bias
 |  0.000 | -0.062 |  0.062 |  0.036 | torch.Size([128, 256]) || m_up3.1.nstb_block.ffn.fc2.weight
 | -0.001 | -0.061 |  0.062 |  0.038 | torch.Size([128]) || m_up3.1.nstb_block.ffn.fc2.bias
 |  1.000 |  1.000 |  1.000 |  0.000 | torch.Size([128]) || m_up3.1.nstb_block.norm2.weight
 |  0.000 |  0.000 |  0.000 |  0.000 | torch.Size([128]) || m_up3.1.nstb_block.norm2.bias
 |  0.000 | -0.062 |  0.062 |  0.036 | torch.Size([256, 256, 1, 1]) || m_up3.1.conv1_2.weight
 |  0.002 | -0.061 |  0.062 |  0.036 | torch.Size([256]) || m_up3.1.conv1_2.bias
 | -0.000 | -0.044 |  0.044 |  0.025 | torch.Size([256, 128, 2, 2]) || m_up2.0.weight
 | -0.000 | -0.088 |  0.088 |  0.051 | torch.Size([128, 128, 1, 1]) || m_up2.1.conv1_1.weight
 |  0.001 | -0.087 |  0.088 |  0.052 | torch.Size([128]) || m_up2.1.conv1_1.bias
 |  1.000 |  1.000 |  1.000 |  0.000 | torch.Size([64]) || m_up2.1.trans_block.ln1.weight
 |  0.000 |  0.000 |  0.000 |  0.000 | torch.Size([64]) || m_up2.1.trans_block.ln1.bias
 |  0.000 | -0.052 |  0.061 |  0.019 | torch.Size([2, 15, 15]) || m_up2.1.trans_block.msa.relative_position_params
 | -0.000 | -0.125 |  0.125 |  0.072 | torch.Size([192, 64]) || m_up2.1.trans_block.msa.embedding_layer.weight
 |  0.001 | -0.124 |  0.124 |  0.072 | torch.Size([192]) || m_up2.1.trans_block.msa.embedding_layer.bias
 | -0.002 | -0.125 |  0.125 |  0.071 | torch.Size([64, 64]) || m_up2.1.trans_block.msa.linear.weight
 |  0.001 | -0.120 |  0.116 |  0.070 | torch.Size([64]) || m_up2.1.trans_block.msa.linear.bias
 |  1.000 |  1.000 |  1.000 |  0.000 | torch.Size([64]) || m_up2.1.trans_block.ln2.weight
 |  0.000 |  0.000 |  0.000 |  0.000 | torch.Size([64]) || m_up2.1.trans_block.ln2.bias
 | -0.000 | -0.125 |  0.125 |  0.072 | torch.Size([256, 64]) || m_up2.1.trans_block.mlp.0.weight
 | -0.005 | -0.122 |  0.125 |  0.073 | torch.Size([256]) || m_up2.1.trans_block.mlp.0.bias
 |  0.000 | -0.062 |  0.062 |  0.036 | torch.Size([64, 256]) || m_up2.1.trans_block.mlp.2.weight
 |  0.003 | -0.062 |  0.062 |  0.035 | torch.Size([64]) || m_up2.1.trans_block.mlp.2.bias
 | -23.438 | -100.000 |  0.000 | 42.361 | torch.Size([16, 64, 64]) || m_up2.1.nstb_block.attn_mask
 | -0.000 | -0.088 |  0.088 |  0.051 | torch.Size([32, 2, 8, 8]) || m_up2.1.nstb_block.ngram_window_partition.ngram_context.unigram_embed.weight
 |  0.015 | -0.076 |  0.088 |  0.043 | torch.Size([32]) || m_up2.1.nstb_block.ngram_window_partition.ngram_context.unigram_embed.bias
 |  2.303 |  2.303 |  2.303 |  0.000 | torch.Size([2, 1, 1]) || m_up2.1.nstb_block.ngram_window_partition.ngram_context.ngram_attn.logit_scale
 | -0.010 | -0.040 |  0.021 |  0.017 | torch.Size([9, 2]) || m_up2.1.nstb_block.ngram_window_partition.ngram_context.ngram_attn.relative_position_bias_table
 |  4.000 |  0.000 |  8.000 |  2.309 | torch.Size([4, 4]) || m_up2.1.nstb_block.ngram_window_partition.ngram_context.ngram_attn.relative_position_index
 | -0.002 | -0.177 |  0.177 |  0.101 | torch.Size([96, 32]) || m_up2.1.nstb_block.ngram_window_partition.ngram_context.ngram_attn.qkv.weight
 |  0.008 | -0.173 |  0.176 |  0.104 | torch.Size([96]) || m_up2.1.nstb_block.ngram_window_partition.ngram_context.ngram_attn.qkv.bias
 | -0.005 | -0.176 |  0.177 |  0.105 | torch.Size([32, 32]) || m_up2.1.nstb_block.ngram_window_partition.ngram_context.ngram_attn.proj.weight
 |  0.013 | -0.165 |  0.173 |  0.095 | torch.Size([32]) || m_up2.1.nstb_block.ngram_window_partition.ngram_context.ngram_attn.proj.bias
 | -0.001 | -0.125 |  0.125 |  0.072 | torch.Size([64, 64, 1, 1]) || m_up2.1.nstb_block.ngram_window_partition.ngram_context.merge.weight
 |  0.006 | -0.123 |  0.119 |  0.070 | torch.Size([64]) || m_up2.1.nstb_block.ngram_window_partition.ngram_context.merge.bias
 |  2.303 |  2.303 |  2.303 |  0.000 | torch.Size([2, 1, 1]) || m_up2.1.nstb_block.attn.logit_scale
 | -0.001 | -0.061 |  0.064 |  0.021 | torch.Size([225, 2]) || m_up2.1.nstb_block.attn.relative_position_bias_table
 | 112.000 |  0.000 | 224.000 | 48.719 | torch.Size([64, 64]) || m_up2.1.nstb_block.attn.relative_position_index
 |  0.001 | -0.125 |  0.125 |  0.072 | torch.Size([192, 64]) || m_up2.1.nstb_block.attn.qkv.weight
 | -0.003 | -0.122 |  0.125 |  0.071 | torch.Size([192]) || m_up2.1.nstb_block.attn.qkv.bias
 |  0.000 | -0.125 |  0.125 |  0.073 | torch.Size([64, 64]) || m_up2.1.nstb_block.attn.proj.weight
 | -0.007 | -0.125 |  0.123 |  0.074 | torch.Size([64]) || m_up2.1.nstb_block.attn.proj.bias
 |  1.000 |  1.000 |  1.000 |  0.000 | torch.Size([64]) || m_up2.1.nstb_block.norm1.weight
 |  0.000 |  0.000 |  0.000 |  0.000 | torch.Size([64]) || m_up2.1.nstb_block.norm1.bias
 |  0.001 | -0.125 |  0.125 |  0.072 | torch.Size([128, 64]) || m_up2.1.nstb_block.ffn.fc1.weight
 | -0.003 | -0.122 |  0.124 |  0.071 | torch.Size([128]) || m_up2.1.nstb_block.ffn.fc1.bias
 |  0.000 | -0.088 |  0.088 |  0.051 | torch.Size([64, 128]) || m_up2.1.nstb_block.ffn.fc2.weight
 |  0.004 | -0.087 |  0.088 |  0.050 | torch.Size([64]) || m_up2.1.nstb_block.ffn.fc2.bias
 |  1.000 |  1.000 |  1.000 |  0.000 | torch.Size([64]) || m_up2.1.nstb_block.norm2.weight
 |  0.000 |  0.000 |  0.000 |  0.000 | torch.Size([64]) || m_up2.1.nstb_block.norm2.bias
 |  0.000 | -0.088 |  0.088 |  0.051 | torch.Size([128, 128, 1, 1]) || m_up2.1.conv1_2.weight
 | -0.009 | -0.087 |  0.087 |  0.051 | torch.Size([128]) || m_up2.1.conv1_2.bias
 |  0.000 | -0.062 |  0.062 |  0.036 | torch.Size([128, 64, 2, 2]) || m_up1.0.weight
 | -0.002 | -0.125 |  0.125 |  0.072 | torch.Size([64, 64, 1, 1]) || m_up1.1.conv1_1.weight
 | -0.010 | -0.125 |  0.119 |  0.076 | torch.Size([64]) || m_up1.1.conv1_1.bias
 |  1.000 |  1.000 |  1.000 |  0.000 | torch.Size([32]) || m_up1.1.trans_block.ln1.weight
 |  0.000 |  0.000 |  0.000 |  0.000 | torch.Size([32]) || m_up1.1.trans_block.ln1.bias
 |  0.001 | -0.056 |  0.050 |  0.020 | torch.Size([1, 15, 15]) || m_up1.1.trans_block.msa.relative_position_params
 | -0.001 | -0.177 |  0.177 |  0.103 | torch.Size([96, 32]) || m_up1.1.trans_block.msa.embedding_layer.weight
 |  0.007 | -0.173 |  0.173 |  0.112 | torch.Size([96]) || m_up1.1.trans_block.msa.embedding_layer.bias
 |  0.002 | -0.177 |  0.177 |  0.102 | torch.Size([32, 32]) || m_up1.1.trans_block.msa.linear.weight
 |  0.001 | -0.175 |  0.151 |  0.103 | torch.Size([32]) || m_up1.1.trans_block.msa.linear.bias
 |  1.000 |  1.000 |  1.000 |  0.000 | torch.Size([32]) || m_up1.1.trans_block.ln2.weight
 |  0.000 |  0.000 |  0.000 |  0.000 | torch.Size([32]) || m_up1.1.trans_block.ln2.bias
 |  0.003 | -0.177 |  0.177 |  0.102 | torch.Size([128, 32]) || m_up1.1.trans_block.mlp.0.weight
 | -0.001 | -0.176 |  0.176 |  0.103 | torch.Size([128]) || m_up1.1.trans_block.mlp.0.bias
 | -0.000 | -0.088 |  0.088 |  0.051 | torch.Size([32, 128]) || m_up1.1.trans_block.mlp.2.weight
 | -0.013 | -0.084 |  0.079 |  0.049 | torch.Size([32]) || m_up1.1.trans_block.mlp.2.bias
 | -12.109 | -100.000 |  0.000 | 32.624 | torch.Size([64, 64, 64]) || m_up1.1.nstb_block.attn_mask
 |  0.001 | -0.088 |  0.088 |  0.051 | torch.Size([16, 2, 8, 8]) || m_up1.1.nstb_block.ngram_window_partition.ngram_context.unigram_embed.weight
 | -0.012 | -0.078 |  0.077 |  0.054 | torch.Size([16]) || m_up1.1.nstb_block.ngram_window_partition.ngram_context.unigram_embed.bias
 |  2.303 |  2.303 |  2.303 |    nan | torch.Size([1, 1, 1]) || m_up1.1.nstb_block.ngram_window_partition.ngram_context.ngram_attn.logit_scale
 | -0.004 | -0.034 |  0.030 |  0.019 | torch.Size([9, 1]) || m_up1.1.nstb_block.ngram_window_partition.ngram_context.ngram_attn.relative_position_bias_table
 |  4.000 |  0.000 |  8.000 |  2.309 | torch.Size([4, 4]) || m_up1.1.nstb_block.ngram_window_partition.ngram_context.ngram_attn.relative_position_index
 | -0.004 | -0.249 |  0.250 |  0.142 | torch.Size([48, 16]) || m_up1.1.nstb_block.ngram_window_partition.ngram_context.ngram_attn.qkv.weight
 | -0.008 | -0.240 |  0.244 |  0.144 | torch.Size([48]) || m_up1.1.nstb_block.ngram_window_partition.ngram_context.ngram_attn.qkv.bias
 |  0.000 | -0.249 |  0.243 |  0.144 | torch.Size([16, 16]) || m_up1.1.nstb_block.ngram_window_partition.ngram_context.ngram_attn.proj.weight
 |  0.051 | -0.247 |  0.248 |  0.165 | torch.Size([16]) || m_up1.1.nstb_block.ngram_window_partition.ngram_context.ngram_attn.proj.bias
 |  0.003 | -0.177 |  0.176 |  0.103 | torch.Size([32, 32, 1, 1]) || m_up1.1.nstb_block.ngram_window_partition.ngram_context.merge.weight
 |  0.024 | -0.162 |  0.176 |  0.108 | torch.Size([32]) || m_up1.1.nstb_block.ngram_window_partition.ngram_context.merge.bias
 |  2.303 |  2.303 |  2.303 |    nan | torch.Size([1, 1, 1]) || m_up1.1.nstb_block.attn.logit_scale
 | -0.001 | -0.064 |  0.044 |  0.021 | torch.Size([225, 1]) || m_up1.1.nstb_block.attn.relative_position_bias_table
 | 112.000 |  0.000 | 224.000 | 48.719 | torch.Size([64, 64]) || m_up1.1.nstb_block.attn.relative_position_index
 |  0.001 | -0.177 |  0.177 |  0.102 | torch.Size([96, 32]) || m_up1.1.nstb_block.attn.qkv.weight
 |  0.021 | -0.173 |  0.173 |  0.093 | torch.Size([96]) || m_up1.1.nstb_block.attn.qkv.bias
 |  0.004 | -0.174 |  0.177 |  0.103 | torch.Size([32, 32]) || m_up1.1.nstb_block.attn.proj.weight
 |  0.020 | -0.174 |  0.175 |  0.110 | torch.Size([32]) || m_up1.1.nstb_block.attn.proj.bias
 |  1.000 |  1.000 |  1.000 |  0.000 | torch.Size([32]) || m_up1.1.nstb_block.norm1.weight
 |  0.000 |  0.000 |  0.000 |  0.000 | torch.Size([32]) || m_up1.1.nstb_block.norm1.bias
 |  0.001 | -0.177 |  0.177 |  0.101 | torch.Size([64, 32]) || m_up1.1.nstb_block.ffn.fc1.weight
 |  0.006 | -0.170 |  0.168 |  0.096 | torch.Size([64]) || m_up1.1.nstb_block.ffn.fc1.bias
 |  0.000 | -0.125 |  0.125 |  0.072 | torch.Size([32, 64]) || m_up1.1.nstb_block.ffn.fc2.weight
 | -0.007 | -0.123 |  0.123 |  0.080 | torch.Size([32]) || m_up1.1.nstb_block.ffn.fc2.bias
 |  1.000 |  1.000 |  1.000 |  0.000 | torch.Size([32]) || m_up1.1.nstb_block.norm2.weight
 |  0.000 |  0.000 |  0.000 |  0.000 | torch.Size([32]) || m_up1.1.nstb_block.norm2.bias
 |  0.000 | -0.125 |  0.125 |  0.072 | torch.Size([64, 64, 1, 1]) || m_up1.1.conv1_2.weight
 | -0.013 | -0.123 |  0.123 |  0.074 | torch.Size([64]) || m_up1.1.conv1_2.bias
 |  0.001 | -0.041 |  0.042 |  0.023 | torch.Size([1, 64, 3, 3]) || m_tail.0.weight

25-07-11 15:49:51.447 : TensorBoard logging to: training_results/trans_nstb/scunet_ngswin_trans_nstb/tensorboard/SCUNet_trans_nstb_li_ct_val0.1
25-07-11 15:49:51.447 : Experiment name: SCUNet_trans_nstb_li_ct_val0.1
25-07-11 15:49:51.447 : Validation split: 10.0% of training data
25-07-11 15:49:51.447 : Early stopping is disabled. Training will run for full 100 epochs.
25-07-11 15:49:51.447 : Starting training...
25-07-11 15:54:40.278 : <epoch:  1, iter:   1,000, lr:1.000e-04> G_loss: 5.555e-03 
25-07-11 15:59:34.211 : <epoch:  1, iter:   2,000, lr:1.000e-04> G_loss: 6.081e-03 
25-07-11 16:04:28.466 : <epoch:  1, iter:   3,000, lr:1.000e-04> G_loss: 6.690e-03 
25-07-11 16:09:22.377 : <epoch:  1, iter:   4,000, lr:1.000e-04> G_loss: 9.787e-03 
25-07-11 16:14:17.287 : <epoch:  1, iter:   5,000, lr:1.000e-04> G_loss: 2.083e-03 
25-07-11 16:19:13.469 : <epoch:  1, iter:   6,000, lr:1.000e-04> G_loss: 5.185e-03 
25-07-11 16:24:10.825 : <epoch:  1, iter:   7,000, lr:1.000e-04> G_loss: 2.743e-03 
25-07-11 16:29:08.935 : <epoch:  1, iter:   8,000, lr:1.000e-04> G_loss: 2.907e-03 
25-07-11 16:34:06.371 : <epoch:  1, iter:   9,000, lr:1.000e-04> G_loss: 2.462e-03 
25-07-11 16:39:04.144 : <epoch:  1, iter:  10,000, lr:1.000e-04> G_loss: 5.185e-03 
25-07-11 16:44:01.973 : <epoch:  1, iter:  11,000, lr:1.000e-04> G_loss: 6.424e-03 
25-07-11 16:48:59.632 : <epoch:  1, iter:  12,000, lr:1.000e-04> G_loss: 2.306e-03 
25-07-11 16:53:56.763 : <epoch:  1, iter:  13,000, lr:1.000e-04> G_loss: 3.394e-03 
25-07-11 16:58:54.646 : <epoch:  1, iter:  14,000, lr:1.000e-04> G_loss: 2.040e-03 
25-07-11 17:03:52.724 : <epoch:  1, iter:  15,000, lr:1.000e-04> G_loss: 1.848e-03 
25-07-11 17:08:51.018 : <epoch:  1, iter:  16,000, lr:1.000e-04> G_loss: 2.605e-03 
25-07-11 17:10:06.214 : Saving the model.
25-07-11 17:13:50.605 : <epoch:  2, iter:  17,000, lr:1.000e-04> G_loss: 2.546e-03 
25-07-11 17:18:48.986 : <epoch:  2, iter:  18,000, lr:1.000e-04> G_loss: 3.498e-03 
25-07-11 17:23:47.088 : <epoch:  2, iter:  19,000, lr:1.000e-04> G_loss: 1.783e-03 
25-07-11 17:28:45.736 : <epoch:  2, iter:  20,000, lr:1.000e-04> G_loss: 2.399e-03 
25-07-11 17:33:44.556 : <epoch:  2, iter:  21,000, lr:1.000e-04> G_loss: 1.640e-03 
25-07-11 17:38:43.682 : <epoch:  2, iter:  22,000, lr:1.000e-04> G_loss: 3.180e-03 
25-07-11 17:43:42.194 : <epoch:  2, iter:  23,000, lr:1.000e-04> G_loss: 1.534e-03 
25-07-11 17:48:39.764 : <epoch:  2, iter:  24,000, lr:1.000e-04> G_loss: 2.972e-03 
25-07-11 17:53:36.511 : <epoch:  2, iter:  25,000, lr:1.000e-04> G_loss: 1.437e-03 
25-07-11 17:58:35.333 : <epoch:  2, iter:  26,000, lr:1.000e-04> G_loss: 2.570e-03 
25-07-11 18:03:33.630 : <epoch:  2, iter:  27,000, lr:1.000e-04> G_loss: 2.607e-03 
25-07-11 18:08:32.209 : <epoch:  2, iter:  28,000, lr:1.000e-04> G_loss: 1.798e-03 
25-07-11 18:13:30.554 : <epoch:  2, iter:  29,000, lr:1.000e-04> G_loss: 2.537e-03 
25-07-11 18:18:26.648 : <epoch:  2, iter:  30,000, lr:1.000e-04> G_loss: 1.213e-03 
25-07-11 18:24:26.051 : <epoch:  2, iter:  30,000, Val PSNR: 47.76dB, Val SSIM: 0.9904
25-07-11 18:24:26.060 : Training samples this epoch: 27496
25-07-11 18:24:26.060 : Validation samples this check: 3611
25-07-11 18:24:26.061 : Saving PSNR checkpoint.
25-07-11 18:29:20.830 : <epoch:  2, iter:  31,000, lr:1.000e-04> G_loss: 2.544e-03 
25-07-11 18:34:18.316 : <epoch:  2, iter:  32,000, lr:1.000e-04> G_loss: 2.138e-03 
25-07-11 18:36:51.495 : Saving the model.
25-07-11 18:39:22.591 : <epoch:  3, iter:  33,000, lr:1.000e-04> G_loss: 1.696e-03 
25-07-11 18:44:22.856 : <epoch:  3, iter:  34,000, lr:1.000e-04> G_loss: 1.805e-03 
25-07-11 18:49:21.147 : <epoch:  3, iter:  35,000, lr:1.000e-04> G_loss: 1.319e-03 
25-07-11 18:54:17.642 : <epoch:  3, iter:  36,000, lr:1.000e-04> G_loss: 1.409e-03 
25-07-11 18:59:14.608 : <epoch:  3, iter:  37,000, lr:1.000e-04> G_loss: 1.846e-03 
25-07-11 19:04:12.415 : <epoch:  3, iter:  38,000, lr:1.000e-04> G_loss: 1.270e-03 
25-07-11 19:09:10.904 : <epoch:  3, iter:  39,000, lr:1.000e-04> G_loss: 1.228e-03 
25-07-11 19:14:08.933 : <epoch:  3, iter:  40,000, lr:1.000e-04> G_loss: 1.078e-03 
25-07-11 19:19:07.871 : <epoch:  3, iter:  41,000, lr:1.000e-04> G_loss: 1.572e-03 
25-07-11 19:24:07.169 : <epoch:  3, iter:  42,000, lr:1.000e-04> G_loss: 1.671e-03 
25-07-11 19:29:06.594 : <epoch:  3, iter:  43,000, lr:1.000e-04> G_loss: 1.609e-03 
25-07-11 19:34:05.908 : <epoch:  3, iter:  44,000, lr:1.000e-04> G_loss: 1.817e-03 
25-07-11 19:39:02.402 : <epoch:  3, iter:  45,000, lr:1.000e-04> G_loss: 1.891e-03 
25-07-11 19:44:00.708 : <epoch:  3, iter:  46,000, lr:1.000e-04> G_loss: 1.100e-03 
25-07-11 19:48:59.228 : <epoch:  3, iter:  47,000, lr:1.000e-04> G_loss: 1.432e-03 
25-07-11 19:53:56.965 : <epoch:  3, iter:  48,000, lr:1.000e-04> G_loss: 2.973e-03 
25-07-11 19:57:43.200 : Saving the model.
25-07-11 19:58:55.794 : <epoch:  4, iter:  49,000, lr:1.000e-04> G_loss: 1.226e-03 
25-07-11 20:03:53.532 : <epoch:  4, iter:  50,000, lr:1.000e-04> G_loss: 1.449e-03 
25-07-11 20:08:51.584 : <epoch:  4, iter:  51,000, lr:1.000e-04> G_loss: 2.577e-03 
25-07-11 20:13:49.395 : <epoch:  4, iter:  52,000, lr:1.000e-04> G_loss: 1.879e-03 
25-07-11 20:18:44.652 : <epoch:  4, iter:  53,000, lr:1.000e-04> G_loss: 1.012e-03 
25-07-11 20:23:39.290 : <epoch:  4, iter:  54,000, lr:1.000e-04> G_loss: 3.117e-03 
25-07-11 20:28:34.232 : <epoch:  4, iter:  55,000, lr:1.000e-04> G_loss: 1.710e-03 
25-07-11 20:33:28.312 : <epoch:  4, iter:  56,000, lr:1.000e-04> G_loss: 1.435e-03 
25-07-11 20:38:22.934 : <epoch:  4, iter:  57,000, lr:1.000e-04> G_loss: 1.168e-03 
25-07-11 20:43:17.905 : <epoch:  4, iter:  58,000, lr:1.000e-04> G_loss: 1.568e-03 
25-07-11 20:48:12.598 : <epoch:  4, iter:  59,000, lr:1.000e-04> G_loss: 1.711e-03 
25-07-11 20:53:06.207 : <epoch:  4, iter:  60,000, lr:1.000e-04> G_loss: 2.503e-03 
25-07-11 20:59:04.477 : <epoch:  4, iter:  60,000, Val PSNR: 48.95dB, Val SSIM: 0.9928
25-07-11 20:59:04.478 : Training samples this epoch: 22488
25-07-11 20:59:04.478 : Validation samples this check: 3611
25-07-11 20:59:04.478 : Saving PSNR checkpoint.
25-07-11 21:03:59.062 : <epoch:  4, iter:  61,000, lr:1.000e-04> G_loss: 1.448e-03 
25-07-11 21:08:54.662 : <epoch:  4, iter:  62,000, lr:1.000e-04> G_loss: 1.171e-03 
25-07-11 21:13:49.901 : <epoch:  4, iter:  63,000, lr:1.000e-04> G_loss: 1.407e-03 
25-07-11 21:18:45.246 : <epoch:  4, iter:  64,000, lr:1.000e-04> G_loss: 1.302e-03 
25-07-11 21:23:40.893 : <epoch:  4, iter:  65,000, lr:1.000e-04> G_loss: 2.836e-03 
25-07-11 21:23:43.250 : Saving the model.
25-07-11 21:28:35.481 : <epoch:  5, iter:  66,000, lr:1.000e-04> G_loss: 2.433e-03 
25-07-11 21:33:30.415 : <epoch:  5, iter:  67,000, lr:1.000e-04> G_loss: 1.420e-03 
25-07-11 21:38:24.951 : <epoch:  5, iter:  68,000, lr:1.000e-04> G_loss: 9.575e-04 
25-07-11 21:43:19.899 : <epoch:  5, iter:  69,000, lr:1.000e-04> G_loss: 1.232e-03 
25-07-11 21:48:14.428 : <epoch:  5, iter:  70,000, lr:1.000e-04> G_loss: 1.246e-03 
25-07-11 21:53:08.585 : <epoch:  5, iter:  71,000, lr:1.000e-04> G_loss: 1.735e-03 
25-07-11 21:58:03.305 : <epoch:  5, iter:  72,000, lr:1.000e-04> G_loss: 1.695e-03 
25-07-11 22:02:58.430 : <epoch:  5, iter:  73,000, lr:1.000e-04> G_loss: 1.369e-03 
25-07-11 22:07:53.466 : <epoch:  5, iter:  74,000, lr:1.000e-04> G_loss: 1.100e-03 
25-07-11 22:12:47.544 : <epoch:  5, iter:  75,000, lr:1.000e-04> G_loss: 1.726e-03 
25-07-11 22:17:42.708 : <epoch:  5, iter:  76,000, lr:1.000e-04> G_loss: 1.430e-03 
25-07-11 22:22:37.327 : <epoch:  5, iter:  77,000, lr:1.000e-04> G_loss: 1.705e-03 
25-07-11 22:27:32.073 : <epoch:  5, iter:  78,000, lr:1.000e-04> G_loss: 1.086e-03 
25-07-11 22:32:26.446 : <epoch:  5, iter:  79,000, lr:1.000e-04> G_loss: 1.983e-03 
25-07-11 22:37:20.804 : <epoch:  5, iter:  80,000, lr:1.000e-04> G_loss: 2.123e-03 
25-07-11 22:42:14.954 : <epoch:  5, iter:  81,000, lr:1.000e-04> G_loss: 1.246e-03 
25-07-11 22:43:31.420 : Saving the model.
25-07-11 22:47:09.823 : <epoch:  6, iter:  82,000, lr:1.000e-04> G_loss: 1.756e-03 
25-07-11 22:52:03.689 : <epoch:  6, iter:  83,000, lr:1.000e-04> G_loss: 1.392e-03 
25-07-11 22:56:58.159 : <epoch:  6, iter:  84,000, lr:1.000e-04> G_loss: 1.379e-03 
25-07-11 23:01:53.079 : <epoch:  6, iter:  85,000, lr:1.000e-04> G_loss: 9.329e-04 
25-07-11 23:06:48.259 : <epoch:  6, iter:  86,000, lr:1.000e-04> G_loss: 9.909e-04 
25-07-11 23:11:43.588 : <epoch:  6, iter:  87,000, lr:1.000e-04> G_loss: 1.705e-03 
25-07-11 23:16:38.448 : <epoch:  6, iter:  88,000, lr:1.000e-04> G_loss: 1.169e-03 
25-07-11 23:21:33.939 : <epoch:  6, iter:  89,000, lr:1.000e-04> G_loss: 1.512e-03 
25-07-11 23:26:29.177 : <epoch:  6, iter:  90,000, lr:1.000e-04> G_loss: 1.036e-03 
25-07-11 23:32:14.022 : <epoch:  6, iter:  90,000, Val PSNR: 49.23dB, Val SSIM: 0.9933
25-07-11 23:32:14.023 : Training samples this epoch: 17480
25-07-11 23:32:14.023 : Validation samples this check: 3611
25-07-11 23:32:14.024 : Saving PSNR checkpoint.
25-07-11 23:37:09.177 : <epoch:  6, iter:  91,000, lr:1.000e-04> G_loss: 1.653e-03 
25-07-11 23:42:03.544 : <epoch:  6, iter:  92,000, lr:1.000e-04> G_loss: 1.256e-03 
25-07-11 23:46:58.495 : <epoch:  6, iter:  93,000, lr:1.000e-04> G_loss: 1.354e-03 
25-07-11 23:51:52.866 : <epoch:  6, iter:  94,000, lr:1.000e-04> G_loss: 1.365e-03 
25-07-11 23:56:46.796 : <epoch:  6, iter:  95,000, lr:1.000e-04> G_loss: 1.143e-03 
25-07-12 00:01:40.590 : <epoch:  6, iter:  96,000, lr:1.000e-04> G_loss: 1.659e-03 
25-07-12 00:06:32.760 : <epoch:  6, iter:  97,000, lr:1.000e-04> G_loss: 8.702e-04 
25-07-12 00:09:02.541 : Saving the model.
25-07-12 00:11:26.726 : <epoch:  7, iter:  98,000, lr:1.000e-04> G_loss: 1.931e-03 
25-07-12 00:16:21.627 : <epoch:  7, iter:  99,000, lr:1.000e-04> G_loss: 1.949e-03 
25-07-12 00:21:16.319 : <epoch:  7, iter: 100,000, lr:1.000e-04> G_loss: 1.608e-03 
25-07-12 00:26:11.114 : <epoch:  7, iter: 101,000, lr:1.000e-04> G_loss: 1.630e-03 
25-07-12 00:31:05.121 : <epoch:  7, iter: 102,000, lr:1.000e-04> G_loss: 1.436e-03 
25-07-12 00:35:59.820 : <epoch:  7, iter: 103,000, lr:1.000e-04> G_loss: 8.362e-04 
25-07-12 00:40:54.520 : <epoch:  7, iter: 104,000, lr:1.000e-04> G_loss: 8.703e-04 
25-07-12 00:45:49.144 : <epoch:  7, iter: 105,000, lr:1.000e-04> G_loss: 1.747e-03 
25-07-12 00:50:44.330 : <epoch:  7, iter: 106,000, lr:1.000e-04> G_loss: 1.005e-03 
25-07-12 00:55:39.033 : <epoch:  7, iter: 107,000, lr:1.000e-04> G_loss: 1.767e-03 
25-07-12 01:00:33.740 : <epoch:  7, iter: 108,000, lr:1.000e-04> G_loss: 1.609e-03 
25-07-12 01:05:28.723 : <epoch:  7, iter: 109,000, lr:1.000e-04> G_loss: 1.588e-03 
25-07-12 01:10:23.680 : <epoch:  7, iter: 110,000, lr:1.000e-04> G_loss: 2.295e-03 
25-07-12 01:15:18.697 : <epoch:  7, iter: 111,000, lr:1.000e-04> G_loss: 1.117e-03 
25-07-12 01:20:13.871 : <epoch:  7, iter: 112,000, lr:1.000e-04> G_loss: 1.761e-03 
25-07-12 01:25:09.243 : <epoch:  7, iter: 113,000, lr:1.000e-04> G_loss: 7.862e-04 
25-07-12 01:28:55.061 : Saving the model.
25-07-12 01:30:04.794 : <epoch:  8, iter: 114,000, lr:1.000e-04> G_loss: 1.781e-03 
25-07-12 01:34:59.387 : <epoch:  8, iter: 115,000, lr:1.000e-04> G_loss: 1.065e-03 
25-07-12 01:39:54.399 : <epoch:  8, iter: 116,000, lr:1.000e-04> G_loss: 9.626e-04 
25-07-12 01:44:48.888 : <epoch:  8, iter: 117,000, lr:1.000e-04> G_loss: 1.085e-03 
25-07-12 01:49:43.255 : <epoch:  8, iter: 118,000, lr:1.000e-04> G_loss: 1.098e-03 
25-07-12 01:54:37.304 : <epoch:  8, iter: 119,000, lr:1.000e-04> G_loss: 1.534e-03 
25-07-12 01:59:32.211 : <epoch:  8, iter: 120,000, lr:1.000e-04> G_loss: 7.854e-04 
25-07-12 02:05:25.621 : <epoch:  8, iter: 120,000, Val PSNR: 49.88dB, Val SSIM: 0.9936
25-07-12 02:05:25.621 : Training samples this epoch: 12472
25-07-12 02:05:25.621 : Validation samples this check: 3611
25-07-12 02:05:25.622 : Saving PSNR checkpoint.
25-07-12 02:10:20.910 : <epoch:  8, iter: 121,000, lr:1.000e-04> G_loss: 1.646e-03 
25-07-12 02:15:15.929 : <epoch:  8, iter: 122,000, lr:1.000e-04> G_loss: 1.333e-03 
25-07-12 02:20:10.791 : <epoch:  8, iter: 123,000, lr:1.000e-04> G_loss: 9.271e-04 
25-07-12 02:25:05.373 : <epoch:  8, iter: 124,000, lr:1.000e-04> G_loss: 9.773e-04 
25-07-12 02:30:00.676 : <epoch:  8, iter: 125,000, lr:1.000e-04> G_loss: 1.240e-03 
25-07-12 02:34:55.157 : <epoch:  8, iter: 126,000, lr:1.000e-04> G_loss: 1.746e-03 
25-07-12 02:39:49.642 : <epoch:  8, iter: 127,000, lr:1.000e-04> G_loss: 2.862e-03 
25-07-12 02:44:44.322 : <epoch:  8, iter: 128,000, lr:1.000e-04> G_loss: 1.063e-03 
25-07-12 02:49:39.417 : <epoch:  8, iter: 129,000, lr:1.000e-04> G_loss: 1.030e-03 
25-07-12 02:54:33.320 : <epoch:  8, iter: 130,000, lr:1.000e-04> G_loss: 1.054e-03 
25-07-12 02:54:38.045 : Saving the model.
25-07-12 02:59:27.132 : <epoch:  9, iter: 131,000, lr:1.000e-04> G_loss: 1.678e-03 
25-07-12 03:04:20.535 : <epoch:  9, iter: 132,000, lr:1.000e-04> G_loss: 1.241e-03 
25-07-12 03:09:14.392 : <epoch:  9, iter: 133,000, lr:1.000e-04> G_loss: 9.475e-04 
25-07-12 03:14:08.686 : <epoch:  9, iter: 134,000, lr:1.000e-04> G_loss: 1.170e-03 
25-07-12 03:19:03.737 : <epoch:  9, iter: 135,000, lr:1.000e-04> G_loss: 1.692e-03 
25-07-12 03:23:58.078 : <epoch:  9, iter: 136,000, lr:1.000e-04> G_loss: 7.430e-04 
25-07-12 03:28:52.897 : <epoch:  9, iter: 137,000, lr:1.000e-04> G_loss: 1.892e-03 
25-07-12 03:33:47.806 : <epoch:  9, iter: 138,000, lr:1.000e-04> G_loss: 1.139e-03 
25-07-12 03:38:42.824 : <epoch:  9, iter: 139,000, lr:1.000e-04> G_loss: 1.128e-03 
25-07-12 03:43:37.044 : <epoch:  9, iter: 140,000, lr:1.000e-04> G_loss: 1.168e-03 
25-07-12 03:48:31.238 : <epoch:  9, iter: 141,000, lr:1.000e-04> G_loss: 1.725e-03 
25-07-12 03:53:25.301 : <epoch:  9, iter: 142,000, lr:1.000e-04> G_loss: 1.247e-03 
25-07-12 03:58:19.594 : <epoch:  9, iter: 143,000, lr:1.000e-04> G_loss: 1.005e-03 
25-07-12 04:03:14.007 : <epoch:  9, iter: 144,000, lr:1.000e-04> G_loss: 9.059e-04 
25-07-12 04:08:07.894 : <epoch:  9, iter: 145,000, lr:1.000e-04> G_loss: 2.257e-03 
25-07-12 04:13:01.207 : <epoch:  9, iter: 146,000, lr:1.000e-04> G_loss: 1.453e-03 
25-07-12 04:14:19.560 : Saving the model.
25-07-12 04:17:54.939 : <epoch: 10, iter: 147,000, lr:1.000e-04> G_loss: 9.784e-04 
25-07-12 04:22:49.111 : <epoch: 10, iter: 148,000, lr:1.000e-04> G_loss: 1.775e-03 
25-07-12 04:27:42.974 : <epoch: 10, iter: 149,000, lr:1.000e-04> G_loss: 1.642e-03 
25-07-12 04:32:36.850 : <epoch: 10, iter: 150,000, lr:1.000e-04> G_loss: 1.347e-03 
25-07-12 04:38:33.470 : <epoch: 10, iter: 150,000, Val PSNR: 50.27dB, Val SSIM: 0.9942
25-07-12 04:38:33.471 : Training samples this epoch: 7464
25-07-12 04:38:33.471 : Validation samples this check: 3611
25-07-12 04:38:33.472 : Saving PSNR checkpoint.
25-07-12 04:43:28.487 : <epoch: 10, iter: 151,000, lr:1.000e-04> G_loss: 1.306e-03 
25-07-12 04:48:23.703 : <epoch: 10, iter: 152,000, lr:1.000e-04> G_loss: 1.188e-03 
25-07-12 04:53:18.330 : <epoch: 10, iter: 153,000, lr:1.000e-04> G_loss: 1.720e-03 
25-07-12 04:58:13.105 : <epoch: 10, iter: 154,000, lr:1.000e-04> G_loss: 1.334e-03 
25-07-12 05:03:08.183 : <epoch: 10, iter: 155,000, lr:1.000e-04> G_loss: 8.380e-04 
25-07-12 05:08:03.172 : <epoch: 10, iter: 156,000, lr:1.000e-04> G_loss: 1.043e-03 
25-07-12 05:12:57.896 : <epoch: 10, iter: 157,000, lr:1.000e-04> G_loss: 1.267e-03 
25-07-12 05:17:52.995 : <epoch: 10, iter: 158,000, lr:1.000e-04> G_loss: 8.458e-04 
25-07-12 05:22:47.370 : <epoch: 10, iter: 159,000, lr:1.000e-04> G_loss: 1.834e-03 
25-07-12 05:27:39.127 : <epoch: 10, iter: 160,000, lr:1.000e-04> G_loss: 9.805e-04 
25-07-12 05:32:31.848 : <epoch: 10, iter: 161,000, lr:1.000e-04> G_loss: 1.298e-03 
25-07-12 05:37:24.851 : <epoch: 10, iter: 162,000, lr:1.000e-04> G_loss: 8.586e-04 
25-07-12 05:39:56.779 : Saving the model.
25-07-12 05:42:17.253 : <epoch: 11, iter: 163,000, lr:1.000e-04> G_loss: 8.921e-04 
25-07-12 05:47:09.177 : <epoch: 11, iter: 164,000, lr:1.000e-04> G_loss: 1.235e-03 
25-07-12 05:52:00.585 : <epoch: 11, iter: 165,000, lr:1.000e-04> G_loss: 8.934e-04 
25-07-12 05:56:52.356 : <epoch: 11, iter: 166,000, lr:1.000e-04> G_loss: 7.844e-04 
25-07-12 06:01:44.454 : <epoch: 11, iter: 167,000, lr:1.000e-04> G_loss: 1.165e-03 
25-07-12 06:06:37.192 : <epoch: 11, iter: 168,000, lr:1.000e-04> G_loss: 9.360e-04 
25-07-12 06:11:29.670 : <epoch: 11, iter: 169,000, lr:1.000e-04> G_loss: 9.280e-04 
25-07-12 06:16:21.697 : <epoch: 11, iter: 170,000, lr:1.000e-04> G_loss: 1.344e-03 
25-07-12 06:21:14.383 : <epoch: 11, iter: 171,000, lr:1.000e-04> G_loss: 1.488e-03 
25-07-12 06:26:06.543 : <epoch: 11, iter: 172,000, lr:1.000e-04> G_loss: 9.612e-04 
25-07-12 06:30:59.211 : <epoch: 11, iter: 173,000, lr:1.000e-04> G_loss: 1.259e-03 
25-07-12 06:35:51.938 : <epoch: 11, iter: 174,000, lr:1.000e-04> G_loss: 2.102e-03 
25-07-12 06:40:44.440 : <epoch: 11, iter: 175,000, lr:1.000e-04> G_loss: 9.834e-04 
25-07-12 06:45:36.909 : <epoch: 11, iter: 176,000, lr:1.000e-04> G_loss: 1.065e-03 
25-07-12 06:50:29.259 : <epoch: 11, iter: 177,000, lr:1.000e-04> G_loss: 9.771e-04 
25-07-12 06:55:20.620 : <epoch: 11, iter: 178,000, lr:1.000e-04> G_loss: 1.259e-03 
25-07-12 06:59:05.382 : Saving the model.
25-07-12 07:00:12.328 : <epoch: 12, iter: 179,000, lr:1.000e-04> G_loss: 9.572e-04 
25-07-12 07:05:03.920 : <epoch: 12, iter: 180,000, lr:1.000e-04> G_loss: 8.916e-04 
25-07-12 07:10:58.781 : <epoch: 12, iter: 180,000, Val PSNR: 50.55dB, Val SSIM: 0.9945
25-07-12 07:10:58.782 : Training samples this epoch: 2456
25-07-12 07:10:58.782 : Validation samples this check: 3611
25-07-12 07:10:58.783 : Saving PSNR checkpoint.
25-07-12 07:15:53.335 : <epoch: 12, iter: 181,000, lr:1.000e-04> G_loss: 1.093e-03 
25-07-12 07:20:48.386 : <epoch: 12, iter: 182,000, lr:1.000e-04> G_loss: 1.271e-03 
25-07-12 07:25:43.825 : <epoch: 12, iter: 183,000, lr:1.000e-04> G_loss: 1.297e-03 
25-07-12 07:30:39.399 : <epoch: 12, iter: 184,000, lr:1.000e-04> G_loss: 1.831e-03 
25-07-12 07:35:35.154 : <epoch: 12, iter: 185,000, lr:1.000e-04> G_loss: 1.203e-03 
25-07-12 07:40:30.133 : <epoch: 12, iter: 186,000, lr:1.000e-04> G_loss: 1.405e-03 
25-07-12 07:45:24.977 : <epoch: 12, iter: 187,000, lr:1.000e-04> G_loss: 1.658e-03 
25-07-12 07:50:19.734 : <epoch: 12, iter: 188,000, lr:1.000e-04> G_loss: 1.260e-03 
25-07-12 07:55:13.771 : <epoch: 12, iter: 189,000, lr:1.000e-04> G_loss: 1.262e-03 
25-07-12 08:00:09.309 : <epoch: 12, iter: 190,000, lr:1.000e-04> G_loss: 7.775e-04 
25-07-12 08:05:04.493 : <epoch: 12, iter: 191,000, lr:1.000e-04> G_loss: 9.175e-04 
25-07-12 08:09:59.542 : <epoch: 12, iter: 192,000, lr:1.000e-04> G_loss: 1.371e-03 
25-07-12 08:14:54.251 : <epoch: 12, iter: 193,000, lr:1.000e-04> G_loss: 1.565e-03 
25-07-12 08:19:49.337 : <epoch: 12, iter: 194,000, lr:1.000e-04> G_loss: 1.412e-03 
25-07-12 08:24:44.269 : <epoch: 12, iter: 195,000, lr:1.000e-04> G_loss: 1.757e-03 
25-07-12 08:24:51.366 : Saving the model.
25-07-12 08:29:39.567 : <epoch: 13, iter: 196,000, lr:1.000e-04> G_loss: 1.204e-03 
25-07-12 08:34:34.598 : <epoch: 13, iter: 197,000, lr:1.000e-04> G_loss: 1.274e-03 
25-07-12 08:39:29.914 : <epoch: 13, iter: 198,000, lr:1.000e-04> G_loss: 1.622e-03 
25-07-12 08:44:24.647 : <epoch: 13, iter: 199,000, lr:1.000e-04> G_loss: 1.464e-03 
25-07-12 08:49:20.107 : <epoch: 13, iter: 200,000, lr:2.500e-05> G_loss: 8.450e-04 
25-07-12 08:54:14.675 : <epoch: 13, iter: 201,000, lr:5.000e-05> G_loss: 1.116e-03 
25-07-12 08:59:09.868 : <epoch: 13, iter: 202,000, lr:5.000e-05> G_loss: 8.150e-04 
25-07-12 09:04:03.994 : <epoch: 13, iter: 203,000, lr:5.000e-05> G_loss: 1.284e-03 
25-07-12 09:08:59.262 : <epoch: 13, iter: 204,000, lr:5.000e-05> G_loss: 1.503e-03 
25-07-12 09:13:54.276 : <epoch: 13, iter: 205,000, lr:5.000e-05> G_loss: 9.944e-04 
25-07-12 09:18:49.777 : <epoch: 13, iter: 206,000, lr:5.000e-05> G_loss: 9.852e-04 
25-07-12 09:23:44.664 : <epoch: 13, iter: 207,000, lr:5.000e-05> G_loss: 2.209e-03 
25-07-12 09:28:39.768 : <epoch: 13, iter: 208,000, lr:5.000e-05> G_loss: 1.170e-03 
25-07-12 09:33:35.111 : <epoch: 13, iter: 209,000, lr:5.000e-05> G_loss: 1.134e-03 
25-07-12 09:38:30.383 : <epoch: 13, iter: 210,000, lr:5.000e-05> G_loss: 1.384e-03 
25-07-12 09:44:23.273 : <epoch: 13, iter: 210,000, Val PSNR: 50.94dB, Val SSIM: 0.9948
25-07-12 09:44:23.273 : Training samples this epoch: 29952
25-07-12 09:44:23.273 : Validation samples this check: 3611
25-07-12 09:44:23.274 : Saving PSNR checkpoint.
25-07-12 09:49:18.260 : <epoch: 13, iter: 211,000, lr:5.000e-05> G_loss: 6.499e-04 
25-07-12 09:50:39.450 : Saving the model.
25-07-12 09:54:14.126 : <epoch: 14, iter: 212,000, lr:5.000e-05> G_loss: 1.185e-03 
25-07-12 09:59:09.597 : <epoch: 14, iter: 213,000, lr:5.000e-05> G_loss: 9.941e-04 
25-07-12 10:04:04.796 : <epoch: 14, iter: 214,000, lr:5.000e-05> G_loss: 9.940e-04 
25-07-12 10:09:00.190 : <epoch: 14, iter: 215,000, lr:5.000e-05> G_loss: 1.505e-03 
25-07-12 10:13:55.345 : <epoch: 14, iter: 216,000, lr:5.000e-05> G_loss: 8.493e-04 
25-07-12 10:18:50.415 : <epoch: 14, iter: 217,000, lr:5.000e-05> G_loss: 1.153e-03 
25-07-12 10:23:45.827 : <epoch: 14, iter: 218,000, lr:5.000e-05> G_loss: 8.137e-04 
25-07-12 10:28:40.958 : <epoch: 14, iter: 219,000, lr:5.000e-05> G_loss: 1.529e-03 
25-07-12 10:33:35.684 : <epoch: 14, iter: 220,000, lr:5.000e-05> G_loss: 1.062e-03 
25-07-12 10:38:30.961 : <epoch: 14, iter: 221,000, lr:5.000e-05> G_loss: 1.290e-03 
25-07-12 10:43:26.032 : <epoch: 14, iter: 222,000, lr:5.000e-05> G_loss: 1.944e-03 
25-07-12 10:48:21.410 : <epoch: 14, iter: 223,000, lr:5.000e-05> G_loss: 6.592e-04 
25-07-12 10:53:15.006 : <epoch: 14, iter: 224,000, lr:5.000e-05> G_loss: 8.827e-04 
25-07-12 10:58:09.385 : <epoch: 14, iter: 225,000, lr:5.000e-05> G_loss: 1.030e-03 
25-07-12 11:03:04.000 : <epoch: 14, iter: 226,000, lr:5.000e-05> G_loss: 8.822e-04 
25-07-12 11:07:58.632 : <epoch: 14, iter: 227,000, lr:5.000e-05> G_loss: 1.510e-03 
25-07-12 11:10:34.275 : Saving the model.
25-07-12 11:12:53.877 : <epoch: 15, iter: 228,000, lr:5.000e-05> G_loss: 9.439e-04 
25-07-12 11:17:48.975 : <epoch: 15, iter: 229,000, lr:5.000e-05> G_loss: 1.094e-03 
25-07-12 11:22:44.229 : <epoch: 15, iter: 230,000, lr:5.000e-05> G_loss: 1.085e-03 
25-07-12 11:27:39.531 : <epoch: 15, iter: 231,000, lr:5.000e-05> G_loss: 7.361e-04 
25-07-12 11:32:34.867 : <epoch: 15, iter: 232,000, lr:5.000e-05> G_loss: 9.033e-04 
25-07-12 11:37:30.421 : <epoch: 15, iter: 233,000, lr:5.000e-05> G_loss: 1.480e-03 
25-07-12 11:42:26.044 : <epoch: 15, iter: 234,000, lr:5.000e-05> G_loss: 7.916e-04 
25-07-12 11:47:21.605 : <epoch: 15, iter: 235,000, lr:5.000e-05> G_loss: 8.675e-04 
25-07-12 11:52:16.511 : <epoch: 15, iter: 236,000, lr:5.000e-05> G_loss: 1.478e-03 
25-07-12 11:57:11.003 : <epoch: 15, iter: 237,000, lr:5.000e-05> G_loss: 9.136e-04 
25-07-12 12:02:06.052 : <epoch: 15, iter: 238,000, lr:5.000e-05> G_loss: 8.996e-04 
25-07-12 12:07:01.341 : <epoch: 15, iter: 239,000, lr:5.000e-05> G_loss: 1.121e-03 
25-07-12 12:11:56.182 : <epoch: 15, iter: 240,000, lr:5.000e-05> G_loss: 1.116e-03 
25-07-12 12:17:49.475 : <epoch: 15, iter: 240,000, Val PSNR: 51.03dB, Val SSIM: 0.9949
25-07-12 12:17:49.476 : Training samples this epoch: 24944
25-07-12 12:17:49.476 : Validation samples this check: 3611
25-07-12 12:17:49.477 : Saving PSNR checkpoint.
25-07-12 12:22:44.408 : <epoch: 15, iter: 241,000, lr:5.000e-05> G_loss: 1.257e-03 
25-07-12 12:27:39.808 : <epoch: 15, iter: 242,000, lr:5.000e-05> G_loss: 1.264e-03 
25-07-12 12:32:35.176 : <epoch: 15, iter: 243,000, lr:5.000e-05> G_loss: 8.400e-04 
25-07-12 12:36:25.212 : Saving the model.
25-07-12 12:37:30.344 : <epoch: 16, iter: 244,000, lr:5.000e-05> G_loss: 1.336e-03 
25-07-12 12:42:25.955 : <epoch: 16, iter: 245,000, lr:5.000e-05> G_loss: 1.176e-03 
25-07-12 12:47:21.237 : <epoch: 16, iter: 246,000, lr:5.000e-05> G_loss: 8.430e-04 
25-07-12 12:52:16.120 : <epoch: 16, iter: 247,000, lr:5.000e-05> G_loss: 8.637e-04 
25-07-12 12:57:10.369 : <epoch: 16, iter: 248,000, lr:5.000e-05> G_loss: 1.146e-03 
25-07-12 13:02:04.840 : <epoch: 16, iter: 249,000, lr:5.000e-05> G_loss: 9.882e-04 
25-07-12 13:06:59.658 : <epoch: 16, iter: 250,000, lr:5.000e-05> G_loss: 1.631e-03 
25-07-12 13:11:55.040 : <epoch: 16, iter: 251,000, lr:5.000e-05> G_loss: 7.875e-04 
25-07-12 13:16:50.034 : <epoch: 16, iter: 252,000, lr:5.000e-05> G_loss: 7.756e-04 
25-07-12 13:21:45.157 : <epoch: 16, iter: 253,000, lr:5.000e-05> G_loss: 1.217e-03 
25-07-12 13:26:40.202 : <epoch: 16, iter: 254,000, lr:5.000e-05> G_loss: 1.313e-03 
25-07-12 13:31:35.431 : <epoch: 16, iter: 255,000, lr:5.000e-05> G_loss: 9.253e-04 
25-07-12 13:36:30.071 : <epoch: 16, iter: 256,000, lr:5.000e-05> G_loss: 8.518e-04 
25-07-12 13:41:25.600 : <epoch: 16, iter: 257,000, lr:5.000e-05> G_loss: 7.760e-04 
25-07-12 13:46:20.865 : <epoch: 16, iter: 258,000, lr:5.000e-05> G_loss: 1.145e-03 
25-07-12 13:51:16.127 : <epoch: 16, iter: 259,000, lr:5.000e-05> G_loss: 9.794e-04 
25-07-12 13:56:10.325 : <epoch: 16, iter: 260,000, lr:5.000e-05> G_loss: 9.379e-04 
25-07-12 13:56:19.704 : Saving the model.
25-07-12 14:01:05.076 : <epoch: 17, iter: 261,000, lr:5.000e-05> G_loss: 1.239e-03 
25-07-12 14:05:59.695 : <epoch: 17, iter: 262,000, lr:5.000e-05> G_loss: 6.998e-04 
25-07-12 14:10:54.943 : <epoch: 17, iter: 263,000, lr:5.000e-05> G_loss: 1.043e-03 
25-07-12 14:15:49.657 : <epoch: 17, iter: 264,000, lr:5.000e-05> G_loss: 1.194e-03 
25-07-12 14:20:44.052 : <epoch: 17, iter: 265,000, lr:5.000e-05> G_loss: 1.766e-03 
25-07-12 14:25:39.092 : <epoch: 17, iter: 266,000, lr:5.000e-05> G_loss: 7.195e-04 
25-07-12 14:30:34.974 : <epoch: 17, iter: 267,000, lr:5.000e-05> G_loss: 7.349e-04 
25-07-12 14:35:30.545 : <epoch: 17, iter: 268,000, lr:5.000e-05> G_loss: 1.062e-03 
25-07-12 14:40:26.457 : <epoch: 17, iter: 269,000, lr:5.000e-05> G_loss: 9.626e-04 
25-07-12 14:45:21.594 : <epoch: 17, iter: 270,000, lr:5.000e-05> G_loss: 9.088e-04 
25-07-12 14:51:15.544 : <epoch: 17, iter: 270,000, Val PSNR: 51.17dB, Val SSIM: 0.9950
25-07-12 14:51:15.545 : Training samples this epoch: 19936
25-07-12 14:51:15.545 : Validation samples this check: 3611
25-07-12 14:51:15.545 : Saving PSNR checkpoint.
25-07-12 14:56:10.541 : <epoch: 17, iter: 271,000, lr:5.000e-05> G_loss: 7.163e-04 
25-07-12 15:01:06.270 : <epoch: 17, iter: 272,000, lr:5.000e-05> G_loss: 1.375e-03 
25-07-12 15:06:01.547 : <epoch: 17, iter: 273,000, lr:5.000e-05> G_loss: 8.786e-04 
25-07-12 15:10:56.877 : <epoch: 17, iter: 274,000, lr:5.000e-05> G_loss: 9.592e-04 
25-07-12 15:15:52.643 : <epoch: 17, iter: 275,000, lr:5.000e-05> G_loss: 7.573e-04 
25-07-12 15:20:47.858 : <epoch: 17, iter: 276,000, lr:5.000e-05> G_loss: 6.495e-04 
25-07-12 15:22:11.685 : Saving the model.
25-07-12 15:25:43.434 : <epoch: 18, iter: 277,000, lr:5.000e-05> G_loss: 7.611e-04 
25-07-12 15:30:38.884 : <epoch: 18, iter: 278,000, lr:5.000e-05> G_loss: 6.741e-04 
25-07-12 15:35:34.322 : <epoch: 18, iter: 279,000, lr:5.000e-05> G_loss: 1.173e-03 
25-07-12 15:40:29.159 : <epoch: 18, iter: 280,000, lr:5.000e-05> G_loss: 7.880e-04 
25-07-12 15:45:24.019 : <epoch: 18, iter: 281,000, lr:5.000e-05> G_loss: 1.038e-03 
25-07-12 15:50:20.044 : <epoch: 18, iter: 282,000, lr:5.000e-05> G_loss: 8.690e-04 
25-07-12 15:55:14.569 : <epoch: 18, iter: 283,000, lr:5.000e-05> G_loss: 9.476e-04 
25-07-12 16:00:09.917 : <epoch: 18, iter: 284,000, lr:5.000e-05> G_loss: 1.246e-03 
25-07-12 16:05:04.852 : <epoch: 18, iter: 285,000, lr:5.000e-05> G_loss: 8.638e-04 
25-07-12 16:10:00.028 : <epoch: 18, iter: 286,000, lr:5.000e-05> G_loss: 1.011e-03 
25-07-12 16:14:54.806 : <epoch: 18, iter: 287,000, lr:5.000e-05> G_loss: 1.241e-03 
25-07-12 16:19:50.222 : <epoch: 18, iter: 288,000, lr:5.000e-05> G_loss: 1.546e-03 
25-07-12 16:24:45.873 : <epoch: 18, iter: 289,000, lr:5.000e-05> G_loss: 7.278e-04 
25-07-12 16:29:41.000 : <epoch: 18, iter: 290,000, lr:5.000e-05> G_loss: 1.129e-03 
25-07-12 16:34:36.754 : <epoch: 18, iter: 291,000, lr:5.000e-05> G_loss: 8.207e-04 
25-07-12 16:39:31.659 : <epoch: 18, iter: 292,000, lr:5.000e-05> G_loss: 1.109e-03 
25-07-12 16:42:10.090 : Saving the model.
25-07-12 16:44:27.035 : <epoch: 19, iter: 293,000, lr:5.000e-05> G_loss: 1.482e-03 
25-07-12 16:49:22.055 : <epoch: 19, iter: 294,000, lr:5.000e-05> G_loss: 8.326e-04 
25-07-12 16:54:16.352 : <epoch: 19, iter: 295,000, lr:5.000e-05> G_loss: 1.405e-03 
25-07-12 16:59:11.746 : <epoch: 19, iter: 296,000, lr:5.000e-05> G_loss: 1.070e-03 
25-07-12 17:04:06.541 : <epoch: 19, iter: 297,000, lr:5.000e-05> G_loss: 1.435e-03 
25-07-12 17:09:01.903 : <epoch: 19, iter: 298,000, lr:5.000e-05> G_loss: 1.263e-03 
25-07-12 17:13:57.057 : <epoch: 19, iter: 299,000, lr:5.000e-05> G_loss: 1.442e-03 
25-07-12 17:18:52.553 : <epoch: 19, iter: 300,000, lr:5.000e-05> G_loss: 1.130e-03 
25-07-12 17:24:46.453 : <epoch: 19, iter: 300,000, Val PSNR: 51.25dB, Val SSIM: 0.9951
25-07-12 17:24:46.453 : Training samples this epoch: 14928
25-07-12 17:24:46.454 : Validation samples this check: 3611
25-07-12 17:24:46.454 : Saving PSNR checkpoint.
25-07-12 17:29:42.185 : <epoch: 19, iter: 301,000, lr:5.000e-05> G_loss: 1.067e-03 
25-07-12 17:34:38.860 : <epoch: 19, iter: 302,000, lr:5.000e-05> G_loss: 1.273e-03 
25-07-12 17:39:35.331 : <epoch: 19, iter: 303,000, lr:5.000e-05> G_loss: 1.273e-03 
25-07-12 17:44:31.259 : <epoch: 19, iter: 304,000, lr:5.000e-05> G_loss: 1.027e-03 
25-07-12 17:49:27.294 : <epoch: 19, iter: 305,000, lr:5.000e-05> G_loss: 9.976e-04 
25-07-12 17:54:21.815 : <epoch: 19, iter: 306,000, lr:5.000e-05> G_loss: 9.262e-04 
25-07-12 17:59:16.911 : <epoch: 19, iter: 307,000, lr:5.000e-05> G_loss: 1.095e-03 
25-07-12 18:04:13.613 : <epoch: 19, iter: 308,000, lr:5.000e-05> G_loss: 1.118e-03 
25-07-12 18:08:07.889 : Saving the model.
25-07-12 18:09:11.046 : <epoch: 20, iter: 309,000, lr:5.000e-05> G_loss: 1.377e-03 
25-07-12 18:14:07.788 : <epoch: 20, iter: 310,000, lr:5.000e-05> G_loss: 7.973e-04 
25-07-12 18:19:04.400 : <epoch: 20, iter: 311,000, lr:5.000e-05> G_loss: 1.256e-03 
25-07-12 18:24:00.609 : <epoch: 20, iter: 312,000, lr:5.000e-05> G_loss: 1.204e-03 
25-07-12 18:28:57.611 : <epoch: 20, iter: 313,000, lr:5.000e-05> G_loss: 9.005e-04 
25-07-12 18:33:53.772 : <epoch: 20, iter: 314,000, lr:5.000e-05> G_loss: 9.264e-04 
25-07-12 18:38:50.443 : <epoch: 20, iter: 315,000, lr:5.000e-05> G_loss: 7.331e-04 
25-07-12 18:43:46.452 : <epoch: 20, iter: 316,000, lr:5.000e-05> G_loss: 1.395e-03 
25-07-12 18:48:42.031 : <epoch: 20, iter: 317,000, lr:5.000e-05> G_loss: 6.706e-04 
25-07-12 18:53:37.277 : <epoch: 20, iter: 318,000, lr:5.000e-05> G_loss: 9.350e-04 
25-07-12 18:58:33.037 : <epoch: 20, iter: 319,000, lr:5.000e-05> G_loss: 1.012e-03 
25-07-12 19:03:29.430 : <epoch: 20, iter: 320,000, lr:5.000e-05> G_loss: 1.042e-03 
25-07-12 19:08:25.618 : <epoch: 20, iter: 321,000, lr:5.000e-05> G_loss: 8.490e-04 
25-07-12 19:13:21.970 : <epoch: 20, iter: 322,000, lr:5.000e-05> G_loss: 1.023e-03 
25-07-12 19:18:18.115 : <epoch: 20, iter: 323,000, lr:5.000e-05> G_loss: 7.389e-04 
25-07-12 19:23:13.587 : <epoch: 20, iter: 324,000, lr:5.000e-05> G_loss: 8.951e-04 
25-07-12 19:28:09.766 : <epoch: 20, iter: 325,000, lr:5.000e-05> G_loss: 7.877e-04 
25-07-12 19:28:21.703 : Saving the model.
25-07-12 19:33:06.594 : <epoch: 21, iter: 326,000, lr:5.000e-05> G_loss: 7.656e-04 
25-07-12 19:38:03.037 : <epoch: 21, iter: 327,000, lr:5.000e-05> G_loss: 8.222e-04 
25-07-12 19:43:00.371 : <epoch: 21, iter: 328,000, lr:5.000e-05> G_loss: 1.543e-03 
25-07-12 19:47:56.916 : <epoch: 21, iter: 329,000, lr:5.000e-05> G_loss: 1.313e-03 
25-07-12 19:52:52.636 : <epoch: 21, iter: 330,000, lr:5.000e-05> G_loss: 9.399e-04 
25-07-12 19:58:46.831 : <epoch: 21, iter: 330,000, Val PSNR: 51.28dB, Val SSIM: 0.9951
25-07-12 19:58:46.831 : Training samples this epoch: 9920
25-07-12 19:58:46.831 : Validation samples this check: 3611
25-07-12 19:58:46.832 : Saving PSNR checkpoint.
25-07-12 20:03:43.079 : <epoch: 21, iter: 331,000, lr:5.000e-05> G_loss: 6.858e-04 
25-07-12 20:08:39.771 : <epoch: 21, iter: 332,000, lr:5.000e-05> G_loss: 9.696e-04 
25-07-12 20:13:36.594 : <epoch: 21, iter: 333,000, lr:5.000e-05> G_loss: 9.381e-04 
25-07-12 20:18:33.609 : <epoch: 21, iter: 334,000, lr:5.000e-05> G_loss: 1.810e-03 
25-07-12 20:23:30.707 : <epoch: 21, iter: 335,000, lr:5.000e-05> G_loss: 7.113e-04 
25-07-12 20:28:27.879 : <epoch: 21, iter: 336,000, lr:5.000e-05> G_loss: 6.777e-04 
25-07-12 20:33:24.416 : <epoch: 21, iter: 337,000, lr:5.000e-05> G_loss: 7.186e-04 
25-07-12 20:38:21.407 : <epoch: 21, iter: 338,000, lr:5.000e-05> G_loss: 1.073e-03 
25-07-12 20:43:18.510 : <epoch: 21, iter: 339,000, lr:5.000e-05> G_loss: 7.394e-04 
25-07-12 20:48:15.450 : <epoch: 21, iter: 340,000, lr:5.000e-05> G_loss: 8.797e-04 
25-07-12 20:53:12.167 : <epoch: 21, iter: 341,000, lr:5.000e-05> G_loss: 9.275e-04 
25-07-12 20:54:38.335 : Saving the model.
25-07-12 20:58:08.110 : <epoch: 22, iter: 342,000, lr:5.000e-05> G_loss: 1.023e-03 
25-07-12 21:03:03.891 : <epoch: 22, iter: 343,000, lr:5.000e-05> G_loss: 5.643e-04 
25-07-12 21:08:00.191 : <epoch: 22, iter: 344,000, lr:5.000e-05> G_loss: 8.712e-04 
25-07-12 21:12:56.719 : <epoch: 22, iter: 345,000, lr:5.000e-05> G_loss: 7.528e-04 
25-07-12 21:17:53.600 : <epoch: 22, iter: 346,000, lr:5.000e-05> G_loss: 8.274e-04 
25-07-12 21:22:49.664 : <epoch: 22, iter: 347,000, lr:5.000e-05> G_loss: 1.837e-03 
25-07-12 21:27:46.590 : <epoch: 22, iter: 348,000, lr:5.000e-05> G_loss: 9.771e-04 
25-07-12 21:32:43.188 : <epoch: 22, iter: 349,000, lr:5.000e-05> G_loss: 8.960e-04 
25-07-12 21:37:39.984 : <epoch: 22, iter: 350,000, lr:5.000e-05> G_loss: 9.676e-04 
25-07-12 21:42:34.613 : <epoch: 22, iter: 351,000, lr:5.000e-05> G_loss: 1.150e-03 
25-07-12 21:47:29.845 : <epoch: 22, iter: 352,000, lr:5.000e-05> G_loss: 7.031e-04 
25-07-12 21:52:24.656 : <epoch: 22, iter: 353,000, lr:5.000e-05> G_loss: 1.213e-03 
25-07-12 21:57:19.023 : <epoch: 22, iter: 354,000, lr:5.000e-05> G_loss: 9.284e-04 
25-07-12 22:02:13.848 : <epoch: 22, iter: 355,000, lr:5.000e-05> G_loss: 1.263e-03 
25-07-12 22:07:08.767 : <epoch: 22, iter: 356,000, lr:5.000e-05> G_loss: 1.200e-03 
25-07-12 22:12:03.498 : <epoch: 22, iter: 357,000, lr:5.000e-05> G_loss: 9.099e-04 
25-07-12 22:14:43.764 : Saving the model.
25-07-12 22:16:58.558 : <epoch: 23, iter: 358,000, lr:5.000e-05> G_loss: 8.306e-04 
25-07-12 22:21:53.559 : <epoch: 23, iter: 359,000, lr:5.000e-05> G_loss: 8.207e-04 
25-07-12 22:26:48.589 : <epoch: 23, iter: 360,000, lr:5.000e-05> G_loss: 1.515e-03 
25-07-12 22:32:45.349 : <epoch: 23, iter: 360,000, Val PSNR: 51.30dB, Val SSIM: 0.9951
25-07-12 22:32:45.349 : Training samples this epoch: 4912
25-07-12 22:32:45.350 : Validation samples this check: 3611
25-07-12 22:32:45.350 : Saving PSNR checkpoint.
25-07-12 22:37:40.403 : <epoch: 23, iter: 361,000, lr:5.000e-05> G_loss: 1.272e-03 
25-07-12 22:42:36.382 : <epoch: 23, iter: 362,000, lr:5.000e-05> G_loss: 9.386e-04 
25-07-12 22:47:32.637 : <epoch: 23, iter: 363,000, lr:5.000e-05> G_loss: 1.878e-03 
25-07-12 22:52:27.660 : <epoch: 23, iter: 364,000, lr:5.000e-05> G_loss: 1.156e-03 
25-07-12 22:57:22.743 : <epoch: 23, iter: 365,000, lr:5.000e-05> G_loss: 9.204e-04 
25-07-12 23:02:17.065 : <epoch: 23, iter: 366,000, lr:5.000e-05> G_loss: 8.742e-04 
25-07-12 23:07:11.741 : <epoch: 23, iter: 367,000, lr:5.000e-05> G_loss: 1.290e-03 
25-07-12 23:12:07.179 : <epoch: 23, iter: 368,000, lr:5.000e-05> G_loss: 9.013e-04 
25-07-12 23:17:02.364 : <epoch: 23, iter: 369,000, lr:5.000e-05> G_loss: 1.007e-03 
25-07-12 23:21:57.991 : <epoch: 23, iter: 370,000, lr:5.000e-05> G_loss: 9.365e-04 
25-07-12 23:26:53.575 : <epoch: 23, iter: 371,000, lr:5.000e-05> G_loss: 9.657e-04 
25-07-12 23:31:49.873 : <epoch: 23, iter: 372,000, lr:5.000e-05> G_loss: 9.774e-04 
25-07-12 23:36:45.502 : <epoch: 23, iter: 373,000, lr:5.000e-05> G_loss: 9.555e-04 
25-07-12 23:40:41.326 : Saving the model.
25-07-12 23:41:41.611 : <epoch: 24, iter: 374,000, lr:5.000e-05> G_loss: 7.617e-04 
25-07-12 23:46:35.908 : <epoch: 24, iter: 375,000, lr:5.000e-05> G_loss: 1.149e-03 
25-07-12 23:51:30.223 : <epoch: 24, iter: 376,000, lr:5.000e-05> G_loss: 7.522e-04 
25-07-12 23:56:24.440 : <epoch: 24, iter: 377,000, lr:5.000e-05> G_loss: 1.147e-03 
25-07-13 00:01:18.530 : <epoch: 24, iter: 378,000, lr:5.000e-05> G_loss: 9.403e-04 
25-07-13 00:06:12.268 : <epoch: 24, iter: 379,000, lr:5.000e-05> G_loss: 7.562e-04 
25-07-13 00:11:05.855 : <epoch: 24, iter: 380,000, lr:5.000e-05> G_loss: 9.676e-04 
25-07-13 00:16:00.390 : <epoch: 24, iter: 381,000, lr:5.000e-05> G_loss: 9.904e-04 
25-07-13 00:20:55.624 : <epoch: 24, iter: 382,000, lr:5.000e-05> G_loss: 9.331e-04 
25-07-13 00:25:51.229 : <epoch: 24, iter: 383,000, lr:5.000e-05> G_loss: 9.959e-04 
25-07-13 00:30:46.791 : <epoch: 24, iter: 384,000, lr:5.000e-05> G_loss: 9.330e-04 
25-07-13 00:35:42.355 : <epoch: 24, iter: 385,000, lr:5.000e-05> G_loss: 7.575e-04 
25-07-13 00:40:37.410 : <epoch: 24, iter: 386,000, lr:5.000e-05> G_loss: 1.134e-03 
25-07-13 00:45:33.467 : <epoch: 24, iter: 387,000, lr:5.000e-05> G_loss: 1.093e-03 
25-07-13 00:50:28.866 : <epoch: 24, iter: 388,000, lr:5.000e-05> G_loss: 7.782e-04 
25-07-13 00:55:23.062 : <epoch: 24, iter: 389,000, lr:5.000e-05> G_loss: 1.623e-03 
25-07-13 01:00:17.173 : <epoch: 24, iter: 390,000, lr:5.000e-05> G_loss: 1.171e-03 
25-07-13 01:06:08.494 : <epoch: 24, iter: 390,000, Val PSNR: 51.42dB, Val SSIM: 0.9952
25-07-13 01:06:08.494 : Training samples this epoch: 32408
25-07-13 01:06:08.494 : Validation samples this check: 3611
25-07-13 01:06:08.495 : Saving PSNR checkpoint.
25-07-13 01:06:22.620 : Saving the model.
25-07-13 01:11:03.788 : <epoch: 25, iter: 391,000, lr:5.000e-05> G_loss: 8.601e-04 
25-07-13 01:15:59.424 : <epoch: 25, iter: 392,000, lr:5.000e-05> G_loss: 1.130e-03 
25-07-13 01:20:54.661 : <epoch: 25, iter: 393,000, lr:5.000e-05> G_loss: 1.094e-03 
25-07-13 01:25:49.913 : <epoch: 25, iter: 394,000, lr:5.000e-05> G_loss: 9.291e-04 
25-07-13 01:30:45.642 : <epoch: 25, iter: 395,000, lr:5.000e-05> G_loss: 1.102e-03 
25-07-13 01:35:40.584 : <epoch: 25, iter: 396,000, lr:5.000e-05> G_loss: 1.880e-03 
25-07-13 01:40:35.979 : <epoch: 25, iter: 397,000, lr:5.000e-05> G_loss: 1.658e-03 
25-07-13 01:45:30.813 : <epoch: 25, iter: 398,000, lr:5.000e-05> G_loss: 1.053e-03 
25-07-13 01:50:25.957 : <epoch: 25, iter: 399,000, lr:5.000e-05> G_loss: 7.847e-04 
25-07-13 01:55:22.175 : <epoch: 25, iter: 400,000, lr:1.250e-05> G_loss: 9.923e-04 
25-07-13 02:00:17.903 : <epoch: 25, iter: 401,000, lr:2.500e-05> G_loss: 7.584e-04 
25-07-13 02:05:12.923 : <epoch: 25, iter: 402,000, lr:2.500e-05> G_loss: 9.823e-04 
25-07-13 02:10:07.937 : <epoch: 25, iter: 403,000, lr:2.500e-05> G_loss: 7.885e-04 
25-07-13 02:15:03.420 : <epoch: 25, iter: 404,000, lr:2.500e-05> G_loss: 1.284e-03 
25-07-13 02:19:58.787 : <epoch: 25, iter: 405,000, lr:2.500e-05> G_loss: 1.018e-03 
25-07-13 02:24:54.283 : <epoch: 25, iter: 406,000, lr:2.500e-05> G_loss: 1.128e-03 
25-07-13 02:26:22.627 : Saving the model.
25-07-13 02:29:49.402 : <epoch: 26, iter: 407,000, lr:2.500e-05> G_loss: 6.489e-04 
25-07-13 02:34:44.464 : <epoch: 26, iter: 408,000, lr:2.500e-05> G_loss: 1.248e-03 
25-07-13 02:39:38.700 : <epoch: 26, iter: 409,000, lr:2.500e-05> G_loss: 9.250e-04 
25-07-13 02:44:34.274 : <epoch: 26, iter: 410,000, lr:2.500e-05> G_loss: 5.919e-04 
25-07-13 02:49:29.610 : <epoch: 26, iter: 411,000, lr:2.500e-05> G_loss: 8.903e-04 
25-07-13 02:54:24.914 : <epoch: 26, iter: 412,000, lr:2.500e-05> G_loss: 9.518e-04 
25-07-13 02:59:19.960 : <epoch: 26, iter: 413,000, lr:2.500e-05> G_loss: 8.954e-04 
25-07-13 03:04:14.988 : <epoch: 26, iter: 414,000, lr:2.500e-05> G_loss: 9.905e-04 
25-07-13 03:09:10.396 : <epoch: 26, iter: 415,000, lr:2.500e-05> G_loss: 9.087e-04 
25-07-13 03:14:05.200 : <epoch: 26, iter: 416,000, lr:2.500e-05> G_loss: 1.076e-03 
25-07-13 03:18:59.504 : <epoch: 26, iter: 417,000, lr:2.500e-05> G_loss: 8.650e-04 
25-07-13 03:23:53.565 : <epoch: 26, iter: 418,000, lr:2.500e-05> G_loss: 1.129e-03 
25-07-13 03:28:47.981 : <epoch: 26, iter: 419,000, lr:2.500e-05> G_loss: 7.432e-04 
25-07-13 03:33:43.616 : <epoch: 26, iter: 420,000, lr:2.500e-05> G_loss: 8.714e-04 
25-07-13 03:39:39.220 : <epoch: 26, iter: 420,000, Val PSNR: 51.60dB, Val SSIM: 0.9953
25-07-13 03:39:39.220 : Training samples this epoch: 27400
25-07-13 03:39:39.221 : Validation samples this check: 3611
25-07-13 03:39:39.221 : Saving PSNR checkpoint.
25-07-13 03:44:33.874 : <epoch: 26, iter: 421,000, lr:2.500e-05> G_loss: 1.237e-03 
25-07-13 03:49:28.604 : <epoch: 26, iter: 422,000, lr:2.500e-05> G_loss: 9.327e-04 
25-07-13 03:52:10.734 : Saving the model.
25-07-13 03:54:22.365 : <epoch: 27, iter: 423,000, lr:2.500e-05> G_loss: 8.205e-04 
25-07-13 03:59:16.560 : <epoch: 27, iter: 424,000, lr:2.500e-05> G_loss: 1.251e-03 
25-07-13 04:04:11.181 : <epoch: 27, iter: 425,000, lr:2.500e-05> G_loss: 7.788e-04 
25-07-13 04:09:05.473 : <epoch: 27, iter: 426,000, lr:2.500e-05> G_loss: 9.913e-04 
25-07-13 04:13:59.482 : <epoch: 27, iter: 427,000, lr:2.500e-05> G_loss: 7.402e-04 
25-07-13 04:18:53.887 : <epoch: 27, iter: 428,000, lr:2.500e-05> G_loss: 7.566e-04 
25-07-13 04:23:48.386 : <epoch: 27, iter: 429,000, lr:2.500e-05> G_loss: 7.410e-04 
25-07-13 04:28:43.322 : <epoch: 27, iter: 430,000, lr:2.500e-05> G_loss: 1.225e-03 
25-07-13 04:33:37.477 : <epoch: 27, iter: 431,000, lr:2.500e-05> G_loss: 7.843e-04 
25-07-13 04:38:31.824 : <epoch: 27, iter: 432,000, lr:2.500e-05> G_loss: 8.975e-04 
25-07-13 04:43:26.901 : <epoch: 27, iter: 433,000, lr:2.500e-05> G_loss: 9.113e-04 
25-07-13 04:48:21.434 : <epoch: 27, iter: 434,000, lr:2.500e-05> G_loss: 8.494e-04 
25-07-13 04:53:15.993 : <epoch: 27, iter: 435,000, lr:2.500e-05> G_loss: 8.861e-04 
25-07-13 04:58:09.372 : <epoch: 27, iter: 436,000, lr:2.500e-05> G_loss: 1.717e-03 
25-07-13 05:03:03.518 : <epoch: 27, iter: 437,000, lr:2.500e-05> G_loss: 1.061e-03 
25-07-13 05:07:57.257 : <epoch: 27, iter: 438,000, lr:2.500e-05> G_loss: 8.645e-04 
25-07-13 05:11:53.821 : Saving the model.
25-07-13 05:12:51.740 : <epoch: 28, iter: 439,000, lr:2.500e-05> G_loss: 9.845e-04 
25-07-13 05:17:45.646 : <epoch: 28, iter: 440,000, lr:2.500e-05> G_loss: 8.424e-04 
25-07-13 05:22:39.608 : <epoch: 28, iter: 441,000, lr:2.500e-05> G_loss: 8.743e-04 
25-07-13 05:27:33.747 : <epoch: 28, iter: 442,000, lr:2.500e-05> G_loss: 8.275e-04 
25-07-13 05:32:27.716 : <epoch: 28, iter: 443,000, lr:2.500e-05> G_loss: 1.168e-03 
25-07-13 05:37:22.492 : <epoch: 28, iter: 444,000, lr:2.500e-05> G_loss: 7.702e-04 
25-07-13 05:42:17.626 : <epoch: 28, iter: 445,000, lr:2.500e-05> G_loss: 1.198e-03 
25-07-13 05:47:12.738 : <epoch: 28, iter: 446,000, lr:2.500e-05> G_loss: 8.750e-04 
25-07-13 05:52:07.293 : <epoch: 28, iter: 447,000, lr:2.500e-05> G_loss: 9.189e-04 
25-07-13 05:57:01.042 : <epoch: 28, iter: 448,000, lr:2.500e-05> G_loss: 9.817e-04 
25-07-13 06:01:55.443 : <epoch: 28, iter: 449,000, lr:2.500e-05> G_loss: 8.918e-04 
25-07-13 06:06:49.499 : <epoch: 28, iter: 450,000, lr:2.500e-05> G_loss: 1.558e-03 
25-07-13 06:12:42.131 : <epoch: 28, iter: 450,000, Val PSNR: 51.61dB, Val SSIM: 0.9953
25-07-13 06:12:42.131 : Training samples this epoch: 22392
25-07-13 06:12:42.132 : Validation samples this check: 3611
25-07-13 06:12:42.132 : Saving PSNR checkpoint.
25-07-13 06:17:37.044 : <epoch: 28, iter: 451,000, lr:2.500e-05> G_loss: 1.208e-03 
25-07-13 06:22:31.903 : <epoch: 28, iter: 452,000, lr:2.500e-05> G_loss: 8.656e-04 
25-07-13 06:27:26.797 : <epoch: 28, iter: 453,000, lr:2.500e-05> G_loss: 7.294e-04 
25-07-13 06:32:21.425 : <epoch: 28, iter: 454,000, lr:2.500e-05> G_loss: 9.921e-04 
25-07-13 06:37:16.931 : <epoch: 28, iter: 455,000, lr:2.500e-05> G_loss: 8.484e-04 
25-07-13 06:37:33.520 : Saving the model.
25-07-13 06:42:12.937 : <epoch: 29, iter: 456,000, lr:2.500e-05> G_loss: 9.127e-04 
25-07-13 06:47:08.495 : <epoch: 29, iter: 457,000, lr:2.500e-05> G_loss: 1.367e-03 
25-07-13 06:52:03.516 : <epoch: 29, iter: 458,000, lr:2.500e-05> G_loss: 1.339e-03 
25-07-13 06:56:58.305 : <epoch: 29, iter: 459,000, lr:2.500e-05> G_loss: 1.159e-03 
25-07-13 07:01:52.326 : <epoch: 29, iter: 460,000, lr:2.500e-05> G_loss: 1.049e-03 
25-07-13 07:06:46.661 : <epoch: 29, iter: 461,000, lr:2.500e-05> G_loss: 9.283e-04 
25-07-13 07:11:42.251 : <epoch: 29, iter: 462,000, lr:2.500e-05> G_loss: 9.455e-04 
25-07-13 07:16:37.546 : <epoch: 29, iter: 463,000, lr:2.500e-05> G_loss: 1.336e-03 
25-07-13 07:21:33.065 : <epoch: 29, iter: 464,000, lr:2.500e-05> G_loss: 7.515e-04 
25-07-13 07:26:29.150 : <epoch: 29, iter: 465,000, lr:2.500e-05> G_loss: 1.377e-03 
25-07-13 07:31:24.669 : <epoch: 29, iter: 466,000, lr:2.500e-05> G_loss: 1.499e-03 
25-07-13 07:36:20.269 : <epoch: 29, iter: 467,000, lr:2.500e-05> G_loss: 8.516e-04 
25-07-13 07:41:15.642 : <epoch: 29, iter: 468,000, lr:2.500e-05> G_loss: 7.437e-04 
25-07-13 07:46:10.581 : <epoch: 29, iter: 469,000, lr:2.500e-05> G_loss: 8.568e-04 
25-07-13 07:51:06.469 : <epoch: 29, iter: 470,000, lr:2.500e-05> G_loss: 1.021e-03 
25-07-13 07:56:01.182 : <epoch: 29, iter: 471,000, lr:2.500e-05> G_loss: 1.017e-03 
25-07-13 07:57:31.897 : Saving the model.
25-07-13 08:00:55.974 : <epoch: 30, iter: 472,000, lr:2.500e-05> G_loss: 1.091e-03 
25-07-13 08:05:50.865 : <epoch: 30, iter: 473,000, lr:2.500e-05> G_loss: 9.497e-04 
25-07-13 08:10:46.270 : <epoch: 30, iter: 474,000, lr:2.500e-05> G_loss: 1.113e-03 
25-07-13 08:15:41.544 : <epoch: 30, iter: 475,000, lr:2.500e-05> G_loss: 7.601e-04 
25-07-13 08:20:36.617 : <epoch: 30, iter: 476,000, lr:2.500e-05> G_loss: 9.133e-04 
25-07-13 08:25:31.829 : <epoch: 30, iter: 477,000, lr:2.500e-05> G_loss: 1.133e-03 
25-07-13 08:30:27.901 : <epoch: 30, iter: 478,000, lr:2.500e-05> G_loss: 1.051e-03 
25-07-13 08:35:23.572 : <epoch: 30, iter: 479,000, lr:2.500e-05> G_loss: 6.945e-04 
25-07-13 08:40:19.146 : <epoch: 30, iter: 480,000, lr:2.500e-05> G_loss: 9.899e-04 
25-07-13 08:46:18.101 : <epoch: 30, iter: 480,000, Val PSNR: 51.65dB, Val SSIM: 0.9954
25-07-13 08:46:18.101 : Training samples this epoch: 17384
25-07-13 08:46:18.101 : Validation samples this check: 3611
25-07-13 08:46:18.102 : Saving PSNR checkpoint.
25-07-13 08:51:12.479 : <epoch: 30, iter: 481,000, lr:2.500e-05> G_loss: 1.033e-03 
25-07-13 08:56:05.387 : <epoch: 30, iter: 482,000, lr:2.500e-05> G_loss: 9.219e-04 
25-07-13 09:00:58.270 : <epoch: 30, iter: 483,000, lr:2.500e-05> G_loss: 7.189e-04 
25-07-13 09:05:51.023 : <epoch: 30, iter: 484,000, lr:2.500e-05> G_loss: 6.921e-04 
25-07-13 09:10:43.931 : <epoch: 30, iter: 485,000, lr:2.500e-05> G_loss: 6.950e-04 
25-07-13 09:15:37.020 : <epoch: 30, iter: 486,000, lr:2.500e-05> G_loss: 8.141e-04 
25-07-13 09:20:29.413 : <epoch: 30, iter: 487,000, lr:2.500e-05> G_loss: 8.030e-04 
25-07-13 09:23:13.634 : Saving the model.
25-07-13 09:25:24.052 : <epoch: 31, iter: 488,000, lr:2.500e-05> G_loss: 8.650e-04 
25-07-13 09:30:18.035 : <epoch: 31, iter: 489,000, lr:2.500e-05> G_loss: 1.753e-03 
25-07-13 09:35:11.991 : <epoch: 31, iter: 490,000, lr:2.500e-05> G_loss: 9.826e-04 
25-07-13 09:40:05.957 : <epoch: 31, iter: 491,000, lr:2.500e-05> G_loss: 7.552e-04 
25-07-13 09:45:00.099 : <epoch: 31, iter: 492,000, lr:2.500e-05> G_loss: 8.441e-04 
25-07-13 09:49:54.216 : <epoch: 31, iter: 493,000, lr:2.500e-05> G_loss: 8.085e-04 
25-07-13 09:54:47.759 : <epoch: 31, iter: 494,000, lr:2.500e-05> G_loss: 1.146e-03 
25-07-13 09:59:42.187 : <epoch: 31, iter: 495,000, lr:2.500e-05> G_loss: 8.026e-04 
25-07-13 10:04:37.194 : <epoch: 31, iter: 496,000, lr:2.500e-05> G_loss: 8.256e-04 
25-07-13 10:09:32.068 : <epoch: 31, iter: 497,000, lr:2.500e-05> G_loss: 9.469e-04 
25-07-13 10:14:26.286 : <epoch: 31, iter: 498,000, lr:2.500e-05> G_loss: 6.601e-04 
25-07-13 10:19:20.471 : <epoch: 31, iter: 499,000, lr:2.500e-05> G_loss: 1.130e-03 
25-07-13 10:24:14.983 : <epoch: 31, iter: 500,000, lr:2.500e-05> G_loss: 9.495e-04 
25-07-13 10:29:09.573 : <epoch: 31, iter: 501,000, lr:2.500e-05> G_loss: 1.225e-03 
25-07-13 10:34:04.267 : <epoch: 31, iter: 502,000, lr:2.500e-05> G_loss: 8.242e-04 
25-07-13 10:38:58.568 : <epoch: 31, iter: 503,000, lr:2.500e-05> G_loss: 1.716e-03 
25-07-13 10:42:57.457 : Saving the model.
25-07-13 10:43:53.077 : <epoch: 32, iter: 504,000, lr:2.500e-05> G_loss: 9.560e-04 
25-07-13 10:48:48.425 : <epoch: 32, iter: 505,000, lr:2.500e-05> G_loss: 1.011e-03 
25-07-13 10:53:42.726 : <epoch: 32, iter: 506,000, lr:2.500e-05> G_loss: 7.438e-04 
25-07-13 10:58:36.943 : <epoch: 32, iter: 507,000, lr:2.500e-05> G_loss: 8.081e-04 
25-07-13 11:03:30.597 : <epoch: 32, iter: 508,000, lr:2.500e-05> G_loss: 9.962e-04 
25-07-13 11:08:25.565 : <epoch: 32, iter: 509,000, lr:2.500e-05> G_loss: 7.124e-04 
25-07-13 11:13:21.098 : <epoch: 32, iter: 510,000, lr:2.500e-05> G_loss: 7.311e-04 
25-07-13 11:19:16.810 : <epoch: 32, iter: 510,000, Val PSNR: 51.69dB, Val SSIM: 0.9954
25-07-13 11:19:16.810 : Training samples this epoch: 12376
25-07-13 11:19:16.811 : Validation samples this check: 3611
25-07-13 11:19:16.811 : Saving PSNR checkpoint.
25-07-13 11:24:11.886 : <epoch: 32, iter: 511,000, lr:2.500e-05> G_loss: 7.594e-04 
25-07-13 11:29:07.584 : <epoch: 32, iter: 512,000, lr:2.500e-05> G_loss: 9.629e-04 
25-07-13 11:34:02.729 : <epoch: 32, iter: 513,000, lr:2.500e-05> G_loss: 6.992e-04 
25-07-13 11:38:57.782 : <epoch: 32, iter: 514,000, lr:2.500e-05> G_loss: 1.015e-03 
25-07-13 11:43:52.858 : <epoch: 32, iter: 515,000, lr:2.500e-05> G_loss: 8.325e-04 
25-07-13 11:48:47.528 : <epoch: 32, iter: 516,000, lr:2.500e-05> G_loss: 9.875e-04 
25-07-13 11:53:42.003 : <epoch: 32, iter: 517,000, lr:2.500e-05> G_loss: 9.048e-04 
25-07-13 11:58:36.234 : <epoch: 32, iter: 518,000, lr:2.500e-05> G_loss: 8.298e-04 
25-07-13 12:03:30.573 : <epoch: 32, iter: 519,000, lr:2.500e-05> G_loss: 1.032e-03 
25-07-13 12:08:25.310 : <epoch: 32, iter: 520,000, lr:2.500e-05> G_loss: 1.290e-03 
25-07-13 12:08:44.014 : Saving the model.
25-07-13 12:13:21.141 : <epoch: 33, iter: 521,000, lr:2.500e-05> G_loss: 1.256e-03 
25-07-13 12:18:17.309 : <epoch: 33, iter: 522,000, lr:2.500e-05> G_loss: 1.404e-03 
25-07-13 12:23:13.313 : <epoch: 33, iter: 523,000, lr:2.500e-05> G_loss: 7.599e-04 
25-07-13 12:28:09.433 : <epoch: 33, iter: 524,000, lr:2.500e-05> G_loss: 8.195e-04 
25-07-13 12:33:06.136 : <epoch: 33, iter: 525,000, lr:2.500e-05> G_loss: 1.142e-03 
25-07-13 12:38:02.575 : <epoch: 33, iter: 526,000, lr:2.500e-05> G_loss: 1.067e-03 
25-07-13 12:42:59.107 : <epoch: 33, iter: 527,000, lr:2.500e-05> G_loss: 1.331e-03 
25-07-13 12:47:55.293 : <epoch: 33, iter: 528,000, lr:2.500e-05> G_loss: 7.933e-04 
25-07-13 12:52:51.226 : <epoch: 33, iter: 529,000, lr:2.500e-05> G_loss: 7.988e-04 
25-07-13 12:57:46.058 : <epoch: 33, iter: 530,000, lr:2.500e-05> G_loss: 1.012e-03 
25-07-13 13:02:41.570 : <epoch: 33, iter: 531,000, lr:2.500e-05> G_loss: 1.434e-03 
25-07-13 13:07:38.470 : <epoch: 33, iter: 532,000, lr:2.500e-05> G_loss: 1.010e-03 
25-07-13 13:12:35.080 : <epoch: 33, iter: 533,000, lr:2.500e-05> G_loss: 9.717e-04 
25-07-13 13:17:31.738 : <epoch: 33, iter: 534,000, lr:2.500e-05> G_loss: 1.584e-03 
25-07-13 13:22:28.373 : <epoch: 33, iter: 535,000, lr:2.500e-05> G_loss: 1.114e-03 
25-07-13 13:27:24.823 : <epoch: 33, iter: 536,000, lr:2.500e-05> G_loss: 1.007e-03 
25-07-13 13:28:58.599 : Saving the model.
25-07-13 13:32:21.103 : <epoch: 34, iter: 537,000, lr:2.500e-05> G_loss: 8.692e-04 
25-07-13 13:37:17.315 : <epoch: 34, iter: 538,000, lr:2.500e-05> G_loss: 7.135e-04 
25-07-13 13:42:13.112 : <epoch: 34, iter: 539,000, lr:2.500e-05> G_loss: 1.501e-03 
25-07-13 13:47:09.483 : <epoch: 34, iter: 540,000, lr:2.500e-05> G_loss: 1.022e-03 
25-07-13 13:53:05.883 : <epoch: 34, iter: 540,000, Val PSNR: 51.73dB, Val SSIM: 0.9954
25-07-13 13:53:05.884 : Training samples this epoch: 7368
25-07-13 13:53:05.884 : Validation samples this check: 3611
25-07-13 13:53:05.884 : Saving PSNR checkpoint.
25-07-13 13:58:01.488 : <epoch: 34, iter: 541,000, lr:2.500e-05> G_loss: 1.215e-03 
25-07-13 14:02:58.733 : <epoch: 34, iter: 542,000, lr:2.500e-05> G_loss: 1.697e-03 
25-07-13 14:07:55.471 : <epoch: 34, iter: 543,000, lr:2.500e-05> G_loss: 8.096e-04 
25-07-13 14:12:52.095 : <epoch: 34, iter: 544,000, lr:2.500e-05> G_loss: 8.825e-04 
25-07-13 14:17:48.275 : <epoch: 34, iter: 545,000, lr:2.500e-05> G_loss: 1.090e-03 
25-07-13 14:22:45.291 : <epoch: 34, iter: 546,000, lr:2.500e-05> G_loss: 9.742e-04 
25-07-13 14:27:39.609 : <epoch: 34, iter: 547,000, lr:2.500e-05> G_loss: 1.012e-03 
25-07-13 14:32:33.488 : <epoch: 34, iter: 548,000, lr:2.500e-05> G_loss: 8.245e-04 
25-07-13 14:37:27.687 : <epoch: 34, iter: 549,000, lr:2.500e-05> G_loss: 9.697e-04 
25-07-13 14:42:22.548 : <epoch: 34, iter: 550,000, lr:2.500e-05> G_loss: 1.367e-03 
25-07-13 14:47:17.751 : <epoch: 34, iter: 551,000, lr:2.500e-05> G_loss: 9.051e-04 
25-07-13 14:52:12.857 : <epoch: 34, iter: 552,000, lr:2.500e-05> G_loss: 8.128e-04 
25-07-13 14:54:59.888 : Saving the model.
25-07-13 14:57:07.780 : <epoch: 35, iter: 553,000, lr:2.500e-05> G_loss: 7.839e-04 
25-07-13 15:02:02.881 : <epoch: 35, iter: 554,000, lr:2.500e-05> G_loss: 9.129e-04 
25-07-13 15:06:57.340 : <epoch: 35, iter: 555,000, lr:2.500e-05> G_loss: 7.263e-04 
25-07-13 15:11:52.764 : <epoch: 35, iter: 556,000, lr:2.500e-05> G_loss: 7.861e-04 
25-07-13 15:16:48.957 : <epoch: 35, iter: 557,000, lr:2.500e-05> G_loss: 8.358e-04 
25-07-13 15:21:45.778 : <epoch: 35, iter: 558,000, lr:2.500e-05> G_loss: 7.829e-04 
25-07-13 15:26:41.472 : <epoch: 35, iter: 559,000, lr:2.500e-05> G_loss: 9.908e-04 
25-07-13 15:31:37.022 : <epoch: 35, iter: 560,000, lr:2.500e-05> G_loss: 8.144e-04 
25-07-13 15:36:32.964 : <epoch: 35, iter: 561,000, lr:2.500e-05> G_loss: 8.093e-04 
25-07-13 15:41:29.646 : <epoch: 35, iter: 562,000, lr:2.500e-05> G_loss: 1.069e-03 
25-07-13 15:46:26.001 : <epoch: 35, iter: 563,000, lr:2.500e-05> G_loss: 1.104e-03 
25-07-13 15:51:22.012 : <epoch: 35, iter: 564,000, lr:2.500e-05> G_loss: 8.057e-04 
25-07-13 15:56:16.545 : <epoch: 35, iter: 565,000, lr:2.500e-05> G_loss: 1.326e-03 
25-07-13 16:01:11.295 : <epoch: 35, iter: 566,000, lr:2.500e-05> G_loss: 1.007e-03 
25-07-13 16:06:07.374 : <epoch: 35, iter: 567,000, lr:2.500e-05> G_loss: 1.710e-03 
25-07-13 16:11:03.727 : <epoch: 35, iter: 568,000, lr:2.500e-05> G_loss: 7.077e-04 
25-07-13 16:15:05.485 : Saving the model.
25-07-13 16:15:58.573 : <epoch: 36, iter: 569,000, lr:2.500e-05> G_loss: 9.872e-04 
25-07-13 16:20:52.377 : <epoch: 36, iter: 570,000, lr:2.500e-05> G_loss: 1.436e-03 
25-07-13 16:26:33.856 : <epoch: 36, iter: 570,000, Val PSNR: 51.73dB, Val SSIM: 0.9954
25-07-13 16:26:33.856 : Training samples this epoch: 2360
25-07-13 16:26:33.857 : Validation samples this check: 3611
25-07-13 16:26:33.857 : Saving PSNR checkpoint.
25-07-13 16:31:27.162 : <epoch: 36, iter: 571,000, lr:2.500e-05> G_loss: 8.535e-04 
25-07-13 16:36:21.313 : <epoch: 36, iter: 572,000, lr:2.500e-05> G_loss: 1.003e-03 
25-07-13 16:41:14.283 : <epoch: 36, iter: 573,000, lr:2.500e-05> G_loss: 9.504e-04 
25-07-13 16:46:07.484 : <epoch: 36, iter: 574,000, lr:2.500e-05> G_loss: 9.759e-04 
25-07-13 16:51:00.452 : <epoch: 36, iter: 575,000, lr:2.500e-05> G_loss: 6.134e-04 
25-07-13 16:55:53.113 : <epoch: 36, iter: 576,000, lr:2.500e-05> G_loss: 1.255e-03 
25-07-13 17:00:45.575 : <epoch: 36, iter: 577,000, lr:2.500e-05> G_loss: 7.647e-04 
25-07-13 17:05:39.332 : <epoch: 36, iter: 578,000, lr:2.500e-05> G_loss: 8.613e-04 
25-07-13 17:10:32.952 : <epoch: 36, iter: 579,000, lr:2.500e-05> G_loss: 1.105e-03 
25-07-13 17:15:26.548 : <epoch: 36, iter: 580,000, lr:2.500e-05> G_loss: 8.758e-04 
25-07-13 17:20:20.033 : <epoch: 36, iter: 581,000, lr:2.500e-05> G_loss: 8.855e-04 
25-07-13 17:25:13.609 : <epoch: 36, iter: 582,000, lr:2.500e-05> G_loss: 8.775e-04 
25-07-13 17:30:06.948 : <epoch: 36, iter: 583,000, lr:2.500e-05> G_loss: 7.989e-04 
25-07-13 17:34:59.934 : <epoch: 36, iter: 584,000, lr:2.500e-05> G_loss: 1.190e-03 
25-07-13 17:39:52.490 : <epoch: 36, iter: 585,000, lr:2.500e-05> G_loss: 6.869e-04 
25-07-13 17:40:13.588 : Saving the model.
25-07-13 17:44:46.654 : <epoch: 37, iter: 586,000, lr:2.500e-05> G_loss: 8.259e-04 
25-07-13 17:49:40.285 : <epoch: 37, iter: 587,000, lr:2.500e-05> G_loss: 8.641e-04 
25-07-13 17:54:32.841 : <epoch: 37, iter: 588,000, lr:2.500e-05> G_loss: 8.576e-04 
25-07-13 17:59:26.244 : <epoch: 37, iter: 589,000, lr:2.500e-05> G_loss: 6.202e-04 
25-07-13 18:04:19.084 : <epoch: 37, iter: 590,000, lr:2.500e-05> G_loss: 9.895e-04 
25-07-13 18:09:11.442 : <epoch: 37, iter: 591,000, lr:2.500e-05> G_loss: 8.913e-04 
25-07-13 18:14:03.709 : <epoch: 37, iter: 592,000, lr:2.500e-05> G_loss: 8.080e-04 
25-07-13 18:18:56.219 : <epoch: 37, iter: 593,000, lr:2.500e-05> G_loss: 6.922e-04 
25-07-13 18:23:48.500 : <epoch: 37, iter: 594,000, lr:2.500e-05> G_loss: 9.157e-04 
25-07-13 18:28:41.562 : <epoch: 37, iter: 595,000, lr:2.500e-05> G_loss: 9.935e-04 
25-07-13 18:33:34.454 : <epoch: 37, iter: 596,000, lr:2.500e-05> G_loss: 9.851e-04 
25-07-13 18:38:27.888 : <epoch: 37, iter: 597,000, lr:2.500e-05> G_loss: 1.410e-03 
25-07-13 18:43:21.288 : <epoch: 37, iter: 598,000, lr:2.500e-05> G_loss: 8.007e-04 
25-07-13 18:48:15.431 : <epoch: 37, iter: 599,000, lr:2.500e-05> G_loss: 9.074e-04 
25-07-13 18:53:09.290 : <epoch: 37, iter: 600,000, lr:6.250e-06> G_loss: 1.240e-03 
25-07-13 18:58:50.522 : <epoch: 37, iter: 600,000, Val PSNR: 51.75dB, Val SSIM: 0.9954
25-07-13 18:58:50.522 : Training samples this epoch: 29856
25-07-13 18:58:50.523 : Validation samples this check: 3611
25-07-13 18:58:50.524 : Saving PSNR checkpoint.
25-07-13 19:03:46.057 : <epoch: 37, iter: 601,000, lr:1.250e-05> G_loss: 8.060e-04 
25-07-13 19:05:21.779 : Saving the model.
25-07-13 19:08:41.640 : <epoch: 38, iter: 602,000, lr:1.250e-05> G_loss: 9.253e-04 
25-07-13 19:13:37.536 : <epoch: 38, iter: 603,000, lr:1.250e-05> G_loss: 9.565e-04 
25-07-13 19:18:32.331 : <epoch: 38, iter: 604,000, lr:1.250e-05> G_loss: 1.316e-03 
25-07-13 19:23:27.766 : <epoch: 38, iter: 605,000, lr:1.250e-05> G_loss: 1.613e-03 
25-07-13 19:28:23.040 : <epoch: 38, iter: 606,000, lr:1.250e-05> G_loss: 7.513e-04 
25-07-13 19:33:18.370 : <epoch: 38, iter: 607,000, lr:1.250e-05> G_loss: 8.586e-04 
25-07-13 19:38:14.114 : <epoch: 38, iter: 608,000, lr:1.250e-05> G_loss: 7.979e-04 
25-07-13 19:43:09.456 : <epoch: 38, iter: 609,000, lr:1.250e-05> G_loss: 9.740e-04 
25-07-13 19:48:04.694 : <epoch: 38, iter: 610,000, lr:1.250e-05> G_loss: 1.272e-03 
25-07-13 19:52:59.242 : <epoch: 38, iter: 611,000, lr:1.250e-05> G_loss: 8.581e-04 
25-07-13 19:57:52.496 : <epoch: 38, iter: 612,000, lr:1.250e-05> G_loss: 8.501e-04 
25-07-13 20:02:45.383 : <epoch: 38, iter: 613,000, lr:1.250e-05> G_loss: 1.033e-03 
25-07-13 20:07:39.103 : <epoch: 38, iter: 614,000, lr:1.250e-05> G_loss: 7.490e-04 
25-07-13 20:12:33.097 : <epoch: 38, iter: 615,000, lr:1.250e-05> G_loss: 1.523e-03 
25-07-13 20:17:28.268 : <epoch: 38, iter: 616,000, lr:1.250e-05> G_loss: 9.072e-04 
25-07-13 20:22:23.193 : <epoch: 38, iter: 617,000, lr:1.250e-05> G_loss: 7.219e-04 
25-07-13 20:25:12.983 : Saving the model.
25-07-13 20:27:19.001 : <epoch: 39, iter: 618,000, lr:1.250e-05> G_loss: 1.138e-03 
25-07-13 20:32:15.761 : <epoch: 39, iter: 619,000, lr:1.250e-05> G_loss: 9.682e-04 
25-07-13 20:37:11.478 : <epoch: 39, iter: 620,000, lr:1.250e-05> G_loss: 9.247e-04 
25-07-13 20:42:07.131 : <epoch: 39, iter: 621,000, lr:1.250e-05> G_loss: 1.003e-03 
25-07-13 20:47:03.098 : <epoch: 39, iter: 622,000, lr:1.250e-05> G_loss: 7.651e-04 
25-07-13 20:51:57.765 : <epoch: 39, iter: 623,000, lr:1.250e-05> G_loss: 1.108e-03 
25-07-13 20:56:52.666 : <epoch: 39, iter: 624,000, lr:1.250e-05> G_loss: 8.807e-04 
25-07-13 21:01:47.660 : <epoch: 39, iter: 625,000, lr:1.250e-05> G_loss: 8.401e-04 
25-07-13 21:06:42.862 : <epoch: 39, iter: 626,000, lr:1.250e-05> G_loss: 8.218e-04 
25-07-13 21:11:38.333 : <epoch: 39, iter: 627,000, lr:1.250e-05> G_loss: 6.909e-04 
25-07-13 21:16:33.755 : <epoch: 39, iter: 628,000, lr:1.250e-05> G_loss: 7.857e-04 
25-07-13 21:21:28.985 : <epoch: 39, iter: 629,000, lr:1.250e-05> G_loss: 7.761e-04 
25-07-13 21:26:24.105 : <epoch: 39, iter: 630,000, lr:1.250e-05> G_loss: 9.111e-04 
25-07-13 21:32:18.676 : <epoch: 39, iter: 630,000, Val PSNR: 51.85dB, Val SSIM: 0.9955
25-07-13 21:32:18.676 : Training samples this epoch: 24848
25-07-13 21:32:18.677 : Validation samples this check: 3611
25-07-13 21:32:18.677 : Saving PSNR checkpoint.
25-07-13 21:37:12.209 : <epoch: 39, iter: 631,000, lr:1.250e-05> G_loss: 1.132e-03 
25-07-13 21:42:05.033 : <epoch: 39, iter: 632,000, lr:1.250e-05> G_loss: 7.003e-04 
25-07-13 21:46:58.298 : <epoch: 39, iter: 633,000, lr:1.250e-05> G_loss: 8.819e-04 
25-07-13 21:51:01.165 : Saving the model.
25-07-13 21:51:51.733 : <epoch: 40, iter: 634,000, lr:1.250e-05> G_loss: 8.165e-04 
25-07-13 21:56:45.176 : <epoch: 40, iter: 635,000, lr:1.250e-05> G_loss: 9.092e-04 
25-07-13 22:01:38.357 : <epoch: 40, iter: 636,000, lr:1.250e-05> G_loss: 6.950e-04 
25-07-13 22:06:31.250 : <epoch: 40, iter: 637,000, lr:1.250e-05> G_loss: 8.506e-04 
25-07-13 22:11:24.678 : <epoch: 40, iter: 638,000, lr:1.250e-05> G_loss: 6.819e-04 
25-07-13 22:16:17.715 : <epoch: 40, iter: 639,000, lr:1.250e-05> G_loss: 7.333e-04 
25-07-13 22:21:10.418 : <epoch: 40, iter: 640,000, lr:1.250e-05> G_loss: 9.728e-04 
25-07-13 22:26:03.277 : <epoch: 40, iter: 641,000, lr:1.250e-05> G_loss: 9.834e-04 
25-07-13 22:30:56.301 : <epoch: 40, iter: 642,000, lr:1.250e-05> G_loss: 1.281e-03 
25-07-13 22:35:49.801 : <epoch: 40, iter: 643,000, lr:1.250e-05> G_loss: 8.033e-04 
25-07-13 22:40:42.918 : <epoch: 40, iter: 644,000, lr:1.250e-05> G_loss: 1.361e-03 
25-07-13 22:45:36.012 : <epoch: 40, iter: 645,000, lr:1.250e-05> G_loss: 1.122e-03 
25-07-13 22:50:28.999 : <epoch: 40, iter: 646,000, lr:1.250e-05> G_loss: 7.282e-04 
25-07-13 22:55:22.092 : <epoch: 40, iter: 647,000, lr:1.250e-05> G_loss: 9.024e-04 
25-07-13 23:00:14.913 : <epoch: 40, iter: 648,000, lr:1.250e-05> G_loss: 8.908e-04 
25-07-13 23:05:07.641 : <epoch: 40, iter: 649,000, lr:1.250e-05> G_loss: 8.203e-04 
25-07-13 23:09:59.915 : <epoch: 40, iter: 650,000, lr:1.250e-05> G_loss: 8.722e-04 
25-07-13 23:10:23.362 : Saving the model.
25-07-13 23:14:52.430 : <epoch: 41, iter: 651,000, lr:1.250e-05> G_loss: 6.632e-04 
25-07-13 23:19:45.354 : <epoch: 41, iter: 652,000, lr:1.250e-05> G_loss: 1.179e-03 
25-07-13 23:24:38.276 : <epoch: 41, iter: 653,000, lr:1.250e-05> G_loss: 8.392e-04 
25-07-13 23:29:31.686 : <epoch: 41, iter: 654,000, lr:1.250e-05> G_loss: 1.660e-03 
25-07-13 23:34:24.169 : <epoch: 41, iter: 655,000, lr:1.250e-05> G_loss: 1.082e-03 
25-07-13 23:39:16.288 : <epoch: 41, iter: 656,000, lr:1.250e-05> G_loss: 9.293e-04 
25-07-13 23:44:09.147 : <epoch: 41, iter: 657,000, lr:1.250e-05> G_loss: 8.230e-04 
25-07-13 23:49:01.530 : <epoch: 41, iter: 658,000, lr:1.250e-05> G_loss: 9.341e-04 
25-07-13 23:53:53.372 : <epoch: 41, iter: 659,000, lr:1.250e-05> G_loss: 9.400e-04 
25-07-13 23:58:45.204 : <epoch: 41, iter: 660,000, lr:1.250e-05> G_loss: 8.986e-04 
25-07-14 00:04:41.082 : <epoch: 41, iter: 660,000, Val PSNR: 51.85dB, Val SSIM: 0.9955
25-07-14 00:04:41.082 : Training samples this epoch: 19840
25-07-14 00:04:41.083 : Validation samples this check: 3611
25-07-14 00:04:41.083 : Saving PSNR checkpoint.
25-07-14 00:09:35.161 : <epoch: 41, iter: 661,000, lr:1.250e-05> G_loss: 9.787e-04 
25-07-14 00:14:29.030 : <epoch: 41, iter: 662,000, lr:1.250e-05> G_loss: 7.730e-04 
25-07-14 00:19:22.742 : <epoch: 41, iter: 663,000, lr:1.250e-05> G_loss: 7.597e-04 
25-07-14 00:24:16.939 : <epoch: 41, iter: 664,000, lr:1.250e-05> G_loss: 1.111e-03 
25-07-14 00:29:09.800 : <epoch: 41, iter: 665,000, lr:1.250e-05> G_loss: 9.372e-04 
25-07-14 00:34:03.991 : <epoch: 41, iter: 666,000, lr:1.250e-05> G_loss: 9.840e-04 
25-07-14 00:35:41.634 : Saving the model.
25-07-14 00:38:58.224 : <epoch: 42, iter: 667,000, lr:1.250e-05> G_loss: 1.079e-03 
25-07-14 00:43:52.869 : <epoch: 42, iter: 668,000, lr:1.250e-05> G_loss: 9.663e-04 
25-07-14 00:48:47.021 : <epoch: 42, iter: 669,000, lr:1.250e-05> G_loss: 6.766e-04 
25-07-14 00:53:40.729 : <epoch: 42, iter: 670,000, lr:1.250e-05> G_loss: 9.474e-04 
25-07-14 00:58:34.422 : <epoch: 42, iter: 671,000, lr:1.250e-05> G_loss: 9.739e-04 
25-07-14 01:03:28.484 : <epoch: 42, iter: 672,000, lr:1.250e-05> G_loss: 1.308e-03 
25-07-14 01:08:23.847 : <epoch: 42, iter: 673,000, lr:1.250e-05> G_loss: 1.331e-03 
25-07-14 01:13:18.272 : <epoch: 42, iter: 674,000, lr:1.250e-05> G_loss: 9.260e-04 
25-07-14 01:18:13.466 : <epoch: 42, iter: 675,000, lr:1.250e-05> G_loss: 9.589e-04 
25-07-14 01:23:08.049 : <epoch: 42, iter: 676,000, lr:1.250e-05> G_loss: 1.296e-03 
25-07-14 01:28:03.017 : <epoch: 42, iter: 677,000, lr:1.250e-05> G_loss: 8.511e-04 
25-07-14 01:32:57.067 : <epoch: 42, iter: 678,000, lr:1.250e-05> G_loss: 7.254e-04 
25-07-14 01:37:50.201 : <epoch: 42, iter: 679,000, lr:1.250e-05> G_loss: 1.171e-03 
25-07-14 01:43:00.101 : <epoch: 42, iter: 680,000, lr:1.250e-05> G_loss: 9.078e-04 
25-07-14 01:47:53.874 : <epoch: 42, iter: 681,000, lr:1.250e-05> G_loss: 1.285e-03 
25-07-14 01:52:47.666 : <epoch: 42, iter: 682,000, lr:1.250e-05> G_loss: 1.065e-03 
25-07-14 01:55:39.250 : Saving the model.
25-07-14 01:57:42.155 : <epoch: 43, iter: 683,000, lr:1.250e-05> G_loss: 7.632e-04 
25-07-14 02:02:36.348 : <epoch: 43, iter: 684,000, lr:1.250e-05> G_loss: 7.207e-04 
25-07-14 02:07:31.078 : <epoch: 43, iter: 685,000, lr:1.250e-05> G_loss: 9.663e-04 
25-07-14 02:12:25.394 : <epoch: 43, iter: 686,000, lr:1.250e-05> G_loss: 2.271e-03 
25-07-14 02:17:19.606 : <epoch: 43, iter: 687,000, lr:1.250e-05> G_loss: 1.378e-03 
25-07-14 02:22:13.846 : <epoch: 43, iter: 688,000, lr:1.250e-05> G_loss: 1.047e-03 
25-07-14 02:27:07.995 : <epoch: 43, iter: 689,000, lr:1.250e-05> G_loss: 1.001e-03 
25-07-14 02:32:02.471 : <epoch: 43, iter: 690,000, lr:1.250e-05> G_loss: 8.079e-04 
25-07-14 02:37:53.155 : <epoch: 43, iter: 690,000, Val PSNR: 51.85dB, Val SSIM: 0.9955
25-07-14 02:37:53.155 : Training samples this epoch: 14832
25-07-14 02:37:53.155 : Validation samples this check: 3611
25-07-14 02:37:53.156 : Saving PSNR checkpoint.
25-07-14 02:42:47.617 : <epoch: 43, iter: 691,000, lr:1.250e-05> G_loss: 8.802e-04 
25-07-14 02:47:42.665 : <epoch: 43, iter: 692,000, lr:1.250e-05> G_loss: 8.267e-04 
25-07-14 02:52:36.784 : <epoch: 43, iter: 693,000, lr:1.250e-05> G_loss: 1.306e-03 
25-07-14 02:57:29.848 : <epoch: 43, iter: 694,000, lr:1.250e-05> G_loss: 8.885e-04 
25-07-14 03:02:24.055 : <epoch: 43, iter: 695,000, lr:1.250e-05> G_loss: 8.529e-04 
25-07-14 03:07:18.456 : <epoch: 43, iter: 696,000, lr:1.250e-05> G_loss: 8.360e-04 
25-07-14 03:12:12.629 : <epoch: 43, iter: 697,000, lr:1.250e-05> G_loss: 5.769e-04 
25-07-14 03:17:07.077 : <epoch: 43, iter: 698,000, lr:1.250e-05> G_loss: 8.928e-04 
25-07-14 03:21:12.403 : Saving the model.
25-07-14 03:22:00.840 : <epoch: 44, iter: 699,000, lr:1.250e-05> G_loss: 7.076e-04 
25-07-14 03:26:54.429 : <epoch: 44, iter: 700,000, lr:1.250e-05> G_loss: 9.099e-04 
25-07-14 03:31:47.968 : <epoch: 44, iter: 701,000, lr:1.250e-05> G_loss: 6.510e-04 
25-07-14 03:36:42.005 : <epoch: 44, iter: 702,000, lr:1.250e-05> G_loss: 8.434e-04 
25-07-14 03:41:36.420 : <epoch: 44, iter: 703,000, lr:1.250e-05> G_loss: 8.106e-04 
25-07-14 03:46:30.176 : <epoch: 44, iter: 704,000, lr:1.250e-05> G_loss: 8.671e-04 
25-07-14 03:51:24.229 : <epoch: 44, iter: 705,000, lr:1.250e-05> G_loss: 8.767e-04 
25-07-14 03:56:17.566 : <epoch: 44, iter: 706,000, lr:1.250e-05> G_loss: 8.765e-04 
25-07-14 04:01:11.004 : <epoch: 44, iter: 707,000, lr:1.250e-05> G_loss: 9.819e-04 
25-07-14 04:06:04.747 : <epoch: 44, iter: 708,000, lr:1.250e-05> G_loss: 1.017e-03 
25-07-14 04:10:58.487 : <epoch: 44, iter: 709,000, lr:1.250e-05> G_loss: 1.645e-03 
25-07-14 04:15:52.696 : <epoch: 44, iter: 710,000, lr:1.250e-05> G_loss: 1.085e-03 
25-07-14 04:20:47.188 : <epoch: 44, iter: 711,000, lr:1.250e-05> G_loss: 8.323e-04 
25-07-14 04:25:42.153 : <epoch: 44, iter: 712,000, lr:1.250e-05> G_loss: 9.740e-04 
25-07-14 04:30:36.503 : <epoch: 44, iter: 713,000, lr:1.250e-05> G_loss: 1.114e-03 
25-07-14 04:35:31.294 : <epoch: 44, iter: 714,000, lr:1.250e-05> G_loss: 1.052e-03 
25-07-14 04:40:25.673 : <epoch: 44, iter: 715,000, lr:1.250e-05> G_loss: 7.040e-04 
25-07-14 04:40:51.559 : Saving the model.
25-07-14 04:45:20.125 : <epoch: 45, iter: 716,000, lr:1.250e-05> G_loss: 7.637e-04 
25-07-14 04:50:14.273 : <epoch: 45, iter: 717,000, lr:1.250e-05> G_loss: 8.480e-04 
25-07-14 04:55:07.819 : <epoch: 45, iter: 718,000, lr:1.250e-05> G_loss: 9.773e-04 
25-07-14 05:00:01.525 : <epoch: 45, iter: 719,000, lr:1.250e-05> G_loss: 6.170e-04 
25-07-14 05:04:55.521 : <epoch: 45, iter: 720,000, lr:1.250e-05> G_loss: 1.150e-03 
25-07-14 05:10:48.143 : <epoch: 45, iter: 720,000, Val PSNR: 51.85dB, Val SSIM: 0.9955
25-07-14 05:10:48.144 : Training samples this epoch: 9824
25-07-14 05:10:48.144 : Validation samples this check: 3611
25-07-14 05:10:48.145 : Saving PSNR checkpoint.
25-07-14 05:15:42.692 : <epoch: 45, iter: 721,000, lr:1.250e-05> G_loss: 9.831e-04 
25-07-14 05:20:37.218 : <epoch: 45, iter: 722,000, lr:1.250e-05> G_loss: 8.974e-04 
25-07-14 05:25:32.506 : <epoch: 45, iter: 723,000, lr:1.250e-05> G_loss: 1.229e-03 
25-07-14 05:30:27.418 : <epoch: 45, iter: 724,000, lr:1.250e-05> G_loss: 7.622e-04 
25-07-14 05:35:22.214 : <epoch: 45, iter: 725,000, lr:1.250e-05> G_loss: 9.861e-04 
25-07-14 05:40:17.438 : <epoch: 45, iter: 726,000, lr:1.250e-05> G_loss: 6.840e-04 
25-07-14 05:45:12.843 : <epoch: 45, iter: 727,000, lr:1.250e-05> G_loss: 1.341e-03 
25-07-14 05:50:07.503 : <epoch: 45, iter: 728,000, lr:1.250e-05> G_loss: 9.676e-04 
25-07-14 05:55:00.546 : <epoch: 45, iter: 729,000, lr:1.250e-05> G_loss: 6.297e-04 
25-07-14 05:59:54.205 : <epoch: 45, iter: 730,000, lr:1.250e-05> G_loss: 8.207e-04 
25-07-14 06:04:48.188 : <epoch: 45, iter: 731,000, lr:1.250e-05> G_loss: 6.839e-04 
25-07-14 06:06:28.115 : Saving the model.
25-07-14 06:09:43.098 : <epoch: 46, iter: 732,000, lr:1.250e-05> G_loss: 7.119e-04 
25-07-14 06:14:37.214 : <epoch: 46, iter: 733,000, lr:1.250e-05> G_loss: 8.581e-04 
25-07-14 06:19:32.372 : <epoch: 46, iter: 734,000, lr:1.250e-05> G_loss: 7.210e-04 
25-07-14 06:24:27.025 : <epoch: 46, iter: 735,000, lr:1.250e-05> G_loss: 9.523e-04 
25-07-14 06:29:21.147 : <epoch: 46, iter: 736,000, lr:1.250e-05> G_loss: 1.221e-03 
25-07-14 06:34:15.574 : <epoch: 46, iter: 737,000, lr:1.250e-05> G_loss: 8.126e-04 
25-07-14 06:39:09.207 : <epoch: 46, iter: 738,000, lr:1.250e-05> G_loss: 6.334e-04 
25-07-14 06:44:03.510 : <epoch: 46, iter: 739,000, lr:1.250e-05> G_loss: 7.031e-04 
25-07-14 06:48:58.247 : <epoch: 46, iter: 740,000, lr:1.250e-05> G_loss: 1.557e-03 
25-07-14 06:53:52.137 : <epoch: 46, iter: 741,000, lr:1.250e-05> G_loss: 9.800e-04 
25-07-14 06:58:44.661 : <epoch: 46, iter: 742,000, lr:1.250e-05> G_loss: 9.165e-04 
25-07-14 07:03:38.787 : <epoch: 46, iter: 743,000, lr:1.250e-05> G_loss: 7.450e-04 
25-07-14 07:08:33.683 : <epoch: 46, iter: 744,000, lr:1.250e-05> G_loss: 1.048e-03 
25-07-14 07:13:27.980 : <epoch: 46, iter: 745,000, lr:1.250e-05> G_loss: 9.629e-04 
25-07-14 07:18:22.502 : <epoch: 46, iter: 746,000, lr:1.250e-05> G_loss: 7.265e-04 
25-07-14 07:23:17.695 : <epoch: 46, iter: 747,000, lr:1.250e-05> G_loss: 8.860e-04 
25-07-14 07:26:12.689 : Saving the model.
25-07-14 07:28:13.543 : <epoch: 47, iter: 748,000, lr:1.250e-05> G_loss: 1.005e-03 
25-07-14 07:33:08.858 : <epoch: 47, iter: 749,000, lr:1.250e-05> G_loss: 1.220e-03 
25-07-14 07:38:04.171 : <epoch: 47, iter: 750,000, lr:1.250e-05> G_loss: 1.053e-03 
25-07-14 07:43:58.034 : <epoch: 47, iter: 750,000, Val PSNR: 51.88dB, Val SSIM: 0.9955
25-07-14 07:43:58.034 : Training samples this epoch: 4816
25-07-14 07:43:58.035 : Validation samples this check: 3611
25-07-14 07:43:58.035 : Saving PSNR checkpoint.
25-07-14 07:48:52.268 : <epoch: 47, iter: 751,000, lr:1.250e-05> G_loss: 9.166e-04 
25-07-14 07:53:46.263 : <epoch: 47, iter: 752,000, lr:1.250e-05> G_loss: 1.115e-03 
25-07-14 07:58:40.493 : <epoch: 47, iter: 753,000, lr:1.250e-05> G_loss: 8.045e-04 
25-07-14 08:03:34.869 : <epoch: 47, iter: 754,000, lr:1.250e-05> G_loss: 6.721e-04 
25-07-14 08:08:29.087 : <epoch: 47, iter: 755,000, lr:1.250e-05> G_loss: 8.940e-04 
25-07-14 08:13:23.272 : <epoch: 47, iter: 756,000, lr:1.250e-05> G_loss: 7.291e-04 
25-07-14 08:18:17.580 : <epoch: 47, iter: 757,000, lr:1.250e-05> G_loss: 9.410e-04 
25-07-14 08:23:12.660 : <epoch: 47, iter: 758,000, lr:1.250e-05> G_loss: 5.975e-04 
25-07-14 08:28:07.086 : <epoch: 47, iter: 759,000, lr:1.250e-05> G_loss: 7.720e-04 
25-07-14 08:33:01.038 : <epoch: 47, iter: 760,000, lr:1.250e-05> G_loss: 7.310e-04 
25-07-14 08:37:54.940 : <epoch: 47, iter: 761,000, lr:1.250e-05> G_loss: 9.967e-04 
25-07-14 08:42:49.035 : <epoch: 47, iter: 762,000, lr:1.250e-05> G_loss: 8.384e-04 
25-07-14 08:47:43.264 : <epoch: 47, iter: 763,000, lr:1.250e-05> G_loss: 8.200e-04 
25-07-14 08:51:52.349 : Saving the model.
25-07-14 08:52:38.587 : <epoch: 48, iter: 764,000, lr:1.250e-05> G_loss: 9.240e-04 
25-07-14 08:57:31.773 : <epoch: 48, iter: 765,000, lr:1.250e-05> G_loss: 1.070e-03 
25-07-14 09:02:26.529 : <epoch: 48, iter: 766,000, lr:1.250e-05> G_loss: 8.469e-04 
25-07-14 09:07:20.800 : <epoch: 48, iter: 767,000, lr:1.250e-05> G_loss: 8.078e-04 
25-07-14 09:12:15.696 : <epoch: 48, iter: 768,000, lr:1.250e-05> G_loss: 9.847e-04 
25-07-14 09:17:09.495 : <epoch: 48, iter: 769,000, lr:1.250e-05> G_loss: 1.073e-03 
25-07-14 09:22:03.445 : <epoch: 48, iter: 770,000, lr:1.250e-05> G_loss: 8.735e-04 
25-07-14 09:26:57.767 : <epoch: 48, iter: 771,000, lr:1.250e-05> G_loss: 1.396e-03 
25-07-14 09:31:52.879 : <epoch: 48, iter: 772,000, lr:1.250e-05> G_loss: 9.319e-04 
25-07-14 09:36:47.403 : <epoch: 48, iter: 773,000, lr:1.250e-05> G_loss: 1.012e-03 
25-07-14 09:41:42.222 : <epoch: 48, iter: 774,000, lr:1.250e-05> G_loss: 9.372e-04 
25-07-14 09:46:37.126 : <epoch: 48, iter: 775,000, lr:1.250e-05> G_loss: 9.014e-04 
25-07-14 09:51:31.164 : <epoch: 48, iter: 776,000, lr:1.250e-05> G_loss: 8.187e-04 
25-07-14 09:56:25.613 : <epoch: 48, iter: 777,000, lr:1.250e-05> G_loss: 9.933e-04 
25-07-14 10:01:19.731 : <epoch: 48, iter: 778,000, lr:1.250e-05> G_loss: 9.028e-04 
25-07-14 10:06:14.080 : <epoch: 48, iter: 779,000, lr:1.250e-05> G_loss: 7.439e-04 
25-07-14 10:11:08.946 : <epoch: 48, iter: 780,000, lr:1.250e-05> G_loss: 1.062e-03 
25-07-14 10:17:06.769 : <epoch: 48, iter: 780,000, Val PSNR: 51.90dB, Val SSIM: 0.9955
25-07-14 10:17:06.770 : Training samples this epoch: 32312
25-07-14 10:17:06.770 : Validation samples this check: 3611
25-07-14 10:17:06.771 : Saving PSNR checkpoint.
25-07-14 10:17:34.791 : Saving the model.
25-07-14 10:22:01.706 : <epoch: 49, iter: 781,000, lr:1.250e-05> G_loss: 1.424e-03 
25-07-14 10:26:55.980 : <epoch: 49, iter: 782,000, lr:1.250e-05> G_loss: 1.345e-03 
25-07-14 10:31:50.549 : <epoch: 49, iter: 783,000, lr:1.250e-05> G_loss: 1.401e-03 
25-07-14 10:36:44.451 : <epoch: 49, iter: 784,000, lr:1.250e-05> G_loss: 9.365e-04 
25-07-14 10:41:38.967 : <epoch: 49, iter: 785,000, lr:1.250e-05> G_loss: 1.922e-03 
25-07-14 10:46:33.295 : <epoch: 49, iter: 786,000, lr:1.250e-05> G_loss: 9.216e-04 
25-07-14 10:51:27.969 : <epoch: 49, iter: 787,000, lr:1.250e-05> G_loss: 5.766e-04 
25-07-14 10:56:22.054 : <epoch: 49, iter: 788,000, lr:1.250e-05> G_loss: 1.040e-03 
25-07-14 11:01:15.382 : <epoch: 49, iter: 789,000, lr:1.250e-05> G_loss: 8.962e-04 
25-07-14 11:06:09.783 : <epoch: 49, iter: 790,000, lr:1.250e-05> G_loss: 9.386e-04 
25-07-14 11:11:03.683 : <epoch: 49, iter: 791,000, lr:1.250e-05> G_loss: 1.217e-03 
25-07-14 11:15:58.127 : <epoch: 49, iter: 792,000, lr:1.250e-05> G_loss: 1.384e-03 
25-07-14 11:20:51.967 : <epoch: 49, iter: 793,000, lr:1.250e-05> G_loss: 1.345e-03 
25-07-14 11:25:44.928 : <epoch: 49, iter: 794,000, lr:1.250e-05> G_loss: 6.534e-04 
25-07-14 11:30:38.544 : <epoch: 49, iter: 795,000, lr:1.250e-05> G_loss: 6.195e-04 
25-07-14 11:35:31.456 : <epoch: 49, iter: 796,000, lr:1.250e-05> G_loss: 8.104e-04 
25-07-14 11:37:13.658 : Saving the model.
25-07-14 11:40:25.380 : <epoch: 50, iter: 797,000, lr:1.250e-05> G_loss: 8.605e-04 
25-07-14 11:45:19.104 : <epoch: 50, iter: 798,000, lr:1.250e-05> G_loss: 1.019e-03 
25-07-14 11:50:12.733 : <epoch: 50, iter: 799,000, lr:1.250e-05> G_loss: 1.021e-03 
25-07-14 11:55:07.920 : <epoch: 50, iter: 800,000, lr:3.125e-06> G_loss: 1.520e-03 
25-07-14 12:00:02.693 : <epoch: 50, iter: 801,000, lr:6.250e-06> G_loss: 1.159e-03 
25-07-14 12:04:57.033 : <epoch: 50, iter: 802,000, lr:6.250e-06> G_loss: 1.495e-03 
25-07-14 12:09:51.308 : <epoch: 50, iter: 803,000, lr:6.250e-06> G_loss: 1.531e-03 
25-07-14 12:14:45.995 : <epoch: 50, iter: 804,000, lr:6.250e-06> G_loss: 9.782e-04 
25-07-14 12:19:40.380 : <epoch: 50, iter: 805,000, lr:6.250e-06> G_loss: 6.433e-04 
25-07-14 12:24:34.205 : <epoch: 50, iter: 806,000, lr:6.250e-06> G_loss: 7.935e-04 
25-07-14 12:29:28.258 : <epoch: 50, iter: 807,000, lr:6.250e-06> G_loss: 9.280e-04 
25-07-14 12:34:20.965 : <epoch: 50, iter: 808,000, lr:6.250e-06> G_loss: 1.050e-03 
25-07-14 12:39:15.396 : <epoch: 50, iter: 809,000, lr:6.250e-06> G_loss: 7.417e-04 
25-07-14 12:44:08.970 : <epoch: 50, iter: 810,000, lr:6.250e-06> G_loss: 7.698e-04 
25-07-14 12:50:03.850 : <epoch: 50, iter: 810,000, Val PSNR: 51.93dB, Val SSIM: 0.9956
25-07-14 12:50:03.850 : Training samples this epoch: 27304
25-07-14 12:50:03.850 : Validation samples this check: 3611
25-07-14 12:50:03.851 : Saving PSNR checkpoint.
25-07-14 12:54:57.168 : <epoch: 50, iter: 811,000, lr:6.250e-06> G_loss: 9.698e-04 
25-07-14 12:59:50.126 : <epoch: 50, iter: 812,000, lr:6.250e-06> G_loss: 7.036e-04 
25-07-14 13:02:46.255 : Saving the model.
25-07-14 13:04:43.810 : <epoch: 51, iter: 813,000, lr:6.250e-06> G_loss: 8.094e-04 
25-07-14 13:09:37.564 : <epoch: 51, iter: 814,000, lr:6.250e-06> G_loss: 8.603e-04 
25-07-14 13:14:31.644 : <epoch: 51, iter: 815,000, lr:6.250e-06> G_loss: 9.002e-04 
25-07-14 13:19:25.547 : <epoch: 51, iter: 816,000, lr:6.250e-06> G_loss: 1.264e-03 
25-07-14 13:24:19.860 : <epoch: 51, iter: 817,000, lr:6.250e-06> G_loss: 1.303e-03 
25-07-14 13:29:14.356 : <epoch: 51, iter: 818,000, lr:6.250e-06> G_loss: 8.186e-04 
25-07-14 13:34:08.885 : <epoch: 51, iter: 819,000, lr:6.250e-06> G_loss: 7.481e-04 
25-07-14 13:39:03.088 : <epoch: 51, iter: 820,000, lr:6.250e-06> G_loss: 7.884e-04 
25-07-14 13:43:57.273 : <epoch: 51, iter: 821,000, lr:6.250e-06> G_loss: 8.624e-04 
25-07-14 13:48:51.291 : <epoch: 51, iter: 822,000, lr:6.250e-06> G_loss: 8.709e-04 
25-07-14 13:53:44.708 : <epoch: 51, iter: 823,000, lr:6.250e-06> G_loss: 8.806e-04 
25-07-14 13:58:39.832 : <epoch: 51, iter: 824,000, lr:6.250e-06> G_loss: 1.062e-03 
25-07-14 14:03:33.752 : <epoch: 51, iter: 825,000, lr:6.250e-06> G_loss: 7.286e-04 
25-07-14 14:08:28.427 : <epoch: 51, iter: 826,000, lr:6.250e-06> G_loss: 8.541e-04 
25-07-14 14:13:22.240 : <epoch: 51, iter: 827,000, lr:6.250e-06> G_loss: 8.140e-04 
25-07-14 14:18:16.493 : <epoch: 51, iter: 828,000, lr:6.250e-06> G_loss: 8.344e-04 
25-07-14 14:22:27.475 : Saving the model.
25-07-14 14:23:11.259 : <epoch: 52, iter: 829,000, lr:6.250e-06> G_loss: 9.458e-04 
25-07-14 14:28:05.175 : <epoch: 52, iter: 830,000, lr:6.250e-06> G_loss: 7.873e-04 
25-07-14 14:32:59.082 : <epoch: 52, iter: 831,000, lr:6.250e-06> G_loss: 7.275e-04 
25-07-14 14:37:53.127 : <epoch: 52, iter: 832,000, lr:6.250e-06> G_loss: 1.019e-03 
25-07-14 14:42:47.212 : <epoch: 52, iter: 833,000, lr:6.250e-06> G_loss: 1.297e-03 
25-07-14 14:47:41.595 : <epoch: 52, iter: 834,000, lr:6.250e-06> G_loss: 1.041e-03 
25-07-14 14:52:35.169 : <epoch: 52, iter: 835,000, lr:6.250e-06> G_loss: 8.325e-04 
25-07-14 14:57:28.596 : <epoch: 52, iter: 836,000, lr:6.250e-06> G_loss: 8.545e-04 
25-07-14 15:02:21.936 : <epoch: 52, iter: 837,000, lr:6.250e-06> G_loss: 1.406e-03 
25-07-14 15:07:14.915 : <epoch: 52, iter: 838,000, lr:6.250e-06> G_loss: 9.808e-04 
25-07-14 15:12:08.961 : <epoch: 52, iter: 839,000, lr:6.250e-06> G_loss: 8.675e-04 
25-07-14 15:17:01.577 : <epoch: 52, iter: 840,000, lr:6.250e-06> G_loss: 7.664e-04 
25-07-14 15:22:55.351 : <epoch: 52, iter: 840,000, Val PSNR: 51.92dB, Val SSIM: 0.9956
25-07-14 15:22:55.352 : Training samples this epoch: 22296
25-07-14 15:22:55.352 : Validation samples this check: 3611
25-07-14 15:22:55.352 : Saving PSNR checkpoint.
25-07-14 15:27:48.846 : <epoch: 52, iter: 841,000, lr:6.250e-06> G_loss: 7.849e-04 
25-07-14 15:32:43.330 : <epoch: 52, iter: 842,000, lr:6.250e-06> G_loss: 7.915e-04 
25-07-14 15:37:37.752 : <epoch: 52, iter: 843,000, lr:6.250e-06> G_loss: 9.773e-04 
25-07-14 15:42:32.055 : <epoch: 52, iter: 844,000, lr:6.250e-06> G_loss: 6.764e-04 
25-07-14 15:47:26.236 : <epoch: 52, iter: 845,000, lr:6.250e-06> G_loss: 7.408e-04 
25-07-14 15:47:56.735 : Saving the model.
25-07-14 15:52:20.745 : <epoch: 53, iter: 846,000, lr:6.250e-06> G_loss: 1.071e-03 
25-07-14 15:57:14.600 : <epoch: 53, iter: 847,000, lr:6.250e-06> G_loss: 7.755e-04 
25-07-14 16:02:08.589 : <epoch: 53, iter: 848,000, lr:6.250e-06> G_loss: 1.385e-03 
25-07-14 16:07:01.948 : <epoch: 53, iter: 849,000, lr:6.250e-06> G_loss: 8.166e-04 
25-07-14 16:11:56.084 : <epoch: 53, iter: 850,000, lr:6.250e-06> G_loss: 6.626e-04 
25-07-14 16:16:49.553 : <epoch: 53, iter: 851,000, lr:6.250e-06> G_loss: 7.956e-04 
25-07-14 16:21:43.756 : <epoch: 53, iter: 852,000, lr:6.250e-06> G_loss: 8.203e-04 
25-07-14 16:26:38.810 : <epoch: 53, iter: 853,000, lr:6.250e-06> G_loss: 1.050e-03 
25-07-14 16:31:33.253 : <epoch: 53, iter: 854,000, lr:6.250e-06> G_loss: 1.071e-03 
25-07-14 16:36:28.398 : <epoch: 53, iter: 855,000, lr:6.250e-06> G_loss: 7.207e-04 
25-07-14 16:41:23.029 : <epoch: 53, iter: 856,000, lr:6.250e-06> G_loss: 9.655e-04 
25-07-14 16:46:17.377 : <epoch: 53, iter: 857,000, lr:6.250e-06> G_loss: 1.038e-03 
25-07-14 16:51:11.931 : <epoch: 53, iter: 858,000, lr:6.250e-06> G_loss: 1.399e-03 
25-07-14 16:56:06.186 : <epoch: 53, iter: 859,000, lr:6.250e-06> G_loss: 9.226e-04 
25-07-14 17:01:00.608 : <epoch: 53, iter: 860,000, lr:6.250e-06> G_loss: 9.445e-04 
25-07-14 17:05:54.624 : <epoch: 53, iter: 861,000, lr:6.250e-06> G_loss: 8.317e-04 
25-07-14 17:07:39.617 : Saving the model.
25-07-14 17:10:49.466 : <epoch: 54, iter: 862,000, lr:6.250e-06> G_loss: 8.411e-04 
25-07-14 17:15:44.536 : <epoch: 54, iter: 863,000, lr:6.250e-06> G_loss: 1.324e-03 
25-07-14 17:20:38.405 : <epoch: 54, iter: 864,000, lr:6.250e-06> G_loss: 5.950e-04 
25-07-14 17:25:32.554 : <epoch: 54, iter: 865,000, lr:6.250e-06> G_loss: 1.139e-03 
25-07-14 17:30:26.381 : <epoch: 54, iter: 866,000, lr:6.250e-06> G_loss: 1.527e-03 
25-07-14 17:35:21.313 : <epoch: 54, iter: 867,000, lr:6.250e-06> G_loss: 9.572e-04 
25-07-14 17:40:15.015 : <epoch: 54, iter: 868,000, lr:6.250e-06> G_loss: 8.498e-04 
25-07-14 17:45:08.537 : <epoch: 54, iter: 869,000, lr:6.250e-06> G_loss: 8.289e-04 
25-07-14 17:50:01.888 : <epoch: 54, iter: 870,000, lr:6.250e-06> G_loss: 9.761e-04 
25-07-14 17:55:57.187 : <epoch: 54, iter: 870,000, Val PSNR: 51.94dB, Val SSIM: 0.9956
25-07-14 17:55:57.187 : Training samples this epoch: 17288
25-07-14 17:55:57.187 : Validation samples this check: 3611
25-07-14 17:55:57.188 : Saving PSNR checkpoint.
25-07-14 18:00:51.482 : <epoch: 54, iter: 871,000, lr:6.250e-06> G_loss: 1.067e-03 
25-07-14 18:05:44.403 : <epoch: 54, iter: 872,000, lr:6.250e-06> G_loss: 8.664e-04 
25-07-14 18:10:39.288 : <epoch: 54, iter: 873,000, lr:6.250e-06> G_loss: 1.259e-03 
25-07-14 18:15:33.993 : <epoch: 54, iter: 874,000, lr:6.250e-06> G_loss: 1.240e-03 
25-07-14 18:20:29.207 : <epoch: 54, iter: 875,000, lr:6.250e-06> G_loss: 7.303e-04 
25-07-14 18:25:23.795 : <epoch: 54, iter: 876,000, lr:6.250e-06> G_loss: 1.170e-03 
25-07-14 18:30:18.112 : <epoch: 54, iter: 877,000, lr:6.250e-06> G_loss: 9.417e-04 
25-07-14 18:33:16.995 : Saving the model.
25-07-14 18:35:12.850 : <epoch: 55, iter: 878,000, lr:6.250e-06> G_loss: 8.685e-04 
25-07-14 18:40:06.829 : <epoch: 55, iter: 879,000, lr:6.250e-06> G_loss: 6.970e-04 
25-07-14 18:45:01.663 : <epoch: 55, iter: 880,000, lr:6.250e-06> G_loss: 8.998e-04 
25-07-14 18:49:56.583 : <epoch: 55, iter: 881,000, lr:6.250e-06> G_loss: 9.402e-04 
25-07-14 18:54:50.232 : <epoch: 55, iter: 882,000, lr:6.250e-06> G_loss: 7.437e-04 
25-07-14 18:59:44.087 : <epoch: 55, iter: 883,000, lr:6.250e-06> G_loss: 7.524e-04 
25-07-14 19:04:38.729 : <epoch: 55, iter: 884,000, lr:6.250e-06> G_loss: 1.027e-03 
25-07-14 19:09:34.422 : <epoch: 55, iter: 885,000, lr:6.250e-06> G_loss: 1.263e-03 
25-07-14 19:14:29.644 : <epoch: 55, iter: 886,000, lr:6.250e-06> G_loss: 1.046e-03 
25-07-14 19:19:24.956 : <epoch: 55, iter: 887,000, lr:6.250e-06> G_loss: 7.895e-04 
25-07-14 19:24:20.035 : <epoch: 55, iter: 888,000, lr:6.250e-06> G_loss: 1.544e-03 
25-07-14 19:29:15.133 : <epoch: 55, iter: 889,000, lr:6.250e-06> G_loss: 8.491e-04 
25-07-14 19:34:10.652 : <epoch: 55, iter: 890,000, lr:6.250e-06> G_loss: 7.852e-04 
25-07-14 19:39:06.339 : <epoch: 55, iter: 891,000, lr:6.250e-06> G_loss: 7.863e-04 
25-07-14 19:44:02.062 : <epoch: 55, iter: 892,000, lr:6.250e-06> G_loss: 7.184e-04 
25-07-14 19:48:58.394 : <epoch: 55, iter: 893,000, lr:6.250e-06> G_loss: 6.761e-04 
25-07-14 19:53:12.318 : Saving the model.
25-07-14 19:53:53.869 : <epoch: 56, iter: 894,000, lr:6.250e-06> G_loss: 8.591e-04 
25-07-14 19:58:49.911 : <epoch: 56, iter: 895,000, lr:6.250e-06> G_loss: 1.150e-03 
25-07-14 20:03:45.783 : <epoch: 56, iter: 896,000, lr:6.250e-06> G_loss: 8.384e-04 
25-07-14 20:08:42.753 : <epoch: 56, iter: 897,000, lr:6.250e-06> G_loss: 7.659e-04 
25-07-14 20:13:39.190 : <epoch: 56, iter: 898,000, lr:6.250e-06> G_loss: 7.802e-04 
25-07-14 20:18:35.846 : <epoch: 56, iter: 899,000, lr:6.250e-06> G_loss: 7.693e-04 
25-07-14 20:23:33.184 : <epoch: 56, iter: 900,000, lr:6.250e-06> G_loss: 7.298e-04 
25-07-14 20:29:29.037 : <epoch: 56, iter: 900,000, Val PSNR: 51.94dB, Val SSIM: 0.9956
25-07-14 20:29:29.037 : Training samples this epoch: 12280
25-07-14 20:29:29.037 : Validation samples this check: 3611
25-07-14 20:29:29.038 : Saving PSNR checkpoint.
25-07-14 20:34:25.618 : <epoch: 56, iter: 901,000, lr:6.250e-06> G_loss: 8.280e-04 
25-07-14 20:39:21.923 : <epoch: 56, iter: 902,000, lr:6.250e-06> G_loss: 6.460e-04 
25-07-14 20:44:18.179 : <epoch: 56, iter: 903,000, lr:6.250e-06> G_loss: 9.785e-04 
25-07-14 20:49:13.532 : <epoch: 56, iter: 904,000, lr:6.250e-06> G_loss: 7.293e-04 
25-07-14 20:54:07.739 : <epoch: 56, iter: 905,000, lr:6.250e-06> G_loss: 1.087e-03 
25-07-14 20:59:01.962 : <epoch: 56, iter: 906,000, lr:6.250e-06> G_loss: 6.926e-04 
25-07-14 21:03:56.362 : <epoch: 56, iter: 907,000, lr:6.250e-06> G_loss: 7.116e-04 
25-07-14 21:08:50.960 : <epoch: 56, iter: 908,000, lr:6.250e-06> G_loss: 9.122e-04 
25-07-14 21:13:46.245 : <epoch: 56, iter: 909,000, lr:6.250e-06> G_loss: 9.643e-04 
25-07-14 21:18:41.180 : <epoch: 56, iter: 910,000, lr:6.250e-06> G_loss: 8.215e-04 
25-07-14 21:19:14.184 : Saving the model.
25-07-14 21:23:36.239 : <epoch: 57, iter: 911,000, lr:6.250e-06> G_loss: 8.886e-04 
25-07-14 21:28:32.145 : <epoch: 57, iter: 912,000, lr:6.250e-06> G_loss: 1.013e-03 
25-07-14 21:33:27.569 : <epoch: 57, iter: 913,000, lr:6.250e-06> G_loss: 1.811e-03 
25-07-14 21:38:22.776 : <epoch: 57, iter: 914,000, lr:6.250e-06> G_loss: 1.339e-03 
25-07-14 21:43:17.398 : <epoch: 57, iter: 915,000, lr:6.250e-06> G_loss: 1.331e-03 
25-07-14 21:48:12.407 : <epoch: 57, iter: 916,000, lr:6.250e-06> G_loss: 9.693e-04 
25-07-14 21:53:07.069 : <epoch: 57, iter: 917,000, lr:6.250e-06> G_loss: 1.207e-03 
25-07-14 21:58:01.983 : <epoch: 57, iter: 918,000, lr:6.250e-06> G_loss: 9.431e-04 
25-07-14 22:02:56.567 : <epoch: 57, iter: 919,000, lr:6.250e-06> G_loss: 1.785e-03 
25-07-14 22:07:51.061 : <epoch: 57, iter: 920,000, lr:6.250e-06> G_loss: 8.338e-04 
25-07-14 22:12:45.986 : <epoch: 57, iter: 921,000, lr:6.250e-06> G_loss: 1.232e-03 
25-07-14 22:17:40.831 : <epoch: 57, iter: 922,000, lr:6.250e-06> G_loss: 1.492e-03 
25-07-14 22:22:35.038 : <epoch: 57, iter: 923,000, lr:6.250e-06> G_loss: 9.898e-04 
25-07-14 22:27:29.593 : <epoch: 57, iter: 924,000, lr:6.250e-06> G_loss: 1.189e-03 
25-07-14 22:32:23.483 : <epoch: 57, iter: 925,000, lr:6.250e-06> G_loss: 1.934e-03 
25-07-14 22:37:16.605 : <epoch: 57, iter: 926,000, lr:6.250e-06> G_loss: 6.944e-04 
25-07-14 22:39:03.471 : Saving the model.
25-07-14 22:42:10.927 : <epoch: 58, iter: 927,000, lr:6.250e-06> G_loss: 1.396e-03 
25-07-14 22:47:04.664 : <epoch: 58, iter: 928,000, lr:6.250e-06> G_loss: 7.011e-04 
25-07-14 22:51:58.771 : <epoch: 58, iter: 929,000, lr:6.250e-06> G_loss: 7.363e-04 
25-07-14 22:56:51.595 : <epoch: 58, iter: 930,000, lr:6.250e-06> G_loss: 7.936e-04 
25-07-14 23:02:45.835 : <epoch: 58, iter: 930,000, Val PSNR: 51.93dB, Val SSIM: 0.9956
25-07-14 23:02:45.835 : Training samples this epoch: 7272
25-07-14 23:02:45.835 : Validation samples this check: 3611
25-07-14 23:02:45.837 : Saving PSNR checkpoint.
25-07-14 23:07:41.057 : <epoch: 58, iter: 931,000, lr:6.250e-06> G_loss: 1.452e-03 
25-07-14 23:12:35.419 : <epoch: 58, iter: 932,000, lr:6.250e-06> G_loss: 1.357e-03 
25-07-14 23:17:30.529 : <epoch: 58, iter: 933,000, lr:6.250e-06> G_loss: 9.310e-04 
25-07-14 23:22:25.630 : <epoch: 58, iter: 934,000, lr:6.250e-06> G_loss: 1.049e-03 
25-07-14 23:27:20.497 : <epoch: 58, iter: 935,000, lr:6.250e-06> G_loss: 8.634e-04 
25-07-14 23:32:13.120 : <epoch: 58, iter: 936,000, lr:6.250e-06> G_loss: 9.072e-04 
25-07-14 23:37:05.535 : <epoch: 58, iter: 937,000, lr:6.250e-06> G_loss: 7.397e-04 
25-07-14 23:41:59.120 : <epoch: 58, iter: 938,000, lr:6.250e-06> G_loss: 9.710e-04 
25-07-14 23:46:52.608 : <epoch: 58, iter: 939,000, lr:6.250e-06> G_loss: 8.331e-04 
25-07-14 23:51:46.008 : <epoch: 58, iter: 940,000, lr:6.250e-06> G_loss: 6.868e-04 
25-07-14 23:56:39.783 : <epoch: 58, iter: 941,000, lr:6.250e-06> G_loss: 7.809e-04 
25-07-15 00:01:34.015 : <epoch: 58, iter: 942,000, lr:6.250e-06> G_loss: 1.325e-03 
25-07-15 00:04:35.237 : Saving the model.
25-07-15 00:06:28.428 : <epoch: 59, iter: 943,000, lr:6.250e-06> G_loss: 8.167e-04 
25-07-15 00:11:23.166 : <epoch: 59, iter: 944,000, lr:6.250e-06> G_loss: 8.155e-04 
25-07-15 00:16:17.974 : <epoch: 59, iter: 945,000, lr:6.250e-06> G_loss: 1.044e-03 
25-07-15 00:21:12.454 : <epoch: 59, iter: 946,000, lr:6.250e-06> G_loss: 6.540e-04 
25-07-15 00:26:06.276 : <epoch: 59, iter: 947,000, lr:6.250e-06> G_loss: 1.352e-03 
25-07-15 00:31:00.454 : <epoch: 59, iter: 948,000, lr:6.250e-06> G_loss: 1.429e-03 
25-07-15 00:35:54.425 : <epoch: 59, iter: 949,000, lr:6.250e-06> G_loss: 6.750e-04 
25-07-15 00:40:48.883 : <epoch: 59, iter: 950,000, lr:6.250e-06> G_loss: 6.878e-04 
25-07-15 00:45:43.612 : <epoch: 59, iter: 951,000, lr:6.250e-06> G_loss: 1.231e-03 
25-07-15 00:50:37.784 : <epoch: 59, iter: 952,000, lr:6.250e-06> G_loss: 1.007e-03 
25-07-15 00:55:30.778 : <epoch: 59, iter: 953,000, lr:6.250e-06> G_loss: 8.067e-04 
25-07-15 01:00:24.299 : <epoch: 59, iter: 954,000, lr:6.250e-06> G_loss: 1.530e-03 
25-07-15 01:05:19.483 : <epoch: 59, iter: 955,000, lr:6.250e-06> G_loss: 8.401e-04 
25-07-15 01:10:13.082 : <epoch: 59, iter: 956,000, lr:6.250e-06> G_loss: 8.318e-04 
25-07-15 01:15:07.775 : <epoch: 59, iter: 957,000, lr:6.250e-06> G_loss: 8.477e-04 
25-07-15 01:20:02.315 : <epoch: 59, iter: 958,000, lr:6.250e-06> G_loss: 8.548e-04 
25-07-15 01:24:18.109 : Saving the model.
25-07-15 01:24:57.366 : <epoch: 60, iter: 959,000, lr:6.250e-06> G_loss: 1.130e-03 
25-07-15 01:29:50.798 : <epoch: 60, iter: 960,000, lr:6.250e-06> G_loss: 1.176e-03 
25-07-15 01:35:42.335 : <epoch: 60, iter: 960,000, Val PSNR: 51.94dB, Val SSIM: 0.9956
25-07-15 01:35:42.335 : Training samples this epoch: 2264
25-07-15 01:35:42.335 : Validation samples this check: 3611
25-07-15 01:35:42.336 : Saving PSNR checkpoint.
25-07-15 01:40:37.019 : <epoch: 60, iter: 961,000, lr:6.250e-06> G_loss: 8.262e-04 
25-07-15 01:45:31.154 : <epoch: 60, iter: 962,000, lr:6.250e-06> G_loss: 8.021e-04 
25-07-15 01:50:25.676 : <epoch: 60, iter: 963,000, lr:6.250e-06> G_loss: 9.667e-04 
25-07-15 01:55:19.470 : <epoch: 60, iter: 964,000, lr:6.250e-06> G_loss: 1.031e-03 
25-07-15 02:00:12.826 : <epoch: 60, iter: 965,000, lr:6.250e-06> G_loss: 7.817e-04 
25-07-15 02:05:05.961 : <epoch: 60, iter: 966,000, lr:6.250e-06> G_loss: 1.128e-03 
25-07-15 02:09:59.505 : <epoch: 60, iter: 967,000, lr:6.250e-06> G_loss: 7.866e-04 
25-07-15 02:14:53.386 : <epoch: 60, iter: 968,000, lr:6.250e-06> G_loss: 1.209e-03 
25-07-15 02:19:47.813 : <epoch: 60, iter: 969,000, lr:6.250e-06> G_loss: 7.127e-04 
25-07-15 02:24:42.097 : <epoch: 60, iter: 970,000, lr:6.250e-06> G_loss: 8.816e-04 
25-07-15 02:29:36.814 : <epoch: 60, iter: 971,000, lr:6.250e-06> G_loss: 1.404e-03 
25-07-15 02:34:31.524 : <epoch: 60, iter: 972,000, lr:6.250e-06> G_loss: 9.400e-04 
25-07-15 02:39:26.337 : <epoch: 60, iter: 973,000, lr:6.250e-06> G_loss: 6.385e-04 
25-07-15 02:44:20.613 : <epoch: 60, iter: 974,000, lr:6.250e-06> G_loss: 8.629e-04 
25-07-15 02:49:15.107 : <epoch: 60, iter: 975,000, lr:6.250e-06> G_loss: 8.261e-04 
25-07-15 02:49:50.491 : Saving the model.
25-07-15 02:54:08.997 : <epoch: 61, iter: 976,000, lr:6.250e-06> G_loss: 6.957e-04 
25-07-15 02:59:02.452 : <epoch: 61, iter: 977,000, lr:6.250e-06> G_loss: 7.058e-04 
25-07-15 03:03:56.928 : <epoch: 61, iter: 978,000, lr:6.250e-06> G_loss: 1.055e-03 
25-07-15 03:08:51.231 : <epoch: 61, iter: 979,000, lr:6.250e-06> G_loss: 9.506e-04 
25-07-15 03:13:44.966 : <epoch: 61, iter: 980,000, lr:6.250e-06> G_loss: 7.865e-04 
25-07-15 03:18:39.088 : <epoch: 61, iter: 981,000, lr:6.250e-06> G_loss: 1.360e-03 
25-07-15 03:23:33.160 : <epoch: 61, iter: 982,000, lr:6.250e-06> G_loss: 1.337e-03 
25-07-15 03:28:27.591 : <epoch: 61, iter: 983,000, lr:6.250e-06> G_loss: 7.129e-04 
25-07-15 03:33:21.403 : <epoch: 61, iter: 984,000, lr:6.250e-06> G_loss: 1.121e-03 
25-07-15 03:38:15.980 : <epoch: 61, iter: 985,000, lr:6.250e-06> G_loss: 8.213e-04 
25-07-15 03:43:09.119 : <epoch: 61, iter: 986,000, lr:6.250e-06> G_loss: 7.728e-04 
25-07-15 03:48:02.836 : <epoch: 61, iter: 987,000, lr:6.250e-06> G_loss: 1.268e-03 
25-07-15 03:52:56.197 : <epoch: 61, iter: 988,000, lr:6.250e-06> G_loss: 8.789e-04 
25-07-15 03:57:50.713 : <epoch: 61, iter: 989,000, lr:6.250e-06> G_loss: 1.070e-03 
25-07-15 04:02:45.603 : <epoch: 61, iter: 990,000, lr:6.250e-06> G_loss: 8.945e-04 
25-07-15 04:08:43.013 : <epoch: 61, iter: 990,000, Val PSNR: 51.94dB, Val SSIM: 0.9956
25-07-15 04:08:43.013 : Training samples this epoch: 29760
25-07-15 04:08:43.014 : Validation samples this check: 3611
25-07-15 04:08:43.014 : Saving PSNR checkpoint.
25-07-15 04:13:37.694 : <epoch: 61, iter: 991,000, lr:6.250e-06> G_loss: 8.944e-04 
25-07-15 04:15:27.789 : Saving the model.
25-07-15 04:18:33.120 : <epoch: 62, iter: 992,000, lr:6.250e-06> G_loss: 9.558e-04 
25-07-15 04:23:27.568 : <epoch: 62, iter: 993,000, lr:6.250e-06> G_loss: 9.903e-04 
25-07-15 04:28:23.151 : <epoch: 62, iter: 994,000, lr:6.250e-06> G_loss: 1.190e-03 
25-07-15 04:33:17.882 : <epoch: 62, iter: 995,000, lr:6.250e-06> G_loss: 1.277e-03 
25-07-15 04:38:12.689 : <epoch: 62, iter: 996,000, lr:6.250e-06> G_loss: 1.547e-03 
25-07-15 04:43:07.427 : <epoch: 62, iter: 997,000, lr:6.250e-06> G_loss: 9.455e-04 
25-07-15 04:48:02.110 : <epoch: 62, iter: 998,000, lr:6.250e-06> G_loss: 1.139e-03 
25-07-15 04:52:55.977 : <epoch: 62, iter: 999,000, lr:6.250e-06> G_loss: 6.826e-04 
25-07-15 04:57:50.362 : <epoch: 62, iter:1,000,000, lr:6.250e-06> G_loss: 5.960e-04 
25-07-15 05:02:45.257 : <epoch: 62, iter:1,001,000, lr:6.250e-06> G_loss: 1.086e-03 
25-07-15 05:07:38.771 : <epoch: 62, iter:1,002,000, lr:6.250e-06> G_loss: 8.151e-04 
25-07-15 05:12:32.555 : <epoch: 62, iter:1,003,000, lr:6.250e-06> G_loss: 7.025e-04 
25-07-15 05:17:26.424 : <epoch: 62, iter:1,004,000, lr:6.250e-06> G_loss: 6.919e-04 
25-07-15 05:22:19.913 : <epoch: 62, iter:1,005,000, lr:6.250e-06> G_loss: 8.972e-04 
25-07-15 05:27:14.284 : <epoch: 62, iter:1,006,000, lr:6.250e-06> G_loss: 1.335e-03 
25-07-15 05:32:08.970 : <epoch: 62, iter:1,007,000, lr:6.250e-06> G_loss: 1.032e-03 
25-07-15 05:35:12.112 : Saving the model.
25-07-15 05:37:03.624 : <epoch: 63, iter:1,008,000, lr:6.250e-06> G_loss: 8.216e-04 
25-07-15 05:41:58.978 : <epoch: 63, iter:1,009,000, lr:6.250e-06> G_loss: 1.016e-03 
25-07-15 05:46:53.871 : <epoch: 63, iter:1,010,000, lr:6.250e-06> G_loss: 1.081e-03 
25-07-15 05:51:48.149 : <epoch: 63, iter:1,011,000, lr:6.250e-06> G_loss: 7.344e-04 
25-07-15 05:56:41.702 : <epoch: 63, iter:1,012,000, lr:6.250e-06> G_loss: 6.408e-04 
25-07-15 06:01:35.542 : <epoch: 63, iter:1,013,000, lr:6.250e-06> G_loss: 1.173e-03 
25-07-15 06:06:29.014 : <epoch: 63, iter:1,014,000, lr:6.250e-06> G_loss: 8.044e-04 
25-07-15 06:11:22.897 : <epoch: 63, iter:1,015,000, lr:6.250e-06> G_loss: 6.875e-04 
25-07-15 06:16:16.638 : <epoch: 63, iter:1,016,000, lr:6.250e-06> G_loss: 8.674e-04 
25-07-15 06:21:10.956 : <epoch: 63, iter:1,017,000, lr:6.250e-06> G_loss: 1.143e-03 
25-07-15 06:26:06.438 : <epoch: 63, iter:1,018,000, lr:6.250e-06> G_loss: 1.244e-03 
25-07-15 06:31:01.200 : <epoch: 63, iter:1,019,000, lr:6.250e-06> G_loss: 8.025e-04 
25-07-15 06:35:55.959 : <epoch: 63, iter:1,020,000, lr:6.250e-06> G_loss: 9.488e-04 
25-07-15 06:41:52.755 : <epoch: 63, iter:1,020,000, Val PSNR: 51.95dB, Val SSIM: 0.9956
25-07-15 06:41:52.755 : Training samples this epoch: 24752
25-07-15 06:41:52.755 : Validation samples this check: 3611
25-07-15 06:41:52.756 : Saving PSNR checkpoint.
25-07-15 06:46:47.405 : <epoch: 63, iter:1,021,000, lr:6.250e-06> G_loss: 1.006e-03 
25-07-15 06:51:42.742 : <epoch: 63, iter:1,022,000, lr:6.250e-06> G_loss: 1.259e-03 
25-07-15 06:56:36.881 : <epoch: 63, iter:1,023,000, lr:6.250e-06> G_loss: 1.296e-03 
25-07-15 07:00:55.089 : Saving the model.
25-07-15 07:01:32.235 : <epoch: 64, iter:1,024,000, lr:6.250e-06> G_loss: 1.093e-03 
25-07-15 07:06:29.092 : <epoch: 64, iter:1,025,000, lr:6.250e-06> G_loss: 1.074e-03 
25-07-15 07:11:26.270 : <epoch: 64, iter:1,026,000, lr:6.250e-06> G_loss: 8.484e-04 
25-07-15 07:16:23.122 : <epoch: 64, iter:1,027,000, lr:6.250e-06> G_loss: 9.903e-04 
25-07-15 07:21:19.239 : <epoch: 64, iter:1,028,000, lr:6.250e-06> G_loss: 7.229e-04 
25-07-15 07:26:16.085 : <epoch: 64, iter:1,029,000, lr:6.250e-06> G_loss: 9.849e-04 
25-07-15 07:31:12.253 : <epoch: 64, iter:1,030,000, lr:6.250e-06> G_loss: 7.825e-04 
25-07-15 07:36:08.416 : <epoch: 64, iter:1,031,000, lr:6.250e-06> G_loss: 1.116e-03 
25-07-15 07:41:03.709 : <epoch: 64, iter:1,032,000, lr:6.250e-06> G_loss: 7.782e-04 
25-07-15 07:45:58.958 : <epoch: 64, iter:1,033,000, lr:6.250e-06> G_loss: 7.545e-04 
25-07-15 07:50:53.869 : <epoch: 64, iter:1,034,000, lr:6.250e-06> G_loss: 7.344e-04 
25-07-15 07:55:48.904 : <epoch: 64, iter:1,035,000, lr:6.250e-06> G_loss: 7.584e-04 
25-07-15 08:00:44.740 : <epoch: 64, iter:1,036,000, lr:6.250e-06> G_loss: 1.054e-03 
25-07-15 08:05:39.980 : <epoch: 64, iter:1,037,000, lr:6.250e-06> G_loss: 7.183e-04 
25-07-15 08:10:35.532 : <epoch: 64, iter:1,038,000, lr:6.250e-06> G_loss: 7.360e-04 
25-07-15 08:15:31.491 : <epoch: 64, iter:1,039,000, lr:6.250e-06> G_loss: 1.099e-03 
25-07-15 08:20:27.129 : <epoch: 64, iter:1,040,000, lr:6.250e-06> G_loss: 1.412e-03 
25-07-15 08:21:04.962 : Saving the model.
25-07-15 08:25:20.800 : <epoch: 65, iter:1,041,000, lr:6.250e-06> G_loss: 1.361e-03 
25-07-15 08:30:15.073 : <epoch: 65, iter:1,042,000, lr:6.250e-06> G_loss: 1.175e-03 
25-07-15 08:35:09.336 : <epoch: 65, iter:1,043,000, lr:6.250e-06> G_loss: 1.033e-03 
25-07-15 08:40:04.298 : <epoch: 65, iter:1,044,000, lr:6.250e-06> G_loss: 1.094e-03 
25-07-15 08:44:57.802 : <epoch: 65, iter:1,045,000, lr:6.250e-06> G_loss: 1.482e-03 
25-07-15 08:49:51.982 : <epoch: 65, iter:1,046,000, lr:6.250e-06> G_loss: 1.221e-03 
25-07-15 08:54:44.753 : <epoch: 65, iter:1,047,000, lr:6.250e-06> G_loss: 9.261e-04 
25-07-15 08:59:38.805 : <epoch: 65, iter:1,048,000, lr:6.250e-06> G_loss: 8.835e-04 
25-07-15 09:04:32.252 : <epoch: 65, iter:1,049,000, lr:6.250e-06> G_loss: 9.899e-04 
25-07-15 09:09:25.877 : <epoch: 65, iter:1,050,000, lr:6.250e-06> G_loss: 8.847e-04 
25-07-15 09:15:22.619 : <epoch: 65, iter:1,050,000, Val PSNR: 51.95dB, Val SSIM: 0.9956
25-07-15 09:15:22.619 : Training samples this epoch: 19744
25-07-15 09:15:22.619 : Validation samples this check: 3611
25-07-15 09:15:22.620 : Saving PSNR checkpoint.
25-07-15 09:20:17.499 : <epoch: 65, iter:1,051,000, lr:6.250e-06> G_loss: 1.126e-03 
25-07-15 09:25:12.124 : <epoch: 65, iter:1,052,000, lr:6.250e-06> G_loss: 9.988e-04 
25-07-15 09:30:06.762 : <epoch: 65, iter:1,053,000, lr:6.250e-06> G_loss: 8.809e-04 
25-07-15 09:35:01.898 : <epoch: 65, iter:1,054,000, lr:6.250e-06> G_loss: 9.122e-04 
25-07-15 09:39:57.986 : <epoch: 65, iter:1,055,000, lr:6.250e-06> G_loss: 7.153e-04 
25-07-15 09:44:53.634 : <epoch: 65, iter:1,056,000, lr:6.250e-06> G_loss: 8.491e-04 
25-07-15 09:46:45.854 : Saving the model.
25-07-15 09:49:48.712 : <epoch: 66, iter:1,057,000, lr:6.250e-06> G_loss: 5.747e-04 
25-07-15 09:54:42.266 : <epoch: 66, iter:1,058,000, lr:6.250e-06> G_loss: 9.878e-04 
25-07-15 09:59:36.861 : <epoch: 66, iter:1,059,000, lr:6.250e-06> G_loss: 6.994e-04 
25-07-15 10:04:31.305 : <epoch: 66, iter:1,060,000, lr:6.250e-06> G_loss: 9.093e-04 
25-07-15 10:09:25.594 : <epoch: 66, iter:1,061,000, lr:6.250e-06> G_loss: 9.926e-04 
25-07-15 10:14:19.523 : <epoch: 66, iter:1,062,000, lr:6.250e-06> G_loss: 1.189e-03 
25-07-15 10:19:14.508 : <epoch: 66, iter:1,063,000, lr:6.250e-06> G_loss: 5.926e-04 
25-07-15 10:24:09.136 : <epoch: 66, iter:1,064,000, lr:6.250e-06> G_loss: 7.214e-04 
25-07-15 10:29:03.155 : <epoch: 66, iter:1,065,000, lr:6.250e-06> G_loss: 7.173e-04 
25-07-15 10:33:57.205 : <epoch: 66, iter:1,066,000, lr:6.250e-06> G_loss: 8.753e-04 
25-07-15 10:38:51.083 : <epoch: 66, iter:1,067,000, lr:6.250e-06> G_loss: 1.232e-03 
25-07-15 10:43:45.120 : <epoch: 66, iter:1,068,000, lr:6.250e-06> G_loss: 9.230e-04 
25-07-15 10:48:39.330 : <epoch: 66, iter:1,069,000, lr:6.250e-06> G_loss: 9.899e-04 
25-07-15 10:53:31.975 : <epoch: 66, iter:1,070,000, lr:6.250e-06> G_loss: 8.774e-04 
25-07-15 10:58:25.995 : <epoch: 66, iter:1,071,000, lr:6.250e-06> G_loss: 6.614e-04 
25-07-15 11:03:20.427 : <epoch: 66, iter:1,072,000, lr:6.250e-06> G_loss: 8.248e-04 
25-07-15 11:06:26.254 : Saving the model.
25-07-15 11:08:15.698 : <epoch: 67, iter:1,073,000, lr:6.250e-06> G_loss: 5.445e-04 
25-07-15 11:13:12.804 : <epoch: 67, iter:1,074,000, lr:6.250e-06> G_loss: 1.235e-03 
25-07-15 11:18:09.473 : <epoch: 67, iter:1,075,000, lr:6.250e-06> G_loss: 1.356e-03 
25-07-15 11:23:06.438 : <epoch: 67, iter:1,076,000, lr:6.250e-06> G_loss: 9.873e-04 
25-07-15 11:28:03.308 : <epoch: 67, iter:1,077,000, lr:6.250e-06> G_loss: 7.420e-04 
25-07-15 11:33:00.365 : <epoch: 67, iter:1,078,000, lr:6.250e-06> G_loss: 8.604e-04 
25-07-15 11:37:57.408 : <epoch: 67, iter:1,079,000, lr:6.250e-06> G_loss: 8.637e-04 
25-07-15 11:42:54.611 : <epoch: 67, iter:1,080,000, lr:6.250e-06> G_loss: 1.036e-03 
25-07-15 11:48:59.030 : <epoch: 67, iter:1,080,000, Val PSNR: 51.96dB, Val SSIM: 0.9956
25-07-15 11:48:59.030 : Training samples this epoch: 14736
25-07-15 11:48:59.031 : Validation samples this check: 3611
25-07-15 11:48:59.031 : Saving PSNR checkpoint.
25-07-15 11:53:54.708 : <epoch: 67, iter:1,081,000, lr:6.250e-06> G_loss: 1.261e-03 
25-07-15 11:58:53.003 : <epoch: 67, iter:1,082,000, lr:6.250e-06> G_loss: 6.579e-04 
25-07-15 12:03:54.880 : <epoch: 67, iter:1,083,000, lr:6.250e-06> G_loss: 6.876e-04 
25-07-15 12:08:56.470 : <epoch: 67, iter:1,084,000, lr:6.250e-06> G_loss: 9.205e-04 
25-07-15 12:13:57.492 : <epoch: 67, iter:1,085,000, lr:6.250e-06> G_loss: 1.262e-03 
25-07-15 12:18:58.341 : <epoch: 67, iter:1,086,000, lr:6.250e-06> G_loss: 1.416e-03 
25-07-15 12:24:01.338 : <epoch: 67, iter:1,087,000, lr:6.250e-06> G_loss: 9.360e-04 
25-07-15 12:29:07.464 : <epoch: 67, iter:1,088,000, lr:6.250e-06> G_loss: 8.194e-04 
25-07-15 12:33:34.297 : Saving the model.
25-07-15 12:34:09.296 : <epoch: 68, iter:1,089,000, lr:6.250e-06> G_loss: 1.053e-03 
25-07-15 12:39:11.451 : <epoch: 68, iter:1,090,000, lr:6.250e-06> G_loss: 8.040e-04 
25-07-15 12:44:15.641 : <epoch: 68, iter:1,091,000, lr:6.250e-06> G_loss: 1.093e-03 
25-07-15 12:49:19.615 : <epoch: 68, iter:1,092,000, lr:6.250e-06> G_loss: 1.247e-03 
25-07-15 12:54:21.597 : <epoch: 68, iter:1,093,000, lr:6.250e-06> G_loss: 8.979e-04 
25-07-15 12:59:23.375 : <epoch: 68, iter:1,094,000, lr:6.250e-06> G_loss: 1.004e-03 
25-07-15 13:04:25.389 : <epoch: 68, iter:1,095,000, lr:6.250e-06> G_loss: 1.034e-03 
25-07-15 13:09:28.653 : <epoch: 68, iter:1,096,000, lr:6.250e-06> G_loss: 1.517e-03 
25-07-15 13:14:30.177 : <epoch: 68, iter:1,097,000, lr:6.250e-06> G_loss: 1.137e-03 
25-07-15 13:19:32.933 : <epoch: 68, iter:1,098,000, lr:6.250e-06> G_loss: 1.117e-03 
25-07-15 13:24:34.749 : <epoch: 68, iter:1,099,000, lr:6.250e-06> G_loss: 9.234e-04 
25-07-15 13:29:37.387 : <epoch: 68, iter:1,100,000, lr:6.250e-06> G_loss: 8.442e-04 
25-07-15 13:34:39.520 : <epoch: 68, iter:1,101,000, lr:6.250e-06> G_loss: 9.617e-04 
25-07-15 13:39:42.188 : <epoch: 68, iter:1,102,000, lr:6.250e-06> G_loss: 8.694e-04 
25-07-15 13:44:44.196 : <epoch: 68, iter:1,103,000, lr:6.250e-06> G_loss: 8.827e-04 
25-07-15 13:49:46.245 : <epoch: 68, iter:1,104,000, lr:6.250e-06> G_loss: 1.138e-03 
25-07-15 13:54:48.883 : <epoch: 68, iter:1,105,000, lr:6.250e-06> G_loss: 7.214e-04 
25-07-15 13:55:29.900 : Saving the model.
25-07-15 13:59:52.887 : <epoch: 69, iter:1,106,000, lr:6.250e-06> G_loss: 8.239e-04 
25-07-15 14:04:57.604 : <epoch: 69, iter:1,107,000, lr:6.250e-06> G_loss: 8.597e-04 
25-07-15 14:10:00.592 : <epoch: 69, iter:1,108,000, lr:6.250e-06> G_loss: 7.433e-04 
25-07-15 14:15:03.899 : <epoch: 69, iter:1,109,000, lr:6.250e-06> G_loss: 8.668e-04 
25-07-15 14:20:07.752 : <epoch: 69, iter:1,110,000, lr:6.250e-06> G_loss: 1.063e-03 
25-07-15 14:26:29.913 : <epoch: 69, iter:1,110,000, Val PSNR: 51.96dB, Val SSIM: 0.9956
25-07-15 14:26:29.913 : Training samples this epoch: 9728
25-07-15 14:26:29.914 : Validation samples this check: 3611
25-07-15 14:26:29.914 : Saving PSNR checkpoint.
25-07-15 14:31:32.523 : <epoch: 69, iter:1,111,000, lr:6.250e-06> G_loss: 9.720e-04 
25-07-15 14:36:35.824 : <epoch: 69, iter:1,112,000, lr:6.250e-06> G_loss: 1.200e-03 
25-07-15 14:41:37.698 : <epoch: 69, iter:1,113,000, lr:6.250e-06> G_loss: 9.871e-04 
25-07-15 14:46:41.752 : <epoch: 69, iter:1,114,000, lr:6.250e-06> G_loss: 9.803e-04 
25-07-15 14:51:43.075 : <epoch: 69, iter:1,115,000, lr:6.250e-06> G_loss: 1.070e-03 
25-07-15 14:56:44.446 : <epoch: 69, iter:1,116,000, lr:6.250e-06> G_loss: 6.802e-04 
25-07-15 15:01:45.607 : <epoch: 69, iter:1,117,000, lr:6.250e-06> G_loss: 8.677e-04 
25-07-15 15:06:46.533 : <epoch: 69, iter:1,118,000, lr:6.250e-06> G_loss: 1.100e-03 
25-07-15 15:11:48.447 : <epoch: 69, iter:1,119,000, lr:6.250e-06> G_loss: 1.353e-03 
25-07-15 15:16:50.169 : <epoch: 69, iter:1,120,000, lr:6.250e-06> G_loss: 1.451e-03 
25-07-15 15:21:51.862 : <epoch: 69, iter:1,121,000, lr:6.250e-06> G_loss: 9.338e-04 
25-07-15 15:23:49.373 : Saving the model.
25-07-15 15:26:55.407 : <epoch: 70, iter:1,122,000, lr:6.250e-06> G_loss: 1.150e-03 
25-07-15 15:31:58.810 : <epoch: 70, iter:1,123,000, lr:6.250e-06> G_loss: 7.396e-04 
25-07-15 15:37:01.626 : <epoch: 70, iter:1,124,000, lr:6.250e-06> G_loss: 9.662e-04 
25-07-15 15:42:04.027 : <epoch: 70, iter:1,125,000, lr:6.250e-06> G_loss: 7.281e-04 
25-07-15 15:47:06.289 : <epoch: 70, iter:1,126,000, lr:6.250e-06> G_loss: 8.900e-04 
25-07-15 15:52:06.190 : <epoch: 70, iter:1,127,000, lr:6.250e-06> G_loss: 1.005e-03 
25-07-15 15:57:01.509 : <epoch: 70, iter:1,128,000, lr:6.250e-06> G_loss: 8.624e-04 
25-07-15 16:01:57.590 : <epoch: 70, iter:1,129,000, lr:6.250e-06> G_loss: 9.760e-04 
25-07-15 16:06:52.997 : <epoch: 70, iter:1,130,000, lr:6.250e-06> G_loss: 9.809e-04 
25-07-15 16:11:48.252 : <epoch: 70, iter:1,131,000, lr:6.250e-06> G_loss: 6.432e-04 
25-07-15 16:16:44.736 : <epoch: 70, iter:1,132,000, lr:6.250e-06> G_loss: 9.528e-04 
25-07-15 16:21:42.690 : <epoch: 70, iter:1,133,000, lr:6.250e-06> G_loss: 1.183e-03 
25-07-15 16:26:40.067 : <epoch: 70, iter:1,134,000, lr:6.250e-06> G_loss: 1.227e-03 
25-07-15 16:31:37.477 : <epoch: 70, iter:1,135,000, lr:6.250e-06> G_loss: 1.312e-03 
25-07-15 16:36:39.097 : <epoch: 70, iter:1,136,000, lr:6.250e-06> G_loss: 8.442e-04 
25-07-15 16:41:40.743 : <epoch: 70, iter:1,137,000, lr:6.250e-06> G_loss: 6.096e-04 
25-07-15 16:44:53.377 : Saving the model.
25-07-15 16:46:42.196 : <epoch: 71, iter:1,138,000, lr:6.250e-06> G_loss: 7.670e-04 
25-07-15 16:51:43.591 : <epoch: 71, iter:1,139,000, lr:6.250e-06> G_loss: 1.008e-03 
25-07-15 16:56:45.274 : <epoch: 71, iter:1,140,000, lr:6.250e-06> G_loss: 8.013e-04 
25-07-15 17:03:10.671 : <epoch: 71, iter:1,140,000, Val PSNR: 51.95dB, Val SSIM: 0.9956
25-07-15 17:03:10.672 : Training samples this epoch: 4720
25-07-15 17:03:10.672 : Validation samples this check: 3611
25-07-15 17:03:10.672 : Saving PSNR checkpoint.
25-07-15 17:08:10.159 : <epoch: 71, iter:1,141,000, lr:6.250e-06> G_loss: 8.354e-04 
25-07-15 17:13:09.935 : <epoch: 71, iter:1,142,000, lr:6.250e-06> G_loss: 8.543e-04 
25-07-15 17:18:10.099 : <epoch: 71, iter:1,143,000, lr:6.250e-06> G_loss: 1.407e-03 
25-07-15 17:23:10.476 : <epoch: 71, iter:1,144,000, lr:6.250e-06> G_loss: 6.756e-04 
25-07-15 17:28:09.474 : <epoch: 71, iter:1,145,000, lr:6.250e-06> G_loss: 9.732e-04 
25-07-15 17:33:05.308 : <epoch: 71, iter:1,146,000, lr:6.250e-06> G_loss: 9.537e-04 
25-07-15 17:38:00.538 : <epoch: 71, iter:1,147,000, lr:6.250e-06> G_loss: 7.026e-04 
25-07-15 17:42:56.308 : <epoch: 71, iter:1,148,000, lr:6.250e-06> G_loss: 1.170e-03 
25-07-15 17:47:51.009 : <epoch: 71, iter:1,149,000, lr:6.250e-06> G_loss: 8.104e-04 
25-07-15 17:52:45.446 : <epoch: 71, iter:1,150,000, lr:6.250e-06> G_loss: 8.005e-04 
25-07-15 17:57:38.816 : <epoch: 71, iter:1,151,000, lr:6.250e-06> G_loss: 9.568e-04 
25-07-15 18:02:30.701 : <epoch: 71, iter:1,152,000, lr:6.250e-06> G_loss: 7.747e-04 
25-07-15 18:07:23.933 : <epoch: 71, iter:1,153,000, lr:6.250e-06> G_loss: 8.046e-04 
25-07-15 18:11:45.446 : Saving the model.
25-07-15 18:12:17.256 : <epoch: 72, iter:1,154,000, lr:6.250e-06> G_loss: 9.893e-04 
25-07-15 18:17:10.168 : <epoch: 72, iter:1,155,000, lr:6.250e-06> G_loss: 9.287e-04 
25-07-15 18:22:03.422 : <epoch: 72, iter:1,156,000, lr:6.250e-06> G_loss: 7.935e-04 
25-07-15 18:26:56.007 : <epoch: 72, iter:1,157,000, lr:6.250e-06> G_loss: 9.425e-04 
25-07-15 18:31:48.698 : <epoch: 72, iter:1,158,000, lr:6.250e-06> G_loss: 9.202e-04 
25-07-15 18:36:41.782 : <epoch: 72, iter:1,159,000, lr:6.250e-06> G_loss: 9.258e-04 
25-07-15 18:41:36.383 : <epoch: 72, iter:1,160,000, lr:6.250e-06> G_loss: 9.673e-04 
25-07-15 18:46:30.214 : <epoch: 72, iter:1,161,000, lr:6.250e-06> G_loss: 9.701e-04 
25-07-15 18:51:23.608 : <epoch: 72, iter:1,162,000, lr:6.250e-06> G_loss: 9.725e-04 
25-07-15 18:56:18.087 : <epoch: 72, iter:1,163,000, lr:6.250e-06> G_loss: 8.357e-04 
25-07-15 19:01:12.046 : <epoch: 72, iter:1,164,000, lr:6.250e-06> G_loss: 6.937e-04 
25-07-15 19:06:05.237 : <epoch: 72, iter:1,165,000, lr:6.250e-06> G_loss: 9.837e-04 
25-07-15 19:10:58.731 : <epoch: 72, iter:1,166,000, lr:6.250e-06> G_loss: 9.045e-04 
25-07-15 19:15:52.748 : <epoch: 72, iter:1,167,000, lr:6.250e-06> G_loss: 1.016e-03 
25-07-15 19:20:47.028 : <epoch: 72, iter:1,168,000, lr:6.250e-06> G_loss: 7.726e-04 
25-07-15 19:25:41.517 : <epoch: 72, iter:1,169,000, lr:6.250e-06> G_loss: 8.911e-04 
25-07-15 19:30:35.847 : <epoch: 72, iter:1,170,000, lr:6.250e-06> G_loss: 5.923e-04 
25-07-15 19:36:34.373 : <epoch: 72, iter:1,170,000, Val PSNR: 51.97dB, Val SSIM: 0.9956
25-07-15 19:36:34.374 : Training samples this epoch: 32216
25-07-15 19:36:34.374 : Validation samples this check: 3611
25-07-15 19:36:34.375 : Saving PSNR checkpoint.
25-07-15 19:37:16.680 : Saving the model.
25-07-15 19:41:29.961 : <epoch: 73, iter:1,171,000, lr:6.250e-06> G_loss: 1.162e-03 
25-07-15 19:46:24.909 : <epoch: 73, iter:1,172,000, lr:6.250e-06> G_loss: 8.688e-04 
25-07-15 19:51:20.036 : <epoch: 73, iter:1,173,000, lr:6.250e-06> G_loss: 1.017e-03 
25-07-15 19:56:13.778 : <epoch: 73, iter:1,174,000, lr:6.250e-06> G_loss: 9.925e-04 
25-07-15 20:01:09.159 : <epoch: 73, iter:1,175,000, lr:6.250e-06> G_loss: 7.960e-04 
25-07-15 20:06:06.359 : <epoch: 73, iter:1,176,000, lr:6.250e-06> G_loss: 8.857e-04 
25-07-15 20:11:04.321 : <epoch: 73, iter:1,177,000, lr:6.250e-06> G_loss: 7.965e-04 
25-07-15 20:16:03.044 : <epoch: 73, iter:1,178,000, lr:6.250e-06> G_loss: 6.895e-04 
25-07-15 20:21:01.252 : <epoch: 73, iter:1,179,000, lr:6.250e-06> G_loss: 9.196e-04 
25-07-15 20:25:58.548 : <epoch: 73, iter:1,180,000, lr:6.250e-06> G_loss: 5.758e-04 
25-07-15 20:30:55.819 : <epoch: 73, iter:1,181,000, lr:6.250e-06> G_loss: 9.028e-04 
25-07-15 20:35:51.777 : <epoch: 73, iter:1,182,000, lr:6.250e-06> G_loss: 7.305e-04 
25-07-15 20:40:46.860 : <epoch: 73, iter:1,183,000, lr:6.250e-06> G_loss: 6.796e-04 
25-07-15 20:45:40.653 : <epoch: 73, iter:1,184,000, lr:6.250e-06> G_loss: 8.165e-04 
25-07-15 20:50:34.224 : <epoch: 73, iter:1,185,000, lr:6.250e-06> G_loss: 8.359e-04 
25-07-15 20:55:27.021 : <epoch: 73, iter:1,186,000, lr:6.250e-06> G_loss: 1.216e-03 
25-07-15 20:57:23.077 : Saving the model.
25-07-15 21:00:20.248 : <epoch: 74, iter:1,187,000, lr:6.250e-06> G_loss: 8.857e-04 
25-07-15 21:05:13.490 : <epoch: 74, iter:1,188,000, lr:6.250e-06> G_loss: 6.657e-04 
25-07-15 21:10:06.595 : <epoch: 74, iter:1,189,000, lr:6.250e-06> G_loss: 8.201e-04 
25-07-15 21:15:00.170 : <epoch: 74, iter:1,190,000, lr:6.250e-06> G_loss: 9.929e-04 
25-07-15 21:19:54.204 : <epoch: 74, iter:1,191,000, lr:6.250e-06> G_loss: 6.765e-04 
25-07-15 21:24:47.979 : <epoch: 74, iter:1,192,000, lr:6.250e-06> G_loss: 1.014e-03 
25-07-15 21:29:42.235 : <epoch: 74, iter:1,193,000, lr:6.250e-06> G_loss: 1.254e-03 
25-07-15 21:34:35.503 : <epoch: 74, iter:1,194,000, lr:6.250e-06> G_loss: 1.106e-03 
25-07-15 21:39:29.057 : <epoch: 74, iter:1,195,000, lr:6.250e-06> G_loss: 7.359e-04 
25-07-15 21:44:21.276 : <epoch: 74, iter:1,196,000, lr:6.250e-06> G_loss: 7.805e-04 
25-07-15 21:49:13.578 : <epoch: 74, iter:1,197,000, lr:6.250e-06> G_loss: 7.439e-04 
25-07-15 21:54:05.470 : <epoch: 74, iter:1,198,000, lr:6.250e-06> G_loss: 1.649e-03 
25-07-15 21:58:57.734 : <epoch: 74, iter:1,199,000, lr:6.250e-06> G_loss: 1.429e-03 
25-07-15 22:03:50.352 : <epoch: 74, iter:1,200,000, lr:6.250e-06> G_loss: 1.100e-03 
25-07-15 22:09:41.067 : <epoch: 74, iter:1,200,000, Val PSNR: 51.96dB, Val SSIM: 0.9956
25-07-15 22:09:41.068 : Training samples this epoch: 27208
25-07-15 22:09:41.068 : Validation samples this check: 3611
25-07-15 22:09:41.069 : Saving PSNR checkpoint.
25-07-15 22:14:33.835 : <epoch: 74, iter:1,201,000, lr:6.250e-06> G_loss: 1.138e-03 
25-07-15 22:19:27.765 : <epoch: 74, iter:1,202,000, lr:6.250e-06> G_loss: 9.455e-04 
25-07-15 22:22:38.205 : Saving the model.
25-07-15 22:24:21.618 : <epoch: 75, iter:1,203,000, lr:6.250e-06> G_loss: 1.275e-03 
25-07-15 22:29:14.653 : <epoch: 75, iter:1,204,000, lr:6.250e-06> G_loss: 9.805e-04 
25-07-15 22:34:08.121 : <epoch: 75, iter:1,205,000, lr:6.250e-06> G_loss: 8.737e-04 
25-07-15 22:39:01.843 : <epoch: 75, iter:1,206,000, lr:6.250e-06> G_loss: 7.555e-04 
25-07-15 22:43:55.008 : <epoch: 75, iter:1,207,000, lr:6.250e-06> G_loss: 9.152e-04 
25-07-15 22:48:48.781 : <epoch: 75, iter:1,208,000, lr:6.250e-06> G_loss: 8.220e-04 
25-07-15 22:53:41.866 : <epoch: 75, iter:1,209,000, lr:6.250e-06> G_loss: 7.691e-04 
25-07-15 22:58:34.879 : <epoch: 75, iter:1,210,000, lr:6.250e-06> G_loss: 1.002e-03 
25-07-15 23:03:28.185 : <epoch: 75, iter:1,211,000, lr:6.250e-06> G_loss: 8.491e-04 
25-07-15 23:08:21.237 : <epoch: 75, iter:1,212,000, lr:6.250e-06> G_loss: 1.328e-03 
25-07-15 23:13:14.259 : <epoch: 75, iter:1,213,000, lr:6.250e-06> G_loss: 6.636e-04 
25-07-15 23:18:07.423 : <epoch: 75, iter:1,214,000, lr:6.250e-06> G_loss: 1.271e-03 
25-07-15 23:23:00.478 : <epoch: 75, iter:1,215,000, lr:6.250e-06> G_loss: 6.581e-04 
25-07-15 23:27:53.640 : <epoch: 75, iter:1,216,000, lr:6.250e-06> G_loss: 8.819e-04 
25-07-15 23:32:46.402 : <epoch: 75, iter:1,217,000, lr:6.250e-06> G_loss: 9.862e-04 
25-07-15 23:37:39.668 : <epoch: 75, iter:1,218,000, lr:6.250e-06> G_loss: 1.864e-03 
25-07-15 23:42:03.776 : Saving the model.
25-07-15 23:42:33.261 : <epoch: 76, iter:1,219,000, lr:6.250e-06> G_loss: 1.169e-03 
25-07-15 23:47:25.416 : <epoch: 76, iter:1,220,000, lr:6.250e-06> G_loss: 7.503e-04 
25-07-15 23:52:17.704 : <epoch: 76, iter:1,221,000, lr:6.250e-06> G_loss: 9.119e-04 
25-07-15 23:57:10.192 : <epoch: 76, iter:1,222,000, lr:6.250e-06> G_loss: 7.791e-04 
25-07-16 00:02:02.470 : <epoch: 76, iter:1,223,000, lr:6.250e-06> G_loss: 8.793e-04 
25-07-16 00:06:55.038 : <epoch: 76, iter:1,224,000, lr:6.250e-06> G_loss: 9.991e-04 
25-07-16 00:11:47.739 : <epoch: 76, iter:1,225,000, lr:6.250e-06> G_loss: 1.055e-03 
25-07-16 00:16:40.823 : <epoch: 76, iter:1,226,000, lr:6.250e-06> G_loss: 1.673e-03 
25-07-16 00:21:33.847 : <epoch: 76, iter:1,227,000, lr:6.250e-06> G_loss: 1.194e-03 
25-07-16 00:26:26.844 : <epoch: 76, iter:1,228,000, lr:6.250e-06> G_loss: 1.079e-03 
25-07-16 00:31:20.581 : <epoch: 76, iter:1,229,000, lr:6.250e-06> G_loss: 1.052e-03 
25-07-16 00:36:13.437 : <epoch: 76, iter:1,230,000, lr:6.250e-06> G_loss: 9.994e-04 
25-07-16 00:42:10.481 : <epoch: 76, iter:1,230,000, Val PSNR: 51.97dB, Val SSIM: 0.9956
25-07-16 00:42:10.481 : Training samples this epoch: 22200
25-07-16 00:42:10.481 : Validation samples this check: 3611
25-07-16 00:42:10.482 : Saving PSNR checkpoint.
25-07-16 00:47:03.488 : <epoch: 76, iter:1,231,000, lr:6.250e-06> G_loss: 1.264e-03 
25-07-16 00:51:56.577 : <epoch: 76, iter:1,232,000, lr:6.250e-06> G_loss: 6.783e-04 
25-07-16 00:56:49.411 : <epoch: 76, iter:1,233,000, lr:6.250e-06> G_loss: 8.685e-04 
25-07-16 01:01:42.786 : <epoch: 76, iter:1,234,000, lr:6.250e-06> G_loss: 1.233e-03 
25-07-16 01:06:36.751 : <epoch: 76, iter:1,235,000, lr:6.250e-06> G_loss: 8.807e-04 
25-07-16 01:07:21.430 : Saving the model.
25-07-16 01:11:30.703 : <epoch: 77, iter:1,236,000, lr:6.250e-06> G_loss: 1.310e-03 
25-07-16 01:16:24.342 : <epoch: 77, iter:1,237,000, lr:6.250e-06> G_loss: 1.036e-03 
25-07-16 01:21:18.172 : <epoch: 77, iter:1,238,000, lr:6.250e-06> G_loss: 1.176e-03 
25-07-16 01:26:12.249 : <epoch: 77, iter:1,239,000, lr:6.250e-06> G_loss: 9.155e-04 
25-07-16 01:31:06.010 : <epoch: 77, iter:1,240,000, lr:6.250e-06> G_loss: 1.037e-03 
25-07-16 01:35:59.313 : <epoch: 77, iter:1,241,000, lr:6.250e-06> G_loss: 8.127e-04 
25-07-16 01:40:52.978 : <epoch: 77, iter:1,242,000, lr:6.250e-06> G_loss: 1.021e-03 
25-07-16 01:45:46.342 : <epoch: 77, iter:1,243,000, lr:6.250e-06> G_loss: 9.045e-04 
25-07-16 01:50:40.458 : <epoch: 77, iter:1,244,000, lr:6.250e-06> G_loss: 1.000e-03 
25-07-16 01:55:33.015 : <epoch: 77, iter:1,245,000, lr:6.250e-06> G_loss: 8.341e-04 
25-07-16 02:00:25.913 : <epoch: 77, iter:1,246,000, lr:6.250e-06> G_loss: 1.060e-03 
25-07-16 02:05:18.782 : <epoch: 77, iter:1,247,000, lr:6.250e-06> G_loss: 7.302e-04 
25-07-16 02:10:12.026 : <epoch: 77, iter:1,248,000, lr:6.250e-06> G_loss: 1.040e-03 
25-07-16 02:15:04.655 : <epoch: 77, iter:1,249,000, lr:6.250e-06> G_loss: 9.794e-04 
25-07-16 02:19:57.807 : <epoch: 77, iter:1,250,000, lr:6.250e-06> G_loss: 9.024e-04 
25-07-16 02:24:50.000 : <epoch: 77, iter:1,251,000, lr:6.250e-06> G_loss: 1.005e-03 
25-07-16 02:26:48.512 : Saving the model.
25-07-16 02:29:43.671 : <epoch: 78, iter:1,252,000, lr:6.250e-06> G_loss: 1.098e-03 
25-07-16 02:34:37.198 : <epoch: 78, iter:1,253,000, lr:6.250e-06> G_loss: 1.361e-03 
25-07-16 02:39:30.914 : <epoch: 78, iter:1,254,000, lr:6.250e-06> G_loss: 5.897e-04 
25-07-16 02:44:24.479 : <epoch: 78, iter:1,255,000, lr:6.250e-06> G_loss: 1.190e-03 
25-07-16 02:49:18.292 : <epoch: 78, iter:1,256,000, lr:6.250e-06> G_loss: 9.446e-04 
25-07-16 02:54:12.238 : <epoch: 78, iter:1,257,000, lr:6.250e-06> G_loss: 6.087e-04 
25-07-16 02:59:06.573 : <epoch: 78, iter:1,258,000, lr:6.250e-06> G_loss: 1.068e-03 
25-07-16 03:04:00.468 : <epoch: 78, iter:1,259,000, lr:6.250e-06> G_loss: 1.055e-03 
25-07-16 03:08:53.954 : <epoch: 78, iter:1,260,000, lr:6.250e-06> G_loss: 8.673e-04 
25-07-16 03:14:49.356 : <epoch: 78, iter:1,260,000, Val PSNR: 51.98dB, Val SSIM: 0.9956
25-07-16 03:14:49.357 : Training samples this epoch: 17192
25-07-16 03:14:49.357 : Validation samples this check: 3611
25-07-16 03:14:49.358 : Saving PSNR checkpoint.
25-07-16 03:19:42.281 : <epoch: 78, iter:1,261,000, lr:6.250e-06> G_loss: 8.956e-04 
25-07-16 03:24:35.402 : <epoch: 78, iter:1,262,000, lr:6.250e-06> G_loss: 8.239e-04 
25-07-16 03:29:28.979 : <epoch: 78, iter:1,263,000, lr:6.250e-06> G_loss: 8.484e-04 
25-07-16 03:34:22.080 : <epoch: 78, iter:1,264,000, lr:6.250e-06> G_loss: 6.727e-04 
25-07-16 03:39:15.906 : <epoch: 78, iter:1,265,000, lr:6.250e-06> G_loss: 7.475e-04 
25-07-16 03:44:09.688 : <epoch: 78, iter:1,266,000, lr:6.250e-06> G_loss: 8.542e-04 
25-07-16 03:49:02.512 : <epoch: 78, iter:1,267,000, lr:6.250e-06> G_loss: 6.050e-04 
25-07-16 03:52:14.580 : Saving the model.
25-07-16 03:53:55.796 : <epoch: 79, iter:1,268,000, lr:6.250e-06> G_loss: 1.154e-03 
25-07-16 03:58:49.274 : <epoch: 79, iter:1,269,000, lr:6.250e-06> G_loss: 1.009e-03 
25-07-16 04:03:42.649 : <epoch: 79, iter:1,270,000, lr:6.250e-06> G_loss: 1.009e-03 
25-07-16 04:08:36.083 : <epoch: 79, iter:1,271,000, lr:6.250e-06> G_loss: 7.239e-04 
25-07-16 04:13:28.859 : <epoch: 79, iter:1,272,000, lr:6.250e-06> G_loss: 1.135e-03 
25-07-16 04:18:22.306 : <epoch: 79, iter:1,273,000, lr:6.250e-06> G_loss: 8.931e-04 
25-07-16 04:23:15.784 : <epoch: 79, iter:1,274,000, lr:6.250e-06> G_loss: 9.713e-04 
25-07-16 04:28:09.293 : <epoch: 79, iter:1,275,000, lr:6.250e-06> G_loss: 1.483e-03 
25-07-16 04:33:02.523 : <epoch: 79, iter:1,276,000, lr:6.250e-06> G_loss: 1.071e-03 
25-07-16 04:37:56.735 : <epoch: 79, iter:1,277,000, lr:6.250e-06> G_loss: 6.709e-04 
25-07-16 04:42:50.921 : <epoch: 79, iter:1,278,000, lr:6.250e-06> G_loss: 9.544e-04 
25-07-16 04:47:44.373 : <epoch: 79, iter:1,279,000, lr:6.250e-06> G_loss: 6.624e-04 
25-07-16 04:52:37.132 : <epoch: 79, iter:1,280,000, lr:6.250e-06> G_loss: 7.384e-04 
25-07-16 04:57:30.362 : <epoch: 79, iter:1,281,000, lr:6.250e-06> G_loss: 8.722e-04 
25-07-16 05:02:22.912 : <epoch: 79, iter:1,282,000, lr:6.250e-06> G_loss: 1.008e-03 
25-07-16 05:07:15.668 : <epoch: 79, iter:1,283,000, lr:6.250e-06> G_loss: 1.179e-03 
25-07-16 05:11:41.649 : Saving the model.
25-07-16 05:12:08.881 : <epoch: 80, iter:1,284,000, lr:6.250e-06> G_loss: 7.735e-04 
25-07-16 05:17:02.924 : <epoch: 80, iter:1,285,000, lr:6.250e-06> G_loss: 1.204e-03 
25-07-16 05:21:56.869 : <epoch: 80, iter:1,286,000, lr:6.250e-06> G_loss: 8.026e-04 
25-07-16 05:26:49.282 : <epoch: 80, iter:1,287,000, lr:6.250e-06> G_loss: 8.132e-04 
25-07-16 05:31:42.211 : <epoch: 80, iter:1,288,000, lr:6.250e-06> G_loss: 5.756e-04 
25-07-16 05:36:35.040 : <epoch: 80, iter:1,289,000, lr:6.250e-06> G_loss: 6.657e-04 
25-07-16 05:41:28.059 : <epoch: 80, iter:1,290,000, lr:6.250e-06> G_loss: 7.776e-04 
25-07-16 05:47:20.626 : <epoch: 80, iter:1,290,000, Val PSNR: 51.97dB, Val SSIM: 0.9956
25-07-16 05:47:20.626 : Training samples this epoch: 12184
25-07-16 05:47:20.626 : Validation samples this check: 3611
25-07-16 05:47:20.627 : Saving PSNR checkpoint.
25-07-16 05:52:13.480 : <epoch: 80, iter:1,291,000, lr:6.250e-06> G_loss: 8.321e-04 
25-07-16 05:57:05.855 : <epoch: 80, iter:1,292,000, lr:6.250e-06> G_loss: 6.931e-04 
25-07-16 06:01:59.112 : <epoch: 80, iter:1,293,000, lr:6.250e-06> G_loss: 9.788e-04 
25-07-16 06:06:52.891 : <epoch: 80, iter:1,294,000, lr:6.250e-06> G_loss: 6.898e-04 
25-07-16 06:11:46.453 : <epoch: 80, iter:1,295,000, lr:6.250e-06> G_loss: 9.593e-04 
25-07-16 06:16:39.986 : <epoch: 80, iter:1,296,000, lr:6.250e-06> G_loss: 6.977e-04 
25-07-16 06:21:33.639 : <epoch: 80, iter:1,297,000, lr:6.250e-06> G_loss: 9.801e-04 
25-07-16 06:26:27.453 : <epoch: 80, iter:1,298,000, lr:6.250e-06> G_loss: 6.383e-04 
25-07-16 06:31:21.237 : <epoch: 80, iter:1,299,000, lr:6.250e-06> G_loss: 7.716e-04 
25-07-16 06:36:15.103 : <epoch: 80, iter:1,300,000, lr:6.250e-06> G_loss: 7.838e-04 
25-07-16 06:37:02.293 : Saving the model.
25-07-16 06:41:08.416 : <epoch: 81, iter:1,301,000, lr:6.250e-06> G_loss: 1.054e-03 
25-07-16 06:46:01.216 : <epoch: 81, iter:1,302,000, lr:6.250e-06> G_loss: 1.049e-03 
25-07-16 06:50:53.983 : <epoch: 81, iter:1,303,000, lr:6.250e-06> G_loss: 6.899e-04 
25-07-16 06:55:45.725 : <epoch: 81, iter:1,304,000, lr:6.250e-06> G_loss: 1.899e-03 
25-07-16 07:00:39.723 : <epoch: 81, iter:1,305,000, lr:6.250e-06> G_loss: 1.700e-03 
25-07-16 07:05:33.018 : <epoch: 81, iter:1,306,000, lr:6.250e-06> G_loss: 8.252e-04 
25-07-16 07:10:26.439 : <epoch: 81, iter:1,307,000, lr:6.250e-06> G_loss: 8.666e-04 
25-07-16 07:15:19.936 : <epoch: 81, iter:1,308,000, lr:6.250e-06> G_loss: 1.086e-03 
25-07-16 07:20:13.643 : <epoch: 81, iter:1,309,000, lr:6.250e-06> G_loss: 1.747e-03 
25-07-16 07:25:07.054 : <epoch: 81, iter:1,310,000, lr:6.250e-06> G_loss: 6.472e-04 
25-07-16 07:30:00.953 : <epoch: 81, iter:1,311,000, lr:6.250e-06> G_loss: 9.372e-04 
25-07-16 07:34:54.235 : <epoch: 81, iter:1,312,000, lr:6.250e-06> G_loss: 8.347e-04 
25-07-16 07:39:47.250 : <epoch: 81, iter:1,313,000, lr:6.250e-06> G_loss: 7.555e-04 
25-07-16 07:44:40.957 : <epoch: 81, iter:1,314,000, lr:6.250e-06> G_loss: 8.708e-04 
25-07-16 07:49:34.066 : <epoch: 81, iter:1,315,000, lr:6.250e-06> G_loss: 8.332e-04 
25-07-16 07:54:26.682 : <epoch: 81, iter:1,316,000, lr:6.250e-06> G_loss: 8.274e-04 
25-07-16 07:56:27.661 : Saving the model.
25-07-16 07:59:20.375 : <epoch: 82, iter:1,317,000, lr:6.250e-06> G_loss: 7.153e-04 
25-07-16 08:04:13.626 : <epoch: 82, iter:1,318,000, lr:6.250e-06> G_loss: 1.122e-03 
25-07-16 08:09:06.322 : <epoch: 82, iter:1,319,000, lr:6.250e-06> G_loss: 7.779e-04 
25-07-16 08:13:58.140 : <epoch: 82, iter:1,320,000, lr:6.250e-06> G_loss: 1.109e-03 
25-07-16 08:19:56.799 : <epoch: 82, iter:1,320,000, Val PSNR: 51.98dB, Val SSIM: 0.9956
25-07-16 08:19:56.800 : Training samples this epoch: 7176
25-07-16 08:19:56.800 : Validation samples this check: 3611
25-07-16 08:19:56.800 : Saving PSNR checkpoint.
25-07-16 08:24:50.561 : <epoch: 82, iter:1,321,000, lr:6.250e-06> G_loss: 8.224e-04 
25-07-16 08:29:45.774 : <epoch: 82, iter:1,322,000, lr:6.250e-06> G_loss: 1.104e-03 
25-07-16 08:34:39.244 : <epoch: 82, iter:1,323,000, lr:6.250e-06> G_loss: 7.660e-04 
25-07-16 08:39:32.484 : <epoch: 82, iter:1,324,000, lr:6.250e-06> G_loss: 1.173e-03 
25-07-16 08:44:25.898 : <epoch: 82, iter:1,325,000, lr:6.250e-06> G_loss: 6.623e-04 
25-07-16 08:49:19.248 : <epoch: 82, iter:1,326,000, lr:6.250e-06> G_loss: 9.182e-04 
25-07-16 08:54:11.938 : <epoch: 82, iter:1,327,000, lr:6.250e-06> G_loss: 7.156e-04 
25-07-16 08:59:04.369 : <epoch: 82, iter:1,328,000, lr:6.250e-06> G_loss: 1.064e-03 
25-07-16 09:03:56.805 : <epoch: 82, iter:1,329,000, lr:6.250e-06> G_loss: 8.166e-04 
25-07-16 09:08:49.538 : <epoch: 82, iter:1,330,000, lr:6.250e-06> G_loss: 6.702e-04 
25-07-16 09:13:42.587 : <epoch: 82, iter:1,331,000, lr:6.250e-06> G_loss: 6.092e-04 
25-07-16 09:18:35.993 : <epoch: 82, iter:1,332,000, lr:6.250e-06> G_loss: 9.392e-04 
25-07-16 09:21:50.130 : Saving the model.
25-07-16 09:23:28.866 : <epoch: 83, iter:1,333,000, lr:6.250e-06> G_loss: 7.305e-04 
25-07-16 09:28:22.929 : <epoch: 83, iter:1,334,000, lr:6.250e-06> G_loss: 7.990e-04 
25-07-16 09:33:17.184 : <epoch: 83, iter:1,335,000, lr:6.250e-06> G_loss: 1.088e-03 
25-07-16 09:38:11.071 : <epoch: 83, iter:1,336,000, lr:6.250e-06> G_loss: 1.027e-03 
25-07-16 09:43:05.460 : <epoch: 83, iter:1,337,000, lr:6.250e-06> G_loss: 1.368e-03 
25-07-16 09:47:59.712 : <epoch: 83, iter:1,338,000, lr:6.250e-06> G_loss: 1.151e-03 
25-07-16 09:52:53.066 : <epoch: 83, iter:1,339,000, lr:6.250e-06> G_loss: 7.877e-04 
25-07-16 09:57:45.775 : <epoch: 83, iter:1,340,000, lr:6.250e-06> G_loss: 6.430e-04 
25-07-16 10:02:39.550 : <epoch: 83, iter:1,341,000, lr:6.250e-06> G_loss: 8.788e-04 
25-07-16 10:07:33.302 : <epoch: 83, iter:1,342,000, lr:6.250e-06> G_loss: 9.040e-04 
25-07-16 10:12:27.379 : <epoch: 83, iter:1,343,000, lr:6.250e-06> G_loss: 6.778e-04 
25-07-16 10:17:21.359 : <epoch: 83, iter:1,344,000, lr:6.250e-06> G_loss: 8.081e-04 
25-07-16 10:22:15.603 : <epoch: 83, iter:1,345,000, lr:6.250e-06> G_loss: 9.861e-04 
25-07-16 10:27:10.029 : <epoch: 83, iter:1,346,000, lr:6.250e-06> G_loss: 8.121e-04 
25-07-16 10:32:03.913 : <epoch: 83, iter:1,347,000, lr:6.250e-06> G_loss: 1.239e-03 
25-07-16 10:36:57.736 : <epoch: 83, iter:1,348,000, lr:6.250e-06> G_loss: 1.034e-03 
25-07-16 10:41:27.660 : Saving the model.
25-07-16 10:41:52.653 : <epoch: 84, iter:1,349,000, lr:6.250e-06> G_loss: 1.009e-03 
25-07-16 10:46:46.134 : <epoch: 84, iter:1,350,000, lr:6.250e-06> G_loss: 9.334e-04 
25-07-16 10:52:35.481 : <epoch: 84, iter:1,350,000, Val PSNR: 51.99dB, Val SSIM: 0.9956
25-07-16 10:52:35.481 : Training samples this epoch: 2168
25-07-16 10:52:35.482 : Validation samples this check: 3611
25-07-16 10:52:35.482 : Saving PSNR checkpoint.
25-07-16 10:57:29.121 : <epoch: 84, iter:1,351,000, lr:6.250e-06> G_loss: 7.379e-04 
25-07-16 11:02:23.209 : <epoch: 84, iter:1,352,000, lr:6.250e-06> G_loss: 9.902e-04 
25-07-16 11:07:17.319 : <epoch: 84, iter:1,353,000, lr:6.250e-06> G_loss: 7.701e-04 
25-07-16 11:12:11.476 : <epoch: 84, iter:1,354,000, lr:6.250e-06> G_loss: 9.258e-04 
25-07-16 11:17:05.145 : <epoch: 84, iter:1,355,000, lr:6.250e-06> G_loss: 6.334e-04 
25-07-16 11:21:58.864 : <epoch: 84, iter:1,356,000, lr:6.250e-06> G_loss: 1.211e-03 
25-07-16 11:26:52.699 : <epoch: 84, iter:1,357,000, lr:6.250e-06> G_loss: 1.098e-03 
25-07-16 11:31:46.029 : <epoch: 84, iter:1,358,000, lr:6.250e-06> G_loss: 8.736e-04 
25-07-16 11:36:40.013 : <epoch: 84, iter:1,359,000, lr:6.250e-06> G_loss: 9.006e-04 
25-07-16 11:41:34.339 : <epoch: 84, iter:1,360,000, lr:6.250e-06> G_loss: 7.756e-04 
25-07-16 11:46:28.400 : <epoch: 84, iter:1,361,000, lr:6.250e-06> G_loss: 1.045e-03 
25-07-16 11:51:22.623 : <epoch: 84, iter:1,362,000, lr:6.250e-06> G_loss: 6.757e-04 
25-07-16 11:56:15.992 : <epoch: 84, iter:1,363,000, lr:6.250e-06> G_loss: 8.054e-04 
25-07-16 12:01:09.086 : <epoch: 84, iter:1,364,000, lr:6.250e-06> G_loss: 1.185e-03 
25-07-16 12:06:03.597 : <epoch: 84, iter:1,365,000, lr:6.250e-06> G_loss: 8.531e-04 
25-07-16 12:06:52.937 : Saving the model.
25-07-16 12:10:57.816 : <epoch: 85, iter:1,366,000, lr:6.250e-06> G_loss: 7.321e-04 
25-07-16 12:15:51.264 : <epoch: 85, iter:1,367,000, lr:6.250e-06> G_loss: 6.623e-04 
25-07-16 12:20:45.314 : <epoch: 85, iter:1,368,000, lr:6.250e-06> G_loss: 6.807e-04 
25-07-16 12:25:39.219 : <epoch: 85, iter:1,369,000, lr:6.250e-06> G_loss: 1.041e-03 
25-07-16 12:30:32.835 : <epoch: 85, iter:1,370,000, lr:6.250e-06> G_loss: 7.754e-04 
25-07-16 12:35:26.838 : <epoch: 85, iter:1,371,000, lr:6.250e-06> G_loss: 8.490e-04 
25-07-16 12:40:20.533 : <epoch: 85, iter:1,372,000, lr:6.250e-06> G_loss: 8.673e-04 
25-07-16 12:45:14.535 : <epoch: 85, iter:1,373,000, lr:6.250e-06> G_loss: 7.618e-04 
25-07-16 12:50:08.312 : <epoch: 85, iter:1,374,000, lr:6.250e-06> G_loss: 1.274e-03 
25-07-16 12:55:01.668 : <epoch: 85, iter:1,375,000, lr:6.250e-06> G_loss: 1.058e-03 
25-07-16 12:59:55.270 : <epoch: 85, iter:1,376,000, lr:6.250e-06> G_loss: 1.196e-03 
25-07-16 13:04:49.057 : <epoch: 85, iter:1,377,000, lr:6.250e-06> G_loss: 8.532e-04 
25-07-16 13:09:43.019 : <epoch: 85, iter:1,378,000, lr:6.250e-06> G_loss: 7.179e-04 
25-07-16 13:14:37.418 : <epoch: 85, iter:1,379,000, lr:6.250e-06> G_loss: 7.542e-04 
25-07-16 13:19:31.262 : <epoch: 85, iter:1,380,000, lr:6.250e-06> G_loss: 1.139e-03 
25-07-16 13:25:22.031 : <epoch: 85, iter:1,380,000, Val PSNR: 51.98dB, Val SSIM: 0.9956
25-07-16 13:25:22.031 : Training samples this epoch: 29664
25-07-16 13:25:22.031 : Validation samples this check: 3611
25-07-16 13:25:22.032 : Saving PSNR checkpoint.
25-07-16 13:30:15.431 : <epoch: 85, iter:1,381,000, lr:6.250e-06> G_loss: 8.938e-04 
25-07-16 13:32:19.330 : Saving the model.
25-07-16 13:35:09.556 : <epoch: 86, iter:1,382,000, lr:6.250e-06> G_loss: 1.510e-03 
25-07-16 13:40:03.379 : <epoch: 86, iter:1,383,000, lr:6.250e-06> G_loss: 1.118e-03 
25-07-16 13:44:56.938 : <epoch: 86, iter:1,384,000, lr:6.250e-06> G_loss: 9.678e-04 
25-07-16 13:49:50.462 : <epoch: 86, iter:1,385,000, lr:6.250e-06> G_loss: 7.112e-04 
25-07-16 13:54:43.568 : <epoch: 86, iter:1,386,000, lr:6.250e-06> G_loss: 1.306e-03 
25-07-16 13:59:35.240 : <epoch: 86, iter:1,387,000, lr:6.250e-06> G_loss: 8.925e-04 
25-07-16 14:04:26.702 : <epoch: 86, iter:1,388,000, lr:6.250e-06> G_loss: 1.409e-03 
25-07-16 14:09:19.936 : <epoch: 86, iter:1,389,000, lr:6.250e-06> G_loss: 8.281e-04 
25-07-16 14:14:13.597 : <epoch: 86, iter:1,390,000, lr:6.250e-06> G_loss: 1.381e-03 
25-07-16 14:19:07.576 : <epoch: 86, iter:1,391,000, lr:6.250e-06> G_loss: 6.499e-04 
25-07-16 14:24:01.645 : <epoch: 86, iter:1,392,000, lr:6.250e-06> G_loss: 1.095e-03 
25-07-16 14:28:55.945 : <epoch: 86, iter:1,393,000, lr:6.250e-06> G_loss: 7.827e-04 
25-07-16 14:33:50.048 : <epoch: 86, iter:1,394,000, lr:6.250e-06> G_loss: 6.852e-04 
25-07-16 14:38:43.753 : <epoch: 86, iter:1,395,000, lr:6.250e-06> G_loss: 8.147e-04 
25-07-16 14:43:37.612 : <epoch: 86, iter:1,396,000, lr:6.250e-06> G_loss: 8.594e-04 
25-07-16 14:48:31.550 : <epoch: 86, iter:1,397,000, lr:6.250e-06> G_loss: 7.978e-04 
25-07-16 14:51:48.621 : Saving the model.
25-07-16 14:53:25.126 : <epoch: 87, iter:1,398,000, lr:6.250e-06> G_loss: 1.090e-03 
25-07-16 14:58:19.411 : <epoch: 87, iter:1,399,000, lr:6.250e-06> G_loss: 8.556e-04 
25-07-16 15:03:14.157 : <epoch: 87, iter:1,400,000, lr:6.250e-06> G_loss: 5.243e-04 
25-07-16 15:08:08.748 : <epoch: 87, iter:1,401,000, lr:6.250e-06> G_loss: 8.763e-04 
25-07-16 15:13:02.925 : <epoch: 87, iter:1,402,000, lr:6.250e-06> G_loss: 6.909e-04 
25-07-16 15:17:57.019 : <epoch: 87, iter:1,403,000, lr:6.250e-06> G_loss: 8.762e-04 
25-07-16 15:22:50.995 : <epoch: 87, iter:1,404,000, lr:6.250e-06> G_loss: 6.894e-04 
25-07-16 15:27:45.590 : <epoch: 87, iter:1,405,000, lr:6.250e-06> G_loss: 1.047e-03 
25-07-16 15:32:39.764 : <epoch: 87, iter:1,406,000, lr:6.250e-06> G_loss: 9.067e-04 
25-07-16 15:37:34.330 : <epoch: 87, iter:1,407,000, lr:6.250e-06> G_loss: 7.577e-04 
25-07-16 15:42:29.399 : <epoch: 87, iter:1,408,000, lr:6.250e-06> G_loss: 8.967e-04 
25-07-16 15:47:23.756 : <epoch: 87, iter:1,409,000, lr:6.250e-06> G_loss: 8.354e-04 
25-07-16 15:52:17.897 : <epoch: 87, iter:1,410,000, lr:6.250e-06> G_loss: 1.237e-03 
25-07-16 15:58:09.633 : <epoch: 87, iter:1,410,000, Val PSNR: 51.99dB, Val SSIM: 0.9956
25-07-16 15:58:09.634 : Training samples this epoch: 24656
25-07-16 15:58:09.634 : Validation samples this check: 3611
25-07-16 15:58:09.634 : Saving PSNR checkpoint.
25-07-16 16:03:03.615 : <epoch: 87, iter:1,411,000, lr:6.250e-06> G_loss: 8.452e-04 
25-07-16 16:07:57.498 : <epoch: 87, iter:1,412,000, lr:6.250e-06> G_loss: 7.580e-04 
25-07-16 16:12:51.273 : <epoch: 87, iter:1,413,000, lr:6.250e-06> G_loss: 7.238e-04 
25-07-16 16:17:22.856 : Saving the model.
25-07-16 16:17:45.408 : <epoch: 88, iter:1,414,000, lr:6.250e-06> G_loss: 9.604e-04 
25-07-16 16:22:39.069 : <epoch: 88, iter:1,415,000, lr:6.250e-06> G_loss: 1.033e-03 
25-07-16 16:27:33.362 : <epoch: 88, iter:1,416,000, lr:6.250e-06> G_loss: 9.798e-04 
25-07-16 16:32:26.908 : <epoch: 88, iter:1,417,000, lr:6.250e-06> G_loss: 1.136e-03 
25-07-16 16:37:20.836 : <epoch: 88, iter:1,418,000, lr:6.250e-06> G_loss: 7.196e-04 
25-07-16 16:42:14.840 : <epoch: 88, iter:1,419,000, lr:6.250e-06> G_loss: 8.752e-04 
25-07-16 16:47:09.320 : <epoch: 88, iter:1,420,000, lr:6.250e-06> G_loss: 6.760e-04 
25-07-16 16:52:03.107 : <epoch: 88, iter:1,421,000, lr:6.250e-06> G_loss: 6.632e-04 
25-07-16 16:56:56.541 : <epoch: 88, iter:1,422,000, lr:6.250e-06> G_loss: 1.056e-03 
25-07-16 17:01:49.779 : <epoch: 88, iter:1,423,000, lr:6.250e-06> G_loss: 1.088e-03 
25-07-16 17:06:43.026 : <epoch: 88, iter:1,424,000, lr:6.250e-06> G_loss: 7.534e-04 
25-07-16 17:11:36.741 : <epoch: 88, iter:1,425,000, lr:6.250e-06> G_loss: 6.402e-04 
25-07-16 17:16:30.768 : <epoch: 88, iter:1,426,000, lr:6.250e-06> G_loss: 7.588e-04 
25-07-16 17:21:24.424 : <epoch: 88, iter:1,427,000, lr:6.250e-06> G_loss: 9.309e-04 
25-07-16 17:26:17.809 : <epoch: 88, iter:1,428,000, lr:6.250e-06> G_loss: 1.012e-03 
25-07-16 17:31:12.371 : <epoch: 88, iter:1,429,000, lr:6.250e-06> G_loss: 1.142e-03 
25-07-16 17:36:06.395 : <epoch: 88, iter:1,430,000, lr:6.250e-06> G_loss: 8.026e-04 
25-07-16 17:36:58.201 : Saving the model.
25-07-16 17:41:00.142 : <epoch: 89, iter:1,431,000, lr:6.250e-06> G_loss: 7.969e-04 
25-07-16 17:45:52.804 : <epoch: 89, iter:1,432,000, lr:6.250e-06> G_loss: 8.133e-04 
25-07-16 17:50:46.123 : <epoch: 89, iter:1,433,000, lr:6.250e-06> G_loss: 6.804e-04 
25-07-16 17:55:37.962 : <epoch: 89, iter:1,434,000, lr:6.250e-06> G_loss: 8.282e-04 
25-07-16 18:00:30.271 : <epoch: 89, iter:1,435,000, lr:6.250e-06> G_loss: 9.661e-04 
25-07-16 18:05:22.628 : <epoch: 89, iter:1,436,000, lr:6.250e-06> G_loss: 9.623e-04 
25-07-16 18:10:15.417 : <epoch: 89, iter:1,437,000, lr:6.250e-06> G_loss: 6.693e-04 
25-07-16 18:15:08.093 : <epoch: 89, iter:1,438,000, lr:6.250e-06> G_loss: 1.112e-03 
25-07-16 18:20:00.773 : <epoch: 89, iter:1,439,000, lr:6.250e-06> G_loss: 1.019e-03 
25-07-16 18:24:52.818 : <epoch: 89, iter:1,440,000, lr:6.250e-06> G_loss: 9.085e-04 
25-07-16 18:30:43.238 : <epoch: 89, iter:1,440,000, Val PSNR: 51.99dB, Val SSIM: 0.9956
25-07-16 18:30:43.239 : Training samples this epoch: 19648
25-07-16 18:30:43.239 : Validation samples this check: 3611
25-07-16 18:30:43.239 : Saving PSNR checkpoint.
25-07-16 18:35:37.171 : <epoch: 89, iter:1,441,000, lr:6.250e-06> G_loss: 7.398e-04 
25-07-16 18:40:31.182 : <epoch: 89, iter:1,442,000, lr:6.250e-06> G_loss: 6.126e-04 
25-07-16 18:45:26.216 : <epoch: 89, iter:1,443,000, lr:6.250e-06> G_loss: 1.036e-03 
25-07-16 18:50:21.125 : <epoch: 89, iter:1,444,000, lr:6.250e-06> G_loss: 1.104e-03 
25-07-16 18:55:15.420 : <epoch: 89, iter:1,445,000, lr:6.250e-06> G_loss: 1.005e-03 
25-07-16 19:00:09.517 : <epoch: 89, iter:1,446,000, lr:6.250e-06> G_loss: 1.132e-03 
25-07-16 19:02:15.214 : Saving the model.
25-07-16 19:05:03.708 : <epoch: 90, iter:1,447,000, lr:6.250e-06> G_loss: 8.524e-04 
25-07-16 19:09:57.438 : <epoch: 90, iter:1,448,000, lr:6.250e-06> G_loss: 8.048e-04 
25-07-16 19:14:51.278 : <epoch: 90, iter:1,449,000, lr:6.250e-06> G_loss: 7.229e-04 
25-07-16 19:19:45.609 : <epoch: 90, iter:1,450,000, lr:6.250e-06> G_loss: 1.355e-03 
25-07-16 19:24:39.807 : <epoch: 90, iter:1,451,000, lr:6.250e-06> G_loss: 8.099e-04 
25-07-16 19:29:34.080 : <epoch: 90, iter:1,452,000, lr:6.250e-06> G_loss: 9.745e-04 
25-07-16 19:34:28.496 : <epoch: 90, iter:1,453,000, lr:6.250e-06> G_loss: 7.511e-04 
25-07-16 19:39:23.711 : <epoch: 90, iter:1,454,000, lr:6.250e-06> G_loss: 7.525e-04 
25-07-16 19:44:19.440 : <epoch: 90, iter:1,455,000, lr:6.250e-06> G_loss: 8.690e-04 
25-07-16 19:49:15.700 : <epoch: 90, iter:1,456,000, lr:6.250e-06> G_loss: 6.384e-04 
25-07-16 19:54:11.740 : <epoch: 90, iter:1,457,000, lr:6.250e-06> G_loss: 6.180e-04 
25-07-16 19:59:07.153 : <epoch: 90, iter:1,458,000, lr:6.250e-06> G_loss: 6.398e-04 
25-07-16 20:04:03.054 : <epoch: 90, iter:1,459,000, lr:6.250e-06> G_loss: 1.035e-03 
25-07-16 20:08:59.028 : <epoch: 90, iter:1,460,000, lr:6.250e-06> G_loss: 1.195e-03 
25-07-16 20:13:56.784 : <epoch: 90, iter:1,461,000, lr:6.250e-06> G_loss: 8.288e-04 
25-07-16 20:18:55.979 : <epoch: 90, iter:1,462,000, lr:6.250e-06> G_loss: 9.518e-04 
25-07-16 20:22:19.248 : Saving the model.
25-07-16 20:23:55.451 : <epoch: 91, iter:1,463,000, lr:6.250e-06> G_loss: 6.555e-04 
25-07-16 20:28:53.300 : <epoch: 91, iter:1,464,000, lr:6.250e-06> G_loss: 1.092e-03 
25-07-16 20:33:50.923 : <epoch: 91, iter:1,465,000, lr:6.250e-06> G_loss: 1.109e-03 
25-07-16 20:38:49.107 : <epoch: 91, iter:1,466,000, lr:6.250e-06> G_loss: 6.797e-04 
25-07-16 20:43:46.732 : <epoch: 91, iter:1,467,000, lr:6.250e-06> G_loss: 7.910e-04 
25-07-16 20:48:42.675 : <epoch: 91, iter:1,468,000, lr:6.250e-06> G_loss: 8.490e-04 
25-07-16 20:53:37.519 : <epoch: 91, iter:1,469,000, lr:6.250e-06> G_loss: 1.442e-03 
25-07-16 20:58:32.168 : <epoch: 91, iter:1,470,000, lr:6.250e-06> G_loss: 1.128e-03 
25-07-16 21:04:24.799 : <epoch: 91, iter:1,470,000, Val PSNR: 51.99dB, Val SSIM: 0.9956
25-07-16 21:04:24.799 : Training samples this epoch: 14640
25-07-16 21:04:24.799 : Validation samples this check: 3611
25-07-16 21:04:24.800 : Saving PSNR checkpoint.
25-07-16 21:09:20.726 : <epoch: 91, iter:1,471,000, lr:6.250e-06> G_loss: 6.807e-04 
25-07-16 21:14:16.687 : <epoch: 91, iter:1,472,000, lr:6.250e-06> G_loss: 8.419e-04 
25-07-16 21:19:11.806 : <epoch: 91, iter:1,473,000, lr:6.250e-06> G_loss: 9.388e-04 
25-07-16 21:24:07.021 : <epoch: 91, iter:1,474,000, lr:6.250e-06> G_loss: 8.760e-04 
25-07-16 21:29:02.135 : <epoch: 91, iter:1,475,000, lr:6.250e-06> G_loss: 1.095e-03 
25-07-16 21:33:56.959 : <epoch: 91, iter:1,476,000, lr:6.250e-06> G_loss: 7.615e-04 
25-07-16 21:38:52.370 : <epoch: 91, iter:1,477,000, lr:6.250e-06> G_loss: 8.084e-04 
25-07-16 21:43:47.414 : <epoch: 91, iter:1,478,000, lr:6.250e-06> G_loss: 8.955e-04 
25-07-16 21:48:22.754 : Saving the model.
25-07-16 21:48:42.836 : <epoch: 92, iter:1,479,000, lr:6.250e-06> G_loss: 7.847e-04 
25-07-16 21:53:37.000 : <epoch: 92, iter:1,480,000, lr:6.250e-06> G_loss: 7.820e-04 
25-07-16 21:58:31.038 : <epoch: 92, iter:1,481,000, lr:6.250e-06> G_loss: 1.360e-03 
25-07-16 22:03:24.770 : <epoch: 92, iter:1,482,000, lr:6.250e-06> G_loss: 8.326e-04 
25-07-16 22:08:18.161 : <epoch: 92, iter:1,483,000, lr:6.250e-06> G_loss: 8.395e-04 
25-07-16 22:13:11.544 : <epoch: 92, iter:1,484,000, lr:6.250e-06> G_loss: 8.797e-04 
25-07-16 22:18:05.539 : <epoch: 92, iter:1,485,000, lr:6.250e-06> G_loss: 9.517e-04 
25-07-16 22:22:59.558 : <epoch: 92, iter:1,486,000, lr:6.250e-06> G_loss: 9.573e-04 
25-07-16 22:27:53.586 : <epoch: 92, iter:1,487,000, lr:6.250e-06> G_loss: 1.508e-03 
25-07-16 22:32:47.459 : <epoch: 92, iter:1,488,000, lr:6.250e-06> G_loss: 1.129e-03 
25-07-16 22:37:40.967 : <epoch: 92, iter:1,489,000, lr:6.250e-06> G_loss: 1.012e-03 
25-07-16 22:42:34.789 : <epoch: 92, iter:1,490,000, lr:6.250e-06> G_loss: 8.977e-04 
25-07-16 22:47:28.294 : <epoch: 92, iter:1,491,000, lr:6.250e-06> G_loss: 7.976e-04 
25-07-16 22:52:21.637 : <epoch: 92, iter:1,492,000, lr:6.250e-06> G_loss: 1.248e-03 
25-07-16 22:57:14.763 : <epoch: 92, iter:1,493,000, lr:6.250e-06> G_loss: 1.260e-03 
25-07-16 23:02:08.234 : <epoch: 92, iter:1,494,000, lr:6.250e-06> G_loss: 7.363e-04 
25-07-16 23:07:02.147 : <epoch: 92, iter:1,495,000, lr:6.250e-06> G_loss: 1.047e-03 
25-07-16 23:07:56.306 : Saving the model.
25-07-16 23:11:56.486 : <epoch: 93, iter:1,496,000, lr:6.250e-06> G_loss: 8.760e-04 
25-07-16 23:16:50.459 : <epoch: 93, iter:1,497,000, lr:6.250e-06> G_loss: 1.070e-03 
25-07-16 23:21:44.493 : <epoch: 93, iter:1,498,000, lr:6.250e-06> G_loss: 7.544e-04 
25-07-16 23:26:38.685 : <epoch: 93, iter:1,499,000, lr:6.250e-06> G_loss: 8.155e-04 
25-07-16 23:31:32.408 : <epoch: 93, iter:1,500,000, lr:6.250e-06> G_loss: 1.568e-03 
25-07-16 23:37:23.879 : <epoch: 93, iter:1,500,000, Val PSNR: 52.00dB, Val SSIM: 0.9956
25-07-16 23:37:23.879 : Training samples this epoch: 9632
25-07-16 23:37:23.879 : Validation samples this check: 3611
25-07-16 23:37:23.880 : Saving PSNR checkpoint.
25-07-16 23:42:16.864 : <epoch: 93, iter:1,501,000, lr:6.250e-06> G_loss: 9.332e-04 
25-07-16 23:47:10.526 : <epoch: 93, iter:1,502,000, lr:6.250e-06> G_loss: 8.902e-04 
25-07-16 23:52:04.442 : <epoch: 93, iter:1,503,000, lr:6.250e-06> G_loss: 7.781e-04 
25-07-16 23:56:58.107 : <epoch: 93, iter:1,504,000, lr:6.250e-06> G_loss: 1.338e-03 
25-07-17 00:01:52.170 : <epoch: 93, iter:1,505,000, lr:6.250e-06> G_loss: 6.908e-04 
25-07-17 00:06:46.337 : <epoch: 93, iter:1,506,000, lr:6.250e-06> G_loss: 9.748e-04 
25-07-17 00:11:41.003 : <epoch: 93, iter:1,507,000, lr:6.250e-06> G_loss: 1.068e-03 
25-07-17 00:16:35.289 : <epoch: 93, iter:1,508,000, lr:6.250e-06> G_loss: 8.261e-04 
25-07-17 00:21:29.466 : <epoch: 93, iter:1,509,000, lr:6.250e-06> G_loss: 7.459e-04 
25-07-17 00:26:22.887 : <epoch: 93, iter:1,510,000, lr:6.250e-06> G_loss: 8.454e-04 
25-07-17 00:31:16.386 : <epoch: 93, iter:1,511,000, lr:6.250e-06> G_loss: 9.163e-04 
25-07-17 00:33:24.540 : Saving the model.
25-07-17 00:36:10.423 : <epoch: 94, iter:1,512,000, lr:6.250e-06> G_loss: 1.296e-03 
25-07-17 00:41:03.949 : <epoch: 94, iter:1,513,000, lr:6.250e-06> G_loss: 8.389e-04 
25-07-17 00:45:58.041 : <epoch: 94, iter:1,514,000, lr:6.250e-06> G_loss: 7.610e-04 
25-07-17 00:50:50.771 : <epoch: 94, iter:1,515,000, lr:6.250e-06> G_loss: 1.171e-03 
25-07-17 00:55:41.343 : <epoch: 94, iter:1,516,000, lr:6.250e-06> G_loss: 9.053e-04 
25-07-17 01:00:32.822 : <epoch: 94, iter:1,517,000, lr:6.250e-06> G_loss: 6.753e-04 
25-07-17 01:05:24.609 : <epoch: 94, iter:1,518,000, lr:6.250e-06> G_loss: 8.623e-04 
25-07-17 01:10:16.705 : <epoch: 94, iter:1,519,000, lr:6.250e-06> G_loss: 1.448e-03 
25-07-17 01:15:08.295 : <epoch: 94, iter:1,520,000, lr:6.250e-06> G_loss: 1.147e-03 
25-07-17 01:20:00.598 : <epoch: 94, iter:1,521,000, lr:6.250e-06> G_loss: 8.132e-04 
25-07-17 01:24:52.701 : <epoch: 94, iter:1,522,000, lr:6.250e-06> G_loss: 7.495e-04 
25-07-17 01:29:44.642 : <epoch: 94, iter:1,523,000, lr:6.250e-06> G_loss: 1.002e-03 
25-07-17 01:34:37.222 : <epoch: 94, iter:1,524,000, lr:6.250e-06> G_loss: 1.007e-03 
25-07-17 01:39:29.251 : <epoch: 94, iter:1,525,000, lr:6.250e-06> G_loss: 7.142e-04 
25-07-17 01:44:22.256 : <epoch: 94, iter:1,526,000, lr:6.250e-06> G_loss: 8.709e-04 
25-07-17 01:49:15.851 : <epoch: 94, iter:1,527,000, lr:6.250e-06> G_loss: 8.192e-04 
25-07-17 01:52:37.765 : Saving the model.
25-07-17 01:54:09.111 : <epoch: 95, iter:1,528,000, lr:6.250e-06> G_loss: 8.656e-04 
25-07-17 01:58:58.579 : <epoch: 95, iter:1,529,000, lr:6.250e-06> G_loss: 1.006e-03 
25-07-17 02:03:48.464 : <epoch: 95, iter:1,530,000, lr:6.250e-06> G_loss: 8.324e-04 
25-07-17 02:09:28.535 : <epoch: 95, iter:1,530,000, Val PSNR: 52.01dB, Val SSIM: 0.9956
25-07-17 02:09:28.536 : Training samples this epoch: 4624
25-07-17 02:09:28.536 : Validation samples this check: 3611
25-07-17 02:09:28.536 : Saving PSNR checkpoint.
25-07-17 02:14:22.593 : <epoch: 95, iter:1,531,000, lr:6.250e-06> G_loss: 8.975e-04 
25-07-17 02:19:16.063 : <epoch: 95, iter:1,532,000, lr:6.250e-06> G_loss: 6.886e-04 
25-07-17 02:24:10.769 : <epoch: 95, iter:1,533,000, lr:6.250e-06> G_loss: 7.972e-04 
25-07-17 02:29:04.754 : <epoch: 95, iter:1,534,000, lr:6.250e-06> G_loss: 9.623e-04 
25-07-17 02:33:59.384 : <epoch: 95, iter:1,535,000, lr:6.250e-06> G_loss: 1.243e-03 
25-07-17 02:38:53.624 : <epoch: 95, iter:1,536,000, lr:6.250e-06> G_loss: 1.113e-03 
25-07-17 02:43:47.871 : <epoch: 95, iter:1,537,000, lr:6.250e-06> G_loss: 1.028e-03 
25-07-17 02:48:42.275 : <epoch: 95, iter:1,538,000, lr:6.250e-06> G_loss: 8.485e-04 
25-07-17 02:53:35.883 : <epoch: 95, iter:1,539,000, lr:6.250e-06> G_loss: 1.290e-03 
25-07-17 02:58:28.485 : <epoch: 95, iter:1,540,000, lr:6.250e-06> G_loss: 7.212e-04 
25-07-17 03:03:22.376 : <epoch: 95, iter:1,541,000, lr:6.250e-06> G_loss: 7.769e-04 
25-07-17 03:08:16.408 : <epoch: 95, iter:1,542,000, lr:6.250e-06> G_loss: 8.750e-04 
25-07-17 03:13:10.085 : <epoch: 95, iter:1,543,000, lr:6.250e-06> G_loss: 1.144e-03 
25-07-17 03:17:46.460 : Saving the model.
25-07-17 03:18:04.309 : <epoch: 96, iter:1,544,000, lr:6.250e-06> G_loss: 8.600e-04 
25-07-17 03:22:57.705 : <epoch: 96, iter:1,545,000, lr:6.250e-06> G_loss: 1.330e-03 
25-07-17 03:27:51.334 : <epoch: 96, iter:1,546,000, lr:6.250e-06> G_loss: 1.195e-03 
25-07-17 03:32:44.248 : <epoch: 96, iter:1,547,000, lr:6.250e-06> G_loss: 9.177e-04 
25-07-17 03:37:38.062 : <epoch: 96, iter:1,548,000, lr:6.250e-06> G_loss: 8.487e-04 
25-07-17 03:42:31.184 : <epoch: 96, iter:1,549,000, lr:6.250e-06> G_loss: 9.072e-04 
25-07-17 03:47:24.713 : <epoch: 96, iter:1,550,000, lr:6.250e-06> G_loss: 8.012e-04 
25-07-17 03:52:17.880 : <epoch: 96, iter:1,551,000, lr:6.250e-06> G_loss: 9.312e-04 
25-07-17 03:57:10.121 : <epoch: 96, iter:1,552,000, lr:6.250e-06> G_loss: 8.320e-04 
25-07-17 04:02:01.977 : <epoch: 96, iter:1,553,000, lr:6.250e-06> G_loss: 1.106e-03 
25-07-17 04:06:54.988 : <epoch: 96, iter:1,554,000, lr:6.250e-06> G_loss: 6.082e-04 
25-07-17 04:11:48.420 : <epoch: 96, iter:1,555,000, lr:6.250e-06> G_loss: 1.186e-03 
25-07-17 04:16:41.709 : <epoch: 96, iter:1,556,000, lr:6.250e-06> G_loss: 8.862e-04 
25-07-17 04:21:35.942 : <epoch: 96, iter:1,557,000, lr:6.250e-06> G_loss: 1.026e-03 
25-07-17 04:26:29.374 : <epoch: 96, iter:1,558,000, lr:6.250e-06> G_loss: 7.600e-04 
25-07-17 04:31:22.759 : <epoch: 96, iter:1,559,000, lr:6.250e-06> G_loss: 9.145e-04 
25-07-17 04:36:16.135 : <epoch: 96, iter:1,560,000, lr:6.250e-06> G_loss: 6.124e-04 
25-07-17 04:42:08.380 : <epoch: 96, iter:1,560,000, Val PSNR: 52.00dB, Val SSIM: 0.9956
25-07-17 04:42:08.380 : Training samples this epoch: 32120
25-07-17 04:42:08.380 : Validation samples this check: 3611
25-07-17 04:42:08.381 : Saving PSNR checkpoint.
25-07-17 04:43:04.648 : Saving the model.
25-07-17 04:47:02.702 : <epoch: 97, iter:1,561,000, lr:6.250e-06> G_loss: 8.929e-04 
25-07-17 04:51:56.984 : <epoch: 97, iter:1,562,000, lr:6.250e-06> G_loss: 8.635e-04 
25-07-17 04:56:50.621 : <epoch: 97, iter:1,563,000, lr:6.250e-06> G_loss: 8.413e-04 
25-07-17 05:01:44.087 : <epoch: 97, iter:1,564,000, lr:6.250e-06> G_loss: 7.910e-04 
25-07-17 05:06:38.387 : <epoch: 97, iter:1,565,000, lr:6.250e-06> G_loss: 6.396e-04 
25-07-17 05:11:33.513 : <epoch: 97, iter:1,566,000, lr:6.250e-06> G_loss: 1.233e-03 
25-07-17 05:16:27.929 : <epoch: 97, iter:1,567,000, lr:6.250e-06> G_loss: 6.198e-04 
25-07-17 05:21:21.774 : <epoch: 97, iter:1,568,000, lr:6.250e-06> G_loss: 7.125e-04 
25-07-17 05:26:16.275 : <epoch: 97, iter:1,569,000, lr:6.250e-06> G_loss: 8.991e-04 
25-07-17 05:31:10.443 : <epoch: 97, iter:1,570,000, lr:6.250e-06> G_loss: 8.374e-04 
25-07-17 05:36:04.947 : <epoch: 97, iter:1,571,000, lr:6.250e-06> G_loss: 7.730e-04 
25-07-17 05:40:59.775 : <epoch: 97, iter:1,572,000, lr:6.250e-06> G_loss: 7.683e-04 
25-07-17 05:45:53.711 : <epoch: 97, iter:1,573,000, lr:6.250e-06> G_loss: 6.391e-04 
25-07-17 05:50:47.338 : <epoch: 97, iter:1,574,000, lr:6.250e-06> G_loss: 7.983e-04 
25-07-17 05:55:40.840 : <epoch: 97, iter:1,575,000, lr:6.250e-06> G_loss: 1.159e-03 
25-07-17 06:00:34.655 : <epoch: 97, iter:1,576,000, lr:6.250e-06> G_loss: 1.034e-03 
25-07-17 06:02:45.490 : Saving the model.
25-07-17 06:05:29.373 : <epoch: 98, iter:1,577,000, lr:6.250e-06> G_loss: 1.540e-03 
25-07-17 06:10:21.880 : <epoch: 98, iter:1,578,000, lr:6.250e-06> G_loss: 1.050e-03 
25-07-17 06:15:11.161 : <epoch: 98, iter:1,579,000, lr:6.250e-06> G_loss: 6.699e-04 
25-07-17 06:20:00.724 : <epoch: 98, iter:1,580,000, lr:6.250e-06> G_loss: 8.693e-04 
25-07-17 06:24:49.929 : <epoch: 98, iter:1,581,000, lr:6.250e-06> G_loss: 9.115e-04 
25-07-17 06:29:39.751 : <epoch: 98, iter:1,582,000, lr:6.250e-06> G_loss: 8.003e-04 
25-07-17 06:34:29.156 : <epoch: 98, iter:1,583,000, lr:6.250e-06> G_loss: 9.541e-04 
25-07-17 06:39:18.866 : <epoch: 98, iter:1,584,000, lr:6.250e-06> G_loss: 8.789e-04 
25-07-17 06:44:08.289 : <epoch: 98, iter:1,585,000, lr:6.250e-06> G_loss: 7.898e-04 
25-07-17 06:48:58.204 : <epoch: 98, iter:1,586,000, lr:6.250e-06> G_loss: 9.550e-04 
25-07-17 06:53:48.217 : <epoch: 98, iter:1,587,000, lr:6.250e-06> G_loss: 1.027e-03 
25-07-17 06:58:39.058 : <epoch: 98, iter:1,588,000, lr:6.250e-06> G_loss: 6.610e-04 
25-07-17 07:03:29.812 : <epoch: 98, iter:1,589,000, lr:6.250e-06> G_loss: 8.175e-04 
25-07-17 07:08:20.824 : <epoch: 98, iter:1,590,000, lr:6.250e-06> G_loss: 9.177e-04 
25-07-17 07:14:02.356 : <epoch: 98, iter:1,590,000, Val PSNR: 52.00dB, Val SSIM: 0.9956
25-07-17 07:14:02.356 : Training samples this epoch: 27112
25-07-17 07:14:02.356 : Validation samples this check: 3611
25-07-17 07:14:02.357 : Saving PSNR checkpoint.
25-07-17 07:18:53.362 : <epoch: 98, iter:1,591,000, lr:6.250e-06> G_loss: 8.243e-04 
25-07-17 07:23:44.372 : <epoch: 98, iter:1,592,000, lr:6.250e-06> G_loss: 8.110e-04 
25-07-17 07:27:06.835 : Saving the model.
25-07-17 07:28:35.234 : <epoch: 99, iter:1,593,000, lr:6.250e-06> G_loss: 1.169e-03 
25-07-17 07:33:26.272 : <epoch: 99, iter:1,594,000, lr:6.250e-06> G_loss: 9.533e-04 
25-07-17 07:38:17.178 : <epoch: 99, iter:1,595,000, lr:6.250e-06> G_loss: 8.174e-04 
25-07-17 07:43:07.609 : <epoch: 99, iter:1,596,000, lr:6.250e-06> G_loss: 9.153e-04 
25-07-17 07:47:58.441 : <epoch: 99, iter:1,597,000, lr:6.250e-06> G_loss: 9.084e-04 
25-07-17 07:52:48.668 : <epoch: 99, iter:1,598,000, lr:6.250e-06> G_loss: 1.149e-03 
25-07-17 07:57:38.787 : <epoch: 99, iter:1,599,000, lr:6.250e-06> G_loss: 8.275e-04 
25-07-17 08:02:29.535 : <epoch: 99, iter:1,600,000, lr:6.250e-06> G_loss: 8.783e-04 
25-07-17 08:07:19.945 : <epoch: 99, iter:1,601,000, lr:6.250e-06> G_loss: 8.475e-04 
25-07-17 08:12:10.059 : <epoch: 99, iter:1,602,000, lr:6.250e-06> G_loss: 8.339e-04 
25-07-17 08:17:00.703 : <epoch: 99, iter:1,603,000, lr:6.250e-06> G_loss: 8.055e-04 
25-07-17 08:21:51.463 : <epoch: 99, iter:1,604,000, lr:6.250e-06> G_loss: 7.812e-04 
25-07-17 08:26:42.095 : <epoch: 99, iter:1,605,000, lr:6.250e-06> G_loss: 8.423e-04 
25-07-17 08:31:33.271 : <epoch: 99, iter:1,606,000, lr:6.250e-06> G_loss: 7.543e-04 
25-07-17 08:36:24.260 : <epoch: 99, iter:1,607,000, lr:6.250e-06> G_loss: 9.979e-04 
25-07-17 08:41:15.435 : <epoch: 99, iter:1,608,000, lr:6.250e-06> G_loss: 7.813e-04 
25-07-17 08:45:51.274 : Saving the model.
25-07-17 08:46:06.540 : <epoch:100, iter:1,609,000, lr:6.250e-06> G_loss: 6.211e-04 
25-07-17 08:50:57.790 : <epoch:100, iter:1,610,000, lr:6.250e-06> G_loss: 1.320e-03 
25-07-17 08:55:47.925 : <epoch:100, iter:1,611,000, lr:6.250e-06> G_loss: 7.938e-04 
25-07-17 09:00:37.564 : <epoch:100, iter:1,612,000, lr:6.250e-06> G_loss: 7.607e-04 
25-07-17 09:05:27.702 : <epoch:100, iter:1,613,000, lr:6.250e-06> G_loss: 9.364e-04 
25-07-17 09:10:18.264 : <epoch:100, iter:1,614,000, lr:6.250e-06> G_loss: 6.287e-04 
25-07-17 09:15:09.161 : <epoch:100, iter:1,615,000, lr:6.250e-06> G_loss: 1.456e-03 
25-07-17 09:20:00.291 : <epoch:100, iter:1,616,000, lr:6.250e-06> G_loss: 7.923e-04 
25-07-17 09:24:51.140 : <epoch:100, iter:1,617,000, lr:6.250e-06> G_loss: 1.290e-03 
25-07-17 09:29:42.211 : <epoch:100, iter:1,618,000, lr:6.250e-06> G_loss: 6.769e-04 
25-07-17 09:34:32.737 : <epoch:100, iter:1,619,000, lr:6.250e-06> G_loss: 8.383e-04 
25-07-17 09:39:23.245 : <epoch:100, iter:1,620,000, lr:6.250e-06> G_loss: 7.234e-04 
25-07-17 09:45:04.409 : <epoch:100, iter:1,620,000, Val PSNR: 52.00dB, Val SSIM: 0.9956
25-07-17 09:45:04.409 : Training samples this epoch: 22104
25-07-17 09:45:04.410 : Validation samples this check: 3611
25-07-17 09:45:04.410 : Saving PSNR checkpoint.
25-07-17 09:49:54.727 : <epoch:100, iter:1,621,000, lr:6.250e-06> G_loss: 8.160e-04 
25-07-17 09:54:45.098 : <epoch:100, iter:1,622,000, lr:6.250e-06> G_loss: 8.026e-04 
25-07-17 09:59:35.381 : <epoch:100, iter:1,623,000, lr:6.250e-06> G_loss: 9.338e-04 
25-07-17 10:04:25.964 : <epoch:100, iter:1,624,000, lr:6.250e-06> G_loss: 1.285e-03 
25-07-17 10:09:17.049 : <epoch:100, iter:1,625,000, lr:6.250e-06> G_loss: 8.323e-04 
25-07-17 10:10:14.972 : Saving the model.
25-07-17 10:10:15.464 : Number of test images: 2000
25-07-17 10:10:15.464 : ================================================================================
25-07-17 10:10:15.464 : FINAL TEST EVALUATION - After 100 epochs completed
25-07-17 10:10:15.464 : ================================================================================
25-07-17 10:10:15.464 : Loading best PSNR checkpoint for final test evaluation...
25-07-17 10:10:15.464 : ------------------------------------------------------------
25-07-17 10:10:15.464 : Testing checkpoint: PSNR_E (psnr_E.pth)
25-07-17 10:10:15.465 : ------------------------------------------------------------
25-07-17 10:10:15.465 : Loading checkpoint: training_results/trans_nstb/scunet_ngswin_trans_nstb/models/psnr_E.pth
25-07-17 10:10:16.608 : Saved test image 10: training_results/trans_nstb/scunet_ngswin_trans_nstb/images/final_test_psnr_e/test_000010_PSNR_E_9.png | PSNR: 52.46dB | SSIM: 0.9966
25-07-17 10:10:17.580 : Saved test image 20: training_results/trans_nstb/scunet_ngswin_trans_nstb/images/final_test_psnr_e/test_000020_PSNR_E_9.png | PSNR: 51.62dB | SSIM: 0.9963
25-07-17 10:10:18.641 : Saved test image 30: training_results/trans_nstb/scunet_ngswin_trans_nstb/images/final_test_psnr_e/test_000030_PSNR_E_9.png | PSNR: 50.89dB | SSIM: 0.9959
25-07-17 10:10:19.585 : Saved test image 40: training_results/trans_nstb/scunet_ngswin_trans_nstb/images/final_test_psnr_e/test_000040_PSNR_E_9.png | PSNR: 53.11dB | SSIM: 0.9969
25-07-17 10:10:20.553 : Saved test image 50: training_results/trans_nstb/scunet_ngswin_trans_nstb/images/final_test_psnr_e/test_000050_PSNR_E_9.png | PSNR: 48.78dB | SSIM: 0.9948
25-07-17 10:10:21.502 : Saved test image 60: training_results/trans_nstb/scunet_ngswin_trans_nstb/images/final_test_psnr_e/test_000060_PSNR_E_9.png | PSNR: 49.43dB | SSIM: 0.9952
25-07-17 10:10:22.460 : Saved test image 70: training_results/trans_nstb/scunet_ngswin_trans_nstb/images/final_test_psnr_e/test_000070_PSNR_E_9.png | PSNR: 52.33dB | SSIM: 0.9959
25-07-17 10:10:23.410 : Saved test image 80: training_results/trans_nstb/scunet_ngswin_trans_nstb/images/final_test_psnr_e/test_000080_PSNR_E_9.png | PSNR: 51.42dB | SSIM: 0.9955
25-07-17 10:10:24.378 : Saved test image 90: training_results/trans_nstb/scunet_ngswin_trans_nstb/images/final_test_psnr_e/test_000090_PSNR_E_9.png | PSNR: 48.32dB | SSIM: 0.9941
25-07-17 10:10:25.329 : Saved test image 100: training_results/trans_nstb/scunet_ngswin_trans_nstb/images/final_test_psnr_e/test_000100_PSNR_E_9.png | PSNR: 47.69dB | SSIM: 0.9941
25-07-17 10:10:26.280 : Saved test image 110: training_results/trans_nstb/scunet_ngswin_trans_nstb/images/final_test_psnr_e/test_000110_PSNR_E_9.png | PSNR: 48.58dB | SSIM: 0.9945
25-07-17 10:10:27.222 : Saved test image 120: training_results/trans_nstb/scunet_ngswin_trans_nstb/images/final_test_psnr_e/test_000120_PSNR_E_9.png | PSNR: 48.24dB | SSIM: 0.9944
25-07-17 10:10:28.165 : Saved test image 130: training_results/trans_nstb/scunet_ngswin_trans_nstb/images/final_test_psnr_e/test_000130_PSNR_E_9.png | PSNR: 50.68dB | SSIM: 0.9955
25-07-17 10:10:29.107 : Saved test image 140: training_results/trans_nstb/scunet_ngswin_trans_nstb/images/final_test_psnr_e/test_000140_PSNR_E_9.png | PSNR: 51.28dB | SSIM: 0.9957
25-07-17 10:10:30.060 : Saved test image 150: training_results/trans_nstb/scunet_ngswin_trans_nstb/images/final_test_psnr_e/test_000150_PSNR_E_9.png | PSNR: 51.46dB | SSIM: 0.9960
25-07-17 10:10:30.999 : Saved test image 160: training_results/trans_nstb/scunet_ngswin_trans_nstb/images/final_test_psnr_e/test_000160_PSNR_E_9.png | PSNR: 53.67dB | SSIM: 0.9970
25-07-17 10:10:31.931 : Saved test image 170: training_results/trans_nstb/scunet_ngswin_trans_nstb/images/final_test_psnr_e/test_000170_PSNR_E_9.png | PSNR: 45.33dB | SSIM: 0.9930
25-07-17 10:10:32.878 : Saved test image 180: training_results/trans_nstb/scunet_ngswin_trans_nstb/images/final_test_psnr_e/test_000180_PSNR_E_9.png | PSNR: 47.19dB | SSIM: 0.9936
25-07-17 10:10:33.824 : Saved test image 190: training_results/trans_nstb/scunet_ngswin_trans_nstb/images/final_test_psnr_e/test_000190_PSNR_E_9.png | PSNR: 48.92dB | SSIM: 0.9947
25-07-17 10:10:34.750 : Saved test image 200: training_results/trans_nstb/scunet_ngswin_trans_nstb/images/final_test_psnr_e/test_000200_PSNR_E_9.png | PSNR: 49.15dB | SSIM: 0.9953
25-07-17 10:10:35.678 : Saved test image 210: training_results/trans_nstb/scunet_ngswin_trans_nstb/images/final_test_psnr_e/test_000210_PSNR_E_9.png | PSNR: 48.62dB | SSIM: 0.9950
25-07-17 10:10:36.599 : Saved test image 220: training_results/trans_nstb/scunet_ngswin_trans_nstb/images/final_test_psnr_e/test_000220_PSNR_E_9.png | PSNR: 50.67dB | SSIM: 0.9962
25-07-17 10:10:37.518 : Saved test image 230: training_results/trans_nstb/scunet_ngswin_trans_nstb/images/final_test_psnr_e/test_000230_PSNR_E_9.png | PSNR: 50.43dB | SSIM: 0.9958
25-07-17 10:10:38.426 : Saved test image 240: training_results/trans_nstb/scunet_ngswin_trans_nstb/images/final_test_psnr_e/test_000240_PSNR_E_9.png | PSNR: 50.34dB | SSIM: 0.9958
25-07-17 10:10:39.333 : Saved test image 250: training_results/trans_nstb/scunet_ngswin_trans_nstb/images/final_test_psnr_e/test_000250_PSNR_E_9.png | PSNR: 50.23dB | SSIM: 0.9958
25-07-17 10:10:40.234 : Saved test image 260: training_results/trans_nstb/scunet_ngswin_trans_nstb/images/final_test_psnr_e/test_000260_PSNR_E_9.png | PSNR: 50.39dB | SSIM: 0.9957
25-07-17 10:10:41.146 : Saved test image 270: training_results/trans_nstb/scunet_ngswin_trans_nstb/images/final_test_psnr_e/test_000270_PSNR_E_9.png | PSNR: 50.73dB | SSIM: 0.9962
25-07-17 10:10:42.053 : Saved test image 280: training_results/trans_nstb/scunet_ngswin_trans_nstb/images/final_test_psnr_e/test_000280_PSNR_E_9.png | PSNR: 49.64dB | SSIM: 0.9954
25-07-17 10:10:42.987 : Saved test image 290: training_results/trans_nstb/scunet_ngswin_trans_nstb/images/final_test_psnr_e/test_000290_PSNR_E_9.png | PSNR: 50.38dB | SSIM: 0.9957
25-07-17 10:10:43.901 : Saved test image 300: training_results/trans_nstb/scunet_ngswin_trans_nstb/images/final_test_psnr_e/test_000300_PSNR_E_9.png | PSNR: 49.45dB | SSIM: 0.9951
25-07-17 10:10:44.819 : Saved test image 310: training_results/trans_nstb/scunet_ngswin_trans_nstb/images/final_test_psnr_e/test_000310_PSNR_E_9.png | PSNR: 51.03dB | SSIM: 0.9960
25-07-17 10:10:45.765 : Saved test image 320: training_results/trans_nstb/scunet_ngswin_trans_nstb/images/final_test_psnr_e/test_000320_PSNR_E_9.png | PSNR: 50.19dB | SSIM: 0.9959
25-07-17 10:10:46.703 : Saved test image 330: training_results/trans_nstb/scunet_ngswin_trans_nstb/images/final_test_psnr_e/test_000330_PSNR_E_9.png | PSNR: 52.20dB | SSIM: 0.9965
25-07-17 10:10:47.644 : Saved test image 340: training_results/trans_nstb/scunet_ngswin_trans_nstb/images/final_test_psnr_e/test_000340_PSNR_E_9.png | PSNR: 51.39dB | SSIM: 0.9964
25-07-17 10:10:48.601 : Saved test image 350: training_results/trans_nstb/scunet_ngswin_trans_nstb/images/final_test_psnr_e/test_000350_PSNR_E_9.png | PSNR: 48.92dB | SSIM: 0.9945
25-07-17 10:10:49.553 : Saved test image 360: training_results/trans_nstb/scunet_ngswin_trans_nstb/images/final_test_psnr_e/test_000360_PSNR_E_9.png | PSNR: 48.97dB | SSIM: 0.9946
25-07-17 10:10:50.500 : Saved test image 370: training_results/trans_nstb/scunet_ngswin_trans_nstb/images/final_test_psnr_e/test_000370_PSNR_E_9.png | PSNR: 48.21dB | SSIM: 0.9940
25-07-17 10:10:51.453 : Saved test image 380: training_results/trans_nstb/scunet_ngswin_trans_nstb/images/final_test_psnr_e/test_000380_PSNR_E_9.png | PSNR: 49.68dB | SSIM: 0.9949
25-07-17 10:10:52.399 : Saved test image 390: training_results/trans_nstb/scunet_ngswin_trans_nstb/images/final_test_psnr_e/test_000390_PSNR_E_9.png | PSNR: 48.05dB | SSIM: 0.9942
25-07-17 10:10:53.347 : Saved test image 400: training_results/trans_nstb/scunet_ngswin_trans_nstb/images/final_test_psnr_e/test_000400_PSNR_E_9.png | PSNR: 50.94dB | SSIM: 0.9959
25-07-17 10:10:54.299 : Saved test image 410: training_results/trans_nstb/scunet_ngswin_trans_nstb/images/final_test_psnr_e/test_000410_PSNR_E_9.png | PSNR: 46.25dB | SSIM: 0.9891
25-07-17 10:10:55.250 : Saved test image 420: training_results/trans_nstb/scunet_ngswin_trans_nstb/images/final_test_psnr_e/test_000420_PSNR_E_9.png | PSNR: 44.23dB | SSIM: 0.9900
25-07-17 10:10:56.210 : Saved test image 430: training_results/trans_nstb/scunet_ngswin_trans_nstb/images/final_test_psnr_e/test_000430_PSNR_E_9.png | PSNR: 48.35dB | SSIM: 0.9943
25-07-17 10:10:57.161 : Saved test image 440: training_results/trans_nstb/scunet_ngswin_trans_nstb/images/final_test_psnr_e/test_000440_PSNR_E_9.png | PSNR: 47.22dB | SSIM: 0.9930
25-07-17 10:10:58.144 : Saved test image 450: training_results/trans_nstb/scunet_ngswin_trans_nstb/images/final_test_psnr_e/test_000450_PSNR_E_9.png | PSNR: 46.81dB | SSIM: 0.9906
25-07-17 10:10:59.094 : Saved test image 460: training_results/trans_nstb/scunet_ngswin_trans_nstb/images/final_test_psnr_e/test_000460_PSNR_E_9.png | PSNR: 43.50dB | SSIM: 0.9903
25-07-17 10:11:00.069 : Saved test image 470: training_results/trans_nstb/scunet_ngswin_trans_nstb/images/final_test_psnr_e/test_000470_PSNR_E_9.png | PSNR: 48.70dB | SSIM: 0.9936
25-07-17 10:11:01.028 : Saved test image 480: training_results/trans_nstb/scunet_ngswin_trans_nstb/images/final_test_psnr_e/test_000480_PSNR_E_9.png | PSNR: 45.27dB | SSIM: 0.9916
25-07-17 10:11:01.983 : Saved test image 490: training_results/trans_nstb/scunet_ngswin_trans_nstb/images/final_test_psnr_e/test_000490_PSNR_E_9.png | PSNR: 49.18dB | SSIM: 0.9933
25-07-17 10:11:02.931 : Saved test image 500: training_results/trans_nstb/scunet_ngswin_trans_nstb/images/final_test_psnr_e/test_000500_PSNR_E_9.png | PSNR: 49.09dB | SSIM: 0.9924
25-07-17 10:11:03.877 : Saved test image 510: training_results/trans_nstb/scunet_ngswin_trans_nstb/images/final_test_psnr_e/test_000510_PSNR_E_9.png | PSNR: 48.29dB | SSIM: 0.9950
25-07-17 10:11:04.825 : Saved test image 520: training_results/trans_nstb/scunet_ngswin_trans_nstb/images/final_test_psnr_e/test_000520_PSNR_E_9.png | PSNR: 51.49dB | SSIM: 0.9962
25-07-17 10:11:05.770 : Saved test image 530: training_results/trans_nstb/scunet_ngswin_trans_nstb/images/final_test_psnr_e/test_000530_PSNR_E_9.png | PSNR: 46.69dB | SSIM: 0.9906
25-07-17 10:11:06.718 : Saved test image 540: training_results/trans_nstb/scunet_ngswin_trans_nstb/images/final_test_psnr_e/test_000540_PSNR_E_9.png | PSNR: 48.68dB | SSIM: 0.9931
25-07-17 10:11:07.659 : Saved test image 550: training_results/trans_nstb/scunet_ngswin_trans_nstb/images/final_test_psnr_e/test_000550_PSNR_E_9.png | PSNR: 48.06dB | SSIM: 0.9946
25-07-17 10:11:08.633 : Saved test image 560: training_results/trans_nstb/scunet_ngswin_trans_nstb/images/final_test_psnr_e/test_000560_PSNR_E_9.png | PSNR: 44.65dB | SSIM: 0.9885
25-07-17 10:11:09.600 : Saved test image 570: training_results/trans_nstb/scunet_ngswin_trans_nstb/images/final_test_psnr_e/test_000570_PSNR_E_9.png | PSNR: 47.55dB | SSIM: 0.9927
25-07-17 10:11:10.548 : Saved test image 580: training_results/trans_nstb/scunet_ngswin_trans_nstb/images/final_test_psnr_e/test_000580_PSNR_E_9.png | PSNR: 48.60dB | SSIM: 0.9936
25-07-17 10:11:11.497 : Saved test image 590: training_results/trans_nstb/scunet_ngswin_trans_nstb/images/final_test_psnr_e/test_000590_PSNR_E_9.png | PSNR: 48.33dB | SSIM: 0.9942
25-07-17 10:11:12.450 : Saved test image 600: training_results/trans_nstb/scunet_ngswin_trans_nstb/images/final_test_psnr_e/test_000600_PSNR_E_9.png | PSNR: 50.64dB | SSIM: 0.9953
25-07-17 10:11:13.402 : Saved test image 610: training_results/trans_nstb/scunet_ngswin_trans_nstb/images/final_test_psnr_e/test_000610_PSNR_E_9.png | PSNR: 47.00dB | SSIM: 0.9937
25-07-17 10:11:14.336 : Saved test image 620: training_results/trans_nstb/scunet_ngswin_trans_nstb/images/final_test_psnr_e/test_000620_PSNR_E_9.png | PSNR: 48.97dB | SSIM: 0.9952
25-07-17 10:11:15.271 : Saved test image 630: training_results/trans_nstb/scunet_ngswin_trans_nstb/images/final_test_psnr_e/test_000630_PSNR_E_9.png | PSNR: 49.63dB | SSIM: 0.9958
25-07-17 10:11:16.220 : Saved test image 640: training_results/trans_nstb/scunet_ngswin_trans_nstb/images/final_test_psnr_e/test_000640_PSNR_E_9.png | PSNR: 48.32dB | SSIM: 0.9951
25-07-17 10:11:17.211 : Saved test image 650: training_results/trans_nstb/scunet_ngswin_trans_nstb/images/final_test_psnr_e/test_000650_PSNR_E_9.png | PSNR: 52.82dB | SSIM: 0.9961
25-07-17 10:11:18.178 : Saved test image 660: training_results/trans_nstb/scunet_ngswin_trans_nstb/images/final_test_psnr_e/test_000660_PSNR_E_9.png | PSNR: 52.15dB | SSIM: 0.9958
25-07-17 10:11:19.136 : Saved test image 670: training_results/trans_nstb/scunet_ngswin_trans_nstb/images/final_test_psnr_e/test_000670_PSNR_E_9.png | PSNR: 52.29dB | SSIM: 0.9959
25-07-17 10:11:20.210 : Saved test image 680: training_results/trans_nstb/scunet_ngswin_trans_nstb/images/final_test_psnr_e/test_000680_PSNR_E_9.png | PSNR: 52.44dB | SSIM: 0.9962
25-07-17 10:11:21.148 : Saved test image 690: training_results/trans_nstb/scunet_ngswin_trans_nstb/images/final_test_psnr_e/test_000690_PSNR_E_9.png | PSNR: 52.00dB | SSIM: 0.9960
25-07-17 10:11:22.096 : Saved test image 700: training_results/trans_nstb/scunet_ngswin_trans_nstb/images/final_test_psnr_e/test_000700_PSNR_E_9.png | PSNR: 52.30dB | SSIM: 0.9959
25-07-17 10:11:23.036 : Saved test image 710: training_results/trans_nstb/scunet_ngswin_trans_nstb/images/final_test_psnr_e/test_000710_PSNR_E_9.png | PSNR: 51.48dB | SSIM: 0.9959
25-07-17 10:11:23.982 : Saved test image 720: training_results/trans_nstb/scunet_ngswin_trans_nstb/images/final_test_psnr_e/test_000720_PSNR_E_9.png | PSNR: 53.58dB | SSIM: 0.9972
25-07-17 10:11:24.930 : Saved test image 730: training_results/trans_nstb/scunet_ngswin_trans_nstb/images/final_test_psnr_e/test_000730_PSNR_E_9.png | PSNR: 52.10dB | SSIM: 0.9966
25-07-17 10:11:25.876 : Saved test image 740: training_results/trans_nstb/scunet_ngswin_trans_nstb/images/final_test_psnr_e/test_000740_PSNR_E_9.png | PSNR: 49.47dB | SSIM: 0.9942
25-07-17 10:11:26.823 : Saved test image 750: training_results/trans_nstb/scunet_ngswin_trans_nstb/images/final_test_psnr_e/test_000750_PSNR_E_9.png | PSNR: 49.11dB | SSIM: 0.9924
25-07-17 10:11:27.772 : Saved test image 760: training_results/trans_nstb/scunet_ngswin_trans_nstb/images/final_test_psnr_e/test_000760_PSNR_E_9.png | PSNR: 49.28dB | SSIM: 0.9936
25-07-17 10:11:28.721 : Saved test image 770: training_results/trans_nstb/scunet_ngswin_trans_nstb/images/final_test_psnr_e/test_000770_PSNR_E_9.png | PSNR: 49.40dB | SSIM: 0.9941
25-07-17 10:11:29.662 : Saved test image 780: training_results/trans_nstb/scunet_ngswin_trans_nstb/images/final_test_psnr_e/test_000780_PSNR_E_9.png | PSNR: 49.50dB | SSIM: 0.9940
25-07-17 10:11:30.610 : Saved test image 790: training_results/trans_nstb/scunet_ngswin_trans_nstb/images/final_test_psnr_e/test_000790_PSNR_E_9.png | PSNR: 48.73dB | SSIM: 0.9930
25-07-17 10:11:31.566 : Saved test image 800: training_results/trans_nstb/scunet_ngswin_trans_nstb/images/final_test_psnr_e/test_000800_PSNR_E_9.png | PSNR: 49.43dB | SSIM: 0.9950
25-07-17 10:11:32.539 : Saved test image 810: training_results/trans_nstb/scunet_ngswin_trans_nstb/images/final_test_psnr_e/test_000810_PSNR_E_9.png | PSNR: 47.96dB | SSIM: 0.9945
25-07-17 10:11:33.508 : Saved test image 820: training_results/trans_nstb/scunet_ngswin_trans_nstb/images/final_test_psnr_e/test_000820_PSNR_E_9.png | PSNR: 48.38dB | SSIM: 0.9936
25-07-17 10:11:34.468 : Saved test image 830: training_results/trans_nstb/scunet_ngswin_trans_nstb/images/final_test_psnr_e/test_000830_PSNR_E_9.png | PSNR: 48.64dB | SSIM: 0.9925
25-07-17 10:11:35.430 : Saved test image 840: training_results/trans_nstb/scunet_ngswin_trans_nstb/images/final_test_psnr_e/test_000840_PSNR_E_9.png | PSNR: 47.46dB | SSIM: 0.9938
25-07-17 10:11:36.377 : Saved test image 850: training_results/trans_nstb/scunet_ngswin_trans_nstb/images/final_test_psnr_e/test_000850_PSNR_E_9.png | PSNR: 48.30dB | SSIM: 0.9944
25-07-17 10:11:37.333 : Saved test image 860: training_results/trans_nstb/scunet_ngswin_trans_nstb/images/final_test_psnr_e/test_000860_PSNR_E_9.png | PSNR: 49.35dB | SSIM: 0.9944
25-07-17 10:11:38.287 : Saved test image 870: training_results/trans_nstb/scunet_ngswin_trans_nstb/images/final_test_psnr_e/test_000870_PSNR_E_9.png | PSNR: 49.20dB | SSIM: 0.9940
25-07-17 10:11:39.245 : Saved test image 880: training_results/trans_nstb/scunet_ngswin_trans_nstb/images/final_test_psnr_e/test_000880_PSNR_E_9.png | PSNR: 45.83dB | SSIM: 0.9914
25-07-17 10:11:40.208 : Saved test image 890: training_results/trans_nstb/scunet_ngswin_trans_nstb/images/final_test_psnr_e/test_000890_PSNR_E_9.png | PSNR: 47.60dB | SSIM: 0.9921
25-07-17 10:11:41.160 : Saved test image 900: training_results/trans_nstb/scunet_ngswin_trans_nstb/images/final_test_psnr_e/test_000900_PSNR_E_9.png | PSNR: 45.99dB | SSIM: 0.9911
25-07-17 10:11:42.114 : Saved test image 910: training_results/trans_nstb/scunet_ngswin_trans_nstb/images/final_test_psnr_e/test_000910_PSNR_E_9.png | PSNR: 46.12dB | SSIM: 0.9918
25-07-17 10:11:43.059 : Saved test image 920: training_results/trans_nstb/scunet_ngswin_trans_nstb/images/final_test_psnr_e/test_000920_PSNR_E_9.png | PSNR: 47.56dB | SSIM: 0.9929
25-07-17 10:11:44.035 : Saved test image 930: training_results/trans_nstb/scunet_ngswin_trans_nstb/images/final_test_psnr_e/test_000930_PSNR_E_9.png | PSNR: 48.96dB | SSIM: 0.9931
25-07-17 10:11:44.997 : Saved test image 940: training_results/trans_nstb/scunet_ngswin_trans_nstb/images/final_test_psnr_e/test_000940_PSNR_E_9.png | PSNR: 47.14dB | SSIM: 0.9909
25-07-17 10:11:45.964 : Saved test image 950: training_results/trans_nstb/scunet_ngswin_trans_nstb/images/final_test_psnr_e/test_000950_PSNR_E_9.png | PSNR: 47.73dB | SSIM: 0.9920
25-07-17 10:11:46.931 : Saved test image 960: training_results/trans_nstb/scunet_ngswin_trans_nstb/images/final_test_psnr_e/test_000960_PSNR_E_9.png | PSNR: 46.61dB | SSIM: 0.9922
25-07-17 10:11:47.891 : Saved test image 970: training_results/trans_nstb/scunet_ngswin_trans_nstb/images/final_test_psnr_e/test_000970_PSNR_E_9.png | PSNR: 45.25dB | SSIM: 0.9916
25-07-17 10:11:48.871 : Saved test image 980: training_results/trans_nstb/scunet_ngswin_trans_nstb/images/final_test_psnr_e/test_000980_PSNR_E_9.png | PSNR: 48.37dB | SSIM: 0.9936
25-07-17 10:11:49.838 : Saved test image 990: training_results/trans_nstb/scunet_ngswin_trans_nstb/images/final_test_psnr_e/test_000990_PSNR_E_9.png | PSNR: 53.82dB | SSIM: 0.9968
25-07-17 10:11:50.808 : Saved test image 1000: training_results/trans_nstb/scunet_ngswin_trans_nstb/images/final_test_psnr_e/test_001000_PSNR_E_9.png | PSNR: 53.04dB | SSIM: 0.9963
25-07-17 10:11:51.780 : Saved test image 1010: training_results/trans_nstb/scunet_ngswin_trans_nstb/images/final_test_psnr_e/test_001010_PSNR_E_9.png | PSNR: 52.16dB | SSIM: 0.9958
25-07-17 10:11:52.743 : Saved test image 1020: training_results/trans_nstb/scunet_ngswin_trans_nstb/images/final_test_psnr_e/test_001020_PSNR_E_9.png | PSNR: 51.95dB | SSIM: 0.9955
25-07-17 10:11:53.703 : Saved test image 1030: training_results/trans_nstb/scunet_ngswin_trans_nstb/images/final_test_psnr_e/test_001030_PSNR_E_9.png | PSNR: 49.95dB | SSIM: 0.9953
25-07-17 10:11:54.671 : Saved test image 1040: training_results/trans_nstb/scunet_ngswin_trans_nstb/images/final_test_psnr_e/test_001040_PSNR_E_9.png | PSNR: 51.55dB | SSIM: 0.9957
25-07-17 10:11:55.631 : Saved test image 1050: training_results/trans_nstb/scunet_ngswin_trans_nstb/images/final_test_psnr_e/test_001050_PSNR_E_9.png | PSNR: 51.79dB | SSIM: 0.9957
25-07-17 10:11:56.601 : Saved test image 1060: training_results/trans_nstb/scunet_ngswin_trans_nstb/images/final_test_psnr_e/test_001060_PSNR_E_9.png | PSNR: 50.36dB | SSIM: 0.9950
25-07-17 10:11:57.560 : Saved test image 1070: training_results/trans_nstb/scunet_ngswin_trans_nstb/images/final_test_psnr_e/test_001070_PSNR_E_9.png | PSNR: 49.98dB | SSIM: 0.9948
25-07-17 10:11:58.531 : Saved test image 1080: training_results/trans_nstb/scunet_ngswin_trans_nstb/images/final_test_psnr_e/test_001080_PSNR_E_9.png | PSNR: 49.85dB | SSIM: 0.9948
25-07-17 10:11:59.517 : Saved test image 1090: training_results/trans_nstb/scunet_ngswin_trans_nstb/images/final_test_psnr_e/test_001090_PSNR_E_9.png | PSNR: 50.61dB | SSIM: 0.9952
25-07-17 10:12:00.484 : Saved test image 1100: training_results/trans_nstb/scunet_ngswin_trans_nstb/images/final_test_psnr_e/test_001100_PSNR_E_9.png | PSNR: 52.98dB | SSIM: 0.9963
25-07-17 10:12:01.453 : Saved test image 1110: training_results/trans_nstb/scunet_ngswin_trans_nstb/images/final_test_psnr_e/test_001110_PSNR_E_9.png | PSNR: 50.14dB | SSIM: 0.9942
25-07-17 10:12:02.413 : Saved test image 1120: training_results/trans_nstb/scunet_ngswin_trans_nstb/images/final_test_psnr_e/test_001120_PSNR_E_9.png | PSNR: 52.36dB | SSIM: 0.9962
25-07-17 10:12:03.370 : Saved test image 1130: training_results/trans_nstb/scunet_ngswin_trans_nstb/images/final_test_psnr_e/test_001130_PSNR_E_9.png | PSNR: 52.50dB | SSIM: 0.9963
25-07-17 10:12:04.321 : Saved test image 1140: training_results/trans_nstb/scunet_ngswin_trans_nstb/images/final_test_psnr_e/test_001140_PSNR_E_9.png | PSNR: 54.27dB | SSIM: 0.9972
25-07-17 10:12:05.277 : Saved test image 1150: training_results/trans_nstb/scunet_ngswin_trans_nstb/images/final_test_psnr_e/test_001150_PSNR_E_9.png | PSNR: 51.49dB | SSIM: 0.9959
25-07-17 10:12:06.237 : Saved test image 1160: training_results/trans_nstb/scunet_ngswin_trans_nstb/images/final_test_psnr_e/test_001160_PSNR_E_9.png | PSNR: 48.90dB | SSIM: 0.9949
25-07-17 10:12:07.197 : Saved test image 1170: training_results/trans_nstb/scunet_ngswin_trans_nstb/images/final_test_psnr_e/test_001170_PSNR_E_9.png | PSNR: 49.17dB | SSIM: 0.9946
25-07-17 10:12:08.149 : Saved test image 1180: training_results/trans_nstb/scunet_ngswin_trans_nstb/images/final_test_psnr_e/test_001180_PSNR_E_9.png | PSNR: 49.33dB | SSIM: 0.9947
25-07-17 10:12:09.105 : Saved test image 1190: training_results/trans_nstb/scunet_ngswin_trans_nstb/images/final_test_psnr_e/test_001190_PSNR_E_9.png | PSNR: 49.85dB | SSIM: 0.9962
25-07-17 10:12:10.067 : Saved test image 1200: training_results/trans_nstb/scunet_ngswin_trans_nstb/images/final_test_psnr_e/test_001200_PSNR_E_9.png | PSNR: 52.99dB | SSIM: 0.9968
25-07-17 10:12:11.034 : Saved test image 1210: training_results/trans_nstb/scunet_ngswin_trans_nstb/images/final_test_psnr_e/test_001210_PSNR_E_9.png | PSNR: 53.33dB | SSIM: 0.9968
25-07-17 10:12:11.993 : Saved test image 1220: training_results/trans_nstb/scunet_ngswin_trans_nstb/images/final_test_psnr_e/test_001220_PSNR_E_9.png | PSNR: 53.02dB | SSIM: 0.9965
25-07-17 10:12:12.959 : Saved test image 1230: training_results/trans_nstb/scunet_ngswin_trans_nstb/images/final_test_psnr_e/test_001230_PSNR_E_9.png | PSNR: 53.37dB | SSIM: 0.9967
25-07-17 10:12:13.921 : Saved test image 1240: training_results/trans_nstb/scunet_ngswin_trans_nstb/images/final_test_psnr_e/test_001240_PSNR_E_9.png | PSNR: 51.81dB | SSIM: 0.9960
25-07-17 10:12:14.870 : Saved test image 1250: training_results/trans_nstb/scunet_ngswin_trans_nstb/images/final_test_psnr_e/test_001250_PSNR_E_9.png | PSNR: 52.23dB | SSIM: 0.9963
25-07-17 10:12:15.832 : Saved test image 1260: training_results/trans_nstb/scunet_ngswin_trans_nstb/images/final_test_psnr_e/test_001260_PSNR_E_9.png | PSNR: 53.14dB | SSIM: 0.9966
25-07-17 10:12:16.800 : Saved test image 1270: training_results/trans_nstb/scunet_ngswin_trans_nstb/images/final_test_psnr_e/test_001270_PSNR_E_9.png | PSNR: 52.95dB | SSIM: 0.9966
25-07-17 10:12:17.745 : Saved test image 1280: training_results/trans_nstb/scunet_ngswin_trans_nstb/images/final_test_psnr_e/test_001280_PSNR_E_9.png | PSNR: 52.16dB | SSIM: 0.9962
25-07-17 10:12:18.705 : Saved test image 1290: training_results/trans_nstb/scunet_ngswin_trans_nstb/images/final_test_psnr_e/test_001290_PSNR_E_9.png | PSNR: 52.00dB | SSIM: 0.9962
25-07-17 10:12:19.779 : Saved test image 1300: training_results/trans_nstb/scunet_ngswin_trans_nstb/images/final_test_psnr_e/test_001300_PSNR_E_9.png | PSNR: 48.34dB | SSIM: 0.9911
25-07-17 10:12:20.752 : Saved test image 1310: training_results/trans_nstb/scunet_ngswin_trans_nstb/images/final_test_psnr_e/test_001310_PSNR_E_9.png | PSNR: 48.75dB | SSIM: 0.9942
25-07-17 10:12:21.708 : Saved test image 1320: training_results/trans_nstb/scunet_ngswin_trans_nstb/images/final_test_psnr_e/test_001320_PSNR_E_9.png | PSNR: 49.19dB | SSIM: 0.9935
25-07-17 10:12:22.660 : Saved test image 1330: training_results/trans_nstb/scunet_ngswin_trans_nstb/images/final_test_psnr_e/test_001330_PSNR_E_9.png | PSNR: 47.17dB | SSIM: 0.9928
25-07-17 10:12:23.618 : Saved test image 1340: training_results/trans_nstb/scunet_ngswin_trans_nstb/images/final_test_psnr_e/test_001340_PSNR_E_9.png | PSNR: 46.75dB | SSIM: 0.9935
25-07-17 10:12:24.576 : Saved test image 1350: training_results/trans_nstb/scunet_ngswin_trans_nstb/images/final_test_psnr_e/test_001350_PSNR_E_9.png | PSNR: 54.54dB | SSIM: 0.9970
25-07-17 10:12:25.526 : Saved test image 1360: training_results/trans_nstb/scunet_ngswin_trans_nstb/images/final_test_psnr_e/test_001360_PSNR_E_9.png | PSNR: 50.40dB | SSIM: 0.9951
25-07-17 10:12:26.498 : Saved test image 1370: training_results/trans_nstb/scunet_ngswin_trans_nstb/images/final_test_psnr_e/test_001370_PSNR_E_9.png | PSNR: 49.60dB | SSIM: 0.9954
25-07-17 10:12:27.439 : Saved test image 1380: training_results/trans_nstb/scunet_ngswin_trans_nstb/images/final_test_psnr_e/test_001380_PSNR_E_9.png | PSNR: 49.56dB | SSIM: 0.9960
25-07-17 10:12:28.366 : Saved test image 1390: training_results/trans_nstb/scunet_ngswin_trans_nstb/images/final_test_psnr_e/test_001390_PSNR_E_9.png | PSNR: 51.68dB | SSIM: 0.9962
25-07-17 10:12:29.288 : Saved test image 1400: training_results/trans_nstb/scunet_ngswin_trans_nstb/images/final_test_psnr_e/test_001400_PSNR_E_9.png | PSNR: 49.42dB | SSIM: 0.9949
25-07-17 10:12:30.210 : Saved test image 1410: training_results/trans_nstb/scunet_ngswin_trans_nstb/images/final_test_psnr_e/test_001410_PSNR_E_9.png | PSNR: 49.43dB | SSIM: 0.9948
25-07-17 10:12:31.129 : Saved test image 1420: training_results/trans_nstb/scunet_ngswin_trans_nstb/images/final_test_psnr_e/test_001420_PSNR_E_9.png | PSNR: 51.58dB | SSIM: 0.9959
25-07-17 10:12:32.046 : Saved test image 1430: training_results/trans_nstb/scunet_ngswin_trans_nstb/images/final_test_psnr_e/test_001430_PSNR_E_9.png | PSNR: 52.04dB | SSIM: 0.9957
25-07-17 10:12:32.984 : Saved test image 1440: training_results/trans_nstb/scunet_ngswin_trans_nstb/images/final_test_psnr_e/test_001440_PSNR_E_9.png | PSNR: 52.95dB | SSIM: 0.9964
25-07-17 10:12:33.897 : Saved test image 1450: training_results/trans_nstb/scunet_ngswin_trans_nstb/images/final_test_psnr_e/test_001450_PSNR_E_9.png | PSNR: 53.03dB | SSIM: 0.9961
25-07-17 10:12:34.818 : Saved test image 1460: training_results/trans_nstb/scunet_ngswin_trans_nstb/images/final_test_psnr_e/test_001460_PSNR_E_9.png | PSNR: 53.42dB | SSIM: 0.9963
25-07-17 10:12:35.740 : Saved test image 1470: training_results/trans_nstb/scunet_ngswin_trans_nstb/images/final_test_psnr_e/test_001470_PSNR_E_9.png | PSNR: 53.09dB | SSIM: 0.9962
25-07-17 10:12:36.684 : Saved test image 1480: training_results/trans_nstb/scunet_ngswin_trans_nstb/images/final_test_psnr_e/test_001480_PSNR_E_9.png | PSNR: 53.34dB | SSIM: 0.9963
25-07-17 10:12:37.614 : Saved test image 1490: training_results/trans_nstb/scunet_ngswin_trans_nstb/images/final_test_psnr_e/test_001490_PSNR_E_9.png | PSNR: 53.95dB | SSIM: 0.9965
25-07-17 10:12:38.551 : Saved test image 1500: training_results/trans_nstb/scunet_ngswin_trans_nstb/images/final_test_psnr_e/test_001500_PSNR_E_9.png | PSNR: 53.29dB | SSIM: 0.9971
25-07-17 10:12:39.485 : Saved test image 1510: training_results/trans_nstb/scunet_ngswin_trans_nstb/images/final_test_psnr_e/test_001510_PSNR_E_9.png | PSNR: 52.14dB | SSIM: 0.9967
25-07-17 10:12:40.416 : Saved test image 1520: training_results/trans_nstb/scunet_ngswin_trans_nstb/images/final_test_psnr_e/test_001520_PSNR_E_9.png | PSNR: 48.67dB | SSIM: 0.9944
25-07-17 10:12:41.357 : Saved test image 1530: training_results/trans_nstb/scunet_ngswin_trans_nstb/images/final_test_psnr_e/test_001530_PSNR_E_9.png | PSNR: 47.43dB | SSIM: 0.9921
25-07-17 10:12:42.299 : Saved test image 1540: training_results/trans_nstb/scunet_ngswin_trans_nstb/images/final_test_psnr_e/test_001540_PSNR_E_9.png | PSNR: 48.85dB | SSIM: 0.9940
25-07-17 10:12:43.243 : Saved test image 1550: training_results/trans_nstb/scunet_ngswin_trans_nstb/images/final_test_psnr_e/test_001550_PSNR_E_9.png | PSNR: 48.67dB | SSIM: 0.9944
25-07-17 10:12:44.179 : Saved test image 1560: training_results/trans_nstb/scunet_ngswin_trans_nstb/images/final_test_psnr_e/test_001560_PSNR_E_9.png | PSNR: 49.66dB | SSIM: 0.9952
25-07-17 10:12:45.116 : Saved test image 1570: training_results/trans_nstb/scunet_ngswin_trans_nstb/images/final_test_psnr_e/test_001570_PSNR_E_9.png | PSNR: 46.87dB | SSIM: 0.9908
25-07-17 10:12:46.062 : Saved test image 1580: training_results/trans_nstb/scunet_ngswin_trans_nstb/images/final_test_psnr_e/test_001580_PSNR_E_9.png | PSNR: 48.10dB | SSIM: 0.9945
25-07-17 10:12:47.032 : Saved test image 1590: training_results/trans_nstb/scunet_ngswin_trans_nstb/images/final_test_psnr_e/test_001590_PSNR_E_9.png | PSNR: 47.61dB | SSIM: 0.9942
25-07-17 10:12:47.979 : Saved test image 1600: training_results/trans_nstb/scunet_ngswin_trans_nstb/images/final_test_psnr_e/test_001600_PSNR_E_9.png | PSNR: 48.67dB | SSIM: 0.9949
25-07-17 10:12:48.918 : Saved test image 1610: training_results/trans_nstb/scunet_ngswin_trans_nstb/images/final_test_psnr_e/test_001610_PSNR_E_9.png | PSNR: 48.88dB | SSIM: 0.9942
25-07-17 10:12:49.878 : Saved test image 1620: training_results/trans_nstb/scunet_ngswin_trans_nstb/images/final_test_psnr_e/test_001620_PSNR_E_9.png | PSNR: 49.38dB | SSIM: 0.9949
25-07-17 10:12:50.819 : Saved test image 1630: training_results/trans_nstb/scunet_ngswin_trans_nstb/images/final_test_psnr_e/test_001630_PSNR_E_9.png | PSNR: 48.20dB | SSIM: 0.9938
25-07-17 10:12:51.754 : Saved test image 1640: training_results/trans_nstb/scunet_ngswin_trans_nstb/images/final_test_psnr_e/test_001640_PSNR_E_9.png | PSNR: 48.06dB | SSIM: 0.9930
25-07-17 10:12:52.697 : Saved test image 1650: training_results/trans_nstb/scunet_ngswin_trans_nstb/images/final_test_psnr_e/test_001650_PSNR_E_9.png | PSNR: 48.29dB | SSIM: 0.9940
25-07-17 10:12:53.639 : Saved test image 1660: training_results/trans_nstb/scunet_ngswin_trans_nstb/images/final_test_psnr_e/test_001660_PSNR_E_9.png | PSNR: 47.76dB | SSIM: 0.9938
25-07-17 10:12:54.594 : Saved test image 1670: training_results/trans_nstb/scunet_ngswin_trans_nstb/images/final_test_psnr_e/test_001670_PSNR_E_9.png | PSNR: 48.00dB | SSIM: 0.9943
25-07-17 10:12:55.535 : Saved test image 1680: training_results/trans_nstb/scunet_ngswin_trans_nstb/images/final_test_psnr_e/test_001680_PSNR_E_9.png | PSNR: 48.46dB | SSIM: 0.9949
25-07-17 10:12:56.473 : Saved test image 1690: training_results/trans_nstb/scunet_ngswin_trans_nstb/images/final_test_psnr_e/test_001690_PSNR_E_9.png | PSNR: 55.27dB | SSIM: 0.9977
25-07-17 10:12:57.419 : Saved test image 1700: training_results/trans_nstb/scunet_ngswin_trans_nstb/images/final_test_psnr_e/test_001700_PSNR_E_9.png | PSNR: 50.57dB | SSIM: 0.9932
25-07-17 10:12:58.383 : Saved test image 1710: training_results/trans_nstb/scunet_ngswin_trans_nstb/images/final_test_psnr_e/test_001710_PSNR_E_9.png | PSNR: 54.37dB | SSIM: 0.9962
25-07-17 10:12:59.350 : Saved test image 1720: training_results/trans_nstb/scunet_ngswin_trans_nstb/images/final_test_psnr_e/test_001720_PSNR_E_9.png | PSNR: 49.57dB | SSIM: 0.9938
25-07-17 10:13:00.298 : Saved test image 1730: training_results/trans_nstb/scunet_ngswin_trans_nstb/images/final_test_psnr_e/test_001730_PSNR_E_9.png | PSNR: 48.99dB | SSIM: 0.9946
25-07-17 10:13:01.256 : Saved test image 1740: training_results/trans_nstb/scunet_ngswin_trans_nstb/images/final_test_psnr_e/test_001740_PSNR_E_9.png | PSNR: 48.78dB | SSIM: 0.9936
25-07-17 10:13:02.207 : Saved test image 1750: training_results/trans_nstb/scunet_ngswin_trans_nstb/images/final_test_psnr_e/test_001750_PSNR_E_9.png | PSNR: 48.87dB | SSIM: 0.9944
25-07-17 10:13:03.155 : Saved test image 1760: training_results/trans_nstb/scunet_ngswin_trans_nstb/images/final_test_psnr_e/test_001760_PSNR_E_9.png | PSNR: 49.24dB | SSIM: 0.9937
25-07-17 10:13:04.109 : Saved test image 1770: training_results/trans_nstb/scunet_ngswin_trans_nstb/images/final_test_psnr_e/test_001770_PSNR_E_9.png | PSNR: 48.82dB | SSIM: 0.9940
25-07-17 10:13:05.057 : Saved test image 1780: training_results/trans_nstb/scunet_ngswin_trans_nstb/images/final_test_psnr_e/test_001780_PSNR_E_9.png | PSNR: 49.11dB | SSIM: 0.9941
25-07-17 10:13:06.016 : Saved test image 1790: training_results/trans_nstb/scunet_ngswin_trans_nstb/images/final_test_psnr_e/test_001790_PSNR_E_9.png | PSNR: 49.16dB | SSIM: 0.9952
25-07-17 10:13:06.968 : Saved test image 1800: training_results/trans_nstb/scunet_ngswin_trans_nstb/images/final_test_psnr_e/test_001800_PSNR_E_9.png | PSNR: 55.09dB | SSIM: 0.9979
25-07-17 10:13:07.921 : Saved test image 1810: training_results/trans_nstb/scunet_ngswin_trans_nstb/images/final_test_psnr_e/test_001810_PSNR_E_9.png | PSNR: 54.16dB | SSIM: 0.9974
25-07-17 10:13:08.872 : Saved test image 1820: training_results/trans_nstb/scunet_ngswin_trans_nstb/images/final_test_psnr_e/test_001820_PSNR_E_9.png | PSNR: 52.82dB | SSIM: 0.9966
25-07-17 10:13:09.843 : Saved test image 1830: training_results/trans_nstb/scunet_ngswin_trans_nstb/images/final_test_psnr_e/test_001830_PSNR_E_9.png | PSNR: 52.13dB | SSIM: 0.9968
25-07-17 10:13:10.801 : Saved test image 1840: training_results/trans_nstb/scunet_ngswin_trans_nstb/images/final_test_psnr_e/test_001840_PSNR_E_9.png | PSNR: 48.97dB | SSIM: 0.9943
25-07-17 10:13:11.770 : Saved test image 1850: training_results/trans_nstb/scunet_ngswin_trans_nstb/images/final_test_psnr_e/test_001850_PSNR_E_9.png | PSNR: 47.53dB | SSIM: 0.9929
25-07-17 10:13:12.739 : Saved test image 1860: training_results/trans_nstb/scunet_ngswin_trans_nstb/images/final_test_psnr_e/test_001860_PSNR_E_9.png | PSNR: 46.91dB | SSIM: 0.9922
25-07-17 10:13:13.697 : Saved test image 1870: training_results/trans_nstb/scunet_ngswin_trans_nstb/images/final_test_psnr_e/test_001870_PSNR_E_9.png | PSNR: 47.73dB | SSIM: 0.9928
25-07-17 10:13:14.644 : Saved test image 1880: training_results/trans_nstb/scunet_ngswin_trans_nstb/images/final_test_psnr_e/test_001880_PSNR_E_9.png | PSNR: 47.36dB | SSIM: 0.9928
25-07-17 10:13:15.594 : Saved test image 1890: training_results/trans_nstb/scunet_ngswin_trans_nstb/images/final_test_psnr_e/test_001890_PSNR_E_9.png | PSNR: 47.30dB | SSIM: 0.9932
25-07-17 10:13:16.541 : Saved test image 1900: training_results/trans_nstb/scunet_ngswin_trans_nstb/images/final_test_psnr_e/test_001900_PSNR_E_9.png | PSNR: 52.68dB | SSIM: 0.9966
25-07-17 10:13:17.491 : Saved test image 1910: training_results/trans_nstb/scunet_ngswin_trans_nstb/images/final_test_psnr_e/test_001910_PSNR_E_9.png | PSNR: 53.51dB | SSIM: 0.9969
25-07-17 10:13:18.433 : Saved test image 1920: training_results/trans_nstb/scunet_ngswin_trans_nstb/images/final_test_psnr_e/test_001920_PSNR_E_9.png | PSNR: 53.64dB | SSIM: 0.9967
25-07-17 10:13:19.499 : Saved test image 1930: training_results/trans_nstb/scunet_ngswin_trans_nstb/images/final_test_psnr_e/test_001930_PSNR_E_9.png | PSNR: 53.51dB | SSIM: 0.9964
25-07-17 10:13:20.469 : Saved test image 1940: training_results/trans_nstb/scunet_ngswin_trans_nstb/images/final_test_psnr_e/test_001940_PSNR_E_9.png | PSNR: 53.56dB | SSIM: 0.9964
25-07-17 10:13:21.422 : Saved test image 1950: training_results/trans_nstb/scunet_ngswin_trans_nstb/images/final_test_psnr_e/test_001950_PSNR_E_9.png | PSNR: 54.30dB | SSIM: 0.9967
25-07-17 10:13:22.373 : Saved test image 1960: training_results/trans_nstb/scunet_ngswin_trans_nstb/images/final_test_psnr_e/test_001960_PSNR_E_9.png | PSNR: 53.84dB | SSIM: 0.9965
25-07-17 10:13:23.320 : Saved test image 1970: training_results/trans_nstb/scunet_ngswin_trans_nstb/images/final_test_psnr_e/test_001970_PSNR_E_9.png | PSNR: 53.12dB | SSIM: 0.9961
25-07-17 10:13:24.263 : Saved test image 1980: training_results/trans_nstb/scunet_ngswin_trans_nstb/images/final_test_psnr_e/test_001980_PSNR_E_9.png | PSNR: 52.50dB | SSIM: 0.9959
25-07-17 10:13:25.211 : Saved test image 1990: training_results/trans_nstb/scunet_ngswin_trans_nstb/images/final_test_psnr_e/test_001990_PSNR_E_9.png | PSNR: 51.57dB | SSIM: 0.9957
25-07-17 10:13:26.147 : Saved test image 2000: training_results/trans_nstb/scunet_ngswin_trans_nstb/images/final_test_psnr_e/test_002000_PSNR_E_9.png | PSNR: 51.65dB | SSIM: 0.9956
25-07-17 10:13:26.172 : ------------------------------------------------------------
25-07-17 10:13:26.172 : PSNR_E RESULTS:
25-07-17 10:13:26.172 : Avg PSNR: 47.6170dB, Avg SSIM: 0.992313
25-07-17 10:13:26.172 : Images saved: 200 (every 10th)
25-07-17 10:13:26.172 : Test images directory: training_results/trans_nstb/scunet_ngswin_trans_nstb/images/final_test_psnr_e
25-07-17 10:13:26.172 : ------------------------------------------------------------
25-07-17 10:13:26.172 : ------------------------------------------------------------
25-07-17 10:13:26.172 : Testing checkpoint: PSNR_G (psnr_G.pth)
25-07-17 10:13:26.172 : ------------------------------------------------------------
25-07-17 10:13:26.172 : Loading checkpoint: training_results/trans_nstb/scunet_ngswin_trans_nstb/models/psnr_G.pth
25-07-17 10:13:27.237 : Saved test image 10: training_results/trans_nstb/scunet_ngswin_trans_nstb/images/final_test_psnr_g/test_000010_PSNR_G_9.png | PSNR: 52.46dB | SSIM: 0.9966
25-07-17 10:13:28.189 : Saved test image 20: training_results/trans_nstb/scunet_ngswin_trans_nstb/images/final_test_psnr_g/test_000020_PSNR_G_9.png | PSNR: 51.64dB | SSIM: 0.9963
25-07-17 10:13:29.132 : Saved test image 30: training_results/trans_nstb/scunet_ngswin_trans_nstb/images/final_test_psnr_g/test_000030_PSNR_G_9.png | PSNR: 50.97dB | SSIM: 0.9960
25-07-17 10:13:30.072 : Saved test image 40: training_results/trans_nstb/scunet_ngswin_trans_nstb/images/final_test_psnr_g/test_000040_PSNR_G_9.png | PSNR: 53.10dB | SSIM: 0.9969
25-07-17 10:13:31.011 : Saved test image 50: training_results/trans_nstb/scunet_ngswin_trans_nstb/images/final_test_psnr_g/test_000050_PSNR_G_9.png | PSNR: 48.98dB | SSIM: 0.9949
25-07-17 10:13:31.952 : Saved test image 60: training_results/trans_nstb/scunet_ngswin_trans_nstb/images/final_test_psnr_g/test_000060_PSNR_G_9.png | PSNR: 49.46dB | SSIM: 0.9952
25-07-17 10:13:32.901 : Saved test image 70: training_results/trans_nstb/scunet_ngswin_trans_nstb/images/final_test_psnr_g/test_000070_PSNR_G_9.png | PSNR: 52.33dB | SSIM: 0.9959
25-07-17 10:13:33.838 : Saved test image 80: training_results/trans_nstb/scunet_ngswin_trans_nstb/images/final_test_psnr_g/test_000080_PSNR_G_9.png | PSNR: 51.41dB | SSIM: 0.9955
25-07-17 10:13:34.792 : Saved test image 90: training_results/trans_nstb/scunet_ngswin_trans_nstb/images/final_test_psnr_g/test_000090_PSNR_G_9.png | PSNR: 48.31dB | SSIM: 0.9941
25-07-17 10:13:35.744 : Saved test image 100: training_results/trans_nstb/scunet_ngswin_trans_nstb/images/final_test_psnr_g/test_000100_PSNR_G_9.png | PSNR: 47.73dB | SSIM: 0.9941
25-07-17 10:13:36.693 : Saved test image 110: training_results/trans_nstb/scunet_ngswin_trans_nstb/images/final_test_psnr_g/test_000110_PSNR_G_9.png | PSNR: 48.54dB | SSIM: 0.9945
25-07-17 10:13:37.645 : Saved test image 120: training_results/trans_nstb/scunet_ngswin_trans_nstb/images/final_test_psnr_g/test_000120_PSNR_G_9.png | PSNR: 48.14dB | SSIM: 0.9943
25-07-17 10:13:38.587 : Saved test image 130: training_results/trans_nstb/scunet_ngswin_trans_nstb/images/final_test_psnr_g/test_000130_PSNR_G_9.png | PSNR: 50.66dB | SSIM: 0.9955
25-07-17 10:13:39.529 : Saved test image 140: training_results/trans_nstb/scunet_ngswin_trans_nstb/images/final_test_psnr_g/test_000140_PSNR_G_9.png | PSNR: 51.25dB | SSIM: 0.9957
25-07-17 10:13:40.482 : Saved test image 150: training_results/trans_nstb/scunet_ngswin_trans_nstb/images/final_test_psnr_g/test_000150_PSNR_G_9.png | PSNR: 51.49dB | SSIM: 0.9960
25-07-17 10:13:41.423 : Saved test image 160: training_results/trans_nstb/scunet_ngswin_trans_nstb/images/final_test_psnr_g/test_000160_PSNR_G_9.png | PSNR: 53.69dB | SSIM: 0.9970
25-07-17 10:13:42.390 : Saved test image 170: training_results/trans_nstb/scunet_ngswin_trans_nstb/images/final_test_psnr_g/test_000170_PSNR_G_9.png | PSNR: 45.40dB | SSIM: 0.9930
25-07-17 10:13:43.338 : Saved test image 180: training_results/trans_nstb/scunet_ngswin_trans_nstb/images/final_test_psnr_g/test_000180_PSNR_G_9.png | PSNR: 47.28dB | SSIM: 0.9936
25-07-17 10:13:44.288 : Saved test image 190: training_results/trans_nstb/scunet_ngswin_trans_nstb/images/final_test_psnr_g/test_000190_PSNR_G_9.png | PSNR: 48.94dB | SSIM: 0.9947
25-07-17 10:13:45.243 : Saved test image 200: training_results/trans_nstb/scunet_ngswin_trans_nstb/images/final_test_psnr_g/test_000200_PSNR_G_9.png | PSNR: 49.22dB | SSIM: 0.9953
25-07-17 10:13:46.193 : Saved test image 210: training_results/trans_nstb/scunet_ngswin_trans_nstb/images/final_test_psnr_g/test_000210_PSNR_G_9.png | PSNR: 48.67dB | SSIM: 0.9950
25-07-17 10:13:47.148 : Saved test image 220: training_results/trans_nstb/scunet_ngswin_trans_nstb/images/final_test_psnr_g/test_000220_PSNR_G_9.png | PSNR: 50.69dB | SSIM: 0.9962
25-07-17 10:13:48.099 : Saved test image 230: training_results/trans_nstb/scunet_ngswin_trans_nstb/images/final_test_psnr_g/test_000230_PSNR_G_9.png | PSNR: 50.39dB | SSIM: 0.9958
25-07-17 10:13:49.051 : Saved test image 240: training_results/trans_nstb/scunet_ngswin_trans_nstb/images/final_test_psnr_g/test_000240_PSNR_G_9.png | PSNR: 50.33dB | SSIM: 0.9958
25-07-17 10:13:50.003 : Saved test image 250: training_results/trans_nstb/scunet_ngswin_trans_nstb/images/final_test_psnr_g/test_000250_PSNR_G_9.png | PSNR: 50.18dB | SSIM: 0.9958
25-07-17 10:13:50.944 : Saved test image 260: training_results/trans_nstb/scunet_ngswin_trans_nstb/images/final_test_psnr_g/test_000260_PSNR_G_9.png | PSNR: 50.44dB | SSIM: 0.9957
25-07-17 10:13:51.886 : Saved test image 270: training_results/trans_nstb/scunet_ngswin_trans_nstb/images/final_test_psnr_g/test_000270_PSNR_G_9.png | PSNR: 50.69dB | SSIM: 0.9962
25-07-17 10:13:52.831 : Saved test image 280: training_results/trans_nstb/scunet_ngswin_trans_nstb/images/final_test_psnr_g/test_000280_PSNR_G_9.png | PSNR: 49.60dB | SSIM: 0.9954
25-07-17 10:13:53.773 : Saved test image 290: training_results/trans_nstb/scunet_ngswin_trans_nstb/images/final_test_psnr_g/test_000290_PSNR_G_9.png | PSNR: 50.36dB | SSIM: 0.9957
25-07-17 10:13:54.731 : Saved test image 300: training_results/trans_nstb/scunet_ngswin_trans_nstb/images/final_test_psnr_g/test_000300_PSNR_G_9.png | PSNR: 49.47dB | SSIM: 0.9951
25-07-17 10:13:55.671 : Saved test image 310: training_results/trans_nstb/scunet_ngswin_trans_nstb/images/final_test_psnr_g/test_000310_PSNR_G_9.png | PSNR: 51.06dB | SSIM: 0.9960
25-07-17 10:13:56.614 : Saved test image 320: training_results/trans_nstb/scunet_ngswin_trans_nstb/images/final_test_psnr_g/test_000320_PSNR_G_9.png | PSNR: 50.11dB | SSIM: 0.9959
25-07-17 10:13:57.555 : Saved test image 330: training_results/trans_nstb/scunet_ngswin_trans_nstb/images/final_test_psnr_g/test_000330_PSNR_G_9.png | PSNR: 52.22dB | SSIM: 0.9965
25-07-17 10:13:58.495 : Saved test image 340: training_results/trans_nstb/scunet_ngswin_trans_nstb/images/final_test_psnr_g/test_000340_PSNR_G_9.png | PSNR: 51.40dB | SSIM: 0.9964
25-07-17 10:13:59.441 : Saved test image 350: training_results/trans_nstb/scunet_ngswin_trans_nstb/images/final_test_psnr_g/test_000350_PSNR_G_9.png | PSNR: 48.90dB | SSIM: 0.9945
25-07-17 10:14:00.384 : Saved test image 360: training_results/trans_nstb/scunet_ngswin_trans_nstb/images/final_test_psnr_g/test_000360_PSNR_G_9.png | PSNR: 48.97dB | SSIM: 0.9946
25-07-17 10:14:01.326 : Saved test image 370: training_results/trans_nstb/scunet_ngswin_trans_nstb/images/final_test_psnr_g/test_000370_PSNR_G_9.png | PSNR: 48.18dB | SSIM: 0.9940
25-07-17 10:14:02.272 : Saved test image 380: training_results/trans_nstb/scunet_ngswin_trans_nstb/images/final_test_psnr_g/test_000380_PSNR_G_9.png | PSNR: 49.66dB | SSIM: 0.9950
25-07-17 10:14:03.224 : Saved test image 390: training_results/trans_nstb/scunet_ngswin_trans_nstb/images/final_test_psnr_g/test_000390_PSNR_G_9.png | PSNR: 48.04dB | SSIM: 0.9942
25-07-17 10:14:04.169 : Saved test image 400: training_results/trans_nstb/scunet_ngswin_trans_nstb/images/final_test_psnr_g/test_000400_PSNR_G_9.png | PSNR: 50.94dB | SSIM: 0.9959
25-07-17 10:14:05.120 : Saved test image 410: training_results/trans_nstb/scunet_ngswin_trans_nstb/images/final_test_psnr_g/test_000410_PSNR_G_9.png | PSNR: 46.29dB | SSIM: 0.9891
25-07-17 10:14:06.076 : Saved test image 420: training_results/trans_nstb/scunet_ngswin_trans_nstb/images/final_test_psnr_g/test_000420_PSNR_G_9.png | PSNR: 44.28dB | SSIM: 0.9901
25-07-17 10:14:07.039 : Saved test image 430: training_results/trans_nstb/scunet_ngswin_trans_nstb/images/final_test_psnr_g/test_000430_PSNR_G_9.png | PSNR: 48.33dB | SSIM: 0.9943
25-07-17 10:14:07.979 : Saved test image 440: training_results/trans_nstb/scunet_ngswin_trans_nstb/images/final_test_psnr_g/test_000440_PSNR_G_9.png | PSNR: 47.18dB | SSIM: 0.9930
25-07-17 10:14:08.934 : Saved test image 450: training_results/trans_nstb/scunet_ngswin_trans_nstb/images/final_test_psnr_g/test_000450_PSNR_G_9.png | PSNR: 46.90dB | SSIM: 0.9906
25-07-17 10:14:09.883 : Saved test image 460: training_results/trans_nstb/scunet_ngswin_trans_nstb/images/final_test_psnr_g/test_000460_PSNR_G_9.png | PSNR: 43.56dB | SSIM: 0.9902
25-07-17 10:14:10.831 : Saved test image 470: training_results/trans_nstb/scunet_ngswin_trans_nstb/images/final_test_psnr_g/test_000470_PSNR_G_9.png | PSNR: 48.71dB | SSIM: 0.9936
25-07-17 10:14:11.862 : Saved test image 480: training_results/trans_nstb/scunet_ngswin_trans_nstb/images/final_test_psnr_g/test_000480_PSNR_G_9.png | PSNR: 45.24dB | SSIM: 0.9915
25-07-17 10:14:12.828 : Saved test image 490: training_results/trans_nstb/scunet_ngswin_trans_nstb/images/final_test_psnr_g/test_000490_PSNR_G_9.png | PSNR: 49.12dB | SSIM: 0.9933
25-07-17 10:14:13.779 : Saved test image 500: training_results/trans_nstb/scunet_ngswin_trans_nstb/images/final_test_psnr_g/test_000500_PSNR_G_9.png | PSNR: 49.19dB | SSIM: 0.9925
25-07-17 10:14:14.731 : Saved test image 510: training_results/trans_nstb/scunet_ngswin_trans_nstb/images/final_test_psnr_g/test_000510_PSNR_G_9.png | PSNR: 48.32dB | SSIM: 0.9950
25-07-17 10:14:15.685 : Saved test image 520: training_results/trans_nstb/scunet_ngswin_trans_nstb/images/final_test_psnr_g/test_000520_PSNR_G_9.png | PSNR: 51.52dB | SSIM: 0.9962
25-07-17 10:14:16.639 : Saved test image 530: training_results/trans_nstb/scunet_ngswin_trans_nstb/images/final_test_psnr_g/test_000530_PSNR_G_9.png | PSNR: 46.73dB | SSIM: 0.9907
25-07-17 10:14:17.611 : Saved test image 540: training_results/trans_nstb/scunet_ngswin_trans_nstb/images/final_test_psnr_g/test_000540_PSNR_G_9.png | PSNR: 48.74dB | SSIM: 0.9931
25-07-17 10:14:18.560 : Saved test image 550: training_results/trans_nstb/scunet_ngswin_trans_nstb/images/final_test_psnr_g/test_000550_PSNR_G_9.png | PSNR: 47.97dB | SSIM: 0.9946
25-07-17 10:14:19.639 : Saved test image 560: training_results/trans_nstb/scunet_ngswin_trans_nstb/images/final_test_psnr_g/test_000560_PSNR_G_9.png | PSNR: 44.72dB | SSIM: 0.9885
25-07-17 10:14:20.606 : Saved test image 570: training_results/trans_nstb/scunet_ngswin_trans_nstb/images/final_test_psnr_g/test_000570_PSNR_G_9.png | PSNR: 47.58dB | SSIM: 0.9927
25-07-17 10:14:21.573 : Saved test image 580: training_results/trans_nstb/scunet_ngswin_trans_nstb/images/final_test_psnr_g/test_000580_PSNR_G_9.png | PSNR: 48.57dB | SSIM: 0.9936
25-07-17 10:14:22.541 : Saved test image 590: training_results/trans_nstb/scunet_ngswin_trans_nstb/images/final_test_psnr_g/test_000590_PSNR_G_9.png | PSNR: 48.37dB | SSIM: 0.9943
25-07-17 10:14:23.492 : Saved test image 600: training_results/trans_nstb/scunet_ngswin_trans_nstb/images/final_test_psnr_g/test_000600_PSNR_G_9.png | PSNR: 50.60dB | SSIM: 0.9953
25-07-17 10:14:24.456 : Saved test image 610: training_results/trans_nstb/scunet_ngswin_trans_nstb/images/final_test_psnr_g/test_000610_PSNR_G_9.png | PSNR: 47.03dB | SSIM: 0.9937
25-07-17 10:14:25.409 : Saved test image 620: training_results/trans_nstb/scunet_ngswin_trans_nstb/images/final_test_psnr_g/test_000620_PSNR_G_9.png | PSNR: 48.96dB | SSIM: 0.9952
25-07-17 10:14:26.364 : Saved test image 630: training_results/trans_nstb/scunet_ngswin_trans_nstb/images/final_test_psnr_g/test_000630_PSNR_G_9.png | PSNR: 49.57dB | SSIM: 0.9957
25-07-17 10:14:27.319 : Saved test image 640: training_results/trans_nstb/scunet_ngswin_trans_nstb/images/final_test_psnr_g/test_000640_PSNR_G_9.png | PSNR: 48.28dB | SSIM: 0.9951
25-07-17 10:14:28.269 : Saved test image 650: training_results/trans_nstb/scunet_ngswin_trans_nstb/images/final_test_psnr_g/test_000650_PSNR_G_9.png | PSNR: 52.81dB | SSIM: 0.9961
25-07-17 10:14:29.228 : Saved test image 660: training_results/trans_nstb/scunet_ngswin_trans_nstb/images/final_test_psnr_g/test_000660_PSNR_G_9.png | PSNR: 52.14dB | SSIM: 0.9957
25-07-17 10:14:30.187 : Saved test image 670: training_results/trans_nstb/scunet_ngswin_trans_nstb/images/final_test_psnr_g/test_000670_PSNR_G_9.png | PSNR: 52.27dB | SSIM: 0.9959
25-07-17 10:14:31.164 : Saved test image 680: training_results/trans_nstb/scunet_ngswin_trans_nstb/images/final_test_psnr_g/test_000680_PSNR_G_9.png | PSNR: 52.44dB | SSIM: 0.9962
25-07-17 10:14:32.140 : Saved test image 690: training_results/trans_nstb/scunet_ngswin_trans_nstb/images/final_test_psnr_g/test_000690_PSNR_G_9.png | PSNR: 52.00dB | SSIM: 0.9960
25-07-17 10:14:33.103 : Saved test image 700: training_results/trans_nstb/scunet_ngswin_trans_nstb/images/final_test_psnr_g/test_000700_PSNR_G_9.png | PSNR: 52.31dB | SSIM: 0.9959
25-07-17 10:14:34.070 : Saved test image 710: training_results/trans_nstb/scunet_ngswin_trans_nstb/images/final_test_psnr_g/test_000710_PSNR_G_9.png | PSNR: 51.46dB | SSIM: 0.9959
25-07-17 10:14:35.027 : Saved test image 720: training_results/trans_nstb/scunet_ngswin_trans_nstb/images/final_test_psnr_g/test_000720_PSNR_G_9.png | PSNR: 53.56dB | SSIM: 0.9972
25-07-17 10:14:35.969 : Saved test image 730: training_results/trans_nstb/scunet_ngswin_trans_nstb/images/final_test_psnr_g/test_000730_PSNR_G_9.png | PSNR: 52.12dB | SSIM: 0.9967
25-07-17 10:14:36.932 : Saved test image 740: training_results/trans_nstb/scunet_ngswin_trans_nstb/images/final_test_psnr_g/test_000740_PSNR_G_9.png | PSNR: 49.49dB | SSIM: 0.9942
25-07-17 10:14:37.878 : Saved test image 750: training_results/trans_nstb/scunet_ngswin_trans_nstb/images/final_test_psnr_g/test_000750_PSNR_G_9.png | PSNR: 49.09dB | SSIM: 0.9924
25-07-17 10:14:38.831 : Saved test image 760: training_results/trans_nstb/scunet_ngswin_trans_nstb/images/final_test_psnr_g/test_000760_PSNR_G_9.png | PSNR: 49.25dB | SSIM: 0.9936
25-07-17 10:14:39.787 : Saved test image 770: training_results/trans_nstb/scunet_ngswin_trans_nstb/images/final_test_psnr_g/test_000770_PSNR_G_9.png | PSNR: 49.37dB | SSIM: 0.9941
25-07-17 10:14:40.736 : Saved test image 780: training_results/trans_nstb/scunet_ngswin_trans_nstb/images/final_test_psnr_g/test_000780_PSNR_G_9.png | PSNR: 49.49dB | SSIM: 0.9940
25-07-17 10:14:41.683 : Saved test image 790: training_results/trans_nstb/scunet_ngswin_trans_nstb/images/final_test_psnr_g/test_000790_PSNR_G_9.png | PSNR: 48.73dB | SSIM: 0.9929
25-07-17 10:14:42.628 : Saved test image 800: training_results/trans_nstb/scunet_ngswin_trans_nstb/images/final_test_psnr_g/test_000800_PSNR_G_9.png | PSNR: 49.41dB | SSIM: 0.9950
25-07-17 10:14:43.573 : Saved test image 810: training_results/trans_nstb/scunet_ngswin_trans_nstb/images/final_test_psnr_g/test_000810_PSNR_G_9.png | PSNR: 47.98dB | SSIM: 0.9945
25-07-17 10:14:44.530 : Saved test image 820: training_results/trans_nstb/scunet_ngswin_trans_nstb/images/final_test_psnr_g/test_000820_PSNR_G_9.png | PSNR: 48.40dB | SSIM: 0.9936
25-07-17 10:14:45.493 : Saved test image 830: training_results/trans_nstb/scunet_ngswin_trans_nstb/images/final_test_psnr_g/test_000830_PSNR_G_9.png | PSNR: 48.66dB | SSIM: 0.9926
25-07-17 10:14:46.458 : Saved test image 840: training_results/trans_nstb/scunet_ngswin_trans_nstb/images/final_test_psnr_g/test_000840_PSNR_G_9.png | PSNR: 47.46dB | SSIM: 0.9938
25-07-17 10:14:47.421 : Saved test image 850: training_results/trans_nstb/scunet_ngswin_trans_nstb/images/final_test_psnr_g/test_000850_PSNR_G_9.png | PSNR: 48.33dB | SSIM: 0.9944
25-07-17 10:14:48.385 : Saved test image 860: training_results/trans_nstb/scunet_ngswin_trans_nstb/images/final_test_psnr_g/test_000860_PSNR_G_9.png | PSNR: 49.38dB | SSIM: 0.9944
25-07-17 10:14:49.366 : Saved test image 870: training_results/trans_nstb/scunet_ngswin_trans_nstb/images/final_test_psnr_g/test_000870_PSNR_G_9.png | PSNR: 49.21dB | SSIM: 0.9940
25-07-17 10:14:50.339 : Saved test image 880: training_results/trans_nstb/scunet_ngswin_trans_nstb/images/final_test_psnr_g/test_000880_PSNR_G_9.png | PSNR: 45.83dB | SSIM: 0.9914
25-07-17 10:14:51.338 : Saved test image 890: training_results/trans_nstb/scunet_ngswin_trans_nstb/images/final_test_psnr_g/test_000890_PSNR_G_9.png | PSNR: 47.60dB | SSIM: 0.9921
25-07-17 10:14:52.572 : Saved test image 900: training_results/trans_nstb/scunet_ngswin_trans_nstb/images/final_test_psnr_g/test_000900_PSNR_G_9.png | PSNR: 45.99dB | SSIM: 0.9911
25-07-17 10:14:53.541 : Saved test image 910: training_results/trans_nstb/scunet_ngswin_trans_nstb/images/final_test_psnr_g/test_000910_PSNR_G_9.png | PSNR: 46.13dB | SSIM: 0.9918
25-07-17 10:14:54.509 : Saved test image 920: training_results/trans_nstb/scunet_ngswin_trans_nstb/images/final_test_psnr_g/test_000920_PSNR_G_9.png | PSNR: 47.58dB | SSIM: 0.9929
25-07-17 10:14:55.469 : Saved test image 930: training_results/trans_nstb/scunet_ngswin_trans_nstb/images/final_test_psnr_g/test_000930_PSNR_G_9.png | PSNR: 48.96dB | SSIM: 0.9931
25-07-17 10:14:56.428 : Saved test image 940: training_results/trans_nstb/scunet_ngswin_trans_nstb/images/final_test_psnr_g/test_000940_PSNR_G_9.png | PSNR: 47.16dB | SSIM: 0.9910
25-07-17 10:14:57.380 : Saved test image 950: training_results/trans_nstb/scunet_ngswin_trans_nstb/images/final_test_psnr_g/test_000950_PSNR_G_9.png | PSNR: 47.70dB | SSIM: 0.9920
25-07-17 10:14:58.337 : Saved test image 960: training_results/trans_nstb/scunet_ngswin_trans_nstb/images/final_test_psnr_g/test_000960_PSNR_G_9.png | PSNR: 46.73dB | SSIM: 0.9922
25-07-17 10:14:59.288 : Saved test image 970: training_results/trans_nstb/scunet_ngswin_trans_nstb/images/final_test_psnr_g/test_000970_PSNR_G_9.png | PSNR: 45.34dB | SSIM: 0.9917
25-07-17 10:15:00.227 : Saved test image 980: training_results/trans_nstb/scunet_ngswin_trans_nstb/images/final_test_psnr_g/test_000980_PSNR_G_9.png | PSNR: 48.41dB | SSIM: 0.9937
25-07-17 10:15:01.179 : Saved test image 990: training_results/trans_nstb/scunet_ngswin_trans_nstb/images/final_test_psnr_g/test_000990_PSNR_G_9.png | PSNR: 53.82dB | SSIM: 0.9968
25-07-17 10:15:02.124 : Saved test image 1000: training_results/trans_nstb/scunet_ngswin_trans_nstb/images/final_test_psnr_g/test_001000_PSNR_G_9.png | PSNR: 53.06dB | SSIM: 0.9964
25-07-17 10:15:03.071 : Saved test image 1010: training_results/trans_nstb/scunet_ngswin_trans_nstb/images/final_test_psnr_g/test_001010_PSNR_G_9.png | PSNR: 52.18dB | SSIM: 0.9958
25-07-17 10:15:04.029 : Saved test image 1020: training_results/trans_nstb/scunet_ngswin_trans_nstb/images/final_test_psnr_g/test_001020_PSNR_G_9.png | PSNR: 51.95dB | SSIM: 0.9956
25-07-17 10:15:04.977 : Saved test image 1030: training_results/trans_nstb/scunet_ngswin_trans_nstb/images/final_test_psnr_g/test_001030_PSNR_G_9.png | PSNR: 49.96dB | SSIM: 0.9954
25-07-17 10:15:05.934 : Saved test image 1040: training_results/trans_nstb/scunet_ngswin_trans_nstb/images/final_test_psnr_g/test_001040_PSNR_G_9.png | PSNR: 51.52dB | SSIM: 0.9957
25-07-17 10:15:06.880 : Saved test image 1050: training_results/trans_nstb/scunet_ngswin_trans_nstb/images/final_test_psnr_g/test_001050_PSNR_G_9.png | PSNR: 51.82dB | SSIM: 0.9957
25-07-17 10:15:07.829 : Saved test image 1060: training_results/trans_nstb/scunet_ngswin_trans_nstb/images/final_test_psnr_g/test_001060_PSNR_G_9.png | PSNR: 50.42dB | SSIM: 0.9951
25-07-17 10:15:08.777 : Saved test image 1070: training_results/trans_nstb/scunet_ngswin_trans_nstb/images/final_test_psnr_g/test_001070_PSNR_G_9.png | PSNR: 49.95dB | SSIM: 0.9948
25-07-17 10:15:09.731 : Saved test image 1080: training_results/trans_nstb/scunet_ngswin_trans_nstb/images/final_test_psnr_g/test_001080_PSNR_G_9.png | PSNR: 49.82dB | SSIM: 0.9948
25-07-17 10:15:10.776 : Saved test image 1090: training_results/trans_nstb/scunet_ngswin_trans_nstb/images/final_test_psnr_g/test_001090_PSNR_G_9.png | PSNR: 50.66dB | SSIM: 0.9952
25-07-17 10:15:11.757 : Saved test image 1100: training_results/trans_nstb/scunet_ngswin_trans_nstb/images/final_test_psnr_g/test_001100_PSNR_G_9.png | PSNR: 53.00dB | SSIM: 0.9964
25-07-17 10:15:12.712 : Saved test image 1110: training_results/trans_nstb/scunet_ngswin_trans_nstb/images/final_test_psnr_g/test_001110_PSNR_G_9.png | PSNR: 50.15dB | SSIM: 0.9942
25-07-17 10:15:13.670 : Saved test image 1120: training_results/trans_nstb/scunet_ngswin_trans_nstb/images/final_test_psnr_g/test_001120_PSNR_G_9.png | PSNR: 52.36dB | SSIM: 0.9962
25-07-17 10:15:14.631 : Saved test image 1130: training_results/trans_nstb/scunet_ngswin_trans_nstb/images/final_test_psnr_g/test_001130_PSNR_G_9.png | PSNR: 52.53dB | SSIM: 0.9964
25-07-17 10:15:15.596 : Saved test image 1140: training_results/trans_nstb/scunet_ngswin_trans_nstb/images/final_test_psnr_g/test_001140_PSNR_G_9.png | PSNR: 54.28dB | SSIM: 0.9972
25-07-17 10:15:16.554 : Saved test image 1150: training_results/trans_nstb/scunet_ngswin_trans_nstb/images/final_test_psnr_g/test_001150_PSNR_G_9.png | PSNR: 51.54dB | SSIM: 0.9959
25-07-17 10:15:17.520 : Saved test image 1160: training_results/trans_nstb/scunet_ngswin_trans_nstb/images/final_test_psnr_g/test_001160_PSNR_G_9.png | PSNR: 48.87dB | SSIM: 0.9948
25-07-17 10:15:18.479 : Saved test image 1170: training_results/trans_nstb/scunet_ngswin_trans_nstb/images/final_test_psnr_g/test_001170_PSNR_G_9.png | PSNR: 49.18dB | SSIM: 0.9946
25-07-17 10:15:19.437 : Saved test image 1180: training_results/trans_nstb/scunet_ngswin_trans_nstb/images/final_test_psnr_g/test_001180_PSNR_G_9.png | PSNR: 49.23dB | SSIM: 0.9947
25-07-17 10:15:20.487 : Saved test image 1190: training_results/trans_nstb/scunet_ngswin_trans_nstb/images/final_test_psnr_g/test_001190_PSNR_G_9.png | PSNR: 49.82dB | SSIM: 0.9961
25-07-17 10:15:21.459 : Saved test image 1200: training_results/trans_nstb/scunet_ngswin_trans_nstb/images/final_test_psnr_g/test_001200_PSNR_G_9.png | PSNR: 52.99dB | SSIM: 0.9968
25-07-17 10:15:22.411 : Saved test image 1210: training_results/trans_nstb/scunet_ngswin_trans_nstb/images/final_test_psnr_g/test_001210_PSNR_G_9.png | PSNR: 53.34dB | SSIM: 0.9968
25-07-17 10:15:23.370 : Saved test image 1220: training_results/trans_nstb/scunet_ngswin_trans_nstb/images/final_test_psnr_g/test_001220_PSNR_G_9.png | PSNR: 53.03dB | SSIM: 0.9965
25-07-17 10:15:24.323 : Saved test image 1230: training_results/trans_nstb/scunet_ngswin_trans_nstb/images/final_test_psnr_g/test_001230_PSNR_G_9.png | PSNR: 53.35dB | SSIM: 0.9967
25-07-17 10:15:25.292 : Saved test image 1240: training_results/trans_nstb/scunet_ngswin_trans_nstb/images/final_test_psnr_g/test_001240_PSNR_G_9.png | PSNR: 51.82dB | SSIM: 0.9960
25-07-17 10:15:26.271 : Saved test image 1250: training_results/trans_nstb/scunet_ngswin_trans_nstb/images/final_test_psnr_g/test_001250_PSNR_G_9.png | PSNR: 52.25dB | SSIM: 0.9963
25-07-17 10:15:27.238 : Saved test image 1260: training_results/trans_nstb/scunet_ngswin_trans_nstb/images/final_test_psnr_g/test_001260_PSNR_G_9.png | PSNR: 53.15dB | SSIM: 0.9966
25-07-17 10:15:28.199 : Saved test image 1270: training_results/trans_nstb/scunet_ngswin_trans_nstb/images/final_test_psnr_g/test_001270_PSNR_G_9.png | PSNR: 52.95dB | SSIM: 0.9966
25-07-17 10:15:29.148 : Saved test image 1280: training_results/trans_nstb/scunet_ngswin_trans_nstb/images/final_test_psnr_g/test_001280_PSNR_G_9.png | PSNR: 52.16dB | SSIM: 0.9962
25-07-17 10:15:30.104 : Saved test image 1290: training_results/trans_nstb/scunet_ngswin_trans_nstb/images/final_test_psnr_g/test_001290_PSNR_G_9.png | PSNR: 51.97dB | SSIM: 0.9961
25-07-17 10:15:31.063 : Saved test image 1300: training_results/trans_nstb/scunet_ngswin_trans_nstb/images/final_test_psnr_g/test_001300_PSNR_G_9.png | PSNR: 48.34dB | SSIM: 0.9911
25-07-17 10:15:32.013 : Saved test image 1310: training_results/trans_nstb/scunet_ngswin_trans_nstb/images/final_test_psnr_g/test_001310_PSNR_G_9.png | PSNR: 48.75dB | SSIM: 0.9942
25-07-17 10:15:32.972 : Saved test image 1320: training_results/trans_nstb/scunet_ngswin_trans_nstb/images/final_test_psnr_g/test_001320_PSNR_G_9.png | PSNR: 49.17dB | SSIM: 0.9934
25-07-17 10:15:33.925 : Saved test image 1330: training_results/trans_nstb/scunet_ngswin_trans_nstb/images/final_test_psnr_g/test_001330_PSNR_G_9.png | PSNR: 47.17dB | SSIM: 0.9927
25-07-17 10:15:34.876 : Saved test image 1340: training_results/trans_nstb/scunet_ngswin_trans_nstb/images/final_test_psnr_g/test_001340_PSNR_G_9.png | PSNR: 46.82dB | SSIM: 0.9935
25-07-17 10:15:35.827 : Saved test image 1350: training_results/trans_nstb/scunet_ngswin_trans_nstb/images/final_test_psnr_g/test_001350_PSNR_G_9.png | PSNR: 54.56dB | SSIM: 0.9970
25-07-17 10:15:36.778 : Saved test image 1360: training_results/trans_nstb/scunet_ngswin_trans_nstb/images/final_test_psnr_g/test_001360_PSNR_G_9.png | PSNR: 50.47dB | SSIM: 0.9951
25-07-17 10:15:37.733 : Saved test image 1370: training_results/trans_nstb/scunet_ngswin_trans_nstb/images/final_test_psnr_g/test_001370_PSNR_G_9.png | PSNR: 49.66dB | SSIM: 0.9954
25-07-17 10:15:38.687 : Saved test image 1380: training_results/trans_nstb/scunet_ngswin_trans_nstb/images/final_test_psnr_g/test_001380_PSNR_G_9.png | PSNR: 49.57dB | SSIM: 0.9960
25-07-17 10:15:39.634 : Saved test image 1390: training_results/trans_nstb/scunet_ngswin_trans_nstb/images/final_test_psnr_g/test_001390_PSNR_G_9.png | PSNR: 51.70dB | SSIM: 0.9962
25-07-17 10:15:40.585 : Saved test image 1400: training_results/trans_nstb/scunet_ngswin_trans_nstb/images/final_test_psnr_g/test_001400_PSNR_G_9.png | PSNR: 49.39dB | SSIM: 0.9949
25-07-17 10:15:41.533 : Saved test image 1410: training_results/trans_nstb/scunet_ngswin_trans_nstb/images/final_test_psnr_g/test_001410_PSNR_G_9.png | PSNR: 49.45dB | SSIM: 0.9948
25-07-17 10:15:42.473 : Saved test image 1420: training_results/trans_nstb/scunet_ngswin_trans_nstb/images/final_test_psnr_g/test_001420_PSNR_G_9.png | PSNR: 51.56dB | SSIM: 0.9959
25-07-17 10:15:43.420 : Saved test image 1430: training_results/trans_nstb/scunet_ngswin_trans_nstb/images/final_test_psnr_g/test_001430_PSNR_G_9.png | PSNR: 52.04dB | SSIM: 0.9958
25-07-17 10:15:44.359 : Saved test image 1440: training_results/trans_nstb/scunet_ngswin_trans_nstb/images/final_test_psnr_g/test_001440_PSNR_G_9.png | PSNR: 52.93dB | SSIM: 0.9964
25-07-17 10:15:45.304 : Saved test image 1450: training_results/trans_nstb/scunet_ngswin_trans_nstb/images/final_test_psnr_g/test_001450_PSNR_G_9.png | PSNR: 53.00dB | SSIM: 0.9961
25-07-17 10:15:46.245 : Saved test image 1460: training_results/trans_nstb/scunet_ngswin_trans_nstb/images/final_test_psnr_g/test_001460_PSNR_G_9.png | PSNR: 53.44dB | SSIM: 0.9963
25-07-17 10:15:47.189 : Saved test image 1470: training_results/trans_nstb/scunet_ngswin_trans_nstb/images/final_test_psnr_g/test_001470_PSNR_G_9.png | PSNR: 53.06dB | SSIM: 0.9962
25-07-17 10:15:48.144 : Saved test image 1480: training_results/trans_nstb/scunet_ngswin_trans_nstb/images/final_test_psnr_g/test_001480_PSNR_G_9.png | PSNR: 53.31dB | SSIM: 0.9963
25-07-17 10:15:49.097 : Saved test image 1490: training_results/trans_nstb/scunet_ngswin_trans_nstb/images/final_test_psnr_g/test_001490_PSNR_G_9.png | PSNR: 53.94dB | SSIM: 0.9965
25-07-17 10:15:50.042 : Saved test image 1500: training_results/trans_nstb/scunet_ngswin_trans_nstb/images/final_test_psnr_g/test_001500_PSNR_G_9.png | PSNR: 53.31dB | SSIM: 0.9971
25-07-17 10:15:50.995 : Saved test image 1510: training_results/trans_nstb/scunet_ngswin_trans_nstb/images/final_test_psnr_g/test_001510_PSNR_G_9.png | PSNR: 52.20dB | SSIM: 0.9967
25-07-17 10:15:51.950 : Saved test image 1520: training_results/trans_nstb/scunet_ngswin_trans_nstb/images/final_test_psnr_g/test_001520_PSNR_G_9.png | PSNR: 48.62dB | SSIM: 0.9944
25-07-17 10:15:52.905 : Saved test image 1530: training_results/trans_nstb/scunet_ngswin_trans_nstb/images/final_test_psnr_g/test_001530_PSNR_G_9.png | PSNR: 47.51dB | SSIM: 0.9922
25-07-17 10:15:53.859 : Saved test image 1540: training_results/trans_nstb/scunet_ngswin_trans_nstb/images/final_test_psnr_g/test_001540_PSNR_G_9.png | PSNR: 48.88dB | SSIM: 0.9940
25-07-17 10:15:54.827 : Saved test image 1550: training_results/trans_nstb/scunet_ngswin_trans_nstb/images/final_test_psnr_g/test_001550_PSNR_G_9.png | PSNR: 48.65dB | SSIM: 0.9944
25-07-17 10:15:55.772 : Saved test image 1560: training_results/trans_nstb/scunet_ngswin_trans_nstb/images/final_test_psnr_g/test_001560_PSNR_G_9.png | PSNR: 49.62dB | SSIM: 0.9952
25-07-17 10:15:56.739 : Saved test image 1570: training_results/trans_nstb/scunet_ngswin_trans_nstb/images/final_test_psnr_g/test_001570_PSNR_G_9.png | PSNR: 46.84dB | SSIM: 0.9907
25-07-17 10:15:57.694 : Saved test image 1580: training_results/trans_nstb/scunet_ngswin_trans_nstb/images/final_test_psnr_g/test_001580_PSNR_G_9.png | PSNR: 48.15dB | SSIM: 0.9945
25-07-17 10:15:58.643 : Saved test image 1590: training_results/trans_nstb/scunet_ngswin_trans_nstb/images/final_test_psnr_g/test_001590_PSNR_G_9.png | PSNR: 47.56dB | SSIM: 0.9943
25-07-17 10:15:59.589 : Saved test image 1600: training_results/trans_nstb/scunet_ngswin_trans_nstb/images/final_test_psnr_g/test_001600_PSNR_G_9.png | PSNR: 48.64dB | SSIM: 0.9949
25-07-17 10:16:00.536 : Saved test image 1610: training_results/trans_nstb/scunet_ngswin_trans_nstb/images/final_test_psnr_g/test_001610_PSNR_G_9.png | PSNR: 48.90dB | SSIM: 0.9942
25-07-17 10:16:01.486 : Saved test image 1620: training_results/trans_nstb/scunet_ngswin_trans_nstb/images/final_test_psnr_g/test_001620_PSNR_G_9.png | PSNR: 49.40dB | SSIM: 0.9949
25-07-17 10:16:02.424 : Saved test image 1630: training_results/trans_nstb/scunet_ngswin_trans_nstb/images/final_test_psnr_g/test_001630_PSNR_G_9.png | PSNR: 48.19dB | SSIM: 0.9938
25-07-17 10:16:03.367 : Saved test image 1640: training_results/trans_nstb/scunet_ngswin_trans_nstb/images/final_test_psnr_g/test_001640_PSNR_G_9.png | PSNR: 48.07dB | SSIM: 0.9930
25-07-17 10:16:04.318 : Saved test image 1650: training_results/trans_nstb/scunet_ngswin_trans_nstb/images/final_test_psnr_g/test_001650_PSNR_G_9.png | PSNR: 48.27dB | SSIM: 0.9940
25-07-17 10:16:05.266 : Saved test image 1660: training_results/trans_nstb/scunet_ngswin_trans_nstb/images/final_test_psnr_g/test_001660_PSNR_G_9.png | PSNR: 47.77dB | SSIM: 0.9938
25-07-17 10:16:06.217 : Saved test image 1670: training_results/trans_nstb/scunet_ngswin_trans_nstb/images/final_test_psnr_g/test_001670_PSNR_G_9.png | PSNR: 48.01dB | SSIM: 0.9943
25-07-17 10:16:07.173 : Saved test image 1680: training_results/trans_nstb/scunet_ngswin_trans_nstb/images/final_test_psnr_g/test_001680_PSNR_G_9.png | PSNR: 48.48dB | SSIM: 0.9949
25-07-17 10:16:08.123 : Saved test image 1690: training_results/trans_nstb/scunet_ngswin_trans_nstb/images/final_test_psnr_g/test_001690_PSNR_G_9.png | PSNR: 55.21dB | SSIM: 0.9977
25-07-17 10:16:09.071 : Saved test image 1700: training_results/trans_nstb/scunet_ngswin_trans_nstb/images/final_test_psnr_g/test_001700_PSNR_G_9.png | PSNR: 50.58dB | SSIM: 0.9932
25-07-17 10:16:10.015 : Saved test image 1710: training_results/trans_nstb/scunet_ngswin_trans_nstb/images/final_test_psnr_g/test_001710_PSNR_G_9.png | PSNR: 54.33dB | SSIM: 0.9962
25-07-17 10:16:10.969 : Saved test image 1720: training_results/trans_nstb/scunet_ngswin_trans_nstb/images/final_test_psnr_g/test_001720_PSNR_G_9.png | PSNR: 49.53dB | SSIM: 0.9937
25-07-17 10:16:11.913 : Saved test image 1730: training_results/trans_nstb/scunet_ngswin_trans_nstb/images/final_test_psnr_g/test_001730_PSNR_G_9.png | PSNR: 49.02dB | SSIM: 0.9945
25-07-17 10:16:12.868 : Saved test image 1740: training_results/trans_nstb/scunet_ngswin_trans_nstb/images/final_test_psnr_g/test_001740_PSNR_G_9.png | PSNR: 48.81dB | SSIM: 0.9936
25-07-17 10:16:13.821 : Saved test image 1750: training_results/trans_nstb/scunet_ngswin_trans_nstb/images/final_test_psnr_g/test_001750_PSNR_G_9.png | PSNR: 48.95dB | SSIM: 0.9944
25-07-17 10:16:14.778 : Saved test image 1760: training_results/trans_nstb/scunet_ngswin_trans_nstb/images/final_test_psnr_g/test_001760_PSNR_G_9.png | PSNR: 49.24dB | SSIM: 0.9937
25-07-17 10:16:15.732 : Saved test image 1770: training_results/trans_nstb/scunet_ngswin_trans_nstb/images/final_test_psnr_g/test_001770_PSNR_G_9.png | PSNR: 48.83dB | SSIM: 0.9940
25-07-17 10:16:16.688 : Saved test image 1780: training_results/trans_nstb/scunet_ngswin_trans_nstb/images/final_test_psnr_g/test_001780_PSNR_G_9.png | PSNR: 49.15dB | SSIM: 0.9941
25-07-17 10:16:17.648 : Saved test image 1790: training_results/trans_nstb/scunet_ngswin_trans_nstb/images/final_test_psnr_g/test_001790_PSNR_G_9.png | PSNR: 49.19dB | SSIM: 0.9952
25-07-17 10:16:18.621 : Saved test image 1800: training_results/trans_nstb/scunet_ngswin_trans_nstb/images/final_test_psnr_g/test_001800_PSNR_G_9.png | PSNR: 55.13dB | SSIM: 0.9979
25-07-17 10:16:19.575 : Saved test image 1810: training_results/trans_nstb/scunet_ngswin_trans_nstb/images/final_test_psnr_g/test_001810_PSNR_G_9.png | PSNR: 54.16dB | SSIM: 0.9974
25-07-17 10:16:20.656 : Saved test image 1820: training_results/trans_nstb/scunet_ngswin_trans_nstb/images/final_test_psnr_g/test_001820_PSNR_G_9.png | PSNR: 52.80dB | SSIM: 0.9966
25-07-17 10:16:21.627 : Saved test image 1830: training_results/trans_nstb/scunet_ngswin_trans_nstb/images/final_test_psnr_g/test_001830_PSNR_G_9.png | PSNR: 52.12dB | SSIM: 0.9967
25-07-17 10:16:22.587 : Saved test image 1840: training_results/trans_nstb/scunet_ngswin_trans_nstb/images/final_test_psnr_g/test_001840_PSNR_G_9.png | PSNR: 49.03dB | SSIM: 0.9943
25-07-17 10:16:23.543 : Saved test image 1850: training_results/trans_nstb/scunet_ngswin_trans_nstb/images/final_test_psnr_g/test_001850_PSNR_G_9.png | PSNR: 47.59dB | SSIM: 0.9930
25-07-17 10:16:24.501 : Saved test image 1860: training_results/trans_nstb/scunet_ngswin_trans_nstb/images/final_test_psnr_g/test_001860_PSNR_G_9.png | PSNR: 46.95dB | SSIM: 0.9923
25-07-17 10:16:25.463 : Saved test image 1870: training_results/trans_nstb/scunet_ngswin_trans_nstb/images/final_test_psnr_g/test_001870_PSNR_G_9.png | PSNR: 47.77dB | SSIM: 0.9929
25-07-17 10:16:26.435 : Saved test image 1880: training_results/trans_nstb/scunet_ngswin_trans_nstb/images/final_test_psnr_g/test_001880_PSNR_G_9.png | PSNR: 47.40dB | SSIM: 0.9928
25-07-17 10:16:27.393 : Saved test image 1890: training_results/trans_nstb/scunet_ngswin_trans_nstb/images/final_test_psnr_g/test_001890_PSNR_G_9.png | PSNR: 47.31dB | SSIM: 0.9932
25-07-17 10:16:28.410 : Saved test image 1900: training_results/trans_nstb/scunet_ngswin_trans_nstb/images/final_test_psnr_g/test_001900_PSNR_G_9.png | PSNR: 52.70dB | SSIM: 0.9966
25-07-17 10:16:29.390 : Saved test image 1910: training_results/trans_nstb/scunet_ngswin_trans_nstb/images/final_test_psnr_g/test_001910_PSNR_G_9.png | PSNR: 53.52dB | SSIM: 0.9969
25-07-17 10:16:30.346 : Saved test image 1920: training_results/trans_nstb/scunet_ngswin_trans_nstb/images/final_test_psnr_g/test_001920_PSNR_G_9.png | PSNR: 53.62dB | SSIM: 0.9967
25-07-17 10:16:31.318 : Saved test image 1930: training_results/trans_nstb/scunet_ngswin_trans_nstb/images/final_test_psnr_g/test_001930_PSNR_G_9.png | PSNR: 53.52dB | SSIM: 0.9965
25-07-17 10:16:32.277 : Saved test image 1940: training_results/trans_nstb/scunet_ngswin_trans_nstb/images/final_test_psnr_g/test_001940_PSNR_G_9.png | PSNR: 53.56dB | SSIM: 0.9964
25-07-17 10:16:33.237 : Saved test image 1950: training_results/trans_nstb/scunet_ngswin_trans_nstb/images/final_test_psnr_g/test_001950_PSNR_G_9.png | PSNR: 54.30dB | SSIM: 0.9967
25-07-17 10:16:34.195 : Saved test image 1960: training_results/trans_nstb/scunet_ngswin_trans_nstb/images/final_test_psnr_g/test_001960_PSNR_G_9.png | PSNR: 53.84dB | SSIM: 0.9965
25-07-17 10:16:35.144 : Saved test image 1970: training_results/trans_nstb/scunet_ngswin_trans_nstb/images/final_test_psnr_g/test_001970_PSNR_G_9.png | PSNR: 53.12dB | SSIM: 0.9961
25-07-17 10:16:36.098 : Saved test image 1980: training_results/trans_nstb/scunet_ngswin_trans_nstb/images/final_test_psnr_g/test_001980_PSNR_G_9.png | PSNR: 52.49dB | SSIM: 0.9959
25-07-17 10:16:37.055 : Saved test image 1990: training_results/trans_nstb/scunet_ngswin_trans_nstb/images/final_test_psnr_g/test_001990_PSNR_G_9.png | PSNR: 51.54dB | SSIM: 0.9957
25-07-17 10:16:38.009 : Saved test image 2000: training_results/trans_nstb/scunet_ngswin_trans_nstb/images/final_test_psnr_g/test_002000_PSNR_G_9.png | PSNR: 51.64dB | SSIM: 0.9956
25-07-17 10:16:38.034 : ------------------------------------------------------------
25-07-17 10:16:38.035 : PSNR_G RESULTS:
25-07-17 10:16:38.035 : Avg PSNR: 47.6230dB, Avg SSIM: 0.992306
25-07-17 10:16:38.035 : Images saved: 200 (every 10th)
25-07-17 10:16:38.035 : Test images directory: training_results/trans_nstb/scunet_ngswin_trans_nstb/images/final_test_psnr_g
25-07-17 10:16:38.035 : ------------------------------------------------------------
25-07-17 10:16:38.035 : ================================================================================
25-07-17 10:16:38.035 : FINAL TEST SUMMARY - ALL CHECKPOINTS
25-07-17 10:16:38.035 : ================================================================================
25-07-17 10:16:38.036 : PSNR_E: PSNR=47.6170dB, SSIM=0.992313, Samples=2000, Images_Saved=200
25-07-17 10:16:38.036 : PSNR_G: PSNR=47.6230dB, SSIM=0.992306, Samples=2000, Images_Saved=200
25-07-17 10:16:38.036 : ------------------------------------------------------------
25-07-17 10:16:38.036 : CHECKPOINT COMPARISON:
25-07-17 10:16:38.036 : PSNR_G vs PSNR_E: +0.0060dB difference
25-07-17 10:16:38.036 : SSIM_G vs SSIM_E: -0.000007 difference
25-07-17 10:16:38.036 : Better checkpoint: PSNR_G
25-07-17 10:16:38.036 : ------------------------------------------------------------
25-07-17 10:16:38.036 : Total test samples evaluated: 2000
25-07-17 10:16:38.036 : ================================================================================
25-07-17 10:16:38.039 : Training completed. TensorBoard logs saved.
25-07-17 10:16:38.039 : Final test images saved to: training_results/trans_nstb/scunet_ngswin_trans_nstb/images/final_test_*
