25-08-16 17:56:43.928 :   task: scunet_ngswin_conv_trans_nstb_finetuned_400k
  model: scunet_ngswin
  gpu_ids: [0]
  dist: False
  scale: 1
  n_channels: 1
  path:[
    root: training_results/conv_trans_nstb_finetuned
    task: training_results/conv_trans_nstb_finetuned/scunet_ngswin_conv_trans_nstb_finetuned_400k
    log: training_results/conv_trans_nstb_finetuned/scunet_ngswin_conv_trans_nstb_finetuned_400k
    options: training_results/conv_trans_nstb_finetuned/scunet_ngswin_conv_trans_nstb_finetuned_400k/options
    models: training_results/conv_trans_nstb_finetuned/scunet_ngswin_conv_trans_nstb_finetuned_400k/models
    images: training_results/conv_trans_nstb_finetuned/scunet_ngswin_conv_trans_nstb_finetuned_400k/images
    pretrained_netG: None
    pretrained_netE: None
    pretrained_optimizerG: None
  ]
  datasets:[
    train:[
      name: clinical_supervised_train_clinical_training
      dataset_type: clinical_training
      dataroot_H: /home/Drive-D/clinical_metal_supervised/train
      dataloader_shuffle: True
      dataloader_num_workers: 4
      dataloader_batch_size: 2
      phase: train
      scale: 1
      n_channels: 1
    ]
    test:[
      name: syn_deeplesion_test_li_ct
      dataset_type: li_ct
      dataroot_H: /home/Drive-D/SynDeepLesion/test_640geo
      phase: test
      scale: 1
      n_channels: 1
    ]
    test_2:[
      name: clinical_metal_test_nii_ct
      dataset_type: nii_ct
      dataroot_H: /home/Drive-D/clinical_metal
      phase: test
      scale: 1
      n_channels: 1
    ]
    test_3:[
      name: clinical_metal_artifact_only_test_nii_ct
      dataset_type: nii_ct
      dataroot_H: /home/Drive-D/clinical_metal_test_Metal_artifact_only
      phase: test
      scale: 1
      n_channels: 1
    ]
  ]
  netG:[
    net_type: scunet_ngswin
    in_nc: 1
    out_nc: 1
    config: [1, 1, 1, 1, 1, 1, 1]
    dim: 32
    drop_path_rate: 0.0
    input_resolution: 512
    block_variant: conv_trans_nstb
    init_type: kaiming_normal
    init_bn_type: constant
    init_gain: 1.0
    scale: 1
  ]
  train:[
    G_lossfn_type: l1
    G_lossfn_weight: 1.0
    E_decay: 0.999
    G_optimizer_type: adam
    G_optimizer_lr: 0.0001
    G_optimizer_wd: 0
    G_optimizer_betas: [0.9, 0.999]
    G_optimizer_reuse: False
    G_scheduler_type: MultiStepLR
    G_scheduler_milestones: [200000, 400000, 600000, 800000]
    G_scheduler_gamma: 0.5
    G_param_strict: True
    E_param_strict: True
    checkpoint_test: 4000
    checkpoint_save: 2000
    checkpoint_print: 1000
    use_fp16: True
    test_both_checkpoints: True
    test_save_every_nth: 10
    F_feature_layer: 34
    F_weights: 1.0
    F_lossfn_type: l1
    F_use_input_norm: True
    F_use_range_norm: False
    G_scheduler_restart_weights: 1
  ]
  opt_path: options/train_scunet_ngswin_finetune_conv_trans_nstb_400k.json
  is_train: True
  merge_bn: False
  merge_bn_startpoint: -1
  find_unused_parameters: False
  use_static_graph: False
  num_gpu: 1
  device: cuda

25-08-16 17:56:43.928 : Using device: cuda
25-08-16 17:56:44.021 : Total samples: 13,438 | Train: 12,095 (90.0%) | Validation: 1,343 (10.0%)
25-08-16 17:56:44.021 : Training iters per epoch: 6,048
25-08-16 17:56:44.043 : Test set samples: 2,000
25-08-16 17:56:45.068 : 
Networks name: SCUNet_NGSwin
Params number: 6881982
Net structure:
SCUNet_NGSwin(
  (m_head): Sequential(
    (0): Conv2d(1, 64, kernel_size=(3, 3), stride=(1, 1), padding=(1, 1), bias=False)
  )
  (m_down1): Sequential(
    (0): ConvTransNSTBBlock(
      (conv1_1): Conv2d(64, 64, kernel_size=(1, 1), stride=(1, 1))
      (conv_block): Sequential(
        (0): Conv2d(32, 32, kernel_size=(3, 3), stride=(1, 1), padding=(1, 1), bias=False)
        (1): ReLU(inplace=True)
        (2): Conv2d(32, 32, kernel_size=(3, 3), stride=(1, 1), padding=(1, 1), bias=False)
      )
      (trans_block): Block(
        (ln1): LayerNorm((32,), eps=1e-05, elementwise_affine=True)
        (msa): WMSA(
          (embedding_layer): Linear(in_features=32, out_features=96, bias=True)
          (linear): Linear(in_features=32, out_features=32, bias=True)
        )
        (drop_path): Identity()
        (ln2): LayerNorm((32,), eps=1e-05, elementwise_affine=True)
        (mlp): Sequential(
          (0): Linear(in_features=32, out_features=128, bias=True)
          (1): GELU(approximate='none')
          (2): Linear(in_features=128, out_features=32, bias=True)
        )
      )
      (nstb_block): NSTB(
        (ngram_window_partition): NGramWindowPartition(
          (ngram_context): NGramContext(
            (unigram_embed): Conv2d(32, 16, kernel_size=(8, 8), stride=(8, 8), groups=16)
            (ngram_attn): WindowAttention(
              (qkv): Linear(in_features=16, out_features=48, bias=True)
              (attn_drop): Dropout(p=0.0, inplace=False)
              (proj): Linear(in_features=16, out_features=16, bias=True)
              (proj_drop): Dropout(p=0.0, inplace=False)
              (softmax): Softmax(dim=-1)
            )
            (avg_pool): AvgPool2d(kernel_size=2, stride=2, padding=0)
            (merge): Conv2d(32, 32, kernel_size=(1, 1), stride=(1, 1))
          )
        )
        (attn): WindowAttention(
          (qkv): Linear(in_features=32, out_features=96, bias=True)
          (attn_drop): Dropout(p=0.0, inplace=False)
          (proj): Linear(in_features=32, out_features=32, bias=True)
          (proj_drop): Dropout(p=0.0, inplace=False)
          (softmax): Softmax(dim=-1)
        )
        (norm1): LayerNorm((32,), eps=1e-05, elementwise_affine=True)
        (drop_path): Identity()
        (ffn): Mlp(
          (fc1): Linear(in_features=32, out_features=64, bias=True)
          (act): GELU(approximate='none')
          (drop1): Dropout(p=0.0, inplace=False)
          (norm): Identity()
          (fc2): Linear(in_features=64, out_features=32, bias=True)
          (drop2): Dropout(p=0.0, inplace=False)
        )
        (norm2): LayerNorm((32,), eps=1e-05, elementwise_affine=True)
      )
      (conv1_2): Conv2d(96, 64, kernel_size=(1, 1), stride=(1, 1))
    )
    (1): Conv2d(64, 128, kernel_size=(2, 2), stride=(2, 2), bias=False)
  )
  (m_down2): Sequential(
    (0): ConvTransNSTBBlock(
      (conv1_1): Conv2d(128, 128, kernel_size=(1, 1), stride=(1, 1))
      (conv_block): Sequential(
        (0): Conv2d(64, 64, kernel_size=(3, 3), stride=(1, 1), padding=(1, 1), bias=False)
        (1): ReLU(inplace=True)
        (2): Conv2d(64, 64, kernel_size=(3, 3), stride=(1, 1), padding=(1, 1), bias=False)
      )
      (trans_block): Block(
        (ln1): LayerNorm((64,), eps=1e-05, elementwise_affine=True)
        (msa): WMSA(
          (embedding_layer): Linear(in_features=64, out_features=192, bias=True)
          (linear): Linear(in_features=64, out_features=64, bias=True)
        )
        (drop_path): Identity()
        (ln2): LayerNorm((64,), eps=1e-05, elementwise_affine=True)
        (mlp): Sequential(
          (0): Linear(in_features=64, out_features=256, bias=True)
          (1): GELU(approximate='none')
          (2): Linear(in_features=256, out_features=64, bias=True)
        )
      )
      (nstb_block): NSTB(
        (ngram_window_partition): NGramWindowPartition(
          (ngram_context): NGramContext(
            (unigram_embed): Conv2d(64, 32, kernel_size=(8, 8), stride=(8, 8), groups=32)
            (ngram_attn): WindowAttention(
              (qkv): Linear(in_features=32, out_features=96, bias=True)
              (attn_drop): Dropout(p=0.0, inplace=False)
              (proj): Linear(in_features=32, out_features=32, bias=True)
              (proj_drop): Dropout(p=0.0, inplace=False)
              (softmax): Softmax(dim=-1)
            )
            (avg_pool): AvgPool2d(kernel_size=2, stride=2, padding=0)
            (merge): Conv2d(64, 64, kernel_size=(1, 1), stride=(1, 1))
          )
        )
        (attn): WindowAttention(
          (qkv): Linear(in_features=64, out_features=192, bias=True)
          (attn_drop): Dropout(p=0.0, inplace=False)
          (proj): Linear(in_features=64, out_features=64, bias=True)
          (proj_drop): Dropout(p=0.0, inplace=False)
          (softmax): Softmax(dim=-1)
        )
        (norm1): LayerNorm((64,), eps=1e-05, elementwise_affine=True)
        (drop_path): Identity()
        (ffn): Mlp(
          (fc1): Linear(in_features=64, out_features=128, bias=True)
          (act): GELU(approximate='none')
          (drop1): Dropout(p=0.0, inplace=False)
          (norm): Identity()
          (fc2): Linear(in_features=128, out_features=64, bias=True)
          (drop2): Dropout(p=0.0, inplace=False)
        )
        (norm2): LayerNorm((64,), eps=1e-05, elementwise_affine=True)
      )
      (conv1_2): Conv2d(192, 128, kernel_size=(1, 1), stride=(1, 1))
    )
    (1): Conv2d(128, 256, kernel_size=(2, 2), stride=(2, 2), bias=False)
  )
  (m_down3): Sequential(
    (0): ConvTransNSTBBlock(
      (conv1_1): Conv2d(256, 256, kernel_size=(1, 1), stride=(1, 1))
      (conv_block): Sequential(
        (0): Conv2d(128, 128, kernel_size=(3, 3), stride=(1, 1), padding=(1, 1), bias=False)
        (1): ReLU(inplace=True)
        (2): Conv2d(128, 128, kernel_size=(3, 3), stride=(1, 1), padding=(1, 1), bias=False)
      )
      (trans_block): Block(
        (ln1): LayerNorm((128,), eps=1e-05, elementwise_affine=True)
        (msa): WMSA(
          (embedding_layer): Linear(in_features=128, out_features=384, bias=True)
          (linear): Linear(in_features=128, out_features=128, bias=True)
        )
        (drop_path): Identity()
        (ln2): LayerNorm((128,), eps=1e-05, elementwise_affine=True)
        (mlp): Sequential(
          (0): Linear(in_features=128, out_features=512, bias=True)
          (1): GELU(approximate='none')
          (2): Linear(in_features=512, out_features=128, bias=True)
        )
      )
      (nstb_block): NSTB(
        (ngram_window_partition): NGramWindowPartition(
          (ngram_context): NGramContext(
            (unigram_embed): Conv2d(128, 64, kernel_size=(8, 8), stride=(8, 8), groups=64)
            (ngram_attn): WindowAttention(
              (qkv): Linear(in_features=64, out_features=192, bias=True)
              (attn_drop): Dropout(p=0.0, inplace=False)
              (proj): Linear(in_features=64, out_features=64, bias=True)
              (proj_drop): Dropout(p=0.0, inplace=False)
              (softmax): Softmax(dim=-1)
            )
            (avg_pool): AvgPool2d(kernel_size=2, stride=2, padding=0)
            (merge): Conv2d(128, 128, kernel_size=(1, 1), stride=(1, 1))
          )
        )
        (attn): WindowAttention(
          (qkv): Linear(in_features=128, out_features=384, bias=True)
          (attn_drop): Dropout(p=0.0, inplace=False)
          (proj): Linear(in_features=128, out_features=128, bias=True)
          (proj_drop): Dropout(p=0.0, inplace=False)
          (softmax): Softmax(dim=-1)
        )
        (norm1): LayerNorm((128,), eps=1e-05, elementwise_affine=True)
        (drop_path): Identity()
        (ffn): Mlp(
          (fc1): Linear(in_features=128, out_features=256, bias=True)
          (act): GELU(approximate='none')
          (drop1): Dropout(p=0.0, inplace=False)
          (norm): Identity()
          (fc2): Linear(in_features=256, out_features=128, bias=True)
          (drop2): Dropout(p=0.0, inplace=False)
        )
        (norm2): LayerNorm((128,), eps=1e-05, elementwise_affine=True)
      )
      (conv1_2): Conv2d(384, 256, kernel_size=(1, 1), stride=(1, 1))
    )
    (1): Conv2d(256, 512, kernel_size=(2, 2), stride=(2, 2), bias=False)
  )
  (m_body): Sequential(
    (0): ConvTransNSTBBlock(
      (conv1_1): Conv2d(512, 512, kernel_size=(1, 1), stride=(1, 1))
      (conv_block): Sequential(
        (0): Conv2d(256, 256, kernel_size=(3, 3), stride=(1, 1), padding=(1, 1), bias=False)
        (1): ReLU(inplace=True)
        (2): Conv2d(256, 256, kernel_size=(3, 3), stride=(1, 1), padding=(1, 1), bias=False)
      )
      (trans_block): Block(
        (ln1): LayerNorm((256,), eps=1e-05, elementwise_affine=True)
        (msa): WMSA(
          (embedding_layer): Linear(in_features=256, out_features=768, bias=True)
          (linear): Linear(in_features=256, out_features=256, bias=True)
        )
        (drop_path): Identity()
        (ln2): LayerNorm((256,), eps=1e-05, elementwise_affine=True)
        (mlp): Sequential(
          (0): Linear(in_features=256, out_features=1024, bias=True)
          (1): GELU(approximate='none')
          (2): Linear(in_features=1024, out_features=256, bias=True)
        )
      )
      (nstb_block): NSTB(
        (ngram_window_partition): NGramWindowPartition(
          (ngram_context): NGramContext(
            (unigram_embed): Conv2d(256, 128, kernel_size=(8, 8), stride=(8, 8), groups=128)
            (ngram_attn): WindowAttention(
              (qkv): Linear(in_features=128, out_features=384, bias=True)
              (attn_drop): Dropout(p=0.0, inplace=False)
              (proj): Linear(in_features=128, out_features=128, bias=True)
              (proj_drop): Dropout(p=0.0, inplace=False)
              (softmax): Softmax(dim=-1)
            )
            (avg_pool): AvgPool2d(kernel_size=2, stride=2, padding=0)
            (merge): Conv2d(256, 256, kernel_size=(1, 1), stride=(1, 1))
          )
        )
        (attn): WindowAttention(
          (qkv): Linear(in_features=256, out_features=768, bias=True)
          (attn_drop): Dropout(p=0.0, inplace=False)
          (proj): Linear(in_features=256, out_features=256, bias=True)
          (proj_drop): Dropout(p=0.0, inplace=False)
          (softmax): Softmax(dim=-1)
        )
        (norm1): LayerNorm((256,), eps=1e-05, elementwise_affine=True)
        (drop_path): Identity()
        (ffn): Mlp(
          (fc1): Linear(in_features=256, out_features=512, bias=True)
          (act): GELU(approximate='none')
          (drop1): Dropout(p=0.0, inplace=False)
          (norm): Identity()
          (fc2): Linear(in_features=512, out_features=256, bias=True)
          (drop2): Dropout(p=0.0, inplace=False)
        )
        (norm2): LayerNorm((256,), eps=1e-05, elementwise_affine=True)
      )
      (conv1_2): Conv2d(768, 512, kernel_size=(1, 1), stride=(1, 1))
    )
  )
  (m_up3): Sequential(
    (0): ConvTranspose2d(512, 256, kernel_size=(2, 2), stride=(2, 2), bias=False)
    (1): ConvTransNSTBBlock(
      (conv1_1): Conv2d(256, 256, kernel_size=(1, 1), stride=(1, 1))
      (conv_block): Sequential(
        (0): Conv2d(128, 128, kernel_size=(3, 3), stride=(1, 1), padding=(1, 1), bias=False)
        (1): ReLU(inplace=True)
        (2): Conv2d(128, 128, kernel_size=(3, 3), stride=(1, 1), padding=(1, 1), bias=False)
      )
      (trans_block): Block(
        (ln1): LayerNorm((128,), eps=1e-05, elementwise_affine=True)
        (msa): WMSA(
          (embedding_layer): Linear(in_features=128, out_features=384, bias=True)
          (linear): Linear(in_features=128, out_features=128, bias=True)
        )
        (drop_path): Identity()
        (ln2): LayerNorm((128,), eps=1e-05, elementwise_affine=True)
        (mlp): Sequential(
          (0): Linear(in_features=128, out_features=512, bias=True)
          (1): GELU(approximate='none')
          (2): Linear(in_features=512, out_features=128, bias=True)
        )
      )
      (nstb_block): NSTB(
        (ngram_window_partition): NGramWindowPartition(
          (ngram_context): NGramContext(
            (unigram_embed): Conv2d(128, 64, kernel_size=(8, 8), stride=(8, 8), groups=64)
            (ngram_attn): WindowAttention(
              (qkv): Linear(in_features=64, out_features=192, bias=True)
              (attn_drop): Dropout(p=0.0, inplace=False)
              (proj): Linear(in_features=64, out_features=64, bias=True)
              (proj_drop): Dropout(p=0.0, inplace=False)
              (softmax): Softmax(dim=-1)
            )
            (avg_pool): AvgPool2d(kernel_size=2, stride=2, padding=0)
            (merge): Conv2d(128, 128, kernel_size=(1, 1), stride=(1, 1))
          )
        )
        (attn): WindowAttention(
          (qkv): Linear(in_features=128, out_features=384, bias=True)
          (attn_drop): Dropout(p=0.0, inplace=False)
          (proj): Linear(in_features=128, out_features=128, bias=True)
          (proj_drop): Dropout(p=0.0, inplace=False)
          (softmax): Softmax(dim=-1)
        )
        (norm1): LayerNorm((128,), eps=1e-05, elementwise_affine=True)
        (drop_path): Identity()
        (ffn): Mlp(
          (fc1): Linear(in_features=128, out_features=256, bias=True)
          (act): GELU(approximate='none')
          (drop1): Dropout(p=0.0, inplace=False)
          (norm): Identity()
          (fc2): Linear(in_features=256, out_features=128, bias=True)
          (drop2): Dropout(p=0.0, inplace=False)
        )
        (norm2): LayerNorm((128,), eps=1e-05, elementwise_affine=True)
      )
      (conv1_2): Conv2d(384, 256, kernel_size=(1, 1), stride=(1, 1))
    )
  )
  (m_up2): Sequential(
    (0): ConvTranspose2d(256, 128, kernel_size=(2, 2), stride=(2, 2), bias=False)
    (1): ConvTransNSTBBlock(
      (conv1_1): Conv2d(128, 128, kernel_size=(1, 1), stride=(1, 1))
      (conv_block): Sequential(
        (0): Conv2d(64, 64, kernel_size=(3, 3), stride=(1, 1), padding=(1, 1), bias=False)
        (1): ReLU(inplace=True)
        (2): Conv2d(64, 64, kernel_size=(3, 3), stride=(1, 1), padding=(1, 1), bias=False)
      )
      (trans_block): Block(
        (ln1): LayerNorm((64,), eps=1e-05, elementwise_affine=True)
        (msa): WMSA(
          (embedding_layer): Linear(in_features=64, out_features=192, bias=True)
          (linear): Linear(in_features=64, out_features=64, bias=True)
        )
        (drop_path): Identity()
        (ln2): LayerNorm((64,), eps=1e-05, elementwise_affine=True)
        (mlp): Sequential(
          (0): Linear(in_features=64, out_features=256, bias=True)
          (1): GELU(approximate='none')
          (2): Linear(in_features=256, out_features=64, bias=True)
        )
      )
      (nstb_block): NSTB(
        (ngram_window_partition): NGramWindowPartition(
          (ngram_context): NGramContext(
            (unigram_embed): Conv2d(64, 32, kernel_size=(8, 8), stride=(8, 8), groups=32)
            (ngram_attn): WindowAttention(
              (qkv): Linear(in_features=32, out_features=96, bias=True)
              (attn_drop): Dropout(p=0.0, inplace=False)
              (proj): Linear(in_features=32, out_features=32, bias=True)
              (proj_drop): Dropout(p=0.0, inplace=False)
              (softmax): Softmax(dim=-1)
            )
            (avg_pool): AvgPool2d(kernel_size=2, stride=2, padding=0)
            (merge): Conv2d(64, 64, kernel_size=(1, 1), stride=(1, 1))
          )
        )
        (attn): WindowAttention(
          (qkv): Linear(in_features=64, out_features=192, bias=True)
          (attn_drop): Dropout(p=0.0, inplace=False)
          (proj): Linear(in_features=64, out_features=64, bias=True)
          (proj_drop): Dropout(p=0.0, inplace=False)
          (softmax): Softmax(dim=-1)
        )
        (norm1): LayerNorm((64,), eps=1e-05, elementwise_affine=True)
        (drop_path): Identity()
        (ffn): Mlp(
          (fc1): Linear(in_features=64, out_features=128, bias=True)
          (act): GELU(approximate='none')
          (drop1): Dropout(p=0.0, inplace=False)
          (norm): Identity()
          (fc2): Linear(in_features=128, out_features=64, bias=True)
          (drop2): Dropout(p=0.0, inplace=False)
        )
        (norm2): LayerNorm((64,), eps=1e-05, elementwise_affine=True)
      )
      (conv1_2): Conv2d(192, 128, kernel_size=(1, 1), stride=(1, 1))
    )
  )
  (m_up1): Sequential(
    (0): ConvTranspose2d(128, 64, kernel_size=(2, 2), stride=(2, 2), bias=False)
    (1): ConvTransNSTBBlock(
      (conv1_1): Conv2d(64, 64, kernel_size=(1, 1), stride=(1, 1))
      (conv_block): Sequential(
        (0): Conv2d(32, 32, kernel_size=(3, 3), stride=(1, 1), padding=(1, 1), bias=False)
        (1): ReLU(inplace=True)
        (2): Conv2d(32, 32, kernel_size=(3, 3), stride=(1, 1), padding=(1, 1), bias=False)
      )
      (trans_block): Block(
        (ln1): LayerNorm((32,), eps=1e-05, elementwise_affine=True)
        (msa): WMSA(
          (embedding_layer): Linear(in_features=32, out_features=96, bias=True)
          (linear): Linear(in_features=32, out_features=32, bias=True)
        )
        (drop_path): Identity()
        (ln2): LayerNorm((32,), eps=1e-05, elementwise_affine=True)
        (mlp): Sequential(
          (0): Linear(in_features=32, out_features=128, bias=True)
          (1): GELU(approximate='none')
          (2): Linear(in_features=128, out_features=32, bias=True)
        )
      )
      (nstb_block): NSTB(
        (ngram_window_partition): NGramWindowPartition(
          (ngram_context): NGramContext(
            (unigram_embed): Conv2d(32, 16, kernel_size=(8, 8), stride=(8, 8), groups=16)
            (ngram_attn): WindowAttention(
              (qkv): Linear(in_features=16, out_features=48, bias=True)
              (attn_drop): Dropout(p=0.0, inplace=False)
              (proj): Linear(in_features=16, out_features=16, bias=True)
              (proj_drop): Dropout(p=0.0, inplace=False)
              (softmax): Softmax(dim=-1)
            )
            (avg_pool): AvgPool2d(kernel_size=2, stride=2, padding=0)
            (merge): Conv2d(32, 32, kernel_size=(1, 1), stride=(1, 1))
          )
        )
        (attn): WindowAttention(
          (qkv): Linear(in_features=32, out_features=96, bias=True)
          (attn_drop): Dropout(p=0.0, inplace=False)
          (proj): Linear(in_features=32, out_features=32, bias=True)
          (proj_drop): Dropout(p=0.0, inplace=False)
          (softmax): Softmax(dim=-1)
        )
        (norm1): LayerNorm((32,), eps=1e-05, elementwise_affine=True)
        (drop_path): Identity()
        (ffn): Mlp(
          (fc1): Linear(in_features=32, out_features=64, bias=True)
          (act): GELU(approximate='none')
          (drop1): Dropout(p=0.0, inplace=False)
          (norm): Identity()
          (fc2): Linear(in_features=64, out_features=32, bias=True)
          (drop2): Dropout(p=0.0, inplace=False)
        )
        (norm2): LayerNorm((32,), eps=1e-05, elementwise_affine=True)
      )
      (conv1_2): Conv2d(96, 64, kernel_size=(1, 1), stride=(1, 1))
    )
  )
  (m_tail): Sequential(
    (0): Conv2d(64, 1, kernel_size=(3, 3), stride=(1, 1), padding=(1, 1), bias=False)
  )
)

25-08-16 17:56:45.109 : 
 |  mean  |  min   |  max   |  std   || shape               
 |  0.005 | -0.330 |  0.329 |  0.191 | torch.Size([64, 1, 3, 3]) || m_head.0.weight
 |  0.000 | -0.125 |  0.125 |  0.071 | torch.Size([64, 64, 1, 1]) || m_down1.0.conv1_1.weight
 | -0.003 | -0.120 |  0.123 |  0.078 | torch.Size([64]) || m_down1.0.conv1_1.bias
 |  0.000 | -0.059 |  0.059 |  0.034 | torch.Size([32, 32, 3, 3]) || m_down1.0.conv_block.0.weight
 | -0.000 | -0.059 |  0.059 |  0.034 | torch.Size([32, 32, 3, 3]) || m_down1.0.conv_block.2.weight
 |  1.000 |  1.000 |  1.000 |  0.000 | torch.Size([32]) || m_down1.0.trans_block.ln1.weight
 |  0.000 |  0.000 |  0.000 |  0.000 | torch.Size([32]) || m_down1.0.trans_block.ln1.bias
 |  0.000 | -0.055 |  0.051 |  0.022 | torch.Size([1, 15, 15]) || m_down1.0.trans_block.msa.relative_position_params
 |  0.000 | -0.177 |  0.177 |  0.102 | torch.Size([96, 32]) || m_down1.0.trans_block.msa.embedding_layer.weight
 | -0.001 | -0.176 |  0.169 |  0.100 | torch.Size([96]) || m_down1.0.trans_block.msa.embedding_layer.bias
 |  0.002 | -0.176 |  0.176 |  0.103 | torch.Size([32, 32]) || m_down1.0.trans_block.msa.linear.weight
 | -0.022 | -0.174 |  0.166 |  0.113 | torch.Size([32]) || m_down1.0.trans_block.msa.linear.bias
 |  1.000 |  1.000 |  1.000 |  0.000 | torch.Size([32]) || m_down1.0.trans_block.ln2.weight
 |  0.000 |  0.000 |  0.000 |  0.000 | torch.Size([32]) || m_down1.0.trans_block.ln2.bias
 | -0.001 | -0.177 |  0.177 |  0.101 | torch.Size([128, 32]) || m_down1.0.trans_block.mlp.0.weight
 | -0.018 | -0.177 |  0.175 |  0.108 | torch.Size([128]) || m_down1.0.trans_block.mlp.0.bias
 | -0.000 | -0.088 |  0.088 |  0.051 | torch.Size([32, 128]) || m_down1.0.trans_block.mlp.2.weight
 | -0.003 | -0.072 |  0.083 |  0.048 | torch.Size([32]) || m_down1.0.trans_block.mlp.2.bias
 | -12.109 | -100.000 |  0.000 | 32.624 | torch.Size([64, 64, 64]) || m_down1.0.nstb_block.attn_mask
 |  0.001 | -0.088 |  0.088 |  0.051 | torch.Size([16, 2, 8, 8]) || m_down1.0.nstb_block.ngram_window_partition.ngram_context.unigram_embed.weight
 |  0.008 | -0.085 |  0.068 |  0.046 | torch.Size([16]) || m_down1.0.nstb_block.ngram_window_partition.ngram_context.unigram_embed.bias
 |  2.303 |  2.303 |  2.303 |    nan | torch.Size([1, 1, 1]) || m_down1.0.nstb_block.ngram_window_partition.ngram_context.ngram_attn.logit_scale
 |  0.001 | -0.020 |  0.024 |  0.016 | torch.Size([9, 1]) || m_down1.0.nstb_block.ngram_window_partition.ngram_context.ngram_attn.relative_position_bias_table
 |  4.000 |  0.000 |  8.000 |  2.309 | torch.Size([4, 4]) || m_down1.0.nstb_block.ngram_window_partition.ngram_context.ngram_attn.relative_position_index
 |  0.001 | -0.250 |  0.250 |  0.145 | torch.Size([48, 16]) || m_down1.0.nstb_block.ngram_window_partition.ngram_context.ngram_attn.qkv.weight
 |  0.031 | -0.249 |  0.247 |  0.148 | torch.Size([48]) || m_down1.0.nstb_block.ngram_window_partition.ngram_context.ngram_attn.qkv.bias
 |  0.005 | -0.249 |  0.247 |  0.151 | torch.Size([16, 16]) || m_down1.0.nstb_block.ngram_window_partition.ngram_context.ngram_attn.proj.weight
 |  0.001 | -0.240 |  0.228 |  0.138 | torch.Size([16]) || m_down1.0.nstb_block.ngram_window_partition.ngram_context.ngram_attn.proj.bias
 | -0.004 | -0.175 |  0.176 |  0.102 | torch.Size([32, 32, 1, 1]) || m_down1.0.nstb_block.ngram_window_partition.ngram_context.merge.weight
 | -0.012 | -0.169 |  0.174 |  0.098 | torch.Size([32]) || m_down1.0.nstb_block.ngram_window_partition.ngram_context.merge.bias
 |  2.303 |  2.303 |  2.303 |    nan | torch.Size([1, 1, 1]) || m_down1.0.nstb_block.attn.logit_scale
 |  0.000 | -0.051 |  0.053 |  0.020 | torch.Size([225, 1]) || m_down1.0.nstb_block.attn.relative_position_bias_table
 | 112.000 |  0.000 | 224.000 | 48.719 | torch.Size([64, 64]) || m_down1.0.nstb_block.attn.relative_position_index
 |  0.000 | -0.177 |  0.177 |  0.102 | torch.Size([96, 32]) || m_down1.0.nstb_block.attn.qkv.weight
 | -0.008 | -0.175 |  0.166 |  0.095 | torch.Size([96]) || m_down1.0.nstb_block.attn.qkv.bias
 | -0.008 | -0.176 |  0.177 |  0.103 | torch.Size([32, 32]) || m_down1.0.nstb_block.attn.proj.weight
 | -0.008 | -0.167 |  0.149 |  0.095 | torch.Size([32]) || m_down1.0.nstb_block.attn.proj.bias
 |  1.000 |  1.000 |  1.000 |  0.000 | torch.Size([32]) || m_down1.0.nstb_block.norm1.weight
 |  0.000 |  0.000 |  0.000 |  0.000 | torch.Size([32]) || m_down1.0.nstb_block.norm1.bias
 |  0.006 | -0.177 |  0.176 |  0.100 | torch.Size([64, 32]) || m_down1.0.nstb_block.ffn.fc1.weight
 |  0.002 | -0.166 |  0.168 |  0.101 | torch.Size([64]) || m_down1.0.nstb_block.ffn.fc1.bias
 |  0.001 | -0.125 |  0.125 |  0.072 | torch.Size([32, 64]) || m_down1.0.nstb_block.ffn.fc2.weight
 |  0.008 | -0.116 |  0.112 |  0.068 | torch.Size([32]) || m_down1.0.nstb_block.ffn.fc2.bias
 |  1.000 |  1.000 |  1.000 |  0.000 | torch.Size([32]) || m_down1.0.nstb_block.norm2.weight
 |  0.000 |  0.000 |  0.000 |  0.000 | torch.Size([32]) || m_down1.0.nstb_block.norm2.bias
 | -0.001 | -0.102 |  0.102 |  0.059 | torch.Size([64, 96, 1, 1]) || m_down1.0.conv1_2.weight
 |  0.003 | -0.100 |  0.096 |  0.059 | torch.Size([64]) || m_down1.0.conv1_2.bias
 | -0.000 | -0.062 |  0.062 |  0.036 | torch.Size([128, 64, 2, 2]) || m_down1.1.weight
 |  0.000 | -0.088 |  0.088 |  0.051 | torch.Size([128, 128, 1, 1]) || m_down2.0.conv1_1.weight
 | -0.001 | -0.087 |  0.088 |  0.050 | torch.Size([128]) || m_down2.0.conv1_1.bias
 | -0.000 | -0.042 |  0.042 |  0.024 | torch.Size([64, 64, 3, 3]) || m_down2.0.conv_block.0.weight
 |  0.000 | -0.042 |  0.042 |  0.024 | torch.Size([64, 64, 3, 3]) || m_down2.0.conv_block.2.weight
 |  1.000 |  1.000 |  1.000 |  0.000 | torch.Size([64]) || m_down2.0.trans_block.ln1.weight
 |  0.000 |  0.000 |  0.000 |  0.000 | torch.Size([64]) || m_down2.0.trans_block.ln1.bias
 | -0.001 | -0.061 |  0.052 |  0.021 | torch.Size([2, 15, 15]) || m_down2.0.trans_block.msa.relative_position_params
 | -0.000 | -0.125 |  0.125 |  0.072 | torch.Size([192, 64]) || m_down2.0.trans_block.msa.embedding_layer.weight
 |  0.002 | -0.124 |  0.124 |  0.073 | torch.Size([192]) || m_down2.0.trans_block.msa.embedding_layer.bias
 |  0.000 | -0.125 |  0.125 |  0.072 | torch.Size([64, 64]) || m_down2.0.trans_block.msa.linear.weight
 | -0.009 | -0.121 |  0.125 |  0.077 | torch.Size([64]) || m_down2.0.trans_block.msa.linear.bias
 |  1.000 |  1.000 |  1.000 |  0.000 | torch.Size([64]) || m_down2.0.trans_block.ln2.weight
 |  0.000 |  0.000 |  0.000 |  0.000 | torch.Size([64]) || m_down2.0.trans_block.ln2.bias
 | -0.000 | -0.125 |  0.125 |  0.072 | torch.Size([256, 64]) || m_down2.0.trans_block.mlp.0.weight
 |  0.003 | -0.125 |  0.125 |  0.076 | torch.Size([256]) || m_down2.0.trans_block.mlp.0.bias
 | -0.000 | -0.062 |  0.062 |  0.036 | torch.Size([64, 256]) || m_down2.0.trans_block.mlp.2.weight
 |  0.001 | -0.062 |  0.062 |  0.034 | torch.Size([64]) || m_down2.0.trans_block.mlp.2.bias
 | -23.438 | -100.000 |  0.000 | 42.361 | torch.Size([16, 64, 64]) || m_down2.0.nstb_block.attn_mask
 | -0.000 | -0.088 |  0.088 |  0.051 | torch.Size([32, 2, 8, 8]) || m_down2.0.nstb_block.ngram_window_partition.ngram_context.unigram_embed.weight
 |  0.002 | -0.070 |  0.080 |  0.048 | torch.Size([32]) || m_down2.0.nstb_block.ngram_window_partition.ngram_context.unigram_embed.bias
 |  2.303 |  2.303 |  2.303 |  0.000 | torch.Size([2, 1, 1]) || m_down2.0.nstb_block.ngram_window_partition.ngram_context.ngram_attn.logit_scale
 |  0.000 | -0.034 |  0.022 |  0.017 | torch.Size([9, 2]) || m_down2.0.nstb_block.ngram_window_partition.ngram_context.ngram_attn.relative_position_bias_table
 |  4.000 |  0.000 |  8.000 |  2.309 | torch.Size([4, 4]) || m_down2.0.nstb_block.ngram_window_partition.ngram_context.ngram_attn.relative_position_index
 | -0.001 | -0.177 |  0.177 |  0.101 | torch.Size([96, 32]) || m_down2.0.nstb_block.ngram_window_partition.ngram_context.ngram_attn.qkv.weight
 | -0.012 | -0.175 |  0.173 |  0.097 | torch.Size([96]) || m_down2.0.nstb_block.ngram_window_partition.ngram_context.ngram_attn.qkv.bias
 | -0.003 | -0.175 |  0.176 |  0.099 | torch.Size([32, 32]) || m_down2.0.nstb_block.ngram_window_partition.ngram_context.ngram_attn.proj.weight
 | -0.003 | -0.160 |  0.176 |  0.099 | torch.Size([32]) || m_down2.0.nstb_block.ngram_window_partition.ngram_context.ngram_attn.proj.bias
 | -0.000 | -0.125 |  0.125 |  0.073 | torch.Size([64, 64, 1, 1]) || m_down2.0.nstb_block.ngram_window_partition.ngram_context.merge.weight
 | -0.010 | -0.121 |  0.114 |  0.064 | torch.Size([64]) || m_down2.0.nstb_block.ngram_window_partition.ngram_context.merge.bias
 |  2.303 |  2.303 |  2.303 |  0.000 | torch.Size([2, 1, 1]) || m_down2.0.nstb_block.attn.logit_scale
 | -0.000 | -0.054 |  0.065 |  0.021 | torch.Size([225, 2]) || m_down2.0.nstb_block.attn.relative_position_bias_table
 | 112.000 |  0.000 | 224.000 | 48.719 | torch.Size([64, 64]) || m_down2.0.nstb_block.attn.relative_position_index
 |  0.001 | -0.125 |  0.125 |  0.072 | torch.Size([192, 64]) || m_down2.0.nstb_block.attn.qkv.weight
 |  0.004 | -0.123 |  0.119 |  0.071 | torch.Size([192]) || m_down2.0.nstb_block.attn.qkv.bias
 |  0.000 | -0.125 |  0.125 |  0.072 | torch.Size([64, 64]) || m_down2.0.nstb_block.attn.proj.weight
 |  0.003 | -0.123 |  0.121 |  0.076 | torch.Size([64]) || m_down2.0.nstb_block.attn.proj.bias
 |  1.000 |  1.000 |  1.000 |  0.000 | torch.Size([64]) || m_down2.0.nstb_block.norm1.weight
 |  0.000 |  0.000 |  0.000 |  0.000 | torch.Size([64]) || m_down2.0.nstb_block.norm1.bias
 |  0.000 | -0.125 |  0.125 |  0.072 | torch.Size([128, 64]) || m_down2.0.nstb_block.ffn.fc1.weight
 |  0.009 | -0.125 |  0.124 |  0.070 | torch.Size([128]) || m_down2.0.nstb_block.ffn.fc1.bias
 |  0.000 | -0.088 |  0.088 |  0.051 | torch.Size([64, 128]) || m_down2.0.nstb_block.ffn.fc2.weight
 |  0.002 | -0.081 |  0.085 |  0.051 | torch.Size([64]) || m_down2.0.nstb_block.ffn.fc2.bias
 |  1.000 |  1.000 |  1.000 |  0.000 | torch.Size([64]) || m_down2.0.nstb_block.norm2.weight
 |  0.000 |  0.000 |  0.000 |  0.000 | torch.Size([64]) || m_down2.0.nstb_block.norm2.bias
 |  0.000 | -0.072 |  0.072 |  0.042 | torch.Size([128, 192, 1, 1]) || m_down2.0.conv1_2.weight
 | -0.002 | -0.072 |  0.072 |  0.041 | torch.Size([128]) || m_down2.0.conv1_2.bias
 |  0.000 | -0.044 |  0.044 |  0.026 | torch.Size([256, 128, 2, 2]) || m_down2.1.weight
 |  0.000 | -0.062 |  0.062 |  0.036 | torch.Size([256, 256, 1, 1]) || m_down3.0.conv1_1.weight
 |  0.001 | -0.061 |  0.062 |  0.038 | torch.Size([256]) || m_down3.0.conv1_1.bias
 |  0.000 | -0.029 |  0.029 |  0.017 | torch.Size([128, 128, 3, 3]) || m_down3.0.conv_block.0.weight
 |  0.000 | -0.029 |  0.029 |  0.017 | torch.Size([128, 128, 3, 3]) || m_down3.0.conv_block.2.weight
 |  1.000 |  1.000 |  1.000 |  0.000 | torch.Size([128]) || m_down3.0.trans_block.ln1.weight
 |  0.000 |  0.000 |  0.000 |  0.000 | torch.Size([128]) || m_down3.0.trans_block.ln1.bias
 | -0.001 | -0.063 |  0.052 |  0.019 | torch.Size([4, 15, 15]) || m_down3.0.trans_block.msa.relative_position_params
 |  0.000 | -0.088 |  0.088 |  0.051 | torch.Size([384, 128]) || m_down3.0.trans_block.msa.embedding_layer.weight
 |  0.000 | -0.087 |  0.088 |  0.051 | torch.Size([384]) || m_down3.0.trans_block.msa.embedding_layer.bias
 | -0.000 | -0.088 |  0.088 |  0.051 | torch.Size([128, 128]) || m_down3.0.trans_block.msa.linear.weight
 | -0.003 | -0.086 |  0.086 |  0.053 | torch.Size([128]) || m_down3.0.trans_block.msa.linear.bias
 |  1.000 |  1.000 |  1.000 |  0.000 | torch.Size([128]) || m_down3.0.trans_block.ln2.weight
 |  0.000 |  0.000 |  0.000 |  0.000 | torch.Size([128]) || m_down3.0.trans_block.ln2.bias
 |  0.000 | -0.088 |  0.088 |  0.051 | torch.Size([512, 128]) || m_down3.0.trans_block.mlp.0.weight
 | -0.001 | -0.088 |  0.088 |  0.051 | torch.Size([512]) || m_down3.0.trans_block.mlp.0.bias
 |  0.000 | -0.044 |  0.044 |  0.026 | torch.Size([128, 512]) || m_down3.0.trans_block.mlp.2.weight
 | -0.003 | -0.044 |  0.044 |  0.026 | torch.Size([128]) || m_down3.0.trans_block.mlp.2.bias
 | -43.750 | -100.000 |  0.000 | 49.609 | torch.Size([4, 64, 64]) || m_down3.0.nstb_block.attn_mask
 | -0.000 | -0.088 |  0.088 |  0.051 | torch.Size([64, 2, 8, 8]) || m_down3.0.nstb_block.ngram_window_partition.ngram_context.unigram_embed.weight
 |  0.007 | -0.085 |  0.086 |  0.050 | torch.Size([64]) || m_down3.0.nstb_block.ngram_window_partition.ngram_context.unigram_embed.bias
 |  2.303 |  2.303 |  2.303 |  0.000 | torch.Size([4, 1, 1]) || m_down3.0.nstb_block.ngram_window_partition.ngram_context.ngram_attn.logit_scale
 |  0.003 | -0.048 |  0.037 |  0.019 | torch.Size([9, 4]) || m_down3.0.nstb_block.ngram_window_partition.ngram_context.ngram_attn.relative_position_bias_table
 |  4.000 |  0.000 |  8.000 |  2.309 | torch.Size([4, 4]) || m_down3.0.nstb_block.ngram_window_partition.ngram_context.ngram_attn.relative_position_index
 |  0.001 | -0.125 |  0.125 |  0.072 | torch.Size([192, 64]) || m_down3.0.nstb_block.ngram_window_partition.ngram_context.ngram_attn.qkv.weight
 |  0.001 | -0.125 |  0.121 |  0.071 | torch.Size([192]) || m_down3.0.nstb_block.ngram_window_partition.ngram_context.ngram_attn.qkv.bias
 | -0.002 | -0.125 |  0.125 |  0.073 | torch.Size([64, 64]) || m_down3.0.nstb_block.ngram_window_partition.ngram_context.ngram_attn.proj.weight
 | -0.007 | -0.122 |  0.122 |  0.072 | torch.Size([64]) || m_down3.0.nstb_block.ngram_window_partition.ngram_context.ngram_attn.proj.bias
 | -0.000 | -0.088 |  0.088 |  0.051 | torch.Size([128, 128, 1, 1]) || m_down3.0.nstb_block.ngram_window_partition.ngram_context.merge.weight
 |  0.002 | -0.087 |  0.087 |  0.051 | torch.Size([128]) || m_down3.0.nstb_block.ngram_window_partition.ngram_context.merge.bias
 |  2.303 |  2.303 |  2.303 |  0.000 | torch.Size([4, 1, 1]) || m_down3.0.nstb_block.attn.logit_scale
 | -0.001 | -0.060 |  0.074 |  0.019 | torch.Size([225, 4]) || m_down3.0.nstb_block.attn.relative_position_bias_table
 | 112.000 |  0.000 | 224.000 | 48.719 | torch.Size([64, 64]) || m_down3.0.nstb_block.attn.relative_position_index
 | -0.000 | -0.088 |  0.088 |  0.051 | torch.Size([384, 128]) || m_down3.0.nstb_block.attn.qkv.weight
 |  0.004 | -0.088 |  0.088 |  0.053 | torch.Size([384]) || m_down3.0.nstb_block.attn.qkv.bias
 | -0.000 | -0.088 |  0.088 |  0.051 | torch.Size([128, 128]) || m_down3.0.nstb_block.attn.proj.weight
 |  0.003 | -0.088 |  0.086 |  0.052 | torch.Size([128]) || m_down3.0.nstb_block.attn.proj.bias
 |  1.000 |  1.000 |  1.000 |  0.000 | torch.Size([128]) || m_down3.0.nstb_block.norm1.weight
 |  0.000 |  0.000 |  0.000 |  0.000 | torch.Size([128]) || m_down3.0.nstb_block.norm1.bias
 |  0.000 | -0.088 |  0.088 |  0.051 | torch.Size([256, 128]) || m_down3.0.nstb_block.ffn.fc1.weight
 |  0.003 | -0.088 |  0.088 |  0.049 | torch.Size([256]) || m_down3.0.nstb_block.ffn.fc1.bias
 | -0.000 | -0.062 |  0.062 |  0.036 | torch.Size([128, 256]) || m_down3.0.nstb_block.ffn.fc2.weight
 | -0.002 | -0.062 |  0.062 |  0.036 | torch.Size([128]) || m_down3.0.nstb_block.ffn.fc2.bias
 |  1.000 |  1.000 |  1.000 |  0.000 | torch.Size([128]) || m_down3.0.nstb_block.norm2.weight
 |  0.000 |  0.000 |  0.000 |  0.000 | torch.Size([128]) || m_down3.0.nstb_block.norm2.bias
 | -0.000 | -0.051 |  0.051 |  0.030 | torch.Size([256, 384, 1, 1]) || m_down3.0.conv1_2.weight
 | -0.002 | -0.051 |  0.051 |  0.028 | torch.Size([256]) || m_down3.0.conv1_2.bias
 | -0.000 | -0.031 |  0.031 |  0.018 | torch.Size([512, 256, 2, 2]) || m_down3.1.weight
 |  0.000 | -0.044 |  0.044 |  0.025 | torch.Size([512, 512, 1, 1]) || m_body.0.conv1_1.weight
 | -0.001 | -0.044 |  0.044 |  0.025 | torch.Size([512]) || m_body.0.conv1_1.bias
 |  0.000 | -0.021 |  0.021 |  0.012 | torch.Size([256, 256, 3, 3]) || m_body.0.conv_block.0.weight
 |  0.000 | -0.021 |  0.021 |  0.012 | torch.Size([256, 256, 3, 3]) || m_body.0.conv_block.2.weight
 |  1.000 |  1.000 |  1.000 |  0.000 | torch.Size([256]) || m_body.0.trans_block.ln1.weight
 |  0.000 |  0.000 |  0.000 |  0.000 | torch.Size([256]) || m_body.0.trans_block.ln1.bias
 | -0.000 | -0.066 |  0.057 |  0.020 | torch.Size([8, 15, 15]) || m_body.0.trans_block.msa.relative_position_params
 | -0.000 | -0.062 |  0.062 |  0.036 | torch.Size([768, 256]) || m_body.0.trans_block.msa.embedding_layer.weight
 | -0.000 | -0.062 |  0.062 |  0.037 | torch.Size([768]) || m_body.0.trans_block.msa.embedding_layer.bias
 | -0.000 | -0.062 |  0.062 |  0.036 | torch.Size([256, 256]) || m_body.0.trans_block.msa.linear.weight
 |  0.000 | -0.062 |  0.062 |  0.035 | torch.Size([256]) || m_body.0.trans_block.msa.linear.bias
 |  1.000 |  1.000 |  1.000 |  0.000 | torch.Size([256]) || m_body.0.trans_block.ln2.weight
 |  0.000 |  0.000 |  0.000 |  0.000 | torch.Size([256]) || m_body.0.trans_block.ln2.bias
 |  0.000 | -0.062 |  0.062 |  0.036 | torch.Size([1024, 256]) || m_body.0.trans_block.mlp.0.weight
 | -0.001 | -0.062 |  0.062 |  0.036 | torch.Size([1024]) || m_body.0.trans_block.mlp.0.bias
 |  0.000 | -0.031 |  0.031 |  0.018 | torch.Size([256, 1024]) || m_body.0.trans_block.mlp.2.weight
 | -0.000 | -0.031 |  0.031 |  0.018 | torch.Size([256]) || m_body.0.trans_block.mlp.2.bias
 | -75.000 | -100.000 |  0.000 | 43.307 | torch.Size([1, 64, 64]) || m_body.0.nstb_block.attn_mask
 | -0.000 | -0.088 |  0.088 |  0.051 | torch.Size([128, 2, 8, 8]) || m_body.0.nstb_block.ngram_window_partition.ngram_context.unigram_embed.weight
 |  0.001 | -0.086 |  0.088 |  0.049 | torch.Size([128]) || m_body.0.nstb_block.ngram_window_partition.ngram_context.unigram_embed.bias
 |  2.303 |  2.303 |  2.303 |  0.000 | torch.Size([8, 1, 1]) || m_body.0.nstb_block.ngram_window_partition.ngram_context.ngram_attn.logit_scale
 | -0.000 | -0.050 |  0.070 |  0.021 | torch.Size([9, 8]) || m_body.0.nstb_block.ngram_window_partition.ngram_context.ngram_attn.relative_position_bias_table
 |  4.000 |  0.000 |  8.000 |  2.309 | torch.Size([4, 4]) || m_body.0.nstb_block.ngram_window_partition.ngram_context.ngram_attn.relative_position_index
 |  0.000 | -0.088 |  0.088 |  0.051 | torch.Size([384, 128]) || m_body.0.nstb_block.ngram_window_partition.ngram_context.ngram_attn.qkv.weight
 |  0.000 | -0.088 |  0.088 |  0.051 | torch.Size([384]) || m_body.0.nstb_block.ngram_window_partition.ngram_context.ngram_attn.qkv.bias
 | -0.000 | -0.088 |  0.088 |  0.051 | torch.Size([128, 128]) || m_body.0.nstb_block.ngram_window_partition.ngram_context.ngram_attn.proj.weight
 | -0.002 | -0.085 |  0.086 |  0.047 | torch.Size([128]) || m_body.0.nstb_block.ngram_window_partition.ngram_context.ngram_attn.proj.bias
 |  0.000 | -0.062 |  0.062 |  0.036 | torch.Size([256, 256, 1, 1]) || m_body.0.nstb_block.ngram_window_partition.ngram_context.merge.weight
 | -0.004 | -0.062 |  0.062 |  0.037 | torch.Size([256]) || m_body.0.nstb_block.ngram_window_partition.ngram_context.merge.bias
 |  2.303 |  2.303 |  2.303 |  0.000 | torch.Size([8, 1, 1]) || m_body.0.nstb_block.attn.logit_scale
 |  0.000 | -0.074 |  0.053 |  0.019 | torch.Size([225, 8]) || m_body.0.nstb_block.attn.relative_position_bias_table
 | 112.000 |  0.000 | 224.000 | 48.719 | torch.Size([64, 64]) || m_body.0.nstb_block.attn.relative_position_index
 | -0.000 | -0.062 |  0.062 |  0.036 | torch.Size([768, 256]) || m_body.0.nstb_block.attn.qkv.weight
 |  0.000 | -0.062 |  0.062 |  0.035 | torch.Size([768]) || m_body.0.nstb_block.attn.qkv.bias
 | -0.000 | -0.062 |  0.062 |  0.036 | torch.Size([256, 256]) || m_body.0.nstb_block.attn.proj.weight
 | -0.002 | -0.062 |  0.061 |  0.035 | torch.Size([256]) || m_body.0.nstb_block.attn.proj.bias
 |  1.000 |  1.000 |  1.000 |  0.000 | torch.Size([256]) || m_body.0.nstb_block.norm1.weight
 |  0.000 |  0.000 |  0.000 |  0.000 | torch.Size([256]) || m_body.0.nstb_block.norm1.bias
 |  0.000 | -0.062 |  0.062 |  0.036 | torch.Size([512, 256]) || m_body.0.nstb_block.ffn.fc1.weight
 | -0.002 | -0.062 |  0.062 |  0.036 | torch.Size([512]) || m_body.0.nstb_block.ffn.fc1.bias
 |  0.000 | -0.044 |  0.044 |  0.025 | torch.Size([256, 512]) || m_body.0.nstb_block.ffn.fc2.weight
 |  0.002 | -0.044 |  0.044 |  0.027 | torch.Size([256]) || m_body.0.nstb_block.ffn.fc2.bias
 |  1.000 |  1.000 |  1.000 |  0.000 | torch.Size([256]) || m_body.0.nstb_block.norm2.weight
 |  0.000 |  0.000 |  0.000 |  0.000 | torch.Size([256]) || m_body.0.nstb_block.norm2.bias
 | -0.000 | -0.036 |  0.036 |  0.021 | torch.Size([512, 768, 1, 1]) || m_body.0.conv1_2.weight
 | -0.001 | -0.036 |  0.036 |  0.021 | torch.Size([512]) || m_body.0.conv1_2.bias
 |  0.000 | -0.031 |  0.031 |  0.018 | torch.Size([512, 256, 2, 2]) || m_up3.0.weight
 | -0.000 | -0.062 |  0.062 |  0.036 | torch.Size([256, 256, 1, 1]) || m_up3.1.conv1_1.weight
 |  0.002 | -0.062 |  0.062 |  0.037 | torch.Size([256]) || m_up3.1.conv1_1.bias
 | -0.000 | -0.029 |  0.029 |  0.017 | torch.Size([128, 128, 3, 3]) || m_up3.1.conv_block.0.weight
 | -0.000 | -0.029 |  0.029 |  0.017 | torch.Size([128, 128, 3, 3]) || m_up3.1.conv_block.2.weight
 |  1.000 |  1.000 |  1.000 |  0.000 | torch.Size([128]) || m_up3.1.trans_block.ln1.weight
 |  0.000 |  0.000 |  0.000 |  0.000 | torch.Size([128]) || m_up3.1.trans_block.ln1.bias
 |  0.000 | -0.061 |  0.059 |  0.020 | torch.Size([4, 15, 15]) || m_up3.1.trans_block.msa.relative_position_params
 |  0.000 | -0.088 |  0.088 |  0.051 | torch.Size([384, 128]) || m_up3.1.trans_block.msa.embedding_layer.weight
 |  0.001 | -0.088 |  0.088 |  0.053 | torch.Size([384]) || m_up3.1.trans_block.msa.embedding_layer.bias
 |  0.000 | -0.088 |  0.088 |  0.051 | torch.Size([128, 128]) || m_up3.1.trans_block.msa.linear.weight
 |  0.001 | -0.087 |  0.088 |  0.054 | torch.Size([128]) || m_up3.1.trans_block.msa.linear.bias
 |  1.000 |  1.000 |  1.000 |  0.000 | torch.Size([128]) || m_up3.1.trans_block.ln2.weight
 |  0.000 |  0.000 |  0.000 |  0.000 | torch.Size([128]) || m_up3.1.trans_block.ln2.bias
 | -0.000 | -0.088 |  0.088 |  0.051 | torch.Size([512, 128]) || m_up3.1.trans_block.mlp.0.weight
 | -0.002 | -0.088 |  0.088 |  0.052 | torch.Size([512]) || m_up3.1.trans_block.mlp.0.bias
 |  0.000 | -0.044 |  0.044 |  0.026 | torch.Size([128, 512]) || m_up3.1.trans_block.mlp.2.weight
 | -0.001 | -0.043 |  0.044 |  0.024 | torch.Size([128]) || m_up3.1.trans_block.mlp.2.bias
 | -43.750 | -100.000 |  0.000 | 49.609 | torch.Size([4, 64, 64]) || m_up3.1.nstb_block.attn_mask
 | -0.000 | -0.088 |  0.088 |  0.051 | torch.Size([64, 2, 8, 8]) || m_up3.1.nstb_block.ngram_window_partition.ngram_context.unigram_embed.weight
 |  0.004 | -0.086 |  0.087 |  0.050 | torch.Size([64]) || m_up3.1.nstb_block.ngram_window_partition.ngram_context.unigram_embed.bias
 |  2.303 |  2.303 |  2.303 |  0.000 | torch.Size([4, 1, 1]) || m_up3.1.nstb_block.ngram_window_partition.ngram_context.ngram_attn.logit_scale
 |  0.006 | -0.028 |  0.033 |  0.016 | torch.Size([9, 4]) || m_up3.1.nstb_block.ngram_window_partition.ngram_context.ngram_attn.relative_position_bias_table
 |  4.000 |  0.000 |  8.000 |  2.309 | torch.Size([4, 4]) || m_up3.1.nstb_block.ngram_window_partition.ngram_context.ngram_attn.relative_position_index
 | -0.001 | -0.125 |  0.125 |  0.072 | torch.Size([192, 64]) || m_up3.1.nstb_block.ngram_window_partition.ngram_context.ngram_attn.qkv.weight
 |  0.000 | -0.123 |  0.124 |  0.072 | torch.Size([192]) || m_up3.1.nstb_block.ngram_window_partition.ngram_context.ngram_attn.qkv.bias
 |  0.002 | -0.125 |  0.125 |  0.073 | torch.Size([64, 64]) || m_up3.1.nstb_block.ngram_window_partition.ngram_context.ngram_attn.proj.weight
 | -0.014 | -0.125 |  0.114 |  0.075 | torch.Size([64]) || m_up3.1.nstb_block.ngram_window_partition.ngram_context.ngram_attn.proj.bias
 |  0.000 | -0.088 |  0.088 |  0.051 | torch.Size([128, 128, 1, 1]) || m_up3.1.nstb_block.ngram_window_partition.ngram_context.merge.weight
 | -0.000 | -0.088 |  0.088 |  0.054 | torch.Size([128]) || m_up3.1.nstb_block.ngram_window_partition.ngram_context.merge.bias
 |  2.303 |  2.303 |  2.303 |  0.000 | torch.Size([4, 1, 1]) || m_up3.1.nstb_block.attn.logit_scale
 |  0.000 | -0.070 |  0.059 |  0.021 | torch.Size([225, 4]) || m_up3.1.nstb_block.attn.relative_position_bias_table
 | 112.000 |  0.000 | 224.000 | 48.719 | torch.Size([64, 64]) || m_up3.1.nstb_block.attn.relative_position_index
 | -0.000 | -0.088 |  0.088 |  0.051 | torch.Size([384, 128]) || m_up3.1.nstb_block.attn.qkv.weight
 | -0.002 | -0.088 |  0.087 |  0.051 | torch.Size([384]) || m_up3.1.nstb_block.attn.qkv.bias
 | -0.000 | -0.088 |  0.088 |  0.051 | torch.Size([128, 128]) || m_up3.1.nstb_block.attn.proj.weight
 |  0.008 | -0.088 |  0.088 |  0.051 | torch.Size([128]) || m_up3.1.nstb_block.attn.proj.bias
 |  1.000 |  1.000 |  1.000 |  0.000 | torch.Size([128]) || m_up3.1.nstb_block.norm1.weight
 |  0.000 |  0.000 |  0.000 |  0.000 | torch.Size([128]) || m_up3.1.nstb_block.norm1.bias
 |  0.000 | -0.088 |  0.088 |  0.051 | torch.Size([256, 128]) || m_up3.1.nstb_block.ffn.fc1.weight
 |  0.000 | -0.088 |  0.088 |  0.051 | torch.Size([256]) || m_up3.1.nstb_block.ffn.fc1.bias
 | -0.000 | -0.062 |  0.062 |  0.036 | torch.Size([128, 256]) || m_up3.1.nstb_block.ffn.fc2.weight
 |  0.003 | -0.062 |  0.059 |  0.035 | torch.Size([128]) || m_up3.1.nstb_block.ffn.fc2.bias
 |  1.000 |  1.000 |  1.000 |  0.000 | torch.Size([128]) || m_up3.1.nstb_block.norm2.weight
 |  0.000 |  0.000 |  0.000 |  0.000 | torch.Size([128]) || m_up3.1.nstb_block.norm2.bias
 | -0.000 | -0.051 |  0.051 |  0.029 | torch.Size([256, 384, 1, 1]) || m_up3.1.conv1_2.weight
 | -0.001 | -0.050 |  0.051 |  0.030 | torch.Size([256]) || m_up3.1.conv1_2.bias
 |  0.000 | -0.044 |  0.044 |  0.026 | torch.Size([256, 128, 2, 2]) || m_up2.0.weight
 |  0.000 | -0.088 |  0.088 |  0.051 | torch.Size([128, 128, 1, 1]) || m_up2.1.conv1_1.weight
 |  0.007 | -0.084 |  0.088 |  0.052 | torch.Size([128]) || m_up2.1.conv1_1.bias
 | -0.000 | -0.042 |  0.042 |  0.024 | torch.Size([64, 64, 3, 3]) || m_up2.1.conv_block.0.weight
 |  0.000 | -0.042 |  0.042 |  0.024 | torch.Size([64, 64, 3, 3]) || m_up2.1.conv_block.2.weight
 |  1.000 |  1.000 |  1.000 |  0.000 | torch.Size([64]) || m_up2.1.trans_block.ln1.weight
 |  0.000 |  0.000 |  0.000 |  0.000 | torch.Size([64]) || m_up2.1.trans_block.ln1.bias
 | -0.000 | -0.061 |  0.055 |  0.020 | torch.Size([2, 15, 15]) || m_up2.1.trans_block.msa.relative_position_params
 |  0.001 | -0.125 |  0.125 |  0.072 | torch.Size([192, 64]) || m_up2.1.trans_block.msa.embedding_layer.weight
 | -0.008 | -0.123 |  0.124 |  0.074 | torch.Size([192]) || m_up2.1.trans_block.msa.embedding_layer.bias
 | -0.001 | -0.125 |  0.125 |  0.073 | torch.Size([64, 64]) || m_up2.1.trans_block.msa.linear.weight
 |  0.003 | -0.118 |  0.114 |  0.066 | torch.Size([64]) || m_up2.1.trans_block.msa.linear.bias
 |  1.000 |  1.000 |  1.000 |  0.000 | torch.Size([64]) || m_up2.1.trans_block.ln2.weight
 |  0.000 |  0.000 |  0.000 |  0.000 | torch.Size([64]) || m_up2.1.trans_block.ln2.bias
 | -0.001 | -0.125 |  0.125 |  0.072 | torch.Size([256, 64]) || m_up2.1.trans_block.mlp.0.weight
 |  0.006 | -0.125 |  0.124 |  0.077 | torch.Size([256]) || m_up2.1.trans_block.mlp.0.bias
 |  0.000 | -0.062 |  0.062 |  0.036 | torch.Size([64, 256]) || m_up2.1.trans_block.mlp.2.weight
 |  0.003 | -0.062 |  0.060 |  0.034 | torch.Size([64]) || m_up2.1.trans_block.mlp.2.bias
 | -23.438 | -100.000 |  0.000 | 42.361 | torch.Size([16, 64, 64]) || m_up2.1.nstb_block.attn_mask
 |  0.001 | -0.088 |  0.088 |  0.051 | torch.Size([32, 2, 8, 8]) || m_up2.1.nstb_block.ngram_window_partition.ngram_context.unigram_embed.weight
 | -0.007 | -0.078 |  0.078 |  0.047 | torch.Size([32]) || m_up2.1.nstb_block.ngram_window_partition.ngram_context.unigram_embed.bias
 |  2.303 |  2.303 |  2.303 |  0.000 | torch.Size([2, 1, 1]) || m_up2.1.nstb_block.ngram_window_partition.ngram_context.ngram_attn.logit_scale
 |  0.001 | -0.031 |  0.031 |  0.018 | torch.Size([9, 2]) || m_up2.1.nstb_block.ngram_window_partition.ngram_context.ngram_attn.relative_position_bias_table
 |  4.000 |  0.000 |  8.000 |  2.309 | torch.Size([4, 4]) || m_up2.1.nstb_block.ngram_window_partition.ngram_context.ngram_attn.relative_position_index
 |  0.003 | -0.177 |  0.177 |  0.103 | torch.Size([96, 32]) || m_up2.1.nstb_block.ngram_window_partition.ngram_context.ngram_attn.qkv.weight
 | -0.010 | -0.167 |  0.173 |  0.101 | torch.Size([96]) || m_up2.1.nstb_block.ngram_window_partition.ngram_context.ngram_attn.qkv.bias
 | -0.002 | -0.176 |  0.177 |  0.103 | torch.Size([32, 32]) || m_up2.1.nstb_block.ngram_window_partition.ngram_context.ngram_attn.proj.weight
 | -0.001 | -0.172 |  0.158 |  0.107 | torch.Size([32]) || m_up2.1.nstb_block.ngram_window_partition.ngram_context.ngram_attn.proj.bias
 | -0.000 | -0.125 |  0.125 |  0.072 | torch.Size([64, 64, 1, 1]) || m_up2.1.nstb_block.ngram_window_partition.ngram_context.merge.weight
 | -0.018 | -0.123 |  0.123 |  0.069 | torch.Size([64]) || m_up2.1.nstb_block.ngram_window_partition.ngram_context.merge.bias
 |  2.303 |  2.303 |  2.303 |  0.000 | torch.Size([2, 1, 1]) || m_up2.1.nstb_block.attn.logit_scale
 | -0.001 | -0.063 |  0.065 |  0.020 | torch.Size([225, 2]) || m_up2.1.nstb_block.attn.relative_position_bias_table
 | 112.000 |  0.000 | 224.000 | 48.719 | torch.Size([64, 64]) || m_up2.1.nstb_block.attn.relative_position_index
 | -0.000 | -0.125 |  0.125 |  0.072 | torch.Size([192, 64]) || m_up2.1.nstb_block.attn.qkv.weight
 |  0.004 | -0.123 |  0.124 |  0.072 | torch.Size([192]) || m_up2.1.nstb_block.attn.qkv.bias
 | -0.000 | -0.125 |  0.125 |  0.072 | torch.Size([64, 64]) || m_up2.1.nstb_block.attn.proj.weight
 |  0.008 | -0.118 |  0.124 |  0.070 | torch.Size([64]) || m_up2.1.nstb_block.attn.proj.bias
 |  1.000 |  1.000 |  1.000 |  0.000 | torch.Size([64]) || m_up2.1.nstb_block.norm1.weight
 |  0.000 |  0.000 |  0.000 |  0.000 | torch.Size([64]) || m_up2.1.nstb_block.norm1.bias
 |  0.000 | -0.125 |  0.125 |  0.072 | torch.Size([128, 64]) || m_up2.1.nstb_block.ffn.fc1.weight
 | -0.008 | -0.124 |  0.119 |  0.068 | torch.Size([128]) || m_up2.1.nstb_block.ffn.fc1.bias
 |  0.000 | -0.088 |  0.088 |  0.051 | torch.Size([64, 128]) || m_up2.1.nstb_block.ffn.fc2.weight
 |  0.002 | -0.085 |  0.085 |  0.054 | torch.Size([64]) || m_up2.1.nstb_block.ffn.fc2.bias
 |  1.000 |  1.000 |  1.000 |  0.000 | torch.Size([64]) || m_up2.1.nstb_block.norm2.weight
 |  0.000 |  0.000 |  0.000 |  0.000 | torch.Size([64]) || m_up2.1.nstb_block.norm2.bias
 |  0.000 | -0.072 |  0.072 |  0.042 | torch.Size([128, 192, 1, 1]) || m_up2.1.conv1_2.weight
 | -0.002 | -0.071 |  0.070 |  0.041 | torch.Size([128]) || m_up2.1.conv1_2.bias
 |  0.000 | -0.062 |  0.062 |  0.036 | torch.Size([128, 64, 2, 2]) || m_up1.0.weight
 | -0.002 | -0.125 |  0.125 |  0.072 | torch.Size([64, 64, 1, 1]) || m_up1.1.conv1_1.weight
 |  0.020 | -0.119 |  0.124 |  0.069 | torch.Size([64]) || m_up1.1.conv1_1.bias
 |  0.000 | -0.059 |  0.059 |  0.034 | torch.Size([32, 32, 3, 3]) || m_up1.1.conv_block.0.weight
 | -0.000 | -0.059 |  0.059 |  0.034 | torch.Size([32, 32, 3, 3]) || m_up1.1.conv_block.2.weight
 |  1.000 |  1.000 |  1.000 |  0.000 | torch.Size([32]) || m_up1.1.trans_block.ln1.weight
 |  0.000 |  0.000 |  0.000 |  0.000 | torch.Size([32]) || m_up1.1.trans_block.ln1.bias
 |  0.000 | -0.071 |  0.065 |  0.021 | torch.Size([1, 15, 15]) || m_up1.1.trans_block.msa.relative_position_params
 | -0.002 | -0.177 |  0.177 |  0.101 | torch.Size([96, 32]) || m_up1.1.trans_block.msa.embedding_layer.weight
 | -0.005 | -0.170 |  0.171 |  0.102 | torch.Size([96]) || m_up1.1.trans_block.msa.embedding_layer.bias
 |  0.003 | -0.177 |  0.177 |  0.101 | torch.Size([32, 32]) || m_up1.1.trans_block.msa.linear.weight
 |  0.008 | -0.169 |  0.173 |  0.084 | torch.Size([32]) || m_up1.1.trans_block.msa.linear.bias
 |  1.000 |  1.000 |  1.000 |  0.000 | torch.Size([32]) || m_up1.1.trans_block.ln2.weight
 |  0.000 |  0.000 |  0.000 |  0.000 | torch.Size([32]) || m_up1.1.trans_block.ln2.bias
 |  0.000 | -0.177 |  0.177 |  0.102 | torch.Size([128, 32]) || m_up1.1.trans_block.mlp.0.weight
 |  0.007 | -0.175 |  0.173 |  0.106 | torch.Size([128]) || m_up1.1.trans_block.mlp.0.bias
 | -0.000 | -0.088 |  0.088 |  0.051 | torch.Size([32, 128]) || m_up1.1.trans_block.mlp.2.weight
 | -0.003 | -0.087 |  0.087 |  0.054 | torch.Size([32]) || m_up1.1.trans_block.mlp.2.bias
 | -12.109 | -100.000 |  0.000 | 32.624 | torch.Size([64, 64, 64]) || m_up1.1.nstb_block.attn_mask
 |  0.001 | -0.088 |  0.088 |  0.050 | torch.Size([16, 2, 8, 8]) || m_up1.1.nstb_block.ngram_window_partition.ngram_context.unigram_embed.weight
 |  0.016 | -0.074 |  0.087 |  0.053 | torch.Size([16]) || m_up1.1.nstb_block.ngram_window_partition.ngram_context.unigram_embed.bias
 |  2.303 |  2.303 |  2.303 |    nan | torch.Size([1, 1, 1]) || m_up1.1.nstb_block.ngram_window_partition.ngram_context.ngram_attn.logit_scale
 | -0.003 | -0.026 |  0.025 |  0.017 | torch.Size([9, 1]) || m_up1.1.nstb_block.ngram_window_partition.ngram_context.ngram_attn.relative_position_bias_table
 |  4.000 |  0.000 |  8.000 |  2.309 | torch.Size([4, 4]) || m_up1.1.nstb_block.ngram_window_partition.ngram_context.ngram_attn.relative_position_index
 |  0.005 | -0.250 |  0.249 |  0.144 | torch.Size([48, 16]) || m_up1.1.nstb_block.ngram_window_partition.ngram_context.ngram_attn.qkv.weight
 | -0.004 | -0.217 |  0.250 |  0.138 | torch.Size([48]) || m_up1.1.nstb_block.ngram_window_partition.ngram_context.ngram_attn.qkv.bias
 |  0.002 | -0.247 |  0.250 |  0.143 | torch.Size([16, 16]) || m_up1.1.nstb_block.ngram_window_partition.ngram_context.ngram_attn.proj.weight
 |  0.034 | -0.236 |  0.248 |  0.174 | torch.Size([16]) || m_up1.1.nstb_block.ngram_window_partition.ngram_context.ngram_attn.proj.bias
 | -0.000 | -0.176 |  0.177 |  0.103 | torch.Size([32, 32, 1, 1]) || m_up1.1.nstb_block.ngram_window_partition.ngram_context.merge.weight
 |  0.024 | -0.170 |  0.174 |  0.111 | torch.Size([32]) || m_up1.1.nstb_block.ngram_window_partition.ngram_context.merge.bias
 |  2.303 |  2.303 |  2.303 |    nan | torch.Size([1, 1, 1]) || m_up1.1.nstb_block.attn.logit_scale
 |  0.001 | -0.059 |  0.057 |  0.020 | torch.Size([225, 1]) || m_up1.1.nstb_block.attn.relative_position_bias_table
 | 112.000 |  0.000 | 224.000 | 48.719 | torch.Size([64, 64]) || m_up1.1.nstb_block.attn.relative_position_index
 | -0.002 | -0.177 |  0.176 |  0.101 | torch.Size([96, 32]) || m_up1.1.nstb_block.attn.qkv.weight
 |  0.014 | -0.176 |  0.166 |  0.098 | torch.Size([96]) || m_up1.1.nstb_block.attn.qkv.bias
 |  0.003 | -0.177 |  0.177 |  0.101 | torch.Size([32, 32]) || m_up1.1.nstb_block.attn.proj.weight
 |  0.016 | -0.147 |  0.169 |  0.094 | torch.Size([32]) || m_up1.1.nstb_block.attn.proj.bias
 |  1.000 |  1.000 |  1.000 |  0.000 | torch.Size([32]) || m_up1.1.nstb_block.norm1.weight
 |  0.000 |  0.000 |  0.000 |  0.000 | torch.Size([32]) || m_up1.1.nstb_block.norm1.bias
 |  0.002 | -0.177 |  0.177 |  0.103 | torch.Size([64, 32]) || m_up1.1.nstb_block.ffn.fc1.weight
 |  0.005 | -0.175 |  0.175 |  0.117 | torch.Size([64]) || m_up1.1.nstb_block.ffn.fc1.bias
 | -0.000 | -0.125 |  0.125 |  0.072 | torch.Size([32, 64]) || m_up1.1.nstb_block.ffn.fc2.weight
 | -0.026 | -0.120 |  0.123 |  0.068 | torch.Size([32]) || m_up1.1.nstb_block.ffn.fc2.bias
 |  1.000 |  1.000 |  1.000 |  0.000 | torch.Size([32]) || m_up1.1.nstb_block.norm2.weight
 |  0.000 |  0.000 |  0.000 |  0.000 | torch.Size([32]) || m_up1.1.nstb_block.norm2.bias
 | -0.001 | -0.102 |  0.102 |  0.059 | torch.Size([64, 96, 1, 1]) || m_up1.1.conv1_2.weight
 |  0.003 | -0.098 |  0.098 |  0.058 | torch.Size([64]) || m_up1.1.conv1_2.bias
 | -0.001 | -0.042 |  0.042 |  0.025 | torch.Size([1, 64, 3, 3]) || m_tail.0.weight

25-08-16 17:56:45.110 : TensorBoard logging to: training_results/conv_trans_nstb_finetuned/scunet_ngswin_conv_trans_nstb_finetuned_400k/tensorboard/SCUNet_conv_trans_nstb_clinical_training_val0.1
25-08-16 17:56:45.110 : Experiment name: SCUNet_conv_trans_nstb_clinical_training_val0.1
25-08-16 17:56:45.110 : Validation split: 10.0% of training data
25-08-16 17:56:45.110 : Early stopping is disabled. Training will run for full 100 epochs.
25-08-16 17:56:45.110 : Starting training...
25-08-16 17:56:45.110 : Training dataset size: 12,095
25-08-16 17:56:45.110 : Iterations per epoch: 6,048
25-08-16 17:56:45.110 : Current step: 0
25-08-16 17:56:45.110 : Starting from epoch: 1
25-08-16 17:57:01.707 :   task: scunet_ngswin_conv_trans_nstb_finetuned_400k
  model: scunet_ngswin
  gpu_ids: [0]
  dist: False
  scale: 1
  n_channels: 1
  path:[
    root: training_results/conv_trans_nstb_finetuned
    task: training_results/conv_trans_nstb_finetuned/scunet_ngswin_conv_trans_nstb_finetuned_400k
    log: training_results/conv_trans_nstb_finetuned/scunet_ngswin_conv_trans_nstb_finetuned_400k
    options: training_results/conv_trans_nstb_finetuned/scunet_ngswin_conv_trans_nstb_finetuned_400k/options
    models: training_results/conv_trans_nstb_finetuned/scunet_ngswin_conv_trans_nstb_finetuned_400k/models
    images: training_results/conv_trans_nstb_finetuned/scunet_ngswin_conv_trans_nstb_finetuned_400k/images
    pretrained_netG: None
    pretrained_netE: None
    pretrained_optimizerG: None
  ]
  datasets:[
    train:[
      name: clinical_supervised_train_clinical_training
      dataset_type: clinical_training
      dataroot_H: /home/Drive-D/clinical_metal_supervised/train
      dataloader_shuffle: True
      dataloader_num_workers: 4
      dataloader_batch_size: 2
      phase: train
      scale: 1
      n_channels: 1
    ]
    test:[
      name: syn_deeplesion_test_li_ct
      dataset_type: li_ct
      dataroot_H: /home/Drive-D/SynDeepLesion/test_640geo
      phase: test
      scale: 1
      n_channels: 1
    ]
    test_2:[
      name: clinical_metal_test_nii_ct
      dataset_type: nii_ct
      dataroot_H: /home/Drive-D/clinical_metal
      phase: test
      scale: 1
      n_channels: 1
    ]
    test_3:[
      name: clinical_metal_artifact_only_test_nii_ct
      dataset_type: nii_ct
      dataroot_H: /home/Drive-D/clinical_metal_test_Metal_artifact_only
      phase: test
      scale: 1
      n_channels: 1
    ]
  ]
  netG:[
    net_type: scunet_ngswin
    in_nc: 1
    out_nc: 1
    config: [1, 1, 1, 1, 1, 1, 1]
    dim: 32
    drop_path_rate: 0.0
    input_resolution: 512
    block_variant: conv_trans_nstb
    init_type: kaiming_normal
    init_bn_type: constant
    init_gain: 1.0
    scale: 1
  ]
  train:[
    G_lossfn_type: l1
    G_lossfn_weight: 1.0
    E_decay: 0.999
    G_optimizer_type: adam
    G_optimizer_lr: 0.0001
    G_optimizer_wd: 0
    G_optimizer_betas: [0.9, 0.999]
    G_optimizer_reuse: False
    G_scheduler_type: MultiStepLR
    G_scheduler_milestones: [200000, 400000, 600000, 800000]
    G_scheduler_gamma: 0.5
    G_param_strict: True
    E_param_strict: True
    checkpoint_test: 6047
    checkpoint_save: 3023
    checkpoint_print: 1512
    use_fp16: True
    test_both_checkpoints: True
    test_save_every_nth: 10
    F_feature_layer: 34
    F_weights: 1.0
    F_lossfn_type: l1
    F_use_input_norm: True
    F_use_range_norm: False
    G_scheduler_restart_weights: 1
  ]
  opt_path: options/train_scunet_ngswin_finetune_conv_trans_nstb_400k.json
  is_train: True
  merge_bn: False
  merge_bn_startpoint: -1
  find_unused_parameters: False
  use_static_graph: False
  num_gpu: 1
  device: cuda

25-08-16 17:57:01.708 : Using device: cuda
25-08-16 17:57:01.802 : Total samples: 13,438 | Train: 12,095 (90.0%) | Validation: 1,343 (10.0%)
25-08-16 17:57:01.802 : Training iters per epoch: 6,048
25-08-16 17:57:01.826 : Test set samples: 2,000
25-08-16 17:57:02.833 : 
Networks name: SCUNet_NGSwin
Params number: 6881982
Net structure:
SCUNet_NGSwin(
  (m_head): Sequential(
    (0): Conv2d(1, 64, kernel_size=(3, 3), stride=(1, 1), padding=(1, 1), bias=False)
  )
  (m_down1): Sequential(
    (0): ConvTransNSTBBlock(
      (conv1_1): Conv2d(64, 64, kernel_size=(1, 1), stride=(1, 1))
      (conv_block): Sequential(
        (0): Conv2d(32, 32, kernel_size=(3, 3), stride=(1, 1), padding=(1, 1), bias=False)
        (1): ReLU(inplace=True)
        (2): Conv2d(32, 32, kernel_size=(3, 3), stride=(1, 1), padding=(1, 1), bias=False)
      )
      (trans_block): Block(
        (ln1): LayerNorm((32,), eps=1e-05, elementwise_affine=True)
        (msa): WMSA(
          (embedding_layer): Linear(in_features=32, out_features=96, bias=True)
          (linear): Linear(in_features=32, out_features=32, bias=True)
        )
        (drop_path): Identity()
        (ln2): LayerNorm((32,), eps=1e-05, elementwise_affine=True)
        (mlp): Sequential(
          (0): Linear(in_features=32, out_features=128, bias=True)
          (1): GELU(approximate='none')
          (2): Linear(in_features=128, out_features=32, bias=True)
        )
      )
      (nstb_block): NSTB(
        (ngram_window_partition): NGramWindowPartition(
          (ngram_context): NGramContext(
            (unigram_embed): Conv2d(32, 16, kernel_size=(8, 8), stride=(8, 8), groups=16)
            (ngram_attn): WindowAttention(
              (qkv): Linear(in_features=16, out_features=48, bias=True)
              (attn_drop): Dropout(p=0.0, inplace=False)
              (proj): Linear(in_features=16, out_features=16, bias=True)
              (proj_drop): Dropout(p=0.0, inplace=False)
              (softmax): Softmax(dim=-1)
            )
            (avg_pool): AvgPool2d(kernel_size=2, stride=2, padding=0)
            (merge): Conv2d(32, 32, kernel_size=(1, 1), stride=(1, 1))
          )
        )
        (attn): WindowAttention(
          (qkv): Linear(in_features=32, out_features=96, bias=True)
          (attn_drop): Dropout(p=0.0, inplace=False)
          (proj): Linear(in_features=32, out_features=32, bias=True)
          (proj_drop): Dropout(p=0.0, inplace=False)
          (softmax): Softmax(dim=-1)
        )
        (norm1): LayerNorm((32,), eps=1e-05, elementwise_affine=True)
        (drop_path): Identity()
        (ffn): Mlp(
          (fc1): Linear(in_features=32, out_features=64, bias=True)
          (act): GELU(approximate='none')
          (drop1): Dropout(p=0.0, inplace=False)
          (norm): Identity()
          (fc2): Linear(in_features=64, out_features=32, bias=True)
          (drop2): Dropout(p=0.0, inplace=False)
        )
        (norm2): LayerNorm((32,), eps=1e-05, elementwise_affine=True)
      )
      (conv1_2): Conv2d(96, 64, kernel_size=(1, 1), stride=(1, 1))
    )
    (1): Conv2d(64, 128, kernel_size=(2, 2), stride=(2, 2), bias=False)
  )
  (m_down2): Sequential(
    (0): ConvTransNSTBBlock(
      (conv1_1): Conv2d(128, 128, kernel_size=(1, 1), stride=(1, 1))
      (conv_block): Sequential(
        (0): Conv2d(64, 64, kernel_size=(3, 3), stride=(1, 1), padding=(1, 1), bias=False)
        (1): ReLU(inplace=True)
        (2): Conv2d(64, 64, kernel_size=(3, 3), stride=(1, 1), padding=(1, 1), bias=False)
      )
      (trans_block): Block(
        (ln1): LayerNorm((64,), eps=1e-05, elementwise_affine=True)
        (msa): WMSA(
          (embedding_layer): Linear(in_features=64, out_features=192, bias=True)
          (linear): Linear(in_features=64, out_features=64, bias=True)
        )
        (drop_path): Identity()
        (ln2): LayerNorm((64,), eps=1e-05, elementwise_affine=True)
        (mlp): Sequential(
          (0): Linear(in_features=64, out_features=256, bias=True)
          (1): GELU(approximate='none')
          (2): Linear(in_features=256, out_features=64, bias=True)
        )
      )
      (nstb_block): NSTB(
        (ngram_window_partition): NGramWindowPartition(
          (ngram_context): NGramContext(
            (unigram_embed): Conv2d(64, 32, kernel_size=(8, 8), stride=(8, 8), groups=32)
            (ngram_attn): WindowAttention(
              (qkv): Linear(in_features=32, out_features=96, bias=True)
              (attn_drop): Dropout(p=0.0, inplace=False)
              (proj): Linear(in_features=32, out_features=32, bias=True)
              (proj_drop): Dropout(p=0.0, inplace=False)
              (softmax): Softmax(dim=-1)
            )
            (avg_pool): AvgPool2d(kernel_size=2, stride=2, padding=0)
            (merge): Conv2d(64, 64, kernel_size=(1, 1), stride=(1, 1))
          )
        )
        (attn): WindowAttention(
          (qkv): Linear(in_features=64, out_features=192, bias=True)
          (attn_drop): Dropout(p=0.0, inplace=False)
          (proj): Linear(in_features=64, out_features=64, bias=True)
          (proj_drop): Dropout(p=0.0, inplace=False)
          (softmax): Softmax(dim=-1)
        )
        (norm1): LayerNorm((64,), eps=1e-05, elementwise_affine=True)
        (drop_path): Identity()
        (ffn): Mlp(
          (fc1): Linear(in_features=64, out_features=128, bias=True)
          (act): GELU(approximate='none')
          (drop1): Dropout(p=0.0, inplace=False)
          (norm): Identity()
          (fc2): Linear(in_features=128, out_features=64, bias=True)
          (drop2): Dropout(p=0.0, inplace=False)
        )
        (norm2): LayerNorm((64,), eps=1e-05, elementwise_affine=True)
      )
      (conv1_2): Conv2d(192, 128, kernel_size=(1, 1), stride=(1, 1))
    )
    (1): Conv2d(128, 256, kernel_size=(2, 2), stride=(2, 2), bias=False)
  )
  (m_down3): Sequential(
    (0): ConvTransNSTBBlock(
      (conv1_1): Conv2d(256, 256, kernel_size=(1, 1), stride=(1, 1))
      (conv_block): Sequential(
        (0): Conv2d(128, 128, kernel_size=(3, 3), stride=(1, 1), padding=(1, 1), bias=False)
        (1): ReLU(inplace=True)
        (2): Conv2d(128, 128, kernel_size=(3, 3), stride=(1, 1), padding=(1, 1), bias=False)
      )
      (trans_block): Block(
        (ln1): LayerNorm((128,), eps=1e-05, elementwise_affine=True)
        (msa): WMSA(
          (embedding_layer): Linear(in_features=128, out_features=384, bias=True)
          (linear): Linear(in_features=128, out_features=128, bias=True)
        )
        (drop_path): Identity()
        (ln2): LayerNorm((128,), eps=1e-05, elementwise_affine=True)
        (mlp): Sequential(
          (0): Linear(in_features=128, out_features=512, bias=True)
          (1): GELU(approximate='none')
          (2): Linear(in_features=512, out_features=128, bias=True)
        )
      )
      (nstb_block): NSTB(
        (ngram_window_partition): NGramWindowPartition(
          (ngram_context): NGramContext(
            (unigram_embed): Conv2d(128, 64, kernel_size=(8, 8), stride=(8, 8), groups=64)
            (ngram_attn): WindowAttention(
              (qkv): Linear(in_features=64, out_features=192, bias=True)
              (attn_drop): Dropout(p=0.0, inplace=False)
              (proj): Linear(in_features=64, out_features=64, bias=True)
              (proj_drop): Dropout(p=0.0, inplace=False)
              (softmax): Softmax(dim=-1)
            )
            (avg_pool): AvgPool2d(kernel_size=2, stride=2, padding=0)
            (merge): Conv2d(128, 128, kernel_size=(1, 1), stride=(1, 1))
          )
        )
        (attn): WindowAttention(
          (qkv): Linear(in_features=128, out_features=384, bias=True)
          (attn_drop): Dropout(p=0.0, inplace=False)
          (proj): Linear(in_features=128, out_features=128, bias=True)
          (proj_drop): Dropout(p=0.0, inplace=False)
          (softmax): Softmax(dim=-1)
        )
        (norm1): LayerNorm((128,), eps=1e-05, elementwise_affine=True)
        (drop_path): Identity()
        (ffn): Mlp(
          (fc1): Linear(in_features=128, out_features=256, bias=True)
          (act): GELU(approximate='none')
          (drop1): Dropout(p=0.0, inplace=False)
          (norm): Identity()
          (fc2): Linear(in_features=256, out_features=128, bias=True)
          (drop2): Dropout(p=0.0, inplace=False)
        )
        (norm2): LayerNorm((128,), eps=1e-05, elementwise_affine=True)
      )
      (conv1_2): Conv2d(384, 256, kernel_size=(1, 1), stride=(1, 1))
    )
    (1): Conv2d(256, 512, kernel_size=(2, 2), stride=(2, 2), bias=False)
  )
  (m_body): Sequential(
    (0): ConvTransNSTBBlock(
      (conv1_1): Conv2d(512, 512, kernel_size=(1, 1), stride=(1, 1))
      (conv_block): Sequential(
        (0): Conv2d(256, 256, kernel_size=(3, 3), stride=(1, 1), padding=(1, 1), bias=False)
        (1): ReLU(inplace=True)
        (2): Conv2d(256, 256, kernel_size=(3, 3), stride=(1, 1), padding=(1, 1), bias=False)
      )
      (trans_block): Block(
        (ln1): LayerNorm((256,), eps=1e-05, elementwise_affine=True)
        (msa): WMSA(
          (embedding_layer): Linear(in_features=256, out_features=768, bias=True)
          (linear): Linear(in_features=256, out_features=256, bias=True)
        )
        (drop_path): Identity()
        (ln2): LayerNorm((256,), eps=1e-05, elementwise_affine=True)
        (mlp): Sequential(
          (0): Linear(in_features=256, out_features=1024, bias=True)
          (1): GELU(approximate='none')
          (2): Linear(in_features=1024, out_features=256, bias=True)
        )
      )
      (nstb_block): NSTB(
        (ngram_window_partition): NGramWindowPartition(
          (ngram_context): NGramContext(
            (unigram_embed): Conv2d(256, 128, kernel_size=(8, 8), stride=(8, 8), groups=128)
            (ngram_attn): WindowAttention(
              (qkv): Linear(in_features=128, out_features=384, bias=True)
              (attn_drop): Dropout(p=0.0, inplace=False)
              (proj): Linear(in_features=128, out_features=128, bias=True)
              (proj_drop): Dropout(p=0.0, inplace=False)
              (softmax): Softmax(dim=-1)
            )
            (avg_pool): AvgPool2d(kernel_size=2, stride=2, padding=0)
            (merge): Conv2d(256, 256, kernel_size=(1, 1), stride=(1, 1))
          )
        )
        (attn): WindowAttention(
          (qkv): Linear(in_features=256, out_features=768, bias=True)
          (attn_drop): Dropout(p=0.0, inplace=False)
          (proj): Linear(in_features=256, out_features=256, bias=True)
          (proj_drop): Dropout(p=0.0, inplace=False)
          (softmax): Softmax(dim=-1)
        )
        (norm1): LayerNorm((256,), eps=1e-05, elementwise_affine=True)
        (drop_path): Identity()
        (ffn): Mlp(
          (fc1): Linear(in_features=256, out_features=512, bias=True)
          (act): GELU(approximate='none')
          (drop1): Dropout(p=0.0, inplace=False)
          (norm): Identity()
          (fc2): Linear(in_features=512, out_features=256, bias=True)
          (drop2): Dropout(p=0.0, inplace=False)
        )
        (norm2): LayerNorm((256,), eps=1e-05, elementwise_affine=True)
      )
      (conv1_2): Conv2d(768, 512, kernel_size=(1, 1), stride=(1, 1))
    )
  )
  (m_up3): Sequential(
    (0): ConvTranspose2d(512, 256, kernel_size=(2, 2), stride=(2, 2), bias=False)
    (1): ConvTransNSTBBlock(
      (conv1_1): Conv2d(256, 256, kernel_size=(1, 1), stride=(1, 1))
      (conv_block): Sequential(
        (0): Conv2d(128, 128, kernel_size=(3, 3), stride=(1, 1), padding=(1, 1), bias=False)
        (1): ReLU(inplace=True)
        (2): Conv2d(128, 128, kernel_size=(3, 3), stride=(1, 1), padding=(1, 1), bias=False)
      )
      (trans_block): Block(
        (ln1): LayerNorm((128,), eps=1e-05, elementwise_affine=True)
        (msa): WMSA(
          (embedding_layer): Linear(in_features=128, out_features=384, bias=True)
          (linear): Linear(in_features=128, out_features=128, bias=True)
        )
        (drop_path): Identity()
        (ln2): LayerNorm((128,), eps=1e-05, elementwise_affine=True)
        (mlp): Sequential(
          (0): Linear(in_features=128, out_features=512, bias=True)
          (1): GELU(approximate='none')
          (2): Linear(in_features=512, out_features=128, bias=True)
        )
      )
      (nstb_block): NSTB(
        (ngram_window_partition): NGramWindowPartition(
          (ngram_context): NGramContext(
            (unigram_embed): Conv2d(128, 64, kernel_size=(8, 8), stride=(8, 8), groups=64)
            (ngram_attn): WindowAttention(
              (qkv): Linear(in_features=64, out_features=192, bias=True)
              (attn_drop): Dropout(p=0.0, inplace=False)
              (proj): Linear(in_features=64, out_features=64, bias=True)
              (proj_drop): Dropout(p=0.0, inplace=False)
              (softmax): Softmax(dim=-1)
            )
            (avg_pool): AvgPool2d(kernel_size=2, stride=2, padding=0)
            (merge): Conv2d(128, 128, kernel_size=(1, 1), stride=(1, 1))
          )
        )
        (attn): WindowAttention(
          (qkv): Linear(in_features=128, out_features=384, bias=True)
          (attn_drop): Dropout(p=0.0, inplace=False)
          (proj): Linear(in_features=128, out_features=128, bias=True)
          (proj_drop): Dropout(p=0.0, inplace=False)
          (softmax): Softmax(dim=-1)
        )
        (norm1): LayerNorm((128,), eps=1e-05, elementwise_affine=True)
        (drop_path): Identity()
        (ffn): Mlp(
          (fc1): Linear(in_features=128, out_features=256, bias=True)
          (act): GELU(approximate='none')
          (drop1): Dropout(p=0.0, inplace=False)
          (norm): Identity()
          (fc2): Linear(in_features=256, out_features=128, bias=True)
          (drop2): Dropout(p=0.0, inplace=False)
        )
        (norm2): LayerNorm((128,), eps=1e-05, elementwise_affine=True)
      )
      (conv1_2): Conv2d(384, 256, kernel_size=(1, 1), stride=(1, 1))
    )
  )
  (m_up2): Sequential(
    (0): ConvTranspose2d(256, 128, kernel_size=(2, 2), stride=(2, 2), bias=False)
    (1): ConvTransNSTBBlock(
      (conv1_1): Conv2d(128, 128, kernel_size=(1, 1), stride=(1, 1))
      (conv_block): Sequential(
        (0): Conv2d(64, 64, kernel_size=(3, 3), stride=(1, 1), padding=(1, 1), bias=False)
        (1): ReLU(inplace=True)
        (2): Conv2d(64, 64, kernel_size=(3, 3), stride=(1, 1), padding=(1, 1), bias=False)
      )
      (trans_block): Block(
        (ln1): LayerNorm((64,), eps=1e-05, elementwise_affine=True)
        (msa): WMSA(
          (embedding_layer): Linear(in_features=64, out_features=192, bias=True)
          (linear): Linear(in_features=64, out_features=64, bias=True)
        )
        (drop_path): Identity()
        (ln2): LayerNorm((64,), eps=1e-05, elementwise_affine=True)
        (mlp): Sequential(
          (0): Linear(in_features=64, out_features=256, bias=True)
          (1): GELU(approximate='none')
          (2): Linear(in_features=256, out_features=64, bias=True)
        )
      )
      (nstb_block): NSTB(
        (ngram_window_partition): NGramWindowPartition(
          (ngram_context): NGramContext(
            (unigram_embed): Conv2d(64, 32, kernel_size=(8, 8), stride=(8, 8), groups=32)
            (ngram_attn): WindowAttention(
              (qkv): Linear(in_features=32, out_features=96, bias=True)
              (attn_drop): Dropout(p=0.0, inplace=False)
              (proj): Linear(in_features=32, out_features=32, bias=True)
              (proj_drop): Dropout(p=0.0, inplace=False)
              (softmax): Softmax(dim=-1)
            )
            (avg_pool): AvgPool2d(kernel_size=2, stride=2, padding=0)
            (merge): Conv2d(64, 64, kernel_size=(1, 1), stride=(1, 1))
          )
        )
        (attn): WindowAttention(
          (qkv): Linear(in_features=64, out_features=192, bias=True)
          (attn_drop): Dropout(p=0.0, inplace=False)
          (proj): Linear(in_features=64, out_features=64, bias=True)
          (proj_drop): Dropout(p=0.0, inplace=False)
          (softmax): Softmax(dim=-1)
        )
        (norm1): LayerNorm((64,), eps=1e-05, elementwise_affine=True)
        (drop_path): Identity()
        (ffn): Mlp(
          (fc1): Linear(in_features=64, out_features=128, bias=True)
          (act): GELU(approximate='none')
          (drop1): Dropout(p=0.0, inplace=False)
          (norm): Identity()
          (fc2): Linear(in_features=128, out_features=64, bias=True)
          (drop2): Dropout(p=0.0, inplace=False)
        )
        (norm2): LayerNorm((64,), eps=1e-05, elementwise_affine=True)
      )
      (conv1_2): Conv2d(192, 128, kernel_size=(1, 1), stride=(1, 1))
    )
  )
  (m_up1): Sequential(
    (0): ConvTranspose2d(128, 64, kernel_size=(2, 2), stride=(2, 2), bias=False)
    (1): ConvTransNSTBBlock(
      (conv1_1): Conv2d(64, 64, kernel_size=(1, 1), stride=(1, 1))
      (conv_block): Sequential(
        (0): Conv2d(32, 32, kernel_size=(3, 3), stride=(1, 1), padding=(1, 1), bias=False)
        (1): ReLU(inplace=True)
        (2): Conv2d(32, 32, kernel_size=(3, 3), stride=(1, 1), padding=(1, 1), bias=False)
      )
      (trans_block): Block(
        (ln1): LayerNorm((32,), eps=1e-05, elementwise_affine=True)
        (msa): WMSA(
          (embedding_layer): Linear(in_features=32, out_features=96, bias=True)
          (linear): Linear(in_features=32, out_features=32, bias=True)
        )
        (drop_path): Identity()
        (ln2): LayerNorm((32,), eps=1e-05, elementwise_affine=True)
        (mlp): Sequential(
          (0): Linear(in_features=32, out_features=128, bias=True)
          (1): GELU(approximate='none')
          (2): Linear(in_features=128, out_features=32, bias=True)
        )
      )
      (nstb_block): NSTB(
        (ngram_window_partition): NGramWindowPartition(
          (ngram_context): NGramContext(
            (unigram_embed): Conv2d(32, 16, kernel_size=(8, 8), stride=(8, 8), groups=16)
            (ngram_attn): WindowAttention(
              (qkv): Linear(in_features=16, out_features=48, bias=True)
              (attn_drop): Dropout(p=0.0, inplace=False)
              (proj): Linear(in_features=16, out_features=16, bias=True)
              (proj_drop): Dropout(p=0.0, inplace=False)
              (softmax): Softmax(dim=-1)
            )
            (avg_pool): AvgPool2d(kernel_size=2, stride=2, padding=0)
            (merge): Conv2d(32, 32, kernel_size=(1, 1), stride=(1, 1))
          )
        )
        (attn): WindowAttention(
          (qkv): Linear(in_features=32, out_features=96, bias=True)
          (attn_drop): Dropout(p=0.0, inplace=False)
          (proj): Linear(in_features=32, out_features=32, bias=True)
          (proj_drop): Dropout(p=0.0, inplace=False)
          (softmax): Softmax(dim=-1)
        )
        (norm1): LayerNorm((32,), eps=1e-05, elementwise_affine=True)
        (drop_path): Identity()
        (ffn): Mlp(
          (fc1): Linear(in_features=32, out_features=64, bias=True)
          (act): GELU(approximate='none')
          (drop1): Dropout(p=0.0, inplace=False)
          (norm): Identity()
          (fc2): Linear(in_features=64, out_features=32, bias=True)
          (drop2): Dropout(p=0.0, inplace=False)
        )
        (norm2): LayerNorm((32,), eps=1e-05, elementwise_affine=True)
      )
      (conv1_2): Conv2d(96, 64, kernel_size=(1, 1), stride=(1, 1))
    )
  )
  (m_tail): Sequential(
    (0): Conv2d(64, 1, kernel_size=(3, 3), stride=(1, 1), padding=(1, 1), bias=False)
  )
)

25-08-16 17:57:02.873 : 
 |  mean  |  min   |  max   |  std   || shape               
 | -0.004 | -0.333 |  0.333 |  0.192 | torch.Size([64, 1, 3, 3]) || m_head.0.weight
 |  0.000 | -0.125 |  0.125 |  0.071 | torch.Size([64, 64, 1, 1]) || m_down1.0.conv1_1.weight
 |  0.009 | -0.121 |  0.122 |  0.076 | torch.Size([64]) || m_down1.0.conv1_1.bias
 |  0.000 | -0.059 |  0.059 |  0.034 | torch.Size([32, 32, 3, 3]) || m_down1.0.conv_block.0.weight
 | -0.000 | -0.059 |  0.059 |  0.034 | torch.Size([32, 32, 3, 3]) || m_down1.0.conv_block.2.weight
 |  1.000 |  1.000 |  1.000 |  0.000 | torch.Size([32]) || m_down1.0.trans_block.ln1.weight
 |  0.000 |  0.000 |  0.000 |  0.000 | torch.Size([32]) || m_down1.0.trans_block.ln1.bias
 | -0.001 | -0.053 |  0.051 |  0.020 | torch.Size([1, 15, 15]) || m_down1.0.trans_block.msa.relative_position_params
 | -0.000 | -0.177 |  0.177 |  0.102 | torch.Size([96, 32]) || m_down1.0.trans_block.msa.embedding_layer.weight
 | -0.002 | -0.175 |  0.174 |  0.097 | torch.Size([96]) || m_down1.0.trans_block.msa.embedding_layer.bias
 | -0.000 | -0.175 |  0.177 |  0.104 | torch.Size([32, 32]) || m_down1.0.trans_block.msa.linear.weight
 |  0.017 | -0.152 |  0.173 |  0.105 | torch.Size([32]) || m_down1.0.trans_block.msa.linear.bias
 |  1.000 |  1.000 |  1.000 |  0.000 | torch.Size([32]) || m_down1.0.trans_block.ln2.weight
 |  0.000 |  0.000 |  0.000 |  0.000 | torch.Size([32]) || m_down1.0.trans_block.ln2.bias
 | -0.001 | -0.177 |  0.177 |  0.103 | torch.Size([128, 32]) || m_down1.0.trans_block.mlp.0.weight
 | -0.013 | -0.175 |  0.174 |  0.106 | torch.Size([128]) || m_down1.0.trans_block.mlp.0.bias
 |  0.000 | -0.088 |  0.088 |  0.051 | torch.Size([32, 128]) || m_down1.0.trans_block.mlp.2.weight
 | -0.002 | -0.082 |  0.087 |  0.054 | torch.Size([32]) || m_down1.0.trans_block.mlp.2.bias
 | -12.109 | -100.000 |  0.000 | 32.624 | torch.Size([64, 64, 64]) || m_down1.0.nstb_block.attn_mask
 | -0.000 | -0.088 |  0.088 |  0.050 | torch.Size([16, 2, 8, 8]) || m_down1.0.nstb_block.ngram_window_partition.ngram_context.unigram_embed.weight
 |  0.000 | -0.080 |  0.087 |  0.057 | torch.Size([16]) || m_down1.0.nstb_block.ngram_window_partition.ngram_context.unigram_embed.bias
 |  2.303 |  2.303 |  2.303 |    nan | torch.Size([1, 1, 1]) || m_down1.0.nstb_block.ngram_window_partition.ngram_context.ngram_attn.logit_scale
 | -0.004 | -0.038 |  0.029 |  0.018 | torch.Size([9, 1]) || m_down1.0.nstb_block.ngram_window_partition.ngram_context.ngram_attn.relative_position_bias_table
 |  4.000 |  0.000 |  8.000 |  2.309 | torch.Size([4, 4]) || m_down1.0.nstb_block.ngram_window_partition.ngram_context.ngram_attn.relative_position_index
 |  0.006 | -0.250 |  0.249 |  0.147 | torch.Size([48, 16]) || m_down1.0.nstb_block.ngram_window_partition.ngram_context.ngram_attn.qkv.weight
 | -0.024 | -0.243 |  0.242 |  0.143 | torch.Size([48]) || m_down1.0.nstb_block.ngram_window_partition.ngram_context.ngram_attn.qkv.bias
 | -0.007 | -0.248 |  0.250 |  0.142 | torch.Size([16, 16]) || m_down1.0.nstb_block.ngram_window_partition.ngram_context.ngram_attn.proj.weight
 | -0.072 | -0.232 |  0.226 |  0.165 | torch.Size([16]) || m_down1.0.nstb_block.ngram_window_partition.ngram_context.ngram_attn.proj.bias
 | -0.007 | -0.176 |  0.177 |  0.102 | torch.Size([32, 32, 1, 1]) || m_down1.0.nstb_block.ngram_window_partition.ngram_context.merge.weight
 | -0.001 | -0.146 |  0.160 |  0.086 | torch.Size([32]) || m_down1.0.nstb_block.ngram_window_partition.ngram_context.merge.bias
 |  2.303 |  2.303 |  2.303 |    nan | torch.Size([1, 1, 1]) || m_down1.0.nstb_block.attn.logit_scale
 |  0.001 | -0.051 |  0.050 |  0.019 | torch.Size([225, 1]) || m_down1.0.nstb_block.attn.relative_position_bias_table
 | 112.000 |  0.000 | 224.000 | 48.719 | torch.Size([64, 64]) || m_down1.0.nstb_block.attn.relative_position_index
 |  0.001 | -0.176 |  0.177 |  0.102 | torch.Size([96, 32]) || m_down1.0.nstb_block.attn.qkv.weight
 |  0.003 | -0.176 |  0.175 |  0.101 | torch.Size([96]) || m_down1.0.nstb_block.attn.qkv.bias
 |  0.003 | -0.176 |  0.177 |  0.098 | torch.Size([32, 32]) || m_down1.0.nstb_block.attn.proj.weight
 |  0.035 | -0.132 |  0.174 |  0.089 | torch.Size([32]) || m_down1.0.nstb_block.attn.proj.bias
 |  1.000 |  1.000 |  1.000 |  0.000 | torch.Size([32]) || m_down1.0.nstb_block.norm1.weight
 |  0.000 |  0.000 |  0.000 |  0.000 | torch.Size([32]) || m_down1.0.nstb_block.norm1.bias
 |  0.000 | -0.176 |  0.177 |  0.104 | torch.Size([64, 32]) || m_down1.0.nstb_block.ffn.fc1.weight
 |  0.012 | -0.165 |  0.167 |  0.091 | torch.Size([64]) || m_down1.0.nstb_block.ffn.fc1.bias
 | -0.002 | -0.125 |  0.125 |  0.073 | torch.Size([32, 64]) || m_down1.0.nstb_block.ffn.fc2.weight
 |  0.008 | -0.112 |  0.124 |  0.073 | torch.Size([32]) || m_down1.0.nstb_block.ffn.fc2.bias
 |  1.000 |  1.000 |  1.000 |  0.000 | torch.Size([32]) || m_down1.0.nstb_block.norm2.weight
 |  0.000 |  0.000 |  0.000 |  0.000 | torch.Size([32]) || m_down1.0.nstb_block.norm2.bias
 | -0.000 | -0.102 |  0.102 |  0.059 | torch.Size([64, 96, 1, 1]) || m_down1.0.conv1_2.weight
 | -0.010 | -0.100 |  0.102 |  0.058 | torch.Size([64]) || m_down1.0.conv1_2.bias
 | -0.000 | -0.062 |  0.062 |  0.036 | torch.Size([128, 64, 2, 2]) || m_down1.1.weight
 |  0.000 | -0.088 |  0.088 |  0.051 | torch.Size([128, 128, 1, 1]) || m_down2.0.conv1_1.weight
 |  0.003 | -0.088 |  0.087 |  0.047 | torch.Size([128]) || m_down2.0.conv1_1.bias
 | -0.000 | -0.042 |  0.042 |  0.024 | torch.Size([64, 64, 3, 3]) || m_down2.0.conv_block.0.weight
 | -0.000 | -0.042 |  0.042 |  0.024 | torch.Size([64, 64, 3, 3]) || m_down2.0.conv_block.2.weight
 |  1.000 |  1.000 |  1.000 |  0.000 | torch.Size([64]) || m_down2.0.trans_block.ln1.weight
 |  0.000 |  0.000 |  0.000 |  0.000 | torch.Size([64]) || m_down2.0.trans_block.ln1.bias
 | -0.000 | -0.052 |  0.057 |  0.021 | torch.Size([2, 15, 15]) || m_down2.0.trans_block.msa.relative_position_params
 | -0.001 | -0.125 |  0.125 |  0.072 | torch.Size([192, 64]) || m_down2.0.trans_block.msa.embedding_layer.weight
 |  0.010 | -0.124 |  0.125 |  0.070 | torch.Size([192]) || m_down2.0.trans_block.msa.embedding_layer.bias
 | -0.000 | -0.125 |  0.125 |  0.072 | torch.Size([64, 64]) || m_down2.0.trans_block.msa.linear.weight
 |  0.018 | -0.118 |  0.124 |  0.080 | torch.Size([64]) || m_down2.0.trans_block.msa.linear.bias
 |  1.000 |  1.000 |  1.000 |  0.000 | torch.Size([64]) || m_down2.0.trans_block.ln2.weight
 |  0.000 |  0.000 |  0.000 |  0.000 | torch.Size([64]) || m_down2.0.trans_block.ln2.bias
 | -0.001 | -0.125 |  0.125 |  0.072 | torch.Size([256, 64]) || m_down2.0.trans_block.mlp.0.weight
 |  0.002 | -0.124 |  0.123 |  0.072 | torch.Size([256]) || m_down2.0.trans_block.mlp.0.bias
 | -0.000 | -0.062 |  0.062 |  0.036 | torch.Size([64, 256]) || m_down2.0.trans_block.mlp.2.weight
 |  0.003 | -0.060 |  0.062 |  0.035 | torch.Size([64]) || m_down2.0.trans_block.mlp.2.bias
 | -23.438 | -100.000 |  0.000 | 42.361 | torch.Size([16, 64, 64]) || m_down2.0.nstb_block.attn_mask
 | -0.000 | -0.088 |  0.088 |  0.051 | torch.Size([32, 2, 8, 8]) || m_down2.0.nstb_block.ngram_window_partition.ngram_context.unigram_embed.weight
 |  0.003 | -0.085 |  0.088 |  0.057 | torch.Size([32]) || m_down2.0.nstb_block.ngram_window_partition.ngram_context.unigram_embed.bias
 |  2.303 |  2.303 |  2.303 |  0.000 | torch.Size([2, 1, 1]) || m_down2.0.nstb_block.ngram_window_partition.ngram_context.ngram_attn.logit_scale
 |  0.002 | -0.039 |  0.028 |  0.018 | torch.Size([9, 2]) || m_down2.0.nstb_block.ngram_window_partition.ngram_context.ngram_attn.relative_position_bias_table
 |  4.000 |  0.000 |  8.000 |  2.309 | torch.Size([4, 4]) || m_down2.0.nstb_block.ngram_window_partition.ngram_context.ngram_attn.relative_position_index
 | -0.001 | -0.176 |  0.177 |  0.103 | torch.Size([96, 32]) || m_down2.0.nstb_block.ngram_window_partition.ngram_context.ngram_attn.qkv.weight
 |  0.001 | -0.169 |  0.175 |  0.101 | torch.Size([96]) || m_down2.0.nstb_block.ngram_window_partition.ngram_context.ngram_attn.qkv.bias
 |  0.002 | -0.176 |  0.176 |  0.099 | torch.Size([32, 32]) || m_down2.0.nstb_block.ngram_window_partition.ngram_context.ngram_attn.proj.weight
 | -0.020 | -0.175 |  0.173 |  0.105 | torch.Size([32]) || m_down2.0.nstb_block.ngram_window_partition.ngram_context.ngram_attn.proj.bias
 |  0.001 | -0.125 |  0.125 |  0.072 | torch.Size([64, 64, 1, 1]) || m_down2.0.nstb_block.ngram_window_partition.ngram_context.merge.weight
 |  0.006 | -0.122 |  0.124 |  0.077 | torch.Size([64]) || m_down2.0.nstb_block.ngram_window_partition.ngram_context.merge.bias
 |  2.303 |  2.303 |  2.303 |  0.000 | torch.Size([2, 1, 1]) || m_down2.0.nstb_block.attn.logit_scale
 |  0.001 | -0.072 |  0.054 |  0.021 | torch.Size([225, 2]) || m_down2.0.nstb_block.attn.relative_position_bias_table
 | 112.000 |  0.000 | 224.000 | 48.719 | torch.Size([64, 64]) || m_down2.0.nstb_block.attn.relative_position_index
 | -0.000 | -0.125 |  0.125 |  0.072 | torch.Size([192, 64]) || m_down2.0.nstb_block.attn.qkv.weight
 |  0.008 | -0.123 |  0.125 |  0.071 | torch.Size([192]) || m_down2.0.nstb_block.attn.qkv.bias
 |  0.000 | -0.125 |  0.125 |  0.073 | torch.Size([64, 64]) || m_down2.0.nstb_block.attn.proj.weight
 | -0.007 | -0.121 |  0.117 |  0.072 | torch.Size([64]) || m_down2.0.nstb_block.attn.proj.bias
 |  1.000 |  1.000 |  1.000 |  0.000 | torch.Size([64]) || m_down2.0.nstb_block.norm1.weight
 |  0.000 |  0.000 |  0.000 |  0.000 | torch.Size([64]) || m_down2.0.nstb_block.norm1.bias
 | -0.001 | -0.125 |  0.125 |  0.072 | torch.Size([128, 64]) || m_down2.0.nstb_block.ffn.fc1.weight
 |  0.004 | -0.125 |  0.125 |  0.075 | torch.Size([128]) || m_down2.0.nstb_block.ffn.fc1.bias
 |  0.000 | -0.088 |  0.088 |  0.051 | torch.Size([64, 128]) || m_down2.0.nstb_block.ffn.fc2.weight
 |  0.003 | -0.088 |  0.088 |  0.053 | torch.Size([64]) || m_down2.0.nstb_block.ffn.fc2.bias
 |  1.000 |  1.000 |  1.000 |  0.000 | torch.Size([64]) || m_down2.0.nstb_block.norm2.weight
 |  0.000 |  0.000 |  0.000 |  0.000 | torch.Size([64]) || m_down2.0.nstb_block.norm2.bias
 |  0.000 | -0.072 |  0.072 |  0.042 | torch.Size([128, 192, 1, 1]) || m_down2.0.conv1_2.weight
 | -0.003 | -0.070 |  0.072 |  0.041 | torch.Size([128]) || m_down2.0.conv1_2.bias
 | -0.000 | -0.044 |  0.044 |  0.026 | torch.Size([256, 128, 2, 2]) || m_down2.1.weight
 |  0.000 | -0.062 |  0.062 |  0.036 | torch.Size([256, 256, 1, 1]) || m_down3.0.conv1_1.weight
 | -0.003 | -0.062 |  0.062 |  0.037 | torch.Size([256]) || m_down3.0.conv1_1.bias
 |  0.000 | -0.029 |  0.029 |  0.017 | torch.Size([128, 128, 3, 3]) || m_down3.0.conv_block.0.weight
 | -0.000 | -0.029 |  0.029 |  0.017 | torch.Size([128, 128, 3, 3]) || m_down3.0.conv_block.2.weight
 |  1.000 |  1.000 |  1.000 |  0.000 | torch.Size([128]) || m_down3.0.trans_block.ln1.weight
 |  0.000 |  0.000 |  0.000 |  0.000 | torch.Size([128]) || m_down3.0.trans_block.ln1.bias
 |  0.001 | -0.061 |  0.063 |  0.020 | torch.Size([4, 15, 15]) || m_down3.0.trans_block.msa.relative_position_params
 |  0.000 | -0.088 |  0.088 |  0.051 | torch.Size([384, 128]) || m_down3.0.trans_block.msa.embedding_layer.weight
 |  0.000 | -0.087 |  0.088 |  0.051 | torch.Size([384]) || m_down3.0.trans_block.msa.embedding_layer.bias
 | -0.000 | -0.088 |  0.088 |  0.051 | torch.Size([128, 128]) || m_down3.0.trans_block.msa.linear.weight
 |  0.006 | -0.087 |  0.087 |  0.052 | torch.Size([128]) || m_down3.0.trans_block.msa.linear.bias
 |  1.000 |  1.000 |  1.000 |  0.000 | torch.Size([128]) || m_down3.0.trans_block.ln2.weight
 |  0.000 |  0.000 |  0.000 |  0.000 | torch.Size([128]) || m_down3.0.trans_block.ln2.bias
 | -0.000 | -0.088 |  0.088 |  0.051 | torch.Size([512, 128]) || m_down3.0.trans_block.mlp.0.weight
 | -0.002 | -0.088 |  0.088 |  0.051 | torch.Size([512]) || m_down3.0.trans_block.mlp.0.bias
 |  0.000 | -0.044 |  0.044 |  0.026 | torch.Size([128, 512]) || m_down3.0.trans_block.mlp.2.weight
 | -0.002 | -0.044 |  0.044 |  0.025 | torch.Size([128]) || m_down3.0.trans_block.mlp.2.bias
 | -43.750 | -100.000 |  0.000 | 49.609 | torch.Size([4, 64, 64]) || m_down3.0.nstb_block.attn_mask
 | -0.000 | -0.088 |  0.088 |  0.051 | torch.Size([64, 2, 8, 8]) || m_down3.0.nstb_block.ngram_window_partition.ngram_context.unigram_embed.weight
 |  0.005 | -0.088 |  0.085 |  0.051 | torch.Size([64]) || m_down3.0.nstb_block.ngram_window_partition.ngram_context.unigram_embed.bias
 |  2.303 |  2.303 |  2.303 |  0.000 | torch.Size([4, 1, 1]) || m_down3.0.nstb_block.ngram_window_partition.ngram_context.ngram_attn.logit_scale
 |  0.002 | -0.033 |  0.032 |  0.017 | torch.Size([9, 4]) || m_down3.0.nstb_block.ngram_window_partition.ngram_context.ngram_attn.relative_position_bias_table
 |  4.000 |  0.000 |  8.000 |  2.309 | torch.Size([4, 4]) || m_down3.0.nstb_block.ngram_window_partition.ngram_context.ngram_attn.relative_position_index
 |  0.001 | -0.125 |  0.125 |  0.072 | torch.Size([192, 64]) || m_down3.0.nstb_block.ngram_window_partition.ngram_context.ngram_attn.qkv.weight
 |  0.012 | -0.125 |  0.125 |  0.075 | torch.Size([192]) || m_down3.0.nstb_block.ngram_window_partition.ngram_context.ngram_attn.qkv.bias
 |  0.000 | -0.125 |  0.125 |  0.073 | torch.Size([64, 64]) || m_down3.0.nstb_block.ngram_window_partition.ngram_context.ngram_attn.proj.weight
 | -0.003 | -0.123 |  0.124 |  0.074 | torch.Size([64]) || m_down3.0.nstb_block.ngram_window_partition.ngram_context.ngram_attn.proj.bias
 |  0.001 | -0.088 |  0.088 |  0.051 | torch.Size([128, 128, 1, 1]) || m_down3.0.nstb_block.ngram_window_partition.ngram_context.merge.weight
 |  0.003 | -0.088 |  0.088 |  0.052 | torch.Size([128]) || m_down3.0.nstb_block.ngram_window_partition.ngram_context.merge.bias
 |  2.303 |  2.303 |  2.303 |  0.000 | torch.Size([4, 1, 1]) || m_down3.0.nstb_block.attn.logit_scale
 |  0.001 | -0.061 |  0.053 |  0.020 | torch.Size([225, 4]) || m_down3.0.nstb_block.attn.relative_position_bias_table
 | 112.000 |  0.000 | 224.000 | 48.719 | torch.Size([64, 64]) || m_down3.0.nstb_block.attn.relative_position_index
 | -0.001 | -0.088 |  0.088 |  0.051 | torch.Size([384, 128]) || m_down3.0.nstb_block.attn.qkv.weight
 |  0.003 | -0.088 |  0.087 |  0.052 | torch.Size([384]) || m_down3.0.nstb_block.attn.qkv.bias
 | -0.000 | -0.088 |  0.088 |  0.051 | torch.Size([128, 128]) || m_down3.0.nstb_block.attn.proj.weight
 | -0.008 | -0.087 |  0.087 |  0.051 | torch.Size([128]) || m_down3.0.nstb_block.attn.proj.bias
 |  1.000 |  1.000 |  1.000 |  0.000 | torch.Size([128]) || m_down3.0.nstb_block.norm1.weight
 |  0.000 |  0.000 |  0.000 |  0.000 | torch.Size([128]) || m_down3.0.nstb_block.norm1.bias
 | -0.000 | -0.088 |  0.088 |  0.051 | torch.Size([256, 128]) || m_down3.0.nstb_block.ffn.fc1.weight
 |  0.002 | -0.087 |  0.088 |  0.053 | torch.Size([256]) || m_down3.0.nstb_block.ffn.fc1.bias
 | -0.000 | -0.062 |  0.062 |  0.036 | torch.Size([128, 256]) || m_down3.0.nstb_block.ffn.fc2.weight
 | -0.003 | -0.060 |  0.062 |  0.034 | torch.Size([128]) || m_down3.0.nstb_block.ffn.fc2.bias
 |  1.000 |  1.000 |  1.000 |  0.000 | torch.Size([128]) || m_down3.0.nstb_block.norm2.weight
 |  0.000 |  0.000 |  0.000 |  0.000 | torch.Size([128]) || m_down3.0.nstb_block.norm2.bias
 |  0.000 | -0.051 |  0.051 |  0.029 | torch.Size([256, 384, 1, 1]) || m_down3.0.conv1_2.weight
 |  0.000 | -0.051 |  0.051 |  0.030 | torch.Size([256]) || m_down3.0.conv1_2.bias
 | -0.000 | -0.031 |  0.031 |  0.018 | torch.Size([512, 256, 2, 2]) || m_down3.1.weight
 |  0.000 | -0.044 |  0.044 |  0.026 | torch.Size([512, 512, 1, 1]) || m_body.0.conv1_1.weight
 | -0.003 | -0.044 |  0.044 |  0.025 | torch.Size([512]) || m_body.0.conv1_1.bias
 | -0.000 | -0.021 |  0.021 |  0.012 | torch.Size([256, 256, 3, 3]) || m_body.0.conv_block.0.weight
 | -0.000 | -0.021 |  0.021 |  0.012 | torch.Size([256, 256, 3, 3]) || m_body.0.conv_block.2.weight
 |  1.000 |  1.000 |  1.000 |  0.000 | torch.Size([256]) || m_body.0.trans_block.ln1.weight
 |  0.000 |  0.000 |  0.000 |  0.000 | torch.Size([256]) || m_body.0.trans_block.ln1.bias
 |  0.000 | -0.065 |  0.066 |  0.020 | torch.Size([8, 15, 15]) || m_body.0.trans_block.msa.relative_position_params
 | -0.000 | -0.062 |  0.062 |  0.036 | torch.Size([768, 256]) || m_body.0.trans_block.msa.embedding_layer.weight
 | -0.002 | -0.062 |  0.062 |  0.036 | torch.Size([768]) || m_body.0.trans_block.msa.embedding_layer.bias
 | -0.000 | -0.062 |  0.062 |  0.036 | torch.Size([256, 256]) || m_body.0.trans_block.msa.linear.weight
 | -0.002 | -0.062 |  0.062 |  0.035 | torch.Size([256]) || m_body.0.trans_block.msa.linear.bias
 |  1.000 |  1.000 |  1.000 |  0.000 | torch.Size([256]) || m_body.0.trans_block.ln2.weight
 |  0.000 |  0.000 |  0.000 |  0.000 | torch.Size([256]) || m_body.0.trans_block.ln2.bias
 |  0.000 | -0.062 |  0.062 |  0.036 | torch.Size([1024, 256]) || m_body.0.trans_block.mlp.0.weight
 | -0.001 | -0.062 |  0.062 |  0.035 | torch.Size([1024]) || m_body.0.trans_block.mlp.0.bias
 |  0.000 | -0.031 |  0.031 |  0.018 | torch.Size([256, 1024]) || m_body.0.trans_block.mlp.2.weight
 |  0.000 | -0.031 |  0.031 |  0.019 | torch.Size([256]) || m_body.0.trans_block.mlp.2.bias
 | -75.000 | -100.000 |  0.000 | 43.307 | torch.Size([1, 64, 64]) || m_body.0.nstb_block.attn_mask
 |  0.000 | -0.088 |  0.088 |  0.051 | torch.Size([128, 2, 8, 8]) || m_body.0.nstb_block.ngram_window_partition.ngram_context.unigram_embed.weight
 |  0.003 | -0.085 |  0.087 |  0.051 | torch.Size([128]) || m_body.0.nstb_block.ngram_window_partition.ngram_context.unigram_embed.bias
 |  2.303 |  2.303 |  2.303 |  0.000 | torch.Size([8, 1, 1]) || m_body.0.nstb_block.ngram_window_partition.ngram_context.ngram_attn.logit_scale
 |  0.003 | -0.044 |  0.062 |  0.021 | torch.Size([9, 8]) || m_body.0.nstb_block.ngram_window_partition.ngram_context.ngram_attn.relative_position_bias_table
 |  4.000 |  0.000 |  8.000 |  2.309 | torch.Size([4, 4]) || m_body.0.nstb_block.ngram_window_partition.ngram_context.ngram_attn.relative_position_index
 |  0.000 | -0.088 |  0.088 |  0.051 | torch.Size([384, 128]) || m_body.0.nstb_block.ngram_window_partition.ngram_context.ngram_attn.qkv.weight
 | -0.003 | -0.088 |  0.088 |  0.053 | torch.Size([384]) || m_body.0.nstb_block.ngram_window_partition.ngram_context.ngram_attn.qkv.bias
 |  0.000 | -0.088 |  0.088 |  0.051 | torch.Size([128, 128]) || m_body.0.nstb_block.ngram_window_partition.ngram_context.ngram_attn.proj.weight
 | -0.002 | -0.087 |  0.088 |  0.053 | torch.Size([128]) || m_body.0.nstb_block.ngram_window_partition.ngram_context.ngram_attn.proj.bias
 |  0.000 | -0.062 |  0.062 |  0.036 | torch.Size([256, 256, 1, 1]) || m_body.0.nstb_block.ngram_window_partition.ngram_context.merge.weight
 | -0.001 | -0.062 |  0.062 |  0.035 | torch.Size([256]) || m_body.0.nstb_block.ngram_window_partition.ngram_context.merge.bias
 |  2.303 |  2.303 |  2.303 |  0.000 | torch.Size([8, 1, 1]) || m_body.0.nstb_block.attn.logit_scale
 | -0.000 | -0.063 |  0.066 |  0.020 | torch.Size([225, 8]) || m_body.0.nstb_block.attn.relative_position_bias_table
 | 112.000 |  0.000 | 224.000 | 48.719 | torch.Size([64, 64]) || m_body.0.nstb_block.attn.relative_position_index
 |  0.000 | -0.062 |  0.062 |  0.036 | torch.Size([768, 256]) || m_body.0.nstb_block.attn.qkv.weight
 | -0.001 | -0.062 |  0.062 |  0.036 | torch.Size([768]) || m_body.0.nstb_block.attn.qkv.bias
 |  0.000 | -0.062 |  0.062 |  0.036 | torch.Size([256, 256]) || m_body.0.nstb_block.attn.proj.weight
 | -0.001 | -0.062 |  0.062 |  0.036 | torch.Size([256]) || m_body.0.nstb_block.attn.proj.bias
 |  1.000 |  1.000 |  1.000 |  0.000 | torch.Size([256]) || m_body.0.nstb_block.norm1.weight
 |  0.000 |  0.000 |  0.000 |  0.000 | torch.Size([256]) || m_body.0.nstb_block.norm1.bias
 | -0.000 | -0.062 |  0.062 |  0.036 | torch.Size([512, 256]) || m_body.0.nstb_block.ffn.fc1.weight
 | -0.001 | -0.062 |  0.062 |  0.036 | torch.Size([512]) || m_body.0.nstb_block.ffn.fc1.bias
 |  0.000 | -0.044 |  0.044 |  0.026 | torch.Size([256, 512]) || m_body.0.nstb_block.ffn.fc2.weight
 |  0.001 | -0.044 |  0.044 |  0.025 | torch.Size([256]) || m_body.0.nstb_block.ffn.fc2.bias
 |  1.000 |  1.000 |  1.000 |  0.000 | torch.Size([256]) || m_body.0.nstb_block.norm2.weight
 |  0.000 |  0.000 |  0.000 |  0.000 | torch.Size([256]) || m_body.0.nstb_block.norm2.bias
 | -0.000 | -0.036 |  0.036 |  0.021 | torch.Size([512, 768, 1, 1]) || m_body.0.conv1_2.weight
 | -0.001 | -0.036 |  0.036 |  0.020 | torch.Size([512]) || m_body.0.conv1_2.bias
 | -0.000 | -0.031 |  0.031 |  0.018 | torch.Size([512, 256, 2, 2]) || m_up3.0.weight
 |  0.000 | -0.062 |  0.062 |  0.036 | torch.Size([256, 256, 1, 1]) || m_up3.1.conv1_1.weight
 | -0.001 | -0.062 |  0.060 |  0.035 | torch.Size([256]) || m_up3.1.conv1_1.bias
 | -0.000 | -0.029 |  0.029 |  0.017 | torch.Size([128, 128, 3, 3]) || m_up3.1.conv_block.0.weight
 |  0.000 | -0.029 |  0.029 |  0.017 | torch.Size([128, 128, 3, 3]) || m_up3.1.conv_block.2.weight
 |  1.000 |  1.000 |  1.000 |  0.000 | torch.Size([128]) || m_up3.1.trans_block.ln1.weight
 |  0.000 |  0.000 |  0.000 |  0.000 | torch.Size([128]) || m_up3.1.trans_block.ln1.bias
 |  0.001 | -0.063 |  0.061 |  0.021 | torch.Size([4, 15, 15]) || m_up3.1.trans_block.msa.relative_position_params
 |  0.000 | -0.088 |  0.088 |  0.051 | torch.Size([384, 128]) || m_up3.1.trans_block.msa.embedding_layer.weight
 |  0.001 | -0.088 |  0.088 |  0.049 | torch.Size([384]) || m_up3.1.trans_block.msa.embedding_layer.bias
 |  0.000 | -0.088 |  0.088 |  0.051 | torch.Size([128, 128]) || m_up3.1.trans_block.msa.linear.weight
 | -0.002 | -0.088 |  0.087 |  0.052 | torch.Size([128]) || m_up3.1.trans_block.msa.linear.bias
 |  1.000 |  1.000 |  1.000 |  0.000 | torch.Size([128]) || m_up3.1.trans_block.ln2.weight
 |  0.000 |  0.000 |  0.000 |  0.000 | torch.Size([128]) || m_up3.1.trans_block.ln2.bias
 |  0.000 | -0.088 |  0.088 |  0.051 | torch.Size([512, 128]) || m_up3.1.trans_block.mlp.0.weight
 |  0.006 | -0.088 |  0.088 |  0.049 | torch.Size([512]) || m_up3.1.trans_block.mlp.0.bias
 |  0.000 | -0.044 |  0.044 |  0.025 | torch.Size([128, 512]) || m_up3.1.trans_block.mlp.2.weight
 | -0.003 | -0.044 |  0.043 |  0.025 | torch.Size([128]) || m_up3.1.trans_block.mlp.2.bias
 | -43.750 | -100.000 |  0.000 | 49.609 | torch.Size([4, 64, 64]) || m_up3.1.nstb_block.attn_mask
 |  0.000 | -0.088 |  0.088 |  0.051 | torch.Size([64, 2, 8, 8]) || m_up3.1.nstb_block.ngram_window_partition.ngram_context.unigram_embed.weight
 | -0.012 | -0.085 |  0.087 |  0.047 | torch.Size([64]) || m_up3.1.nstb_block.ngram_window_partition.ngram_context.unigram_embed.bias
 |  2.303 |  2.303 |  2.303 |  0.000 | torch.Size([4, 1, 1]) || m_up3.1.nstb_block.ngram_window_partition.ngram_context.ngram_attn.logit_scale
 |  0.000 | -0.033 |  0.036 |  0.018 | torch.Size([9, 4]) || m_up3.1.nstb_block.ngram_window_partition.ngram_context.ngram_attn.relative_position_bias_table
 |  4.000 |  0.000 |  8.000 |  2.309 | torch.Size([4, 4]) || m_up3.1.nstb_block.ngram_window_partition.ngram_context.ngram_attn.relative_position_index
 |  0.000 | -0.125 |  0.125 |  0.072 | torch.Size([192, 64]) || m_up3.1.nstb_block.ngram_window_partition.ngram_context.ngram_attn.qkv.weight
 | -0.001 | -0.123 |  0.124 |  0.072 | torch.Size([192]) || m_up3.1.nstb_block.ngram_window_partition.ngram_context.ngram_attn.qkv.bias
 | -0.001 | -0.125 |  0.125 |  0.072 | torch.Size([64, 64]) || m_up3.1.nstb_block.ngram_window_partition.ngram_context.ngram_attn.proj.weight
 |  0.005 | -0.122 |  0.124 |  0.078 | torch.Size([64]) || m_up3.1.nstb_block.ngram_window_partition.ngram_context.ngram_attn.proj.bias
 | -0.000 | -0.088 |  0.088 |  0.051 | torch.Size([128, 128, 1, 1]) || m_up3.1.nstb_block.ngram_window_partition.ngram_context.merge.weight
 |  0.007 | -0.086 |  0.088 |  0.049 | torch.Size([128]) || m_up3.1.nstb_block.ngram_window_partition.ngram_context.merge.bias
 |  2.303 |  2.303 |  2.303 |  0.000 | torch.Size([4, 1, 1]) || m_up3.1.nstb_block.attn.logit_scale
 | -0.000 | -0.070 |  0.056 |  0.020 | torch.Size([225, 4]) || m_up3.1.nstb_block.attn.relative_position_bias_table
 | 112.000 |  0.000 | 224.000 | 48.719 | torch.Size([64, 64]) || m_up3.1.nstb_block.attn.relative_position_index
 | -0.000 | -0.088 |  0.088 |  0.051 | torch.Size([384, 128]) || m_up3.1.nstb_block.attn.qkv.weight
 |  0.004 | -0.088 |  0.088 |  0.050 | torch.Size([384]) || m_up3.1.nstb_block.attn.qkv.bias
 |  0.000 | -0.088 |  0.088 |  0.051 | torch.Size([128, 128]) || m_up3.1.nstb_block.attn.proj.weight
 | -0.004 | -0.086 |  0.088 |  0.052 | torch.Size([128]) || m_up3.1.nstb_block.attn.proj.bias
 |  1.000 |  1.000 |  1.000 |  0.000 | torch.Size([128]) || m_up3.1.nstb_block.norm1.weight
 |  0.000 |  0.000 |  0.000 |  0.000 | torch.Size([128]) || m_up3.1.nstb_block.norm1.bias
 | -0.000 | -0.088 |  0.088 |  0.051 | torch.Size([256, 128]) || m_up3.1.nstb_block.ffn.fc1.weight
 | -0.001 | -0.087 |  0.087 |  0.049 | torch.Size([256]) || m_up3.1.nstb_block.ffn.fc1.bias
 |  0.000 | -0.062 |  0.062 |  0.036 | torch.Size([128, 256]) || m_up3.1.nstb_block.ffn.fc2.weight
 | -0.009 | -0.062 |  0.062 |  0.035 | torch.Size([128]) || m_up3.1.nstb_block.ffn.fc2.bias
 |  1.000 |  1.000 |  1.000 |  0.000 | torch.Size([128]) || m_up3.1.nstb_block.norm2.weight
 |  0.000 |  0.000 |  0.000 |  0.000 | torch.Size([128]) || m_up3.1.nstb_block.norm2.bias
 |  0.000 | -0.051 |  0.051 |  0.029 | torch.Size([256, 384, 1, 1]) || m_up3.1.conv1_2.weight
 | -0.001 | -0.051 |  0.051 |  0.029 | torch.Size([256]) || m_up3.1.conv1_2.bias
 | -0.000 | -0.044 |  0.044 |  0.025 | torch.Size([256, 128, 2, 2]) || m_up2.0.weight
 |  0.000 | -0.088 |  0.088 |  0.051 | torch.Size([128, 128, 1, 1]) || m_up2.1.conv1_1.weight
 |  0.000 | -0.086 |  0.087 |  0.049 | torch.Size([128]) || m_up2.1.conv1_1.bias
 | -0.000 | -0.042 |  0.042 |  0.024 | torch.Size([64, 64, 3, 3]) || m_up2.1.conv_block.0.weight
 | -0.000 | -0.042 |  0.042 |  0.024 | torch.Size([64, 64, 3, 3]) || m_up2.1.conv_block.2.weight
 |  1.000 |  1.000 |  1.000 |  0.000 | torch.Size([64]) || m_up2.1.trans_block.ln1.weight
 |  0.000 |  0.000 |  0.000 |  0.000 | torch.Size([64]) || m_up2.1.trans_block.ln1.bias
 | -0.000 | -0.054 |  0.070 |  0.020 | torch.Size([2, 15, 15]) || m_up2.1.trans_block.msa.relative_position_params
 | -0.000 | -0.125 |  0.125 |  0.072 | torch.Size([192, 64]) || m_up2.1.trans_block.msa.embedding_layer.weight
 | -0.003 | -0.125 |  0.124 |  0.076 | torch.Size([192]) || m_up2.1.trans_block.msa.embedding_layer.bias
 |  0.001 | -0.125 |  0.125 |  0.072 | torch.Size([64, 64]) || m_up2.1.trans_block.msa.linear.weight
 | -0.002 | -0.121 |  0.120 |  0.071 | torch.Size([64]) || m_up2.1.trans_block.msa.linear.bias
 |  1.000 |  1.000 |  1.000 |  0.000 | torch.Size([64]) || m_up2.1.trans_block.ln2.weight
 |  0.000 |  0.000 |  0.000 |  0.000 | torch.Size([64]) || m_up2.1.trans_block.ln2.bias
 |  0.001 | -0.125 |  0.125 |  0.072 | torch.Size([256, 64]) || m_up2.1.trans_block.mlp.0.weight
 |  0.002 | -0.125 |  0.124 |  0.071 | torch.Size([256]) || m_up2.1.trans_block.mlp.0.bias
 | -0.000 | -0.062 |  0.062 |  0.036 | torch.Size([64, 256]) || m_up2.1.trans_block.mlp.2.weight
 | -0.001 | -0.059 |  0.058 |  0.032 | torch.Size([64]) || m_up2.1.trans_block.mlp.2.bias
 | -23.438 | -100.000 |  0.000 | 42.361 | torch.Size([16, 64, 64]) || m_up2.1.nstb_block.attn_mask
 |  0.001 | -0.088 |  0.088 |  0.051 | torch.Size([32, 2, 8, 8]) || m_up2.1.nstb_block.ngram_window_partition.ngram_context.unigram_embed.weight
 | -0.002 | -0.086 |  0.084 |  0.057 | torch.Size([32]) || m_up2.1.nstb_block.ngram_window_partition.ngram_context.unigram_embed.bias
 |  2.303 |  2.303 |  2.303 |  0.000 | torch.Size([2, 1, 1]) || m_up2.1.nstb_block.ngram_window_partition.ngram_context.ngram_attn.logit_scale
 |  0.006 | -0.031 |  0.042 |  0.022 | torch.Size([9, 2]) || m_up2.1.nstb_block.ngram_window_partition.ngram_context.ngram_attn.relative_position_bias_table
 |  4.000 |  0.000 |  8.000 |  2.309 | torch.Size([4, 4]) || m_up2.1.nstb_block.ngram_window_partition.ngram_context.ngram_attn.relative_position_index
 |  0.001 | -0.177 |  0.177 |  0.101 | torch.Size([96, 32]) || m_up2.1.nstb_block.ngram_window_partition.ngram_context.ngram_attn.qkv.weight
 |  0.009 | -0.170 |  0.173 |  0.105 | torch.Size([96]) || m_up2.1.nstb_block.ngram_window_partition.ngram_context.ngram_attn.qkv.bias
 |  0.000 | -0.176 |  0.177 |  0.101 | torch.Size([32, 32]) || m_up2.1.nstb_block.ngram_window_partition.ngram_context.ngram_attn.proj.weight
 |  0.026 | -0.165 |  0.174 |  0.111 | torch.Size([32]) || m_up2.1.nstb_block.ngram_window_partition.ngram_context.ngram_attn.proj.bias
 |  0.002 | -0.125 |  0.125 |  0.072 | torch.Size([64, 64, 1, 1]) || m_up2.1.nstb_block.ngram_window_partition.ngram_context.merge.weight
 | -0.007 | -0.122 |  0.120 |  0.073 | torch.Size([64]) || m_up2.1.nstb_block.ngram_window_partition.ngram_context.merge.bias
 |  2.303 |  2.303 |  2.303 |  0.000 | torch.Size([2, 1, 1]) || m_up2.1.nstb_block.attn.logit_scale
 |  0.001 | -0.059 |  0.071 |  0.020 | torch.Size([225, 2]) || m_up2.1.nstb_block.attn.relative_position_bias_table
 | 112.000 |  0.000 | 224.000 | 48.719 | torch.Size([64, 64]) || m_up2.1.nstb_block.attn.relative_position_index
 | -0.001 | -0.125 |  0.125 |  0.072 | torch.Size([192, 64]) || m_up2.1.nstb_block.attn.qkv.weight
 | -0.004 | -0.125 |  0.125 |  0.073 | torch.Size([192]) || m_up2.1.nstb_block.attn.qkv.bias
 |  0.000 | -0.125 |  0.125 |  0.073 | torch.Size([64, 64]) || m_up2.1.nstb_block.attn.proj.weight
 | -0.011 | -0.111 |  0.114 |  0.063 | torch.Size([64]) || m_up2.1.nstb_block.attn.proj.bias
 |  1.000 |  1.000 |  1.000 |  0.000 | torch.Size([64]) || m_up2.1.nstb_block.norm1.weight
 |  0.000 |  0.000 |  0.000 |  0.000 | torch.Size([64]) || m_up2.1.nstb_block.norm1.bias
 |  0.001 | -0.125 |  0.125 |  0.073 | torch.Size([128, 64]) || m_up2.1.nstb_block.ffn.fc1.weight
 |  0.014 | -0.121 |  0.123 |  0.073 | torch.Size([128]) || m_up2.1.nstb_block.ffn.fc1.bias
 | -0.000 | -0.088 |  0.088 |  0.051 | torch.Size([64, 128]) || m_up2.1.nstb_block.ffn.fc2.weight
 | -0.004 | -0.083 |  0.085 |  0.053 | torch.Size([64]) || m_up2.1.nstb_block.ffn.fc2.bias
 |  1.000 |  1.000 |  1.000 |  0.000 | torch.Size([64]) || m_up2.1.nstb_block.norm2.weight
 |  0.000 |  0.000 |  0.000 |  0.000 | torch.Size([64]) || m_up2.1.nstb_block.norm2.bias
 |  0.000 | -0.072 |  0.072 |  0.042 | torch.Size([128, 192, 1, 1]) || m_up2.1.conv1_2.weight
 | -0.001 | -0.071 |  0.069 |  0.041 | torch.Size([128]) || m_up2.1.conv1_2.bias
 |  0.000 | -0.062 |  0.062 |  0.036 | torch.Size([128, 64, 2, 2]) || m_up1.0.weight
 |  0.002 | -0.125 |  0.125 |  0.073 | torch.Size([64, 64, 1, 1]) || m_up1.1.conv1_1.weight
 |  0.009 | -0.124 |  0.115 |  0.070 | torch.Size([64]) || m_up1.1.conv1_1.bias
 | -0.001 | -0.059 |  0.059 |  0.034 | torch.Size([32, 32, 3, 3]) || m_up1.1.conv_block.0.weight
 | -0.000 | -0.059 |  0.059 |  0.034 | torch.Size([32, 32, 3, 3]) || m_up1.1.conv_block.2.weight
 |  1.000 |  1.000 |  1.000 |  0.000 | torch.Size([32]) || m_up1.1.trans_block.ln1.weight
 |  0.000 |  0.000 |  0.000 |  0.000 | torch.Size([32]) || m_up1.1.trans_block.ln1.bias
 | -0.001 | -0.067 |  0.057 |  0.020 | torch.Size([1, 15, 15]) || m_up1.1.trans_block.msa.relative_position_params
 | -0.000 | -0.177 |  0.177 |  0.103 | torch.Size([96, 32]) || m_up1.1.trans_block.msa.embedding_layer.weight
 | -0.005 | -0.175 |  0.170 |  0.100 | torch.Size([96]) || m_up1.1.trans_block.msa.embedding_layer.bias
 | -0.004 | -0.176 |  0.176 |  0.105 | torch.Size([32, 32]) || m_up1.1.trans_block.msa.linear.weight
 | -0.013 | -0.171 |  0.162 |  0.110 | torch.Size([32]) || m_up1.1.trans_block.msa.linear.bias
 |  1.000 |  1.000 |  1.000 |  0.000 | torch.Size([32]) || m_up1.1.trans_block.ln2.weight
 |  0.000 |  0.000 |  0.000 |  0.000 | torch.Size([32]) || m_up1.1.trans_block.ln2.bias
 | -0.001 | -0.177 |  0.177 |  0.103 | torch.Size([128, 32]) || m_up1.1.trans_block.mlp.0.weight
 |  0.022 | -0.173 |  0.177 |  0.099 | torch.Size([128]) || m_up1.1.trans_block.mlp.0.bias
 | -0.000 | -0.088 |  0.088 |  0.050 | torch.Size([32, 128]) || m_up1.1.trans_block.mlp.2.weight
 | -0.013 | -0.073 |  0.070 |  0.039 | torch.Size([32]) || m_up1.1.trans_block.mlp.2.bias
 | -12.109 | -100.000 |  0.000 | 32.624 | torch.Size([64, 64, 64]) || m_up1.1.nstb_block.attn_mask
 | -0.001 | -0.088 |  0.088 |  0.052 | torch.Size([16, 2, 8, 8]) || m_up1.1.nstb_block.ngram_window_partition.ngram_context.unigram_embed.weight
 |  0.007 | -0.085 |  0.086 |  0.069 | torch.Size([16]) || m_up1.1.nstb_block.ngram_window_partition.ngram_context.unigram_embed.bias
 |  2.303 |  2.303 |  2.303 |    nan | torch.Size([1, 1, 1]) || m_up1.1.nstb_block.ngram_window_partition.ngram_context.ngram_attn.logit_scale
 |  0.006 | -0.029 |  0.055 |  0.026 | torch.Size([9, 1]) || m_up1.1.nstb_block.ngram_window_partition.ngram_context.ngram_attn.relative_position_bias_table
 |  4.000 |  0.000 |  8.000 |  2.309 | torch.Size([4, 4]) || m_up1.1.nstb_block.ngram_window_partition.ngram_context.ngram_attn.relative_position_index
 |  0.004 | -0.250 |  0.250 |  0.147 | torch.Size([48, 16]) || m_up1.1.nstb_block.ngram_window_partition.ngram_context.ngram_attn.qkv.weight
 |  0.023 | -0.212 |  0.248 |  0.148 | torch.Size([48]) || m_up1.1.nstb_block.ngram_window_partition.ngram_context.ngram_attn.qkv.bias
 | -0.006 | -0.249 |  0.248 |  0.144 | torch.Size([16, 16]) || m_up1.1.nstb_block.ngram_window_partition.ngram_context.ngram_attn.proj.weight
 |  0.021 | -0.176 |  0.207 |  0.113 | torch.Size([16]) || m_up1.1.nstb_block.ngram_window_partition.ngram_context.ngram_attn.proj.bias
 | -0.003 | -0.177 |  0.177 |  0.102 | torch.Size([32, 32, 1, 1]) || m_up1.1.nstb_block.ngram_window_partition.ngram_context.merge.weight
 | -0.008 | -0.170 |  0.171 |  0.096 | torch.Size([32]) || m_up1.1.nstb_block.ngram_window_partition.ngram_context.merge.bias
 |  2.303 |  2.303 |  2.303 |    nan | torch.Size([1, 1, 1]) || m_up1.1.nstb_block.attn.logit_scale
 | -0.001 | -0.061 |  0.041 |  0.020 | torch.Size([225, 1]) || m_up1.1.nstb_block.attn.relative_position_bias_table
 | 112.000 |  0.000 | 224.000 | 48.719 | torch.Size([64, 64]) || m_up1.1.nstb_block.attn.relative_position_index
 | -0.001 | -0.177 |  0.177 |  0.102 | torch.Size([96, 32]) || m_up1.1.nstb_block.attn.qkv.weight
 |  0.001 | -0.175 |  0.173 |  0.100 | torch.Size([96]) || m_up1.1.nstb_block.attn.qkv.bias
 |  0.001 | -0.177 |  0.176 |  0.104 | torch.Size([32, 32]) || m_up1.1.nstb_block.attn.proj.weight
 | -0.008 | -0.174 |  0.164 |  0.106 | torch.Size([32]) || m_up1.1.nstb_block.attn.proj.bias
 |  1.000 |  1.000 |  1.000 |  0.000 | torch.Size([32]) || m_up1.1.nstb_block.norm1.weight
 |  0.000 |  0.000 |  0.000 |  0.000 | torch.Size([32]) || m_up1.1.nstb_block.norm1.bias
 |  0.001 | -0.177 |  0.177 |  0.104 | torch.Size([64, 32]) || m_up1.1.nstb_block.ffn.fc1.weight
 | -0.010 | -0.177 |  0.176 |  0.105 | torch.Size([64]) || m_up1.1.nstb_block.ffn.fc1.bias
 |  0.001 | -0.125 |  0.125 |  0.072 | torch.Size([32, 64]) || m_up1.1.nstb_block.ffn.fc2.weight
 |  0.011 | -0.117 |  0.110 |  0.074 | torch.Size([32]) || m_up1.1.nstb_block.ffn.fc2.bias
 |  1.000 |  1.000 |  1.000 |  0.000 | torch.Size([32]) || m_up1.1.nstb_block.norm2.weight
 |  0.000 |  0.000 |  0.000 |  0.000 | torch.Size([32]) || m_up1.1.nstb_block.norm2.bias
 |  0.002 | -0.102 |  0.102 |  0.059 | torch.Size([64, 96, 1, 1]) || m_up1.1.conv1_2.weight
 |  0.004 | -0.098 |  0.096 |  0.053 | torch.Size([64]) || m_up1.1.conv1_2.bias
 | -0.000 | -0.041 |  0.041 |  0.024 | torch.Size([1, 64, 3, 3]) || m_tail.0.weight

25-08-16 17:57:02.875 : TensorBoard logging to: training_results/conv_trans_nstb_finetuned/scunet_ngswin_conv_trans_nstb_finetuned_400k/tensorboard/SCUNet_conv_trans_nstb_clinical_training_val0.1
25-08-16 17:57:02.875 : Experiment name: SCUNet_conv_trans_nstb_clinical_training_val0.1
25-08-16 17:57:02.875 : Validation split: 10.0% of training data
25-08-16 17:57:02.875 : Early stopping is disabled. Training will run for full 100 epochs.
25-08-16 17:57:02.875 : Starting training...
25-08-16 17:57:02.875 : Training dataset size: 12,095
25-08-16 17:57:02.875 : Iterations per epoch: 6,048
25-08-16 17:57:02.875 : Current step: 0
25-08-16 17:57:02.875 : Starting from epoch: 1
25-08-16 18:05:05.234 : <epoch:  1, iter:   1,512, lr:1.000e-04> G_loss: 1.674e-02 
25-08-16 18:13:08.737 : Saving the model.
25-08-16 18:13:09.113 : <epoch:  1, iter:   3,024, lr:1.000e-04> G_loss: 1.180e-02 
25-08-16 18:21:12.034 : <epoch:  1, iter:   4,536, lr:1.000e-04> G_loss: 1.290e-02 
25-08-16 18:29:13.130 : Saving the model.
25-08-16 18:31:29.381 : <epoch:  1, iter:   6,047, Val PSNR: 32.00dB, Val SSIM: 0.8820
25-08-16 18:31:29.382 : Training samples this epoch: 12094
25-08-16 18:31:29.382 : Validation samples this check: 1343
25-08-16 18:31:29.383 : Saving PSNR checkpoint.
25-08-16 18:31:29.841 : <epoch:  2, iter:   6,048, lr:1.000e-04> G_loss: 9.791e-03 
25-08-16 18:39:32.873 : <epoch:  2, iter:   7,560, lr:1.000e-04> G_loss: 1.008e-02 
25-08-16 18:47:36.152 : Saving the model.
25-08-16 18:47:37.165 : <epoch:  2, iter:   9,072, lr:1.000e-04> G_loss: 9.572e-03 
25-08-16 18:55:41.278 : <epoch:  2, iter:  10,584, lr:1.000e-04> G_loss: 6.641e-03 
25-08-16 19:03:44.725 : Saving the model.
25-08-16 19:05:59.668 : <epoch:  2, iter:  12,094, Val PSNR: 33.69dB, Val SSIM: 0.9101
25-08-16 19:05:59.669 : Training samples this epoch: 12094
25-08-16 19:05:59.669 : Validation samples this check: 1343
25-08-16 19:05:59.669 : Saving PSNR checkpoint.
25-08-16 19:06:00.485 : <epoch:  3, iter:  12,096, lr:1.000e-04> G_loss: 6.752e-03 
25-08-16 19:14:06.391 : <epoch:  3, iter:  13,608, lr:1.000e-04> G_loss: 5.767e-03 
25-08-16 19:22:09.953 : Saving the model.
25-08-16 19:22:11.607 : <epoch:  3, iter:  15,120, lr:1.000e-04> G_loss: 6.730e-03 
25-08-16 19:30:15.676 : <epoch:  3, iter:  16,632, lr:1.000e-04> G_loss: 5.487e-03 
25-08-16 19:38:18.513 : Saving the model.
25-08-16 19:40:34.280 : <epoch:  3, iter:  18,141, Val PSNR: 34.84dB, Val SSIM: 0.9215
25-08-16 19:40:34.281 : Training samples this epoch: 12094
25-08-16 19:40:34.281 : Validation samples this check: 1343
25-08-16 19:40:34.282 : Saving PSNR checkpoint.
25-08-16 19:40:35.411 : <epoch:  4, iter:  18,144, lr:1.000e-04> G_loss: 6.525e-03 
25-08-16 19:48:35.486 : <epoch:  4, iter:  19,656, lr:1.000e-04> G_loss: 7.368e-03 
25-08-16 19:56:33.868 : Saving the model.
25-08-16 19:56:36.154 : <epoch:  4, iter:  21,168, lr:1.000e-04> G_loss: 6.290e-03 
25-08-16 20:04:35.549 : <epoch:  4, iter:  22,680, lr:1.000e-04> G_loss: 6.529e-03 
25-08-16 20:12:33.324 : Saving the model.
25-08-16 20:14:45.830 : <epoch:  4, iter:  24,188, Val PSNR: 35.63dB, Val SSIM: 0.9307
25-08-16 20:14:45.830 : Training samples this epoch: 12094
25-08-16 20:14:45.830 : Validation samples this check: 1343
25-08-16 20:14:45.831 : Saving PSNR checkpoint.
25-08-16 20:14:47.284 : <epoch:  5, iter:  24,192, lr:1.000e-04> G_loss: 4.965e-03 
25-08-16 20:22:48.639 : <epoch:  5, iter:  25,704, lr:1.000e-04> G_loss: 3.484e-03 
25-08-16 20:30:46.800 : Saving the model.
25-08-16 20:30:49.712 : <epoch:  5, iter:  27,216, lr:1.000e-04> G_loss: 5.578e-03 
25-08-16 20:38:50.172 : <epoch:  5, iter:  28,728, lr:1.000e-04> G_loss: 5.116e-03 
25-08-16 20:46:47.916 : Saving the model.
25-08-16 20:49:00.200 : <epoch:  5, iter:  30,235, Val PSNR: 36.19dB, Val SSIM: 0.9310
25-08-16 20:49:00.201 : Training samples this epoch: 12094
25-08-16 20:49:00.201 : Validation samples this check: 1343
25-08-16 20:49:00.202 : Saving PSNR checkpoint.
25-08-16 20:49:01.986 : <epoch:  6, iter:  30,240, lr:1.000e-04> G_loss: 6.439e-03 
25-08-16 20:57:02.354 : <epoch:  6, iter:  31,752, lr:1.000e-04> G_loss: 4.408e-03 
25-08-16 21:04:59.194 : Saving the model.
25-08-16 21:05:02.736 : <epoch:  6, iter:  33,264, lr:1.000e-04> G_loss: 5.985e-03 
25-08-16 21:13:02.753 : <epoch:  6, iter:  34,776, lr:1.000e-04> G_loss: 7.040e-03 
25-08-16 21:20:58.172 : Saving the model.
25-08-16 21:23:08.251 : <epoch:  6, iter:  36,282, Val PSNR: 37.23dB, Val SSIM: 0.9431
25-08-16 21:23:08.251 : Training samples this epoch: 12094
25-08-16 21:23:08.251 : Validation samples this check: 1343
25-08-16 21:23:08.252 : Saving PSNR checkpoint.
25-08-16 21:23:10.368 : <epoch:  7, iter:  36,288, lr:1.000e-04> G_loss: 3.762e-03 
25-08-16 21:31:10.299 : <epoch:  7, iter:  37,800, lr:1.000e-04> G_loss: 4.295e-03 
25-08-16 21:39:06.070 : Saving the model.
25-08-16 21:39:10.274 : <epoch:  7, iter:  39,312, lr:1.000e-04> G_loss: 4.518e-03 
25-08-16 21:47:09.949 : <epoch:  7, iter:  40,824, lr:1.000e-04> G_loss: 5.066e-03 
25-08-16 21:55:05.147 : Saving the model.
25-08-16 21:57:20.647 : <epoch:  7, iter:  42,329, Val PSNR: 38.01dB, Val SSIM: 0.9470
25-08-16 21:57:20.647 : Training samples this epoch: 12094
25-08-16 21:57:20.647 : Validation samples this check: 1343
25-08-16 21:57:20.648 : Saving PSNR checkpoint.
25-08-16 21:57:23.056 : <epoch:  8, iter:  42,336, lr:1.000e-04> G_loss: 4.352e-03 
25-08-16 22:05:25.050 : <epoch:  8, iter:  43,848, lr:1.000e-04> G_loss: 4.531e-03 
25-08-16 22:13:21.866 : Saving the model.
25-08-16 22:13:26.678 : <epoch:  8, iter:  45,360, lr:1.000e-04> G_loss: 4.525e-03 
25-08-16 22:21:28.677 : <epoch:  8, iter:  46,872, lr:1.000e-04> G_loss: 4.741e-03 
25-08-16 22:29:24.784 : Saving the model.
25-08-16 22:31:43.816 : <epoch:  8, iter:  48,376, Val PSNR: 38.84dB, Val SSIM: 0.9518
25-08-16 22:31:43.816 : Training samples this epoch: 12094
25-08-16 22:31:43.817 : Validation samples this check: 1343
25-08-16 22:31:43.817 : Saving PSNR checkpoint.
25-08-16 22:31:46.527 : <epoch:  9, iter:  48,384, lr:1.000e-04> G_loss: 4.157e-03 
25-08-16 22:39:45.576 : <epoch:  9, iter:  49,896, lr:1.000e-04> G_loss: 3.761e-03 
25-08-16 22:47:39.046 : Saving the model.
25-08-16 22:47:44.466 : <epoch:  9, iter:  51,408, lr:1.000e-04> G_loss: 3.674e-03 
25-08-16 22:55:43.292 : <epoch:  9, iter:  52,920, lr:1.000e-04> G_loss: 3.568e-03 
25-08-16 23:03:37.575 : Saving the model.
25-08-16 23:05:49.532 : <epoch:  9, iter:  54,423, Val PSNR: 39.42dB, Val SSIM: 0.9544
25-08-16 23:05:49.532 : Training samples this epoch: 12094
25-08-16 23:05:49.533 : Validation samples this check: 1343
25-08-16 23:05:49.533 : Saving PSNR checkpoint.
25-08-16 23:05:52.587 : <epoch: 10, iter:  54,432, lr:1.000e-04> G_loss: 4.227e-03 
25-08-16 23:13:51.485 : <epoch: 10, iter:  55,944, lr:1.000e-04> G_loss: 4.238e-03 
25-08-16 23:21:44.472 : Saving the model.
25-08-16 23:21:50.535 : <epoch: 10, iter:  57,456, lr:1.000e-04> G_loss: 3.602e-03 
25-08-16 23:29:49.062 : <epoch: 10, iter:  58,968, lr:1.000e-04> G_loss: 3.135e-03 
25-08-16 23:37:41.262 : Saving the model.
25-08-16 23:39:55.389 : <epoch: 10, iter:  60,470, Val PSNR: 38.09dB, Val SSIM: 0.9479
25-08-16 23:39:55.389 : Training samples this epoch: 12094
25-08-16 23:39:55.390 : Validation samples this check: 1343
25-08-16 23:39:55.391 : Saving PSNR checkpoint.
25-08-16 23:39:58.801 : <epoch: 11, iter:  60,480, lr:1.000e-04> G_loss: 3.702e-03 
25-08-16 23:48:00.215 : <epoch: 11, iter:  61,992, lr:1.000e-04> G_loss: 2.462e-03 
25-08-16 23:55:54.535 : Saving the model.
25-08-16 23:56:01.279 : <epoch: 11, iter:  63,504, lr:1.000e-04> G_loss: 2.745e-03 
25-08-17 00:04:01.624 : <epoch: 11, iter:  65,016, lr:1.000e-04> G_loss: 3.176e-03 
25-08-17 00:11:55.374 : Saving the model.
25-08-17 00:14:11.038 : <epoch: 11, iter:  66,517, Val PSNR: 40.92dB, Val SSIM: 0.9625
25-08-17 00:14:11.038 : Training samples this epoch: 12094
25-08-17 00:14:11.038 : Validation samples this check: 1343
25-08-17 00:14:11.039 : Saving PSNR checkpoint.
25-08-17 00:14:14.691 : <epoch: 12, iter:  66,528, lr:1.000e-04> G_loss: 2.715e-03 
25-08-17 00:22:14.630 : <epoch: 12, iter:  68,040, lr:1.000e-04> G_loss: 2.810e-03 
25-08-17 00:30:07.573 : Saving the model.
25-08-17 00:30:15.024 : <epoch: 12, iter:  69,552, lr:1.000e-04> G_loss: 2.581e-03 
25-08-17 00:38:15.275 : <epoch: 12, iter:  71,064, lr:1.000e-04> G_loss: 2.286e-03 
25-08-17 00:46:07.337 : Saving the model.
25-08-17 00:48:23.335 : <epoch: 12, iter:  72,564, Val PSNR: 41.57dB, Val SSIM: 0.9650
25-08-17 00:48:23.335 : Training samples this epoch: 12094
25-08-17 00:48:23.336 : Validation samples this check: 1343
25-08-17 00:48:23.336 : Saving PSNR checkpoint.
25-08-17 00:48:27.325 : <epoch: 13, iter:  72,576, lr:1.000e-04> G_loss: 3.425e-03 
25-08-17 00:56:28.861 : <epoch: 13, iter:  74,088, lr:1.000e-04> G_loss: 6.161e-03 
25-08-17 01:04:22.099 : Saving the model.
25-08-17 01:04:30.089 : <epoch: 13, iter:  75,600, lr:1.000e-04> G_loss: 2.435e-03 
25-08-17 01:12:31.309 : <epoch: 13, iter:  77,112, lr:1.000e-04> G_loss: 1.960e-03 
25-08-17 01:20:24.750 : Saving the model.
25-08-17 01:22:42.249 : <epoch: 13, iter:  78,611, Val PSNR: 42.63dB, Val SSIM: 0.9690
25-08-17 01:22:42.249 : Training samples this epoch: 12094
25-08-17 01:22:42.250 : Validation samples this check: 1343
25-08-17 01:22:42.250 : Saving PSNR checkpoint.
25-08-17 01:22:46.522 : <epoch: 14, iter:  78,624, lr:1.000e-04> G_loss: 2.687e-03 
25-08-17 01:30:47.537 : <epoch: 14, iter:  80,136, lr:1.000e-04> G_loss: 2.334e-03 
25-08-17 01:38:40.433 : Saving the model.
25-08-17 01:38:49.036 : <epoch: 14, iter:  81,648, lr:1.000e-04> G_loss: 2.921e-03 
25-08-17 01:46:49.341 : <epoch: 14, iter:  83,160, lr:1.000e-04> G_loss: 3.077e-03 
25-08-17 01:54:41.123 : Saving the model.
25-08-17 01:56:52.066 : <epoch: 14, iter:  84,658, Val PSNR: 42.60dB, Val SSIM: 0.9683
25-08-17 01:56:52.067 : Training samples this epoch: 12094
25-08-17 01:56:52.067 : Validation samples this check: 1343
25-08-17 01:56:52.067 : Saving PSNR checkpoint.
25-08-17 01:56:56.706 : <epoch: 15, iter:  84,672, lr:1.000e-04> G_loss: 2.050e-03 
25-08-17 02:04:57.653 : <epoch: 15, iter:  86,184, lr:1.000e-04> G_loss: 2.487e-03 
25-08-17 02:12:49.928 : Saving the model.
25-08-17 02:12:59.213 : <epoch: 15, iter:  87,696, lr:1.000e-04> G_loss: 2.629e-03 
25-08-17 02:20:58.918 : <epoch: 15, iter:  89,208, lr:1.000e-04> G_loss: 2.695e-03 
25-08-17 02:28:49.263 : Saving the model.
25-08-17 02:31:11.035 : <epoch: 15, iter:  90,705, Val PSNR: 43.16dB, Val SSIM: 0.9703
25-08-17 02:31:11.035 : Training samples this epoch: 12094
25-08-17 02:31:11.036 : Validation samples this check: 1343
25-08-17 02:31:11.036 : Saving PSNR checkpoint.
25-08-17 02:31:15.974 : <epoch: 16, iter:  90,720, lr:1.000e-04> G_loss: 2.415e-03 
25-08-17 02:39:17.743 : <epoch: 16, iter:  92,232, lr:1.000e-04> G_loss: 2.006e-03 
25-08-17 02:47:03.869 : Saving the model.
25-08-17 02:47:13.643 : <epoch: 16, iter:  93,744, lr:1.000e-04> G_loss: 2.064e-03 
25-08-17 02:55:07.811 : <epoch: 16, iter:  95,256, lr:1.000e-04> G_loss: 1.876e-03 
25-08-17 03:02:52.362 : Saving the model.
25-08-17 03:05:04.671 : <epoch: 16, iter:  96,752, Val PSNR: 44.16dB, Val SSIM: 0.9736
25-08-17 03:05:04.671 : Training samples this epoch: 12094
25-08-17 03:05:04.672 : Validation samples this check: 1343
25-08-17 03:05:04.672 : Saving PSNR checkpoint.
25-08-17 03:05:09.893 : <epoch: 17, iter:  96,768, lr:1.000e-04> G_loss: 2.245e-03 
25-08-17 03:13:07.819 : <epoch: 17, iter:  98,280, lr:1.000e-04> G_loss: 1.990e-03 
25-08-17 03:20:56.576 : Saving the model.
25-08-17 03:21:07.107 : <epoch: 17, iter:  99,792, lr:1.000e-04> G_loss: 2.150e-03 
25-08-17 03:29:04.792 : <epoch: 17, iter: 101,304, lr:1.000e-04> G_loss: 3.042e-03 
25-08-17 03:36:52.856 : Saving the model.
25-08-17 03:39:07.492 : <epoch: 17, iter: 102,799, Val PSNR: 44.89dB, Val SSIM: 0.9759
25-08-17 03:39:07.492 : Training samples this epoch: 12094
25-08-17 03:39:07.492 : Validation samples this check: 1343
25-08-17 03:39:07.493 : Saving PSNR checkpoint.
25-08-17 03:39:13.078 : <epoch: 18, iter: 102,816, lr:1.000e-04> G_loss: 1.568e-03 
25-08-17 03:47:13.020 : <epoch: 18, iter: 104,328, lr:1.000e-04> G_loss: 2.117e-03 
25-08-17 03:55:01.911 : Saving the model.
25-08-17 03:55:13.065 : <epoch: 18, iter: 105,840, lr:1.000e-04> G_loss: 2.356e-03 
25-08-17 04:03:13.566 : <epoch: 18, iter: 107,352, lr:1.000e-04> G_loss: 2.122e-03 
25-08-17 04:11:01.678 : Saving the model.
25-08-17 04:13:16.754 : <epoch: 18, iter: 108,846, Val PSNR: 43.57dB, Val SSIM: 0.9719
25-08-17 04:13:16.754 : Training samples this epoch: 12094
25-08-17 04:13:16.754 : Validation samples this check: 1343
25-08-17 04:13:16.755 : Saving PSNR checkpoint.
25-08-17 04:13:22.617 : <epoch: 19, iter: 108,864, lr:1.000e-04> G_loss: 2.160e-03 
25-08-17 04:21:21.421 : <epoch: 19, iter: 110,376, lr:1.000e-04> G_loss: 2.439e-03 
25-08-17 04:29:08.919 : Saving the model.
25-08-17 04:29:20.665 : <epoch: 19, iter: 111,888, lr:1.000e-04> G_loss: 1.978e-03 
25-08-17 04:37:19.919 : <epoch: 19, iter: 113,400, lr:1.000e-04> G_loss: 1.772e-03 
25-08-17 04:45:07.022 : Saving the model.
25-08-17 04:47:24.426 : <epoch: 19, iter: 114,893, Val PSNR: 45.38dB, Val SSIM: 0.9767
25-08-17 04:47:24.426 : Training samples this epoch: 12094
25-08-17 04:47:24.426 : Validation samples this check: 1343
25-08-17 04:47:24.427 : Saving PSNR checkpoint.
25-08-17 04:47:30.634 : <epoch: 20, iter: 114,912, lr:1.000e-04> G_loss: 2.627e-03 
25-08-17 04:55:31.369 : <epoch: 20, iter: 116,424, lr:1.000e-04> G_loss: 2.128e-03 
25-08-17 05:03:20.240 : Saving the model.
25-08-17 05:03:32.787 : <epoch: 20, iter: 117,936, lr:1.000e-04> G_loss: 1.585e-03 
25-08-17 05:11:34.074 : <epoch: 20, iter: 119,448, lr:1.000e-04> G_loss: 2.117e-03 
25-08-17 05:19:22.203 : Saving the model.
25-08-17 05:21:41.339 : <epoch: 20, iter: 120,940, Val PSNR: 44.42dB, Val SSIM: 0.9757
25-08-17 05:21:41.339 : Training samples this epoch: 12094
25-08-17 05:21:41.340 : Validation samples this check: 1343
25-08-17 05:21:41.340 : Saving PSNR checkpoint.
25-08-17 05:21:47.850 : <epoch: 21, iter: 120,960, lr:1.000e-04> G_loss: 2.235e-03 
25-08-17 05:29:48.173 : <epoch: 21, iter: 122,472, lr:1.000e-04> G_loss: 1.660e-03 
25-08-17 05:37:34.884 : Saving the model.
25-08-17 05:37:47.900 : <epoch: 21, iter: 123,984, lr:1.000e-04> G_loss: 1.502e-03 
25-08-17 05:45:48.072 : <epoch: 21, iter: 125,496, lr:1.000e-04> G_loss: 2.071e-03 
25-08-17 05:53:34.917 : Saving the model.
25-08-17 05:55:53.899 : <epoch: 21, iter: 126,987, Val PSNR: 46.53dB, Val SSIM: 0.9799
25-08-17 05:55:53.899 : Training samples this epoch: 12094
25-08-17 05:55:53.899 : Validation samples this check: 1343
25-08-17 05:55:53.900 : Saving PSNR checkpoint.
25-08-17 05:56:00.808 : <epoch: 22, iter: 127,008, lr:1.000e-04> G_loss: 1.696e-03 
25-08-17 06:04:01.066 : <epoch: 22, iter: 128,520, lr:1.000e-04> G_loss: 1.514e-03 
25-08-17 06:11:48.514 : Saving the model.
25-08-17 06:12:02.154 : <epoch: 22, iter: 130,032, lr:1.000e-04> G_loss: 1.847e-03 
25-08-17 06:20:01.690 : <epoch: 22, iter: 131,544, lr:1.000e-04> G_loss: 2.289e-03 
25-08-17 06:27:48.149 : Saving the model.
25-08-17 06:30:06.652 : <epoch: 22, iter: 133,034, Val PSNR: 46.66dB, Val SSIM: 0.9798
25-08-17 06:30:06.652 : Training samples this epoch: 12094
25-08-17 06:30:06.652 : Validation samples this check: 1343
25-08-17 06:30:06.653 : Saving PSNR checkpoint.
25-08-17 06:30:13.802 : <epoch: 23, iter: 133,056, lr:1.000e-04> G_loss: 1.719e-03 
25-08-17 06:38:15.890 : <epoch: 23, iter: 134,568, lr:1.000e-04> G_loss: 1.555e-03 
25-08-17 06:46:04.088 : Saving the model.
25-08-17 06:46:18.475 : <epoch: 23, iter: 136,080, lr:1.000e-04> G_loss: 1.768e-03 
25-08-17 06:54:20.487 : <epoch: 23, iter: 137,592, lr:1.000e-04> G_loss: 2.076e-03 
25-08-17 07:02:07.552 : Saving the model.
25-08-17 07:04:25.490 : <epoch: 23, iter: 139,081, Val PSNR: 47.07dB, Val SSIM: 0.9811
25-08-17 07:04:25.491 : Training samples this epoch: 12094
25-08-17 07:04:25.491 : Validation samples this check: 1343
25-08-17 07:04:25.491 : Saving PSNR checkpoint.
25-08-17 07:04:32.891 : <epoch: 24, iter: 139,104, lr:1.000e-04> G_loss: 1.714e-03 
25-08-17 07:12:32.342 : <epoch: 24, iter: 140,616, lr:1.000e-04> G_loss: 1.943e-03 
25-08-17 07:20:17.275 : Saving the model.
25-08-17 07:20:32.154 : <epoch: 24, iter: 142,128, lr:1.000e-04> G_loss: 1.847e-03 
25-08-17 07:28:31.137 : <epoch: 24, iter: 143,640, lr:1.000e-04> G_loss: 1.918e-03 
25-08-17 07:36:15.077 : Saving the model.
25-08-17 07:38:33.503 : <epoch: 24, iter: 145,128, Val PSNR: 47.43dB, Val SSIM: 0.9820
25-08-17 07:38:33.503 : Training samples this epoch: 12094
25-08-17 07:38:33.503 : Validation samples this check: 1343
25-08-17 07:38:33.504 : Saving PSNR checkpoint.
25-08-17 07:38:41.276 : <epoch: 25, iter: 145,152, lr:1.000e-04> G_loss: 1.347e-03 
25-08-17 07:46:42.051 : <epoch: 25, iter: 146,664, lr:1.000e-04> G_loss: 1.636e-03 
25-08-17 07:54:26.731 : Saving the model.
25-08-17 07:54:42.378 : <epoch: 25, iter: 148,176, lr:1.000e-04> G_loss: 1.818e-03 
25-08-17 08:02:42.577 : <epoch: 25, iter: 149,688, lr:1.000e-04> G_loss: 1.438e-03 
25-08-17 08:10:27.207 : Saving the model.
25-08-17 08:12:47.072 : <epoch: 25, iter: 151,175, Val PSNR: 47.90dB, Val SSIM: 0.9830
25-08-17 08:12:47.072 : Training samples this epoch: 12094
25-08-17 08:12:47.073 : Validation samples this check: 1343
25-08-17 08:12:47.073 : Saving PSNR checkpoint.
25-08-17 08:12:55.170 : <epoch: 26, iter: 151,200, lr:1.000e-04> G_loss: 1.428e-03 
25-08-17 08:20:55.675 : <epoch: 26, iter: 152,712, lr:1.000e-04> G_loss: 1.993e-03 
25-08-17 08:28:39.983 : Saving the model.
25-08-17 08:28:56.212 : <epoch: 26, iter: 154,224, lr:1.000e-04> G_loss: 1.434e-03 
25-08-17 08:36:56.281 : <epoch: 26, iter: 155,736, lr:1.000e-04> G_loss: 1.514e-03 
25-08-17 08:44:40.035 : Saving the model.
25-08-17 08:47:00.045 : <epoch: 26, iter: 157,222, Val PSNR: 46.49dB, Val SSIM: 0.9803
25-08-17 08:47:00.046 : Training samples this epoch: 12094
25-08-17 08:47:00.046 : Validation samples this check: 1343
25-08-17 08:47:00.046 : Saving PSNR checkpoint.
25-08-17 08:47:08.443 : <epoch: 27, iter: 157,248, lr:1.000e-04> G_loss: 1.724e-03 
25-08-17 08:55:10.350 : <epoch: 27, iter: 158,760, lr:1.000e-04> G_loss: 2.140e-03 
25-08-17 09:02:55.312 : Saving the model.
25-08-17 09:03:12.085 : <epoch: 27, iter: 160,272, lr:1.000e-04> G_loss: 1.456e-03 
25-08-17 09:11:12.451 : <epoch: 27, iter: 161,784, lr:1.000e-04> G_loss: 1.955e-03 
25-08-17 09:18:54.392 : Saving the model.
25-08-17 09:21:14.938 : <epoch: 27, iter: 163,269, Val PSNR: 48.18dB, Val SSIM: 0.9834
25-08-17 09:21:14.938 : Training samples this epoch: 12094
25-08-17 09:21:14.939 : Validation samples this check: 1343
25-08-17 09:21:14.939 : Saving PSNR checkpoint.
25-08-17 09:21:23.681 : <epoch: 28, iter: 163,296, lr:1.000e-04> G_loss: 1.753e-03 
25-08-17 09:29:24.935 : <epoch: 28, iter: 164,808, lr:1.000e-04> G_loss: 1.689e-03 
25-08-17 09:37:08.757 : Saving the model.
25-08-17 09:37:26.437 : <epoch: 28, iter: 166,320, lr:1.000e-04> G_loss: 1.719e-03 
25-08-17 09:45:27.698 : <epoch: 28, iter: 167,832, lr:1.000e-04> G_loss: 1.398e-03 
25-08-17 09:53:11.473 : Saving the model.
25-08-17 09:55:33.676 : <epoch: 28, iter: 169,316, Val PSNR: 48.14dB, Val SSIM: 0.9839
25-08-17 09:55:33.676 : Training samples this epoch: 12094
25-08-17 09:55:33.676 : Validation samples this check: 1343
25-08-17 09:55:33.677 : Saving PSNR checkpoint.
25-08-17 09:55:42.724 : <epoch: 29, iter: 169,344, lr:1.000e-04> G_loss: 1.405e-03 
25-08-17 10:03:44.135 : <epoch: 29, iter: 170,856, lr:1.000e-04> G_loss: 1.845e-03 
25-08-17 10:11:27.452 : Saving the model.
25-08-17 10:11:45.676 : <epoch: 29, iter: 172,368, lr:1.000e-04> G_loss: 1.829e-03 
25-08-17 10:19:46.221 : <epoch: 29, iter: 173,880, lr:1.000e-04> G_loss: 1.572e-03 
25-08-17 10:27:28.380 : Saving the model.
25-08-17 10:29:50.057 : <epoch: 29, iter: 175,363, Val PSNR: 48.66dB, Val SSIM: 0.9845
25-08-17 10:29:50.057 : Training samples this epoch: 12094
25-08-17 10:29:50.058 : Validation samples this check: 1343
25-08-17 10:29:50.058 : Saving PSNR checkpoint.
25-08-17 10:29:59.454 : <epoch: 30, iter: 175,392, lr:1.000e-04> G_loss: 1.609e-03 
25-08-17 10:37:59.900 : <epoch: 30, iter: 176,904, lr:1.000e-04> G_loss: 1.359e-03 
25-08-17 10:45:41.933 : Saving the model.
25-08-17 10:46:00.627 : <epoch: 30, iter: 178,416, lr:1.000e-04> G_loss: 5.096e-03 
25-08-17 10:54:00.726 : <epoch: 30, iter: 179,928, lr:1.000e-04> G_loss: 1.726e-03 
25-08-17 11:01:41.923 : Saving the model.
25-08-17 11:04:02.819 : <epoch: 30, iter: 181,410, Val PSNR: 48.68dB, Val SSIM: 0.9850
25-08-17 11:04:02.820 : Training samples this epoch: 12094
25-08-17 11:04:02.820 : Validation samples this check: 1343
25-08-17 11:04:02.820 : Saving PSNR checkpoint.
25-08-17 11:04:12.485 : <epoch: 31, iter: 181,440, lr:1.000e-04> G_loss: 1.581e-03 
25-08-17 11:12:14.051 : <epoch: 31, iter: 182,952, lr:1.000e-04> G_loss: 1.378e-03 
25-08-17 11:19:56.420 : Saving the model.
25-08-17 11:20:15.801 : <epoch: 31, iter: 184,464, lr:1.000e-04> G_loss: 2.107e-03 
25-08-17 11:28:16.483 : <epoch: 31, iter: 185,976, lr:1.000e-04> G_loss: 1.241e-03 
25-08-17 11:35:58.271 : Saving the model.
25-08-17 11:38:20.305 : <epoch: 31, iter: 187,457, Val PSNR: 48.84dB, Val SSIM: 0.9852
25-08-17 11:38:20.305 : Training samples this epoch: 12094
25-08-17 11:38:20.306 : Validation samples this check: 1343
25-08-17 11:38:20.306 : Saving PSNR checkpoint.
25-08-17 11:38:30.309 : <epoch: 32, iter: 187,488, lr:1.000e-04> G_loss: 1.509e-03 
25-08-17 11:46:31.184 : <epoch: 32, iter: 189,000, lr:1.000e-04> G_loss: 1.279e-03 
25-08-17 11:54:12.700 : Saving the model.
25-08-17 11:54:32.871 : <epoch: 32, iter: 190,512, lr:1.000e-04> G_loss: 2.064e-03 
25-08-17 12:02:33.716 : <epoch: 32, iter: 192,024, lr:1.000e-04> G_loss: 1.690e-03 
25-08-17 12:10:14.192 : Saving the model.
25-08-17 12:12:36.944 : <epoch: 32, iter: 193,504, Val PSNR: 49.22dB, Val SSIM: 0.9860
25-08-17 12:12:36.945 : Training samples this epoch: 12094
25-08-17 12:12:36.945 : Validation samples this check: 1343
25-08-17 12:12:36.946 : Saving PSNR checkpoint.
25-08-17 12:12:47.253 : <epoch: 33, iter: 193,536, lr:1.000e-04> G_loss: 1.406e-03 
25-08-17 12:20:49.467 : <epoch: 33, iter: 195,048, lr:1.000e-04> G_loss: 1.335e-03 
25-08-17 12:28:30.841 : Saving the model.
25-08-17 12:28:51.562 : <epoch: 33, iter: 196,560, lr:1.000e-04> G_loss: 1.169e-03 
25-08-17 12:36:53.416 : <epoch: 33, iter: 198,072, lr:1.000e-04> G_loss: 1.434e-03 
25-08-17 12:44:34.359 : Saving the model.
25-08-17 12:46:58.137 : <epoch: 33, iter: 199,551, Val PSNR: 47.71dB, Val SSIM: 0.9833
25-08-17 12:46:58.137 : Training samples this epoch: 12094
25-08-17 12:46:58.138 : Validation samples this check: 1343
25-08-17 12:46:58.138 : Saving PSNR checkpoint.
25-08-17 12:47:08.739 : <epoch: 34, iter: 199,584, lr:1.000e-04> G_loss: 2.236e-03 
25-08-17 12:55:09.078 : <epoch: 34, iter: 201,096, lr:5.000e-05> G_loss: 1.677e-03 
25-08-17 13:02:48.237 : Saving the model.
25-08-17 13:03:09.505 : <epoch: 34, iter: 202,608, lr:5.000e-05> G_loss: 9.304e-04 
25-08-17 13:11:09.749 : <epoch: 34, iter: 204,120, lr:5.000e-05> G_loss: 1.533e-03 
25-08-17 13:18:49.076 : Saving the model.
25-08-17 13:21:11.199 : <epoch: 34, iter: 205,598, Val PSNR: 49.98dB, Val SSIM: 0.9872
25-08-17 13:21:11.199 : Training samples this epoch: 12094
25-08-17 13:21:11.200 : Validation samples this check: 1343
25-08-17 13:21:11.201 : Saving PSNR checkpoint.
25-08-17 13:21:22.116 : <epoch: 35, iter: 205,632, lr:5.000e-05> G_loss: 5.418e-03 
25-08-17 13:29:24.409 : <epoch: 35, iter: 207,144, lr:5.000e-05> G_loss: 1.243e-03 
25-08-17 13:37:04.481 : Saving the model.
25-08-17 13:37:26.569 : <epoch: 35, iter: 208,656, lr:5.000e-05> G_loss: 1.269e-03 
25-08-17 13:45:28.093 : <epoch: 35, iter: 210,168, lr:5.000e-05> G_loss: 1.910e-03 
25-08-17 13:53:06.775 : Saving the model.
25-08-17 13:55:31.180 : <epoch: 35, iter: 211,645, Val PSNR: 50.09dB, Val SSIM: 0.9873
25-08-17 13:55:31.180 : Training samples this epoch: 12094
25-08-17 13:55:31.180 : Validation samples this check: 1343
25-08-17 13:55:31.181 : Saving PSNR checkpoint.
25-08-17 13:55:42.470 : <epoch: 36, iter: 211,680, lr:5.000e-05> G_loss: 1.173e-03 
25-08-17 14:03:44.401 : <epoch: 36, iter: 213,192, lr:5.000e-05> G_loss: 1.035e-03 
25-08-17 14:11:24.128 : Saving the model.
25-08-17 14:11:46.761 : <epoch: 36, iter: 214,704, lr:5.000e-05> G_loss: 1.008e-03 
25-08-17 14:19:47.960 : <epoch: 36, iter: 216,216, lr:5.000e-05> G_loss: 8.824e-04 
25-08-17 14:27:26.352 : Saving the model.
25-08-17 14:29:50.900 : <epoch: 36, iter: 217,692, Val PSNR: 50.13dB, Val SSIM: 0.9876
25-08-17 14:29:50.901 : Training samples this epoch: 12094
25-08-17 14:29:50.901 : Validation samples this check: 1343
25-08-17 14:29:50.902 : Saving PSNR checkpoint.
25-08-17 14:30:02.438 : <epoch: 37, iter: 217,728, lr:5.000e-05> G_loss: 1.008e-03 
25-08-17 14:38:03.374 : <epoch: 37, iter: 219,240, lr:5.000e-05> G_loss: 1.340e-03 
25-08-17 14:45:40.661 : Saving the model.
25-08-17 14:46:03.791 : <epoch: 37, iter: 220,752, lr:5.000e-05> G_loss: 9.027e-04 
25-08-17 14:54:04.017 : <epoch: 37, iter: 222,264, lr:5.000e-05> G_loss: 1.404e-03 
25-08-17 15:01:40.898 : Saving the model.
25-08-17 15:04:04.306 : <epoch: 37, iter: 223,739, Val PSNR: 50.49dB, Val SSIM: 0.9880
25-08-17 15:04:04.306 : Training samples this epoch: 12094
25-08-17 15:04:04.306 : Validation samples this check: 1343
25-08-17 15:04:04.307 : Saving PSNR checkpoint.
25-08-17 15:04:16.206 : <epoch: 38, iter: 223,776, lr:5.000e-05> G_loss: 1.464e-03 
25-08-17 15:12:17.649 : <epoch: 38, iter: 225,288, lr:5.000e-05> G_loss: 1.032e-03 
25-08-17 15:19:54.540 : Saving the model.
25-08-17 15:20:18.397 : <epoch: 38, iter: 226,800, lr:5.000e-05> G_loss: 1.608e-03 
25-08-17 15:28:18.909 : <epoch: 38, iter: 228,312, lr:5.000e-05> G_loss: 1.401e-03 
25-08-17 15:35:56.077 : Saving the model.
25-08-17 15:38:20.145 : <epoch: 38, iter: 229,786, Val PSNR: 50.57dB, Val SSIM: 0.9881
25-08-17 15:38:20.145 : Training samples this epoch: 12094
25-08-17 15:38:20.146 : Validation samples this check: 1343
25-08-17 15:38:20.146 : Saving PSNR checkpoint.
25-08-17 15:38:32.402 : <epoch: 39, iter: 229,824, lr:5.000e-05> G_loss: 1.055e-03 
25-08-17 15:46:34.799 : <epoch: 39, iter: 231,336, lr:5.000e-05> G_loss: 1.053e-03 
25-08-17 15:54:12.853 : Saving the model.
25-08-17 15:54:37.358 : <epoch: 39, iter: 232,848, lr:5.000e-05> G_loss: 1.178e-03 
25-08-17 16:02:38.179 : <epoch: 39, iter: 234,360, lr:5.000e-05> G_loss: 1.059e-03 
25-08-17 16:10:13.823 : Saving the model.
25-08-17 16:12:38.515 : <epoch: 39, iter: 235,833, Val PSNR: 50.71dB, Val SSIM: 0.9885
25-08-17 16:12:38.515 : Training samples this epoch: 12094
25-08-17 16:12:38.515 : Validation samples this check: 1343
25-08-17 16:12:38.516 : Saving PSNR checkpoint.
25-08-17 16:12:51.025 : <epoch: 40, iter: 235,872, lr:5.000e-05> G_loss: 1.580e-03 
25-08-17 16:20:52.522 : <epoch: 40, iter: 237,384, lr:5.000e-05> G_loss: 7.936e-04 
25-08-17 16:28:28.386 : Saving the model.
25-08-17 16:28:53.426 : <epoch: 40, iter: 238,896, lr:5.000e-05> G_loss: 1.367e-03 
25-08-17 16:36:54.149 : <epoch: 40, iter: 240,408, lr:5.000e-05> G_loss: 1.067e-03 
25-08-17 16:44:29.135 : Saving the model.
25-08-17 16:46:54.777 : <epoch: 40, iter: 241,880, Val PSNR: 50.86dB, Val SSIM: 0.9889
25-08-17 16:46:54.777 : Training samples this epoch: 12094
25-08-17 16:46:54.778 : Validation samples this check: 1343
25-08-17 16:46:54.778 : Saving PSNR checkpoint.
25-08-17 16:47:07.637 : <epoch: 41, iter: 241,920, lr:5.000e-05> G_loss: 1.055e-03 
25-08-17 16:55:09.022 : <epoch: 41, iter: 243,432, lr:5.000e-05> G_loss: 9.208e-04 
25-08-17 17:02:45.044 : Saving the model.
25-08-17 17:03:10.831 : <epoch: 41, iter: 244,944, lr:5.000e-05> G_loss: 1.105e-03 
25-08-17 17:11:11.621 : <epoch: 41, iter: 246,456, lr:5.000e-05> G_loss: 1.414e-03 
25-08-17 17:18:46.234 : Saving the model.
25-08-17 17:21:12.333 : <epoch: 41, iter: 247,927, Val PSNR: 50.75dB, Val SSIM: 0.9890
25-08-17 17:21:12.333 : Training samples this epoch: 12094
25-08-17 17:21:12.334 : Validation samples this check: 1343
25-08-17 17:21:12.334 : Saving PSNR checkpoint.
25-08-17 17:21:25.442 : <epoch: 42, iter: 247,968, lr:5.000e-05> G_loss: 1.378e-03 
25-08-17 17:29:26.718 : <epoch: 42, iter: 249,480, lr:5.000e-05> G_loss: 1.172e-03 
25-08-17 17:37:01.804 : Saving the model.
25-08-17 17:37:28.295 : <epoch: 42, iter: 250,992, lr:5.000e-05> G_loss: 1.366e-03 
25-08-17 17:45:29.163 : <epoch: 42, iter: 252,504, lr:5.000e-05> G_loss: 8.578e-04 
25-08-17 17:53:03.471 : Saving the model.
25-08-17 17:55:28.941 : <epoch: 42, iter: 253,974, Val PSNR: 50.99dB, Val SSIM: 0.9891
25-08-17 17:55:28.941 : Training samples this epoch: 12094
25-08-17 17:55:28.942 : Validation samples this check: 1343
25-08-17 17:55:28.942 : Saving PSNR checkpoint.
25-08-17 17:55:42.449 : <epoch: 43, iter: 254,016, lr:5.000e-05> G_loss: 1.011e-03 
25-08-17 18:03:42.607 : <epoch: 43, iter: 255,528, lr:5.000e-05> G_loss: 1.554e-03 
25-08-17 18:11:16.627 : Saving the model.
25-08-17 18:11:43.557 : <epoch: 43, iter: 257,040, lr:5.000e-05> G_loss: 1.151e-03 
25-08-17 18:19:43.502 : <epoch: 43, iter: 258,552, lr:5.000e-05> G_loss: 1.590e-03 
25-08-17 18:27:17.263 : Saving the model.
25-08-17 18:29:42.839 : <epoch: 43, iter: 260,021, Val PSNR: 51.12dB, Val SSIM: 0.9893
25-08-17 18:29:42.840 : Training samples this epoch: 12094
25-08-17 18:29:42.840 : Validation samples this check: 1343
25-08-17 18:29:42.841 : Saving PSNR checkpoint.
25-08-17 18:29:56.681 : <epoch: 44, iter: 260,064, lr:5.000e-05> G_loss: 1.135e-03 
25-08-17 18:37:58.462 : <epoch: 44, iter: 261,576, lr:5.000e-05> G_loss: 1.276e-03 
25-08-17 18:45:32.980 : Saving the model.
25-08-17 18:46:00.701 : <epoch: 44, iter: 263,088, lr:5.000e-05> G_loss: 1.223e-03 
25-08-17 18:54:02.122 : <epoch: 44, iter: 264,600, lr:5.000e-05> G_loss: 1.175e-03 
25-08-17 19:01:35.351 : Saving the model.
25-08-17 19:04:01.476 : <epoch: 44, iter: 266,068, Val PSNR: 51.10dB, Val SSIM: 0.9892
25-08-17 19:04:01.476 : Training samples this epoch: 12094
25-08-17 19:04:01.477 : Validation samples this check: 1343
25-08-17 19:04:01.477 : Saving PSNR checkpoint.
25-08-17 19:04:15.546 : <epoch: 45, iter: 266,112, lr:5.000e-05> G_loss: 1.263e-03 
25-08-17 19:12:16.840 : <epoch: 45, iter: 267,624, lr:5.000e-05> G_loss: 1.219e-03 
25-08-17 19:19:49.645 : Saving the model.
25-08-17 19:20:18.060 : <epoch: 45, iter: 269,136, lr:5.000e-05> G_loss: 1.018e-03 
25-08-17 19:28:18.444 : <epoch: 45, iter: 270,648, lr:5.000e-05> G_loss: 1.044e-03 
25-08-17 19:35:50.788 : Saving the model.
25-08-17 19:38:18.905 : <epoch: 45, iter: 272,115, Val PSNR: 51.13dB, Val SSIM: 0.9894
25-08-17 19:38:18.905 : Training samples this epoch: 12094
25-08-17 19:38:18.906 : Validation samples this check: 1343
25-08-17 19:38:18.906 : Saving PSNR checkpoint.
25-08-17 19:38:33.262 : <epoch: 46, iter: 272,160, lr:5.000e-05> G_loss: 1.309e-03 
25-08-17 19:46:33.496 : <epoch: 46, iter: 273,672, lr:5.000e-05> G_loss: 9.333e-04 
25-08-17 19:54:04.974 : Saving the model.
25-08-17 19:54:33.877 : <epoch: 46, iter: 275,184, lr:5.000e-05> G_loss: 9.080e-04 
25-08-17 20:02:34.111 : <epoch: 46, iter: 276,696, lr:5.000e-05> G_loss: 1.150e-03 
25-08-17 20:10:05.990 : Saving the model.
25-08-17 20:12:32.654 : <epoch: 46, iter: 278,162, Val PSNR: 51.27dB, Val SSIM: 0.9897
25-08-17 20:12:32.654 : Training samples this epoch: 12094
25-08-17 20:12:32.654 : Validation samples this check: 1343
25-08-17 20:12:32.655 : Saving PSNR checkpoint.
25-08-17 20:12:47.368 : <epoch: 47, iter: 278,208, lr:5.000e-05> G_loss: 1.106e-03 
25-08-17 20:20:44.113 : <epoch: 47, iter: 279,720, lr:5.000e-05> G_loss: 1.045e-03 
25-08-17 20:28:12.329 : Saving the model.
25-08-17 20:28:41.668 : <epoch: 47, iter: 281,232, lr:5.000e-05> G_loss: 9.614e-04 
25-08-17 20:36:38.451 : <epoch: 47, iter: 282,744, lr:5.000e-05> G_loss: 9.841e-04 
25-08-17 20:44:05.963 : Saving the model.
25-08-17 20:46:29.588 : <epoch: 47, iter: 284,209, Val PSNR: 50.92dB, Val SSIM: 0.9894
25-08-17 20:46:29.588 : Training samples this epoch: 12094
25-08-17 20:46:29.589 : Validation samples this check: 1343
25-08-17 20:46:29.590 : Saving PSNR checkpoint.
25-08-17 20:46:44.589 : <epoch: 48, iter: 284,256, lr:5.000e-05> G_loss: 1.007e-03 
25-08-17 20:54:43.306 : <epoch: 48, iter: 285,768, lr:5.000e-05> G_loss: 1.051e-03 
25-08-17 21:02:11.588 : Saving the model.
25-08-17 21:02:41.617 : <epoch: 48, iter: 287,280, lr:5.000e-05> G_loss: 1.056e-03 
25-08-17 21:10:39.029 : <epoch: 48, iter: 288,792, lr:5.000e-05> G_loss: 1.044e-03 
25-08-17 21:18:06.607 : Saving the model.
25-08-17 21:20:31.378 : <epoch: 48, iter: 290,256, Val PSNR: 51.38dB, Val SSIM: 0.9898
25-08-17 21:20:31.378 : Training samples this epoch: 12094
25-08-17 21:20:31.378 : Validation samples this check: 1343
25-08-17 21:20:31.379 : Saving PSNR checkpoint.
25-08-17 21:20:46.696 : <epoch: 49, iter: 290,304, lr:5.000e-05> G_loss: 1.189e-03 
25-08-17 21:28:44.336 : <epoch: 49, iter: 291,816, lr:5.000e-05> G_loss: 8.448e-04 
25-08-17 21:36:11.696 : Saving the model.
25-08-17 21:36:42.373 : <epoch: 49, iter: 293,328, lr:5.000e-05> G_loss: 1.123e-03 
25-08-17 21:44:39.233 : <epoch: 49, iter: 294,840, lr:5.000e-05> G_loss: 1.443e-03 
25-08-17 21:52:05.432 : Saving the model.
25-08-17 21:54:31.198 : <epoch: 49, iter: 296,303, Val PSNR: 51.51dB, Val SSIM: 0.9899
25-08-17 21:54:31.198 : Training samples this epoch: 12094
25-08-17 21:54:31.198 : Validation samples this check: 1343
25-08-17 21:54:31.199 : Saving PSNR checkpoint.
25-08-17 21:54:46.733 : <epoch: 50, iter: 296,352, lr:5.000e-05> G_loss: 1.541e-03 
25-08-17 22:02:44.503 : <epoch: 50, iter: 297,864, lr:5.000e-05> G_loss: 1.388e-03 
25-08-17 22:10:10.912 : Saving the model.
25-08-17 22:10:42.281 : <epoch: 50, iter: 299,376, lr:5.000e-05> G_loss: 1.131e-03 
25-08-17 22:18:38.939 : <epoch: 50, iter: 300,888, lr:5.000e-05> G_loss: 9.560e-04 
25-08-17 22:26:04.447 : Saving the model.
25-08-17 22:28:28.752 : <epoch: 50, iter: 302,350, Val PSNR: 51.61dB, Val SSIM: 0.9901
25-08-17 22:28:28.752 : Training samples this epoch: 12094
25-08-17 22:28:28.753 : Validation samples this check: 1343
25-08-17 22:28:28.753 : Saving PSNR checkpoint.
25-08-17 22:28:44.584 : <epoch: 51, iter: 302,400, lr:5.000e-05> G_loss: 1.081e-03 
25-08-17 22:36:42.715 : <epoch: 51, iter: 303,912, lr:5.000e-05> G_loss: 1.208e-03 
25-08-17 22:44:08.044 : Saving the model.
25-08-17 22:44:39.771 : <epoch: 51, iter: 305,424, lr:5.000e-05> G_loss: 1.077e-03 
25-08-17 22:52:36.053 : <epoch: 51, iter: 306,936, lr:5.000e-05> G_loss: 1.485e-03 
25-08-17 23:00:00.897 : Saving the model.
25-08-17 23:02:24.211 : <epoch: 51, iter: 308,397, Val PSNR: 51.62dB, Val SSIM: 0.9900
25-08-17 23:02:24.212 : Training samples this epoch: 12094
25-08-17 23:02:24.212 : Validation samples this check: 1343
25-08-17 23:02:24.212 : Saving PSNR checkpoint.
25-08-17 23:02:40.373 : <epoch: 52, iter: 308,448, lr:5.000e-05> G_loss: 1.145e-03 
25-08-17 23:10:38.426 : <epoch: 52, iter: 309,960, lr:5.000e-05> G_loss: 9.536e-04 
25-08-17 23:18:04.347 : Saving the model.
25-08-17 23:18:37.081 : <epoch: 52, iter: 311,472, lr:5.000e-05> G_loss: 1.177e-03 
25-08-17 23:26:34.979 : <epoch: 52, iter: 312,984, lr:5.000e-05> G_loss: 1.221e-03 
25-08-17 23:33:59.829 : Saving the model.
25-08-17 23:36:27.939 : <epoch: 52, iter: 314,444, Val PSNR: 51.81dB, Val SSIM: 0.9904
25-08-17 23:36:27.939 : Training samples this epoch: 12094
25-08-17 23:36:27.939 : Validation samples this check: 1343
25-08-17 23:36:27.940 : Saving PSNR checkpoint.
25-08-17 23:36:44.622 : <epoch: 53, iter: 314,496, lr:5.000e-05> G_loss: 9.828e-04 
25-08-17 23:44:46.035 : <epoch: 53, iter: 316,008, lr:5.000e-05> G_loss: 9.481e-04 
25-08-17 23:52:12.835 : Saving the model.
25-08-17 23:52:46.157 : <epoch: 53, iter: 317,520, lr:5.000e-05> G_loss: 1.231e-03 
25-08-18 00:00:45.460 : <epoch: 53, iter: 319,032, lr:5.000e-05> G_loss: 1.118e-03 
25-08-18 00:08:12.549 : Saving the model.
25-08-18 00:10:43.075 : <epoch: 53, iter: 320,491, Val PSNR: 51.72dB, Val SSIM: 0.9903
25-08-18 00:10:43.076 : Training samples this epoch: 12094
25-08-18 00:10:43.076 : Validation samples this check: 1343
25-08-18 00:10:43.076 : Saving PSNR checkpoint.
25-08-18 00:11:00.075 : <epoch: 54, iter: 320,544, lr:5.000e-05> G_loss: 7.551e-04 
25-08-18 00:19:01.131 : <epoch: 54, iter: 322,056, lr:5.000e-05> G_loss: 1.296e-03 
25-08-18 00:26:28.139 : Saving the model.
25-08-18 00:27:02.110 : <epoch: 54, iter: 323,568, lr:5.000e-05> G_loss: 1.013e-03 
25-08-18 00:35:02.338 : <epoch: 54, iter: 325,080, lr:5.000e-05> G_loss: 1.088e-03 
25-08-18 00:42:28.815 : Saving the model.
25-08-18 00:44:57.987 : <epoch: 54, iter: 326,538, Val PSNR: 51.78dB, Val SSIM: 0.9905
25-08-18 00:44:57.987 : Training samples this epoch: 12094
25-08-18 00:44:57.987 : Validation samples this check: 1343
25-08-18 00:44:57.988 : Saving PSNR checkpoint.
25-08-18 00:45:15.220 : <epoch: 55, iter: 326,592, lr:5.000e-05> G_loss: 1.197e-03 
25-08-18 00:53:31.388 : <epoch: 55, iter: 328,104, lr:5.000e-05> G_loss: 9.298e-04 
25-08-18 01:00:57.908 : Saving the model.
25-08-18 01:01:32.690 : <epoch: 55, iter: 329,616, lr:5.000e-05> G_loss: 8.244e-04 
25-08-18 01:09:34.583 : <epoch: 55, iter: 331,128, lr:5.000e-05> G_loss: 1.124e-03 
25-08-18 01:17:01.029 : Saving the model.
25-08-18 01:19:33.519 : <epoch: 55, iter: 332,585, Val PSNR: 51.81dB, Val SSIM: 0.9904
25-08-18 01:19:33.519 : Training samples this epoch: 12094
25-08-18 01:19:33.519 : Validation samples this check: 1343
25-08-18 01:19:33.520 : Saving PSNR checkpoint.
25-08-18 01:19:51.143 : <epoch: 56, iter: 332,640, lr:5.000e-05> G_loss: 1.017e-03 
25-08-18 01:27:52.920 : <epoch: 56, iter: 334,152, lr:5.000e-05> G_loss: 1.364e-03 
25-08-18 01:35:19.730 : Saving the model.
25-08-18 01:35:55.086 : <epoch: 56, iter: 335,664, lr:5.000e-05> G_loss: 1.253e-03 
25-08-18 01:43:56.714 : <epoch: 56, iter: 337,176, lr:5.000e-05> G_loss: 1.263e-03 
25-08-18 01:51:21.939 : Saving the model.
25-08-18 01:53:54.244 : <epoch: 56, iter: 338,632, Val PSNR: 51.69dB, Val SSIM: 0.9903
25-08-18 01:53:54.245 : Training samples this epoch: 12094
25-08-18 01:53:54.245 : Validation samples this check: 1343
25-08-18 01:53:54.246 : Saving PSNR checkpoint.
25-08-18 01:54:12.128 : <epoch: 57, iter: 338,688, lr:5.000e-05> G_loss: 1.197e-03 
25-08-18 02:02:13.641 : <epoch: 57, iter: 340,200, lr:5.000e-05> G_loss: 1.076e-03 
25-08-18 02:09:39.148 : Saving the model.
25-08-18 02:10:15.076 : <epoch: 57, iter: 341,712, lr:5.000e-05> G_loss: 1.173e-03 
25-08-18 02:18:15.888 : <epoch: 57, iter: 343,224, lr:5.000e-05> G_loss: 1.030e-03 
25-08-18 02:25:40.711 : Saving the model.
25-08-18 02:28:12.384 : <epoch: 57, iter: 344,679, Val PSNR: 51.93dB, Val SSIM: 0.9907
25-08-18 02:28:12.384 : Training samples this epoch: 12094
25-08-18 02:28:12.384 : Validation samples this check: 1343
25-08-18 02:28:12.385 : Saving PSNR checkpoint.
25-08-18 02:28:30.519 : <epoch: 58, iter: 344,736, lr:5.000e-05> G_loss: 9.086e-04 
25-08-18 02:36:32.291 : <epoch: 58, iter: 346,248, lr:5.000e-05> G_loss: 7.934e-04 
25-08-18 02:43:57.284 : Saving the model.
25-08-18 02:44:33.750 : <epoch: 58, iter: 347,760, lr:5.000e-05> G_loss: 9.128e-04 
25-08-18 02:52:34.917 : <epoch: 58, iter: 349,272, lr:5.000e-05> G_loss: 1.280e-03 
25-08-18 02:59:59.590 : Saving the model.
25-08-18 03:02:30.927 : <epoch: 58, iter: 350,726, Val PSNR: 52.11dB, Val SSIM: 0.9909
25-08-18 03:02:30.927 : Training samples this epoch: 12094
25-08-18 03:02:30.927 : Validation samples this check: 1343
25-08-18 03:02:30.928 : Saving PSNR checkpoint.
25-08-18 03:02:49.382 : <epoch: 59, iter: 350,784, lr:5.000e-05> G_loss: 8.737e-04 
25-08-18 03:10:49.853 : <epoch: 59, iter: 352,296, lr:5.000e-05> G_loss: 1.216e-03 
25-08-18 03:18:13.280 : Saving the model.
25-08-18 03:18:50.369 : <epoch: 59, iter: 353,808, lr:5.000e-05> G_loss: 1.158e-03 
25-08-18 03:26:50.098 : <epoch: 59, iter: 355,320, lr:5.000e-05> G_loss: 1.136e-03 
25-08-18 03:34:12.859 : Saving the model.
25-08-18 03:36:43.182 : <epoch: 59, iter: 356,773, Val PSNR: 52.06dB, Val SSIM: 0.9909
25-08-18 03:36:43.182 : Training samples this epoch: 12094
25-08-18 03:36:43.182 : Validation samples this check: 1343
25-08-18 03:36:43.183 : Saving PSNR checkpoint.
25-08-18 03:37:02.119 : <epoch: 60, iter: 356,832, lr:5.000e-05> G_loss: 9.992e-04 
25-08-18 03:45:04.398 : <epoch: 60, iter: 358,344, lr:5.000e-05> G_loss: 1.102e-03 
25-08-18 03:52:28.888 : Saving the model.
25-08-18 03:53:06.894 : <epoch: 60, iter: 359,856, lr:5.000e-05> G_loss: 9.616e-04 
25-08-18 04:01:07.843 : <epoch: 60, iter: 361,368, lr:5.000e-05> G_loss: 1.236e-03 
25-08-18 04:08:31.048 : Saving the model.
25-08-18 04:11:04.239 : <epoch: 60, iter: 362,820, Val PSNR: 52.18dB, Val SSIM: 0.9910
25-08-18 04:11:04.239 : Training samples this epoch: 12094
25-08-18 04:11:04.239 : Validation samples this check: 1343
25-08-18 04:11:04.240 : Saving PSNR checkpoint.
25-08-18 04:11:23.361 : <epoch: 61, iter: 362,880, lr:5.000e-05> G_loss: 1.366e-03 
25-08-18 04:19:24.983 : <epoch: 61, iter: 364,392, lr:5.000e-05> G_loss: 7.920e-04 
25-08-18 04:26:48.104 : Saving the model.
25-08-18 04:27:26.602 : <epoch: 61, iter: 365,904, lr:5.000e-05> G_loss: 1.125e-03 
25-08-18 04:35:27.362 : <epoch: 61, iter: 367,416, lr:5.000e-05> G_loss: 7.116e-04 
25-08-18 04:42:49.092 : Saving the model.
25-08-18 04:45:21.390 : <epoch: 61, iter: 368,867, Val PSNR: 52.21dB, Val SSIM: 0.9911
25-08-18 04:45:21.390 : Training samples this epoch: 12094
25-08-18 04:45:21.390 : Validation samples this check: 1343
25-08-18 04:45:21.391 : Saving PSNR checkpoint.
25-08-18 04:45:40.799 : <epoch: 62, iter: 368,928, lr:5.000e-05> G_loss: 8.021e-04 
25-08-18 04:53:41.839 : <epoch: 62, iter: 370,440, lr:5.000e-05> G_loss: 9.999e-04 
25-08-18 05:01:04.403 : Saving the model.
25-08-18 05:01:43.640 : <epoch: 62, iter: 371,952, lr:5.000e-05> G_loss: 8.494e-04 
25-08-18 05:09:44.755 : <epoch: 62, iter: 373,464, lr:5.000e-05> G_loss: 9.728e-04 
25-08-18 05:17:06.020 : Saving the model.
25-08-18 05:19:37.594 : <epoch: 62, iter: 374,914, Val PSNR: 52.14dB, Val SSIM: 0.9910
25-08-18 05:19:37.594 : Training samples this epoch: 12094
25-08-18 05:19:37.594 : Validation samples this check: 1343
25-08-18 05:19:37.595 : Saving PSNR checkpoint.
25-08-18 05:19:57.328 : <epoch: 63, iter: 374,976, lr:5.000e-05> G_loss: 1.044e-03 
25-08-18 05:27:59.786 : <epoch: 63, iter: 376,488, lr:5.000e-05> G_loss: 9.319e-04 
25-08-18 05:35:22.419 : Saving the model.
25-08-18 05:36:02.410 : <epoch: 63, iter: 378,000, lr:5.000e-05> G_loss: 1.170e-03 
25-08-18 05:44:03.736 : <epoch: 63, iter: 379,512, lr:5.000e-05> G_loss: 1.132e-03 
25-08-18 05:51:25.099 : Saving the model.
25-08-18 05:53:56.952 : <epoch: 63, iter: 380,961, Val PSNR: 52.29dB, Val SSIM: 0.9912
25-08-18 05:53:56.952 : Training samples this epoch: 12094
25-08-18 05:53:56.952 : Validation samples this check: 1343
25-08-18 05:53:56.953 : Saving PSNR checkpoint.
25-08-18 05:54:17.018 : <epoch: 64, iter: 381,024, lr:5.000e-05> G_loss: 5.918e-04 
25-08-18 06:02:17.980 : <epoch: 64, iter: 382,536, lr:5.000e-05> G_loss: 1.191e-03 
25-08-18 06:09:38.630 : Saving the model.
25-08-18 06:10:19.021 : <epoch: 64, iter: 384,048, lr:5.000e-05> G_loss: 9.904e-04 
25-08-18 06:18:19.774 : <epoch: 64, iter: 385,560, lr:5.000e-05> G_loss: 8.858e-04 
25-08-18 06:25:39.956 : Saving the model.
25-08-18 06:28:11.351 : <epoch: 64, iter: 387,008, Val PSNR: 49.27dB, Val SSIM: 0.9876
25-08-18 06:28:11.351 : Training samples this epoch: 12094
25-08-18 06:28:11.351 : Validation samples this check: 1343
25-08-18 06:28:11.352 : Saving PSNR checkpoint.
25-08-18 06:28:31.796 : <epoch: 65, iter: 387,072, lr:5.000e-05> G_loss: 1.559e-03 
25-08-18 06:36:32.521 : <epoch: 65, iter: 388,584, lr:5.000e-05> G_loss: 7.029e-04 
25-08-18 06:43:52.054 : Saving the model.
25-08-18 06:44:32.876 : <epoch: 65, iter: 390,096, lr:5.000e-05> G_loss: 8.883e-04 
25-08-18 06:52:30.488 : <epoch: 65, iter: 391,608, lr:5.000e-05> G_loss: 9.656e-04 
25-08-18 06:59:47.751 : Saving the model.
25-08-18 07:02:15.027 : <epoch: 65, iter: 393,055, Val PSNR: 52.21dB, Val SSIM: 0.9913
25-08-18 07:02:15.027 : Training samples this epoch: 12094
25-08-18 07:02:15.027 : Validation samples this check: 1343
25-08-18 07:02:15.028 : Saving PSNR checkpoint.
25-08-18 07:02:35.585 : <epoch: 66, iter: 393,120, lr:5.000e-05> G_loss: 1.324e-03 
25-08-18 07:10:31.007 : <epoch: 66, iter: 394,632, lr:5.000e-05> G_loss: 1.022e-03 
25-08-18 07:17:44.951 : Saving the model.
25-08-18 07:18:26.016 : <epoch: 66, iter: 396,144, lr:5.000e-05> G_loss: 9.599e-04 
25-08-18 07:26:21.055 : <epoch: 66, iter: 397,656, lr:5.000e-05> G_loss: 1.449e-03 
25-08-18 07:33:34.635 : Saving the model.
25-08-18 07:36:00.949 : <epoch: 66, iter: 399,102, Val PSNR: 52.43dB, Val SSIM: 0.9914
25-08-18 07:36:00.949 : Training samples this epoch: 12094
25-08-18 07:36:00.950 : Validation samples this check: 1343
25-08-18 07:36:00.950 : Saving PSNR checkpoint.
25-08-18 07:36:21.796 : <epoch: 67, iter: 399,168, lr:5.000e-05> G_loss: 1.016e-03 
25-08-18 07:44:17.395 : <epoch: 67, iter: 400,680, lr:2.500e-05> G_loss: 1.100e-03 
25-08-18 07:51:30.921 : Saving the model.
25-08-18 07:52:12.536 : <epoch: 67, iter: 402,192, lr:2.500e-05> G_loss: 8.886e-04 
25-08-18 08:00:06.818 : <epoch: 67, iter: 403,704, lr:2.500e-05> G_loss: 8.230e-04 
25-08-18 08:07:19.227 : Saving the model.
25-08-18 08:09:45.886 : <epoch: 67, iter: 405,149, Val PSNR: 52.75dB, Val SSIM: 0.9917
25-08-18 08:09:45.887 : Training samples this epoch: 12094
25-08-18 08:09:45.887 : Validation samples this check: 1343
25-08-18 08:09:45.887 : Saving PSNR checkpoint.
25-08-18 08:10:07.134 : <epoch: 68, iter: 405,216, lr:2.500e-05> G_loss: 7.430e-04 
25-08-18 08:18:02.519 : <epoch: 68, iter: 406,728, lr:2.500e-05> G_loss: 1.024e-03 
25-08-18 08:25:15.645 : Saving the model.
25-08-18 08:25:58.031 : <epoch: 68, iter: 408,240, lr:2.500e-05> G_loss: 1.061e-03 
25-08-18 08:33:54.279 : <epoch: 68, iter: 409,752, lr:2.500e-05> G_loss: 1.162e-03 
25-08-18 08:41:06.224 : Saving the model.
25-08-18 08:43:36.845 : <epoch: 68, iter: 411,196, Val PSNR: 52.81dB, Val SSIM: 0.9917
25-08-18 08:43:36.845 : Training samples this epoch: 12094
25-08-18 08:43:36.845 : Validation samples this check: 1343
25-08-18 08:43:36.846 : Saving PSNR checkpoint.
25-08-18 08:43:58.513 : <epoch: 69, iter: 411,264, lr:2.500e-05> G_loss: 1.054e-03 
25-08-18 08:51:57.989 : <epoch: 69, iter: 412,776, lr:2.500e-05> G_loss: 9.782e-04 
25-08-18 08:59:14.515 : Saving the model.
25-08-18 08:59:57.993 : <epoch: 69, iter: 414,288, lr:2.500e-05> G_loss: 9.282e-04 
25-08-18 09:07:57.188 : <epoch: 69, iter: 415,800, lr:2.500e-05> G_loss: 8.448e-04 
25-08-18 09:15:13.122 : Saving the model.
25-08-18 09:17:45.095 : <epoch: 69, iter: 417,243, Val PSNR: 52.84dB, Val SSIM: 0.9918
25-08-18 09:17:45.095 : Training samples this epoch: 12094
25-08-18 09:17:45.095 : Validation samples this check: 1343
25-08-18 09:17:45.096 : Saving PSNR checkpoint.
25-08-18 09:18:07.166 : <epoch: 70, iter: 417,312, lr:2.500e-05> G_loss: 7.506e-04 
25-08-18 09:26:05.766 : <epoch: 70, iter: 418,824, lr:2.500e-05> G_loss: 1.055e-03 
25-08-18 09:33:20.961 : Saving the model.
25-08-18 09:34:04.756 : <epoch: 70, iter: 420,336, lr:2.500e-05> G_loss: 9.622e-04 
25-08-18 09:42:02.089 : <epoch: 70, iter: 421,848, lr:2.500e-05> G_loss: 1.110e-03 
25-08-18 09:49:16.032 : Saving the model.
25-08-18 09:51:48.176 : <epoch: 70, iter: 423,290, Val PSNR: 52.86dB, Val SSIM: 0.9918
25-08-18 09:51:48.177 : Training samples this epoch: 12094
25-08-18 09:51:48.177 : Validation samples this check: 1343
25-08-18 09:51:48.178 : Saving PSNR checkpoint.
25-08-18 09:52:10.507 : <epoch: 71, iter: 423,360, lr:2.500e-05> G_loss: 7.943e-04 
25-08-18 10:00:09.165 : <epoch: 71, iter: 424,872, lr:2.500e-05> G_loss: 1.059e-03 
25-08-18 10:07:23.602 : Saving the model.
25-08-18 10:08:08.178 : <epoch: 71, iter: 426,384, lr:2.500e-05> G_loss: 7.922e-04 
25-08-18 10:16:06.024 : <epoch: 71, iter: 427,896, lr:2.500e-05> G_loss: 8.600e-04 
25-08-18 10:23:19.005 : Saving the model.
25-08-18 10:25:50.061 : <epoch: 71, iter: 429,337, Val PSNR: 52.92dB, Val SSIM: 0.9919
25-08-18 10:25:50.061 : Training samples this epoch: 12094
25-08-18 10:25:50.061 : Validation samples this check: 1343
25-08-18 10:25:50.062 : Saving PSNR checkpoint.
25-08-18 10:26:12.436 : <epoch: 72, iter: 429,408, lr:2.500e-05> G_loss: 9.113e-04 
25-08-18 10:34:12.243 : <epoch: 72, iter: 430,920, lr:2.500e-05> G_loss: 9.864e-04 
25-08-18 10:41:27.064 : Saving the model.
25-08-18 10:42:12.228 : <epoch: 72, iter: 432,432, lr:2.500e-05> G_loss: 8.827e-04 
25-08-18 10:50:11.000 : <epoch: 72, iter: 433,944, lr:2.500e-05> G_loss: 3.842e-03 
25-08-18 10:57:24.714 : Saving the model.
25-08-18 10:59:56.113 : <epoch: 72, iter: 435,384, Val PSNR: 52.89dB, Val SSIM: 0.9919
25-08-18 10:59:56.113 : Training samples this epoch: 12094
25-08-18 10:59:56.114 : Validation samples this check: 1343
25-08-18 10:59:56.114 : Saving PSNR checkpoint.
25-08-18 11:00:18.928 : <epoch: 73, iter: 435,456, lr:2.500e-05> G_loss: 9.040e-04 
25-08-18 11:08:15.822 : <epoch: 73, iter: 436,968, lr:2.500e-05> G_loss: 1.121e-03 
25-08-18 11:15:26.910 : Saving the model.
25-08-18 11:16:12.508 : <epoch: 73, iter: 438,480, lr:2.500e-05> G_loss: 9.224e-04 
25-08-18 11:24:08.313 : <epoch: 73, iter: 439,992, lr:2.500e-05> G_loss: 1.128e-03 
25-08-18 11:31:18.291 : Saving the model.
25-08-18 11:33:47.498 : <epoch: 73, iter: 441,431, Val PSNR: 52.93dB, Val SSIM: 0.9920
25-08-18 11:33:47.499 : Training samples this epoch: 12094
25-08-18 11:33:47.499 : Validation samples this check: 1343
25-08-18 11:33:47.499 : Saving PSNR checkpoint.
25-08-18 11:34:10.556 : <epoch: 74, iter: 441,504, lr:2.500e-05> G_loss: 9.896e-04 
25-08-18 11:42:06.407 : <epoch: 74, iter: 443,016, lr:2.500e-05> G_loss: 1.082e-03 
25-08-18 11:49:16.013 : Saving the model.
25-08-18 11:50:02.056 : <epoch: 74, iter: 444,528, lr:2.500e-05> G_loss: 1.099e-03 
25-08-18 11:57:57.220 : <epoch: 74, iter: 446,040, lr:2.500e-05> G_loss: 8.965e-04 
25-08-18 12:05:05.574 : Saving the model.
25-08-18 12:07:33.974 : <epoch: 74, iter: 447,478, Val PSNR: 52.98dB, Val SSIM: 0.9920
25-08-18 12:07:33.974 : Training samples this epoch: 12094
25-08-18 12:07:33.974 : Validation samples this check: 1343
25-08-18 12:07:33.975 : Saving PSNR checkpoint.
25-08-18 12:07:57.314 : <epoch: 75, iter: 447,552, lr:2.500e-05> G_loss: 7.808e-04 
25-08-18 12:15:53.247 : <epoch: 75, iter: 449,064, lr:2.500e-05> G_loss: 8.018e-04 
25-08-18 12:23:02.119 : Saving the model.
25-08-18 12:23:48.876 : <epoch: 75, iter: 450,576, lr:2.500e-05> G_loss: 1.266e-03 
25-08-18 12:31:43.846 : <epoch: 75, iter: 452,088, lr:2.500e-05> G_loss: 7.834e-04 
25-08-18 12:38:51.853 : Saving the model.
25-08-18 12:41:23.301 : <epoch: 75, iter: 453,525, Val PSNR: 53.00dB, Val SSIM: 0.9920
25-08-18 12:41:23.301 : Training samples this epoch: 12094
25-08-18 12:41:23.302 : Validation samples this check: 1343
25-08-18 12:41:23.303 : Saving PSNR checkpoint.
25-08-18 12:41:46.963 : <epoch: 76, iter: 453,600, lr:2.500e-05> G_loss: 7.574e-04 
25-08-18 12:49:42.389 : <epoch: 76, iter: 455,112, lr:2.500e-05> G_loss: 1.030e-03 
25-08-18 12:56:50.817 : Saving the model.
25-08-18 12:57:38.381 : <epoch: 76, iter: 456,624, lr:2.500e-05> G_loss: 8.967e-04 
25-08-18 13:05:33.869 : <epoch: 76, iter: 458,136, lr:2.500e-05> G_loss: 9.219e-04 
25-08-18 13:12:41.881 : Saving the model.
25-08-18 13:15:12.190 : <epoch: 76, iter: 459,572, Val PSNR: 53.03dB, Val SSIM: 0.9921
25-08-18 13:15:12.190 : Training samples this epoch: 12094
25-08-18 13:15:12.191 : Validation samples this check: 1343
25-08-18 13:15:12.191 : Saving PSNR checkpoint.
25-08-18 13:15:36.101 : <epoch: 77, iter: 459,648, lr:2.500e-05> G_loss: 7.939e-04 
25-08-18 13:23:30.720 : <epoch: 77, iter: 461,160, lr:2.500e-05> G_loss: 8.344e-04 
25-08-18 13:30:37.501 : Saving the model.
25-08-18 13:31:25.400 : <epoch: 77, iter: 462,672, lr:2.500e-05> G_loss: 8.702e-04 
25-08-18 13:39:21.114 : <epoch: 77, iter: 464,184, lr:2.500e-05> G_loss: 9.414e-04 
25-08-18 13:46:28.305 : Saving the model.
25-08-18 13:49:00.267 : <epoch: 77, iter: 465,619, Val PSNR: 53.03dB, Val SSIM: 0.9921
25-08-18 13:49:00.267 : Training samples this epoch: 12094
25-08-18 13:49:00.267 : Validation samples this check: 1343
25-08-18 13:49:00.269 : Saving PSNR checkpoint.
25-08-18 13:49:24.483 : <epoch: 78, iter: 465,696, lr:2.500e-05> G_loss: 1.141e-03 
25-08-18 13:57:18.026 : <epoch: 78, iter: 467,208, lr:2.500e-05> G_loss: 9.406e-04 
25-08-18 14:04:23.425 : Saving the model.
25-08-18 14:05:11.865 : <epoch: 78, iter: 468,720, lr:2.500e-05> G_loss: 9.210e-04 
25-08-18 14:13:05.092 : <epoch: 78, iter: 470,232, lr:2.500e-05> G_loss: 8.684e-04 
25-08-18 14:20:09.620 : Saving the model.
25-08-18 14:22:39.069 : <epoch: 78, iter: 471,666, Val PSNR: 53.06dB, Val SSIM: 0.9921
25-08-18 14:22:39.070 : Training samples this epoch: 12094
25-08-18 14:22:39.070 : Validation samples this check: 1343
25-08-18 14:22:39.071 : Saving PSNR checkpoint.
25-08-18 14:23:03.671 : <epoch: 79, iter: 471,744, lr:2.500e-05> G_loss: 1.055e-03 
25-08-18 14:30:58.157 : <epoch: 79, iter: 473,256, lr:2.500e-05> G_loss: 9.706e-04 
25-08-18 14:38:03.777 : Saving the model.
25-08-18 14:38:53.006 : <epoch: 79, iter: 474,768, lr:2.500e-05> G_loss: 1.082e-03 
25-08-18 14:46:46.614 : <epoch: 79, iter: 476,280, lr:2.500e-05> G_loss: 1.212e-03 
25-08-18 14:53:51.127 : Saving the model.
25-08-18 14:56:26.962 : <epoch: 79, iter: 477,713, Val PSNR: 53.09dB, Val SSIM: 0.9922
25-08-18 14:56:26.963 : Training samples this epoch: 12094
25-08-18 14:56:26.963 : Validation samples this check: 1343
25-08-18 14:56:26.964 : Saving PSNR checkpoint.
25-08-18 14:56:52.078 : <epoch: 80, iter: 477,792, lr:2.500e-05> G_loss: 6.617e-04 
25-08-18 15:04:55.944 : <epoch: 80, iter: 479,304, lr:2.500e-05> G_loss: 8.273e-04 
25-08-18 15:12:07.113 : Saving the model.
25-08-18 15:12:57.804 : <epoch: 80, iter: 480,816, lr:2.500e-05> G_loss: 7.313e-04 
25-08-18 15:21:00.083 : <epoch: 80, iter: 482,328, lr:2.500e-05> G_loss: 8.199e-04 
