25-07-18 15:14:25.195 :   task: scunet_ngswin_conv_trans_nstb
  model: scunet_ngswin
  gpu_ids: [0]
  dist: False
  scale: 1
  n_channels: 1
  path:[
    root: training_results/conv_trans_nstb
    pretrained_netG: None
    pretrained_netE: None
    task: training_results/conv_trans_nstb/scunet_ngswin_conv_trans_nstb
    log: training_results/conv_trans_nstb/scunet_ngswin_conv_trans_nstb
    options: training_results/conv_trans_nstb/scunet_ngswin_conv_trans_nstb/options
    models: training_results/conv_trans_nstb/scunet_ngswin_conv_trans_nstb/models
    images: training_results/conv_trans_nstb/scunet_ngswin_conv_trans_nstb/images
    pretrained_optimizerG: None
  ]
  datasets:[
    train:[
      name: syn_deeplesion_train_li_ct
      dataset_type: li_ct
      dataroot_H: /home/Drive-D/SynDeepLesion/train_640geo
      dataloader_shuffle: True
      dataloader_num_workers: 4
      dataloader_batch_size: 2
      phase: train
      scale: 1
      n_channels: 1
    ]
    test:[
      name: syn_deeplesion_test_li_ct
      dataset_type: li_ct
      dataroot_H: /home/Drive-D/SynDeepLesion/test_640geo
      phase: test
      scale: 1
      n_channels: 1
    ]
    test_2:[
      name: clinical_metal_test_nii_ct
      dataset_type: nii_ct
      dataroot_H: /home/Drive-D/clinical_metal
      phase: test
      scale: 1
      n_channels: 1
    ]
  ]
  netG:[
    net_type: scunet_ngswin
    in_nc: 1
    out_nc: 1
    config: [1, 1, 1, 1, 1, 1, 1]
    dim: 32
    drop_path_rate: 0.0
    input_resolution: 512
    block_variant: conv_trans_nstb
    init_type: kaiming_normal
    init_bn_type: constant
    init_gain: 1.0
    scale: 1
  ]
  train:[
    G_lossfn_type: l1
    G_lossfn_weight: 1.0
    E_decay: 0.999
    G_optimizer_type: adam
    G_optimizer_lr: 0.0001
    G_optimizer_wd: 0
    G_scheduler_type: MultiStepLR
    G_scheduler_milestones: [200000, 400000, 600000, 800000]
    G_scheduler_gamma: 0.5
    G_param_strict: True
    E_param_strict: True
    checkpoint_test: 30000
    checkpoint_save: 20000
    checkpoint_print: 1000
    use_fp16: True
    test_both_checkpoints: True
    test_save_every_nth: 10
    F_feature_layer: 34
    F_weights: 1.0
    F_lossfn_type: l1
    F_use_input_norm: True
    F_use_range_norm: False
    G_optimizer_betas: [0.9, 0.999]
    G_scheduler_restart_weights: 1
    G_optimizer_reuse: False
  ]
  opt_path: options/train_scunet_ngswin_4.json
  is_train: True
  merge_bn: False
  merge_bn_startpoint: -1
  find_unused_parameters: False
  use_static_graph: False
  num_gpu: 1
  device: cuda

25-07-18 15:14:25.195 : Using device: cuda
25-07-18 15:14:25.494 : Total samples: 36,116 | Train: 32,505 (90.0%) | Validation: 3,611 (10.0%)
25-07-18 15:14:25.494 : Training iters per epoch: 16,253
25-07-18 15:14:25.525 : Test set samples: 2,000
25-07-18 15:14:26.546 : 
Networks name: SCUNet_NGSwin
Params number: 6881982
Net structure:
SCUNet_NGSwin(
  (m_head): Sequential(
    (0): Conv2d(1, 64, kernel_size=(3, 3), stride=(1, 1), padding=(1, 1), bias=False)
  )
  (m_down1): Sequential(
    (0): ConvTransNSTBBlock(
      (conv1_1): Conv2d(64, 64, kernel_size=(1, 1), stride=(1, 1))
      (conv_block): Sequential(
        (0): Conv2d(32, 32, kernel_size=(3, 3), stride=(1, 1), padding=(1, 1), bias=False)
        (1): ReLU(inplace=True)
        (2): Conv2d(32, 32, kernel_size=(3, 3), stride=(1, 1), padding=(1, 1), bias=False)
      )
      (trans_block): Block(
        (ln1): LayerNorm((32,), eps=1e-05, elementwise_affine=True)
        (msa): WMSA(
          (embedding_layer): Linear(in_features=32, out_features=96, bias=True)
          (linear): Linear(in_features=32, out_features=32, bias=True)
        )
        (drop_path): Identity()
        (ln2): LayerNorm((32,), eps=1e-05, elementwise_affine=True)
        (mlp): Sequential(
          (0): Linear(in_features=32, out_features=128, bias=True)
          (1): GELU(approximate='none')
          (2): Linear(in_features=128, out_features=32, bias=True)
        )
      )
      (nstb_block): NSTB(
        (ngram_window_partition): NGramWindowPartition(
          (ngram_context): NGramContext(
            (unigram_embed): Conv2d(32, 16, kernel_size=(8, 8), stride=(8, 8), groups=16)
            (ngram_attn): WindowAttention(
              (qkv): Linear(in_features=16, out_features=48, bias=True)
              (attn_drop): Dropout(p=0.0, inplace=False)
              (proj): Linear(in_features=16, out_features=16, bias=True)
              (proj_drop): Dropout(p=0.0, inplace=False)
              (softmax): Softmax(dim=-1)
            )
            (avg_pool): AvgPool2d(kernel_size=2, stride=2, padding=0)
            (merge): Conv2d(32, 32, kernel_size=(1, 1), stride=(1, 1))
          )
        )
        (attn): WindowAttention(
          (qkv): Linear(in_features=32, out_features=96, bias=True)
          (attn_drop): Dropout(p=0.0, inplace=False)
          (proj): Linear(in_features=32, out_features=32, bias=True)
          (proj_drop): Dropout(p=0.0, inplace=False)
          (softmax): Softmax(dim=-1)
        )
        (norm1): LayerNorm((32,), eps=1e-05, elementwise_affine=True)
        (drop_path): Identity()
        (ffn): Mlp(
          (fc1): Linear(in_features=32, out_features=64, bias=True)
          (act): GELU(approximate='none')
          (drop1): Dropout(p=0.0, inplace=False)
          (norm): Identity()
          (fc2): Linear(in_features=64, out_features=32, bias=True)
          (drop2): Dropout(p=0.0, inplace=False)
        )
        (norm2): LayerNorm((32,), eps=1e-05, elementwise_affine=True)
      )
      (conv1_2): Conv2d(96, 64, kernel_size=(1, 1), stride=(1, 1))
    )
    (1): Conv2d(64, 128, kernel_size=(2, 2), stride=(2, 2), bias=False)
  )
  (m_down2): Sequential(
    (0): ConvTransNSTBBlock(
      (conv1_1): Conv2d(128, 128, kernel_size=(1, 1), stride=(1, 1))
      (conv_block): Sequential(
        (0): Conv2d(64, 64, kernel_size=(3, 3), stride=(1, 1), padding=(1, 1), bias=False)
        (1): ReLU(inplace=True)
        (2): Conv2d(64, 64, kernel_size=(3, 3), stride=(1, 1), padding=(1, 1), bias=False)
      )
      (trans_block): Block(
        (ln1): LayerNorm((64,), eps=1e-05, elementwise_affine=True)
        (msa): WMSA(
          (embedding_layer): Linear(in_features=64, out_features=192, bias=True)
          (linear): Linear(in_features=64, out_features=64, bias=True)
        )
        (drop_path): Identity()
        (ln2): LayerNorm((64,), eps=1e-05, elementwise_affine=True)
        (mlp): Sequential(
          (0): Linear(in_features=64, out_features=256, bias=True)
          (1): GELU(approximate='none')
          (2): Linear(in_features=256, out_features=64, bias=True)
        )
      )
      (nstb_block): NSTB(
        (ngram_window_partition): NGramWindowPartition(
          (ngram_context): NGramContext(
            (unigram_embed): Conv2d(64, 32, kernel_size=(8, 8), stride=(8, 8), groups=32)
            (ngram_attn): WindowAttention(
              (qkv): Linear(in_features=32, out_features=96, bias=True)
              (attn_drop): Dropout(p=0.0, inplace=False)
              (proj): Linear(in_features=32, out_features=32, bias=True)
              (proj_drop): Dropout(p=0.0, inplace=False)
              (softmax): Softmax(dim=-1)
            )
            (avg_pool): AvgPool2d(kernel_size=2, stride=2, padding=0)
            (merge): Conv2d(64, 64, kernel_size=(1, 1), stride=(1, 1))
          )
        )
        (attn): WindowAttention(
          (qkv): Linear(in_features=64, out_features=192, bias=True)
          (attn_drop): Dropout(p=0.0, inplace=False)
          (proj): Linear(in_features=64, out_features=64, bias=True)
          (proj_drop): Dropout(p=0.0, inplace=False)
          (softmax): Softmax(dim=-1)
        )
        (norm1): LayerNorm((64,), eps=1e-05, elementwise_affine=True)
        (drop_path): Identity()
        (ffn): Mlp(
          (fc1): Linear(in_features=64, out_features=128, bias=True)
          (act): GELU(approximate='none')
          (drop1): Dropout(p=0.0, inplace=False)
          (norm): Identity()
          (fc2): Linear(in_features=128, out_features=64, bias=True)
          (drop2): Dropout(p=0.0, inplace=False)
        )
        (norm2): LayerNorm((64,), eps=1e-05, elementwise_affine=True)
      )
      (conv1_2): Conv2d(192, 128, kernel_size=(1, 1), stride=(1, 1))
    )
    (1): Conv2d(128, 256, kernel_size=(2, 2), stride=(2, 2), bias=False)
  )
  (m_down3): Sequential(
    (0): ConvTransNSTBBlock(
      (conv1_1): Conv2d(256, 256, kernel_size=(1, 1), stride=(1, 1))
      (conv_block): Sequential(
        (0): Conv2d(128, 128, kernel_size=(3, 3), stride=(1, 1), padding=(1, 1), bias=False)
        (1): ReLU(inplace=True)
        (2): Conv2d(128, 128, kernel_size=(3, 3), stride=(1, 1), padding=(1, 1), bias=False)
      )
      (trans_block): Block(
        (ln1): LayerNorm((128,), eps=1e-05, elementwise_affine=True)
        (msa): WMSA(
          (embedding_layer): Linear(in_features=128, out_features=384, bias=True)
          (linear): Linear(in_features=128, out_features=128, bias=True)
        )
        (drop_path): Identity()
        (ln2): LayerNorm((128,), eps=1e-05, elementwise_affine=True)
        (mlp): Sequential(
          (0): Linear(in_features=128, out_features=512, bias=True)
          (1): GELU(approximate='none')
          (2): Linear(in_features=512, out_features=128, bias=True)
        )
      )
      (nstb_block): NSTB(
        (ngram_window_partition): NGramWindowPartition(
          (ngram_context): NGramContext(
            (unigram_embed): Conv2d(128, 64, kernel_size=(8, 8), stride=(8, 8), groups=64)
            (ngram_attn): WindowAttention(
              (qkv): Linear(in_features=64, out_features=192, bias=True)
              (attn_drop): Dropout(p=0.0, inplace=False)
              (proj): Linear(in_features=64, out_features=64, bias=True)
              (proj_drop): Dropout(p=0.0, inplace=False)
              (softmax): Softmax(dim=-1)
            )
            (avg_pool): AvgPool2d(kernel_size=2, stride=2, padding=0)
            (merge): Conv2d(128, 128, kernel_size=(1, 1), stride=(1, 1))
          )
        )
        (attn): WindowAttention(
          (qkv): Linear(in_features=128, out_features=384, bias=True)
          (attn_drop): Dropout(p=0.0, inplace=False)
          (proj): Linear(in_features=128, out_features=128, bias=True)
          (proj_drop): Dropout(p=0.0, inplace=False)
          (softmax): Softmax(dim=-1)
        )
        (norm1): LayerNorm((128,), eps=1e-05, elementwise_affine=True)
        (drop_path): Identity()
        (ffn): Mlp(
          (fc1): Linear(in_features=128, out_features=256, bias=True)
          (act): GELU(approximate='none')
          (drop1): Dropout(p=0.0, inplace=False)
          (norm): Identity()
          (fc2): Linear(in_features=256, out_features=128, bias=True)
          (drop2): Dropout(p=0.0, inplace=False)
        )
        (norm2): LayerNorm((128,), eps=1e-05, elementwise_affine=True)
      )
      (conv1_2): Conv2d(384, 256, kernel_size=(1, 1), stride=(1, 1))
    )
    (1): Conv2d(256, 512, kernel_size=(2, 2), stride=(2, 2), bias=False)
  )
  (m_body): Sequential(
    (0): ConvTransNSTBBlock(
      (conv1_1): Conv2d(512, 512, kernel_size=(1, 1), stride=(1, 1))
      (conv_block): Sequential(
        (0): Conv2d(256, 256, kernel_size=(3, 3), stride=(1, 1), padding=(1, 1), bias=False)
        (1): ReLU(inplace=True)
        (2): Conv2d(256, 256, kernel_size=(3, 3), stride=(1, 1), padding=(1, 1), bias=False)
      )
      (trans_block): Block(
        (ln1): LayerNorm((256,), eps=1e-05, elementwise_affine=True)
        (msa): WMSA(
          (embedding_layer): Linear(in_features=256, out_features=768, bias=True)
          (linear): Linear(in_features=256, out_features=256, bias=True)
        )
        (drop_path): Identity()
        (ln2): LayerNorm((256,), eps=1e-05, elementwise_affine=True)
        (mlp): Sequential(
          (0): Linear(in_features=256, out_features=1024, bias=True)
          (1): GELU(approximate='none')
          (2): Linear(in_features=1024, out_features=256, bias=True)
        )
      )
      (nstb_block): NSTB(
        (ngram_window_partition): NGramWindowPartition(
          (ngram_context): NGramContext(
            (unigram_embed): Conv2d(256, 128, kernel_size=(8, 8), stride=(8, 8), groups=128)
            (ngram_attn): WindowAttention(
              (qkv): Linear(in_features=128, out_features=384, bias=True)
              (attn_drop): Dropout(p=0.0, inplace=False)
              (proj): Linear(in_features=128, out_features=128, bias=True)
              (proj_drop): Dropout(p=0.0, inplace=False)
              (softmax): Softmax(dim=-1)
            )
            (avg_pool): AvgPool2d(kernel_size=2, stride=2, padding=0)
            (merge): Conv2d(256, 256, kernel_size=(1, 1), stride=(1, 1))
          )
        )
        (attn): WindowAttention(
          (qkv): Linear(in_features=256, out_features=768, bias=True)
          (attn_drop): Dropout(p=0.0, inplace=False)
          (proj): Linear(in_features=256, out_features=256, bias=True)
          (proj_drop): Dropout(p=0.0, inplace=False)
          (softmax): Softmax(dim=-1)
        )
        (norm1): LayerNorm((256,), eps=1e-05, elementwise_affine=True)
        (drop_path): Identity()
        (ffn): Mlp(
          (fc1): Linear(in_features=256, out_features=512, bias=True)
          (act): GELU(approximate='none')
          (drop1): Dropout(p=0.0, inplace=False)
          (norm): Identity()
          (fc2): Linear(in_features=512, out_features=256, bias=True)
          (drop2): Dropout(p=0.0, inplace=False)
        )
        (norm2): LayerNorm((256,), eps=1e-05, elementwise_affine=True)
      )
      (conv1_2): Conv2d(768, 512, kernel_size=(1, 1), stride=(1, 1))
    )
  )
  (m_up3): Sequential(
    (0): ConvTranspose2d(512, 256, kernel_size=(2, 2), stride=(2, 2), bias=False)
    (1): ConvTransNSTBBlock(
      (conv1_1): Conv2d(256, 256, kernel_size=(1, 1), stride=(1, 1))
      (conv_block): Sequential(
        (0): Conv2d(128, 128, kernel_size=(3, 3), stride=(1, 1), padding=(1, 1), bias=False)
        (1): ReLU(inplace=True)
        (2): Conv2d(128, 128, kernel_size=(3, 3), stride=(1, 1), padding=(1, 1), bias=False)
      )
      (trans_block): Block(
        (ln1): LayerNorm((128,), eps=1e-05, elementwise_affine=True)
        (msa): WMSA(
          (embedding_layer): Linear(in_features=128, out_features=384, bias=True)
          (linear): Linear(in_features=128, out_features=128, bias=True)
        )
        (drop_path): Identity()
        (ln2): LayerNorm((128,), eps=1e-05, elementwise_affine=True)
        (mlp): Sequential(
          (0): Linear(in_features=128, out_features=512, bias=True)
          (1): GELU(approximate='none')
          (2): Linear(in_features=512, out_features=128, bias=True)
        )
      )
      (nstb_block): NSTB(
        (ngram_window_partition): NGramWindowPartition(
          (ngram_context): NGramContext(
            (unigram_embed): Conv2d(128, 64, kernel_size=(8, 8), stride=(8, 8), groups=64)
            (ngram_attn): WindowAttention(
              (qkv): Linear(in_features=64, out_features=192, bias=True)
              (attn_drop): Dropout(p=0.0, inplace=False)
              (proj): Linear(in_features=64, out_features=64, bias=True)
              (proj_drop): Dropout(p=0.0, inplace=False)
              (softmax): Softmax(dim=-1)
            )
            (avg_pool): AvgPool2d(kernel_size=2, stride=2, padding=0)
            (merge): Conv2d(128, 128, kernel_size=(1, 1), stride=(1, 1))
          )
        )
        (attn): WindowAttention(
          (qkv): Linear(in_features=128, out_features=384, bias=True)
          (attn_drop): Dropout(p=0.0, inplace=False)
          (proj): Linear(in_features=128, out_features=128, bias=True)
          (proj_drop): Dropout(p=0.0, inplace=False)
          (softmax): Softmax(dim=-1)
        )
        (norm1): LayerNorm((128,), eps=1e-05, elementwise_affine=True)
        (drop_path): Identity()
        (ffn): Mlp(
          (fc1): Linear(in_features=128, out_features=256, bias=True)
          (act): GELU(approximate='none')
          (drop1): Dropout(p=0.0, inplace=False)
          (norm): Identity()
          (fc2): Linear(in_features=256, out_features=128, bias=True)
          (drop2): Dropout(p=0.0, inplace=False)
        )
        (norm2): LayerNorm((128,), eps=1e-05, elementwise_affine=True)
      )
      (conv1_2): Conv2d(384, 256, kernel_size=(1, 1), stride=(1, 1))
    )
  )
  (m_up2): Sequential(
    (0): ConvTranspose2d(256, 128, kernel_size=(2, 2), stride=(2, 2), bias=False)
    (1): ConvTransNSTBBlock(
      (conv1_1): Conv2d(128, 128, kernel_size=(1, 1), stride=(1, 1))
      (conv_block): Sequential(
        (0): Conv2d(64, 64, kernel_size=(3, 3), stride=(1, 1), padding=(1, 1), bias=False)
        (1): ReLU(inplace=True)
        (2): Conv2d(64, 64, kernel_size=(3, 3), stride=(1, 1), padding=(1, 1), bias=False)
      )
      (trans_block): Block(
        (ln1): LayerNorm((64,), eps=1e-05, elementwise_affine=True)
        (msa): WMSA(
          (embedding_layer): Linear(in_features=64, out_features=192, bias=True)
          (linear): Linear(in_features=64, out_features=64, bias=True)
        )
        (drop_path): Identity()
        (ln2): LayerNorm((64,), eps=1e-05, elementwise_affine=True)
        (mlp): Sequential(
          (0): Linear(in_features=64, out_features=256, bias=True)
          (1): GELU(approximate='none')
          (2): Linear(in_features=256, out_features=64, bias=True)
        )
      )
      (nstb_block): NSTB(
        (ngram_window_partition): NGramWindowPartition(
          (ngram_context): NGramContext(
            (unigram_embed): Conv2d(64, 32, kernel_size=(8, 8), stride=(8, 8), groups=32)
            (ngram_attn): WindowAttention(
              (qkv): Linear(in_features=32, out_features=96, bias=True)
              (attn_drop): Dropout(p=0.0, inplace=False)
              (proj): Linear(in_features=32, out_features=32, bias=True)
              (proj_drop): Dropout(p=0.0, inplace=False)
              (softmax): Softmax(dim=-1)
            )
            (avg_pool): AvgPool2d(kernel_size=2, stride=2, padding=0)
            (merge): Conv2d(64, 64, kernel_size=(1, 1), stride=(1, 1))
          )
        )
        (attn): WindowAttention(
          (qkv): Linear(in_features=64, out_features=192, bias=True)
          (attn_drop): Dropout(p=0.0, inplace=False)
          (proj): Linear(in_features=64, out_features=64, bias=True)
          (proj_drop): Dropout(p=0.0, inplace=False)
          (softmax): Softmax(dim=-1)
        )
        (norm1): LayerNorm((64,), eps=1e-05, elementwise_affine=True)
        (drop_path): Identity()
        (ffn): Mlp(
          (fc1): Linear(in_features=64, out_features=128, bias=True)
          (act): GELU(approximate='none')
          (drop1): Dropout(p=0.0, inplace=False)
          (norm): Identity()
          (fc2): Linear(in_features=128, out_features=64, bias=True)
          (drop2): Dropout(p=0.0, inplace=False)
        )
        (norm2): LayerNorm((64,), eps=1e-05, elementwise_affine=True)
      )
      (conv1_2): Conv2d(192, 128, kernel_size=(1, 1), stride=(1, 1))
    )
  )
  (m_up1): Sequential(
    (0): ConvTranspose2d(128, 64, kernel_size=(2, 2), stride=(2, 2), bias=False)
    (1): ConvTransNSTBBlock(
      (conv1_1): Conv2d(64, 64, kernel_size=(1, 1), stride=(1, 1))
      (conv_block): Sequential(
        (0): Conv2d(32, 32, kernel_size=(3, 3), stride=(1, 1), padding=(1, 1), bias=False)
        (1): ReLU(inplace=True)
        (2): Conv2d(32, 32, kernel_size=(3, 3), stride=(1, 1), padding=(1, 1), bias=False)
      )
      (trans_block): Block(
        (ln1): LayerNorm((32,), eps=1e-05, elementwise_affine=True)
        (msa): WMSA(
          (embedding_layer): Linear(in_features=32, out_features=96, bias=True)
          (linear): Linear(in_features=32, out_features=32, bias=True)
        )
        (drop_path): Identity()
        (ln2): LayerNorm((32,), eps=1e-05, elementwise_affine=True)
        (mlp): Sequential(
          (0): Linear(in_features=32, out_features=128, bias=True)
          (1): GELU(approximate='none')
          (2): Linear(in_features=128, out_features=32, bias=True)
        )
      )
      (nstb_block): NSTB(
        (ngram_window_partition): NGramWindowPartition(
          (ngram_context): NGramContext(
            (unigram_embed): Conv2d(32, 16, kernel_size=(8, 8), stride=(8, 8), groups=16)
            (ngram_attn): WindowAttention(
              (qkv): Linear(in_features=16, out_features=48, bias=True)
              (attn_drop): Dropout(p=0.0, inplace=False)
              (proj): Linear(in_features=16, out_features=16, bias=True)
              (proj_drop): Dropout(p=0.0, inplace=False)
              (softmax): Softmax(dim=-1)
            )
            (avg_pool): AvgPool2d(kernel_size=2, stride=2, padding=0)
            (merge): Conv2d(32, 32, kernel_size=(1, 1), stride=(1, 1))
          )
        )
        (attn): WindowAttention(
          (qkv): Linear(in_features=32, out_features=96, bias=True)
          (attn_drop): Dropout(p=0.0, inplace=False)
          (proj): Linear(in_features=32, out_features=32, bias=True)
          (proj_drop): Dropout(p=0.0, inplace=False)
          (softmax): Softmax(dim=-1)
        )
        (norm1): LayerNorm((32,), eps=1e-05, elementwise_affine=True)
        (drop_path): Identity()
        (ffn): Mlp(
          (fc1): Linear(in_features=32, out_features=64, bias=True)
          (act): GELU(approximate='none')
          (drop1): Dropout(p=0.0, inplace=False)
          (norm): Identity()
          (fc2): Linear(in_features=64, out_features=32, bias=True)
          (drop2): Dropout(p=0.0, inplace=False)
        )
        (norm2): LayerNorm((32,), eps=1e-05, elementwise_affine=True)
      )
      (conv1_2): Conv2d(96, 64, kernel_size=(1, 1), stride=(1, 1))
    )
  )
  (m_tail): Sequential(
    (0): Conv2d(64, 1, kernel_size=(3, 3), stride=(1, 1), padding=(1, 1), bias=False)
  )
)

25-07-18 15:14:26.586 : 
 |  mean  |  min   |  max   |  std   || shape               
 | -0.013 | -0.332 |  0.332 |  0.187 | torch.Size([64, 1, 3, 3]) || m_head.0.weight
 | -0.000 | -0.125 |  0.125 |  0.072 | torch.Size([64, 64, 1, 1]) || m_down1.0.conv1_1.weight
 |  0.008 | -0.123 |  0.124 |  0.074 | torch.Size([64]) || m_down1.0.conv1_1.bias
 | -0.000 | -0.059 |  0.059 |  0.034 | torch.Size([32, 32, 3, 3]) || m_down1.0.conv_block.0.weight
 | -0.000 | -0.059 |  0.059 |  0.034 | torch.Size([32, 32, 3, 3]) || m_down1.0.conv_block.2.weight
 |  1.000 |  1.000 |  1.000 |  0.000 | torch.Size([32]) || m_down1.0.trans_block.ln1.weight
 |  0.000 |  0.000 |  0.000 |  0.000 | torch.Size([32]) || m_down1.0.trans_block.ln1.bias
 | -0.002 | -0.077 |  0.050 |  0.020 | torch.Size([1, 15, 15]) || m_down1.0.trans_block.msa.relative_position_params
 |  0.001 | -0.177 |  0.177 |  0.102 | torch.Size([96, 32]) || m_down1.0.trans_block.msa.embedding_layer.weight
 | -0.014 | -0.175 |  0.175 |  0.098 | torch.Size([96]) || m_down1.0.trans_block.msa.embedding_layer.bias
 |  0.002 | -0.177 |  0.177 |  0.102 | torch.Size([32, 32]) || m_down1.0.trans_block.msa.linear.weight
 | -0.028 | -0.175 |  0.169 |  0.116 | torch.Size([32]) || m_down1.0.trans_block.msa.linear.bias
 |  1.000 |  1.000 |  1.000 |  0.000 | torch.Size([32]) || m_down1.0.trans_block.ln2.weight
 |  0.000 |  0.000 |  0.000 |  0.000 | torch.Size([32]) || m_down1.0.trans_block.ln2.bias
 | -0.000 | -0.177 |  0.177 |  0.102 | torch.Size([128, 32]) || m_down1.0.trans_block.mlp.0.weight
 |  0.010 | -0.170 |  0.175 |  0.102 | torch.Size([128]) || m_down1.0.trans_block.mlp.0.bias
 |  0.000 | -0.088 |  0.088 |  0.051 | torch.Size([32, 128]) || m_down1.0.trans_block.mlp.2.weight
 | -0.014 | -0.082 |  0.085 |  0.050 | torch.Size([32]) || m_down1.0.trans_block.mlp.2.bias
 | -12.109 | -100.000 |  0.000 | 32.624 | torch.Size([64, 64, 64]) || m_down1.0.nstb_block.attn_mask
 | -0.000 | -0.088 |  0.088 |  0.051 | torch.Size([16, 2, 8, 8]) || m_down1.0.nstb_block.ngram_window_partition.ngram_context.unigram_embed.weight
 | -0.005 | -0.084 |  0.081 |  0.053 | torch.Size([16]) || m_down1.0.nstb_block.ngram_window_partition.ngram_context.unigram_embed.bias
 |  2.303 |  2.303 |  2.303 |    nan | torch.Size([1, 1, 1]) || m_down1.0.nstb_block.ngram_window_partition.ngram_context.ngram_attn.logit_scale
 | -0.001 | -0.023 |  0.018 |  0.015 | torch.Size([9, 1]) || m_down1.0.nstb_block.ngram_window_partition.ngram_context.ngram_attn.relative_position_bias_table
 |  4.000 |  0.000 |  8.000 |  2.309 | torch.Size([4, 4]) || m_down1.0.nstb_block.ngram_window_partition.ngram_context.ngram_attn.relative_position_index
 | -0.012 | -0.249 |  0.248 |  0.141 | torch.Size([48, 16]) || m_down1.0.nstb_block.ngram_window_partition.ngram_context.ngram_attn.qkv.weight
 | -0.024 | -0.239 |  0.246 |  0.137 | torch.Size([48]) || m_down1.0.nstb_block.ngram_window_partition.ngram_context.ngram_attn.qkv.bias
 |  0.006 | -0.250 |  0.249 |  0.145 | torch.Size([16, 16]) || m_down1.0.nstb_block.ngram_window_partition.ngram_context.ngram_attn.proj.weight
 | -0.026 | -0.196 |  0.233 |  0.127 | torch.Size([16]) || m_down1.0.nstb_block.ngram_window_partition.ngram_context.ngram_attn.proj.bias
 | -0.007 | -0.175 |  0.177 |  0.102 | torch.Size([32, 32, 1, 1]) || m_down1.0.nstb_block.ngram_window_partition.ngram_context.merge.weight
 | -0.009 | -0.176 |  0.155 |  0.100 | torch.Size([32]) || m_down1.0.nstb_block.ngram_window_partition.ngram_context.merge.bias
 |  2.303 |  2.303 |  2.303 |    nan | torch.Size([1, 1, 1]) || m_down1.0.nstb_block.attn.logit_scale
 | -0.001 | -0.079 |  0.055 |  0.021 | torch.Size([225, 1]) || m_down1.0.nstb_block.attn.relative_position_bias_table
 | 112.000 |  0.000 | 224.000 | 48.719 | torch.Size([64, 64]) || m_down1.0.nstb_block.attn.relative_position_index
 |  0.002 | -0.177 |  0.177 |  0.102 | torch.Size([96, 32]) || m_down1.0.nstb_block.attn.qkv.weight
 |  0.002 | -0.176 |  0.169 |  0.101 | torch.Size([96]) || m_down1.0.nstb_block.attn.qkv.bias
 | -0.001 | -0.176 |  0.176 |  0.101 | torch.Size([32, 32]) || m_down1.0.nstb_block.attn.proj.weight
 |  0.040 | -0.163 |  0.174 |  0.105 | torch.Size([32]) || m_down1.0.nstb_block.attn.proj.bias
 |  1.000 |  1.000 |  1.000 |  0.000 | torch.Size([32]) || m_down1.0.nstb_block.norm1.weight
 |  0.000 |  0.000 |  0.000 |  0.000 | torch.Size([32]) || m_down1.0.nstb_block.norm1.bias
 | -0.002 | -0.177 |  0.177 |  0.104 | torch.Size([64, 32]) || m_down1.0.nstb_block.ffn.fc1.weight
 |  0.010 | -0.175 |  0.175 |  0.106 | torch.Size([64]) || m_down1.0.nstb_block.ffn.fc1.bias
 |  0.001 | -0.125 |  0.125 |  0.071 | torch.Size([32, 64]) || m_down1.0.nstb_block.ffn.fc2.weight
 |  0.007 | -0.113 |  0.117 |  0.068 | torch.Size([32]) || m_down1.0.nstb_block.ffn.fc2.bias
 |  1.000 |  1.000 |  1.000 |  0.000 | torch.Size([32]) || m_down1.0.nstb_block.norm2.weight
 |  0.000 |  0.000 |  0.000 |  0.000 | torch.Size([32]) || m_down1.0.nstb_block.norm2.bias
 | -0.000 | -0.102 |  0.102 |  0.059 | torch.Size([64, 96, 1, 1]) || m_down1.0.conv1_2.weight
 |  0.010 | -0.097 |  0.102 |  0.055 | torch.Size([64]) || m_down1.0.conv1_2.bias
 | -0.000 | -0.062 |  0.062 |  0.036 | torch.Size([128, 64, 2, 2]) || m_down1.1.weight
 | -0.001 | -0.088 |  0.088 |  0.051 | torch.Size([128, 128, 1, 1]) || m_down2.0.conv1_1.weight
 |  0.002 | -0.088 |  0.087 |  0.052 | torch.Size([128]) || m_down2.0.conv1_1.bias
 | -0.000 | -0.042 |  0.042 |  0.024 | torch.Size([64, 64, 3, 3]) || m_down2.0.conv_block.0.weight
 |  0.000 | -0.042 |  0.042 |  0.024 | torch.Size([64, 64, 3, 3]) || m_down2.0.conv_block.2.weight
 |  1.000 |  1.000 |  1.000 |  0.000 | torch.Size([64]) || m_down2.0.trans_block.ln1.weight
 |  0.000 |  0.000 |  0.000 |  0.000 | torch.Size([64]) || m_down2.0.trans_block.ln1.bias
 |  0.002 | -0.059 |  0.057 |  0.021 | torch.Size([2, 15, 15]) || m_down2.0.trans_block.msa.relative_position_params
 | -0.001 | -0.125 |  0.125 |  0.072 | torch.Size([192, 64]) || m_down2.0.trans_block.msa.embedding_layer.weight
 |  0.006 | -0.123 |  0.125 |  0.076 | torch.Size([192]) || m_down2.0.trans_block.msa.embedding_layer.bias
 | -0.001 | -0.125 |  0.125 |  0.071 | torch.Size([64, 64]) || m_down2.0.trans_block.msa.linear.weight
 | -0.003 | -0.121 |  0.120 |  0.069 | torch.Size([64]) || m_down2.0.trans_block.msa.linear.bias
 |  1.000 |  1.000 |  1.000 |  0.000 | torch.Size([64]) || m_down2.0.trans_block.ln2.weight
 |  0.000 |  0.000 |  0.000 |  0.000 | torch.Size([64]) || m_down2.0.trans_block.ln2.bias
 |  0.001 | -0.125 |  0.125 |  0.073 | torch.Size([256, 64]) || m_down2.0.trans_block.mlp.0.weight
 |  0.011 | -0.124 |  0.125 |  0.074 | torch.Size([256]) || m_down2.0.trans_block.mlp.0.bias
 |  0.000 | -0.062 |  0.062 |  0.036 | torch.Size([64, 256]) || m_down2.0.trans_block.mlp.2.weight
 |  0.004 | -0.062 |  0.062 |  0.037 | torch.Size([64]) || m_down2.0.trans_block.mlp.2.bias
 | -23.438 | -100.000 |  0.000 | 42.361 | torch.Size([16, 64, 64]) || m_down2.0.nstb_block.attn_mask
 | -0.001 | -0.088 |  0.088 |  0.052 | torch.Size([32, 2, 8, 8]) || m_down2.0.nstb_block.ngram_window_partition.ngram_context.unigram_embed.weight
 |  0.018 | -0.086 |  0.087 |  0.054 | torch.Size([32]) || m_down2.0.nstb_block.ngram_window_partition.ngram_context.unigram_embed.bias
 |  2.303 |  2.303 |  2.303 |  0.000 | torch.Size([2, 1, 1]) || m_down2.0.nstb_block.ngram_window_partition.ngram_context.ngram_attn.logit_scale
 |  0.000 | -0.036 |  0.034 |  0.019 | torch.Size([9, 2]) || m_down2.0.nstb_block.ngram_window_partition.ngram_context.ngram_attn.relative_position_bias_table
 |  4.000 |  0.000 |  8.000 |  2.309 | torch.Size([4, 4]) || m_down2.0.nstb_block.ngram_window_partition.ngram_context.ngram_attn.relative_position_index
 |  0.001 | -0.176 |  0.177 |  0.101 | torch.Size([96, 32]) || m_down2.0.nstb_block.ngram_window_partition.ngram_context.ngram_attn.qkv.weight
 | -0.008 | -0.176 |  0.173 |  0.109 | torch.Size([96]) || m_down2.0.nstb_block.ngram_window_partition.ngram_context.ngram_attn.qkv.bias
 | -0.001 | -0.177 |  0.176 |  0.103 | torch.Size([32, 32]) || m_down2.0.nstb_block.ngram_window_partition.ngram_context.ngram_attn.proj.weight
 | -0.013 | -0.164 |  0.172 |  0.106 | torch.Size([32]) || m_down2.0.nstb_block.ngram_window_partition.ngram_context.ngram_attn.proj.bias
 | -0.000 | -0.125 |  0.125 |  0.072 | torch.Size([64, 64, 1, 1]) || m_down2.0.nstb_block.ngram_window_partition.ngram_context.merge.weight
 |  0.006 | -0.118 |  0.116 |  0.077 | torch.Size([64]) || m_down2.0.nstb_block.ngram_window_partition.ngram_context.merge.bias
 |  2.303 |  2.303 |  2.303 |  0.000 | torch.Size([2, 1, 1]) || m_down2.0.nstb_block.attn.logit_scale
 | -0.001 | -0.062 |  0.055 |  0.019 | torch.Size([225, 2]) || m_down2.0.nstb_block.attn.relative_position_bias_table
 | 112.000 |  0.000 | 224.000 | 48.719 | torch.Size([64, 64]) || m_down2.0.nstb_block.attn.relative_position_index
 | -0.000 | -0.125 |  0.125 |  0.072 | torch.Size([192, 64]) || m_down2.0.nstb_block.attn.qkv.weight
 |  0.005 | -0.124 |  0.125 |  0.073 | torch.Size([192]) || m_down2.0.nstb_block.attn.qkv.bias
 |  0.002 | -0.125 |  0.125 |  0.072 | torch.Size([64, 64]) || m_down2.0.nstb_block.attn.proj.weight
 |  0.015 | -0.120 |  0.119 |  0.075 | torch.Size([64]) || m_down2.0.nstb_block.attn.proj.bias
 |  1.000 |  1.000 |  1.000 |  0.000 | torch.Size([64]) || m_down2.0.nstb_block.norm1.weight
 |  0.000 |  0.000 |  0.000 |  0.000 | torch.Size([64]) || m_down2.0.nstb_block.norm1.bias
 |  0.002 | -0.125 |  0.125 |  0.072 | torch.Size([128, 64]) || m_down2.0.nstb_block.ffn.fc1.weight
 |  0.004 | -0.125 |  0.120 |  0.071 | torch.Size([128]) || m_down2.0.nstb_block.ffn.fc1.bias
 | -0.001 | -0.088 |  0.088 |  0.051 | torch.Size([64, 128]) || m_down2.0.nstb_block.ffn.fc2.weight
 |  0.001 | -0.088 |  0.088 |  0.055 | torch.Size([64]) || m_down2.0.nstb_block.ffn.fc2.bias
 |  1.000 |  1.000 |  1.000 |  0.000 | torch.Size([64]) || m_down2.0.nstb_block.norm2.weight
 |  0.000 |  0.000 |  0.000 |  0.000 | torch.Size([64]) || m_down2.0.nstb_block.norm2.bias
 | -0.000 | -0.072 |  0.072 |  0.042 | torch.Size([128, 192, 1, 1]) || m_down2.0.conv1_2.weight
 | -0.000 | -0.071 |  0.071 |  0.041 | torch.Size([128]) || m_down2.0.conv1_2.bias
 | -0.000 | -0.044 |  0.044 |  0.026 | torch.Size([256, 128, 2, 2]) || m_down2.1.weight
 |  0.000 | -0.062 |  0.062 |  0.036 | torch.Size([256, 256, 1, 1]) || m_down3.0.conv1_1.weight
 | -0.001 | -0.062 |  0.062 |  0.038 | torch.Size([256]) || m_down3.0.conv1_1.bias
 | -0.000 | -0.029 |  0.029 |  0.017 | torch.Size([128, 128, 3, 3]) || m_down3.0.conv_block.0.weight
 |  0.000 | -0.029 |  0.029 |  0.017 | torch.Size([128, 128, 3, 3]) || m_down3.0.conv_block.2.weight
 |  1.000 |  1.000 |  1.000 |  0.000 | torch.Size([128]) || m_down3.0.trans_block.ln1.weight
 |  0.000 |  0.000 |  0.000 |  0.000 | torch.Size([128]) || m_down3.0.trans_block.ln1.bias
 | -0.000 | -0.068 |  0.060 |  0.020 | torch.Size([4, 15, 15]) || m_down3.0.trans_block.msa.relative_position_params
 | -0.000 | -0.088 |  0.088 |  0.051 | torch.Size([384, 128]) || m_down3.0.trans_block.msa.embedding_layer.weight
 | -0.004 | -0.088 |  0.088 |  0.051 | torch.Size([384]) || m_down3.0.trans_block.msa.embedding_layer.bias
 |  0.000 | -0.088 |  0.088 |  0.051 | torch.Size([128, 128]) || m_down3.0.trans_block.msa.linear.weight
 |  0.002 | -0.088 |  0.087 |  0.053 | torch.Size([128]) || m_down3.0.trans_block.msa.linear.bias
 |  1.000 |  1.000 |  1.000 |  0.000 | torch.Size([128]) || m_down3.0.trans_block.ln2.weight
 |  0.000 |  0.000 |  0.000 |  0.000 | torch.Size([128]) || m_down3.0.trans_block.ln2.bias
 | -0.000 | -0.088 |  0.088 |  0.051 | torch.Size([512, 128]) || m_down3.0.trans_block.mlp.0.weight
 | -0.002 | -0.088 |  0.087 |  0.051 | torch.Size([512]) || m_down3.0.trans_block.mlp.0.bias
 |  0.000 | -0.044 |  0.044 |  0.026 | torch.Size([128, 512]) || m_down3.0.trans_block.mlp.2.weight
 | -0.000 | -0.041 |  0.042 |  0.024 | torch.Size([128]) || m_down3.0.trans_block.mlp.2.bias
 | -43.750 | -100.000 |  0.000 | 49.609 | torch.Size([4, 64, 64]) || m_down3.0.nstb_block.attn_mask
 |  0.001 | -0.088 |  0.088 |  0.051 | torch.Size([64, 2, 8, 8]) || m_down3.0.nstb_block.ngram_window_partition.ngram_context.unigram_embed.weight
 |  0.002 | -0.087 |  0.085 |  0.050 | torch.Size([64]) || m_down3.0.nstb_block.ngram_window_partition.ngram_context.unigram_embed.bias
 |  2.303 |  2.303 |  2.303 |  0.000 | torch.Size([4, 1, 1]) || m_down3.0.nstb_block.ngram_window_partition.ngram_context.ngram_attn.logit_scale
 |  0.003 | -0.025 |  0.059 |  0.020 | torch.Size([9, 4]) || m_down3.0.nstb_block.ngram_window_partition.ngram_context.ngram_attn.relative_position_bias_table
 |  4.000 |  0.000 |  8.000 |  2.309 | torch.Size([4, 4]) || m_down3.0.nstb_block.ngram_window_partition.ngram_context.ngram_attn.relative_position_index
 |  0.000 | -0.125 |  0.125 |  0.072 | torch.Size([192, 64]) || m_down3.0.nstb_block.ngram_window_partition.ngram_context.ngram_attn.qkv.weight
 | -0.001 | -0.125 |  0.123 |  0.074 | torch.Size([192]) || m_down3.0.nstb_block.ngram_window_partition.ngram_context.ngram_attn.qkv.bias
 | -0.000 | -0.125 |  0.125 |  0.072 | torch.Size([64, 64]) || m_down3.0.nstb_block.ngram_window_partition.ngram_context.ngram_attn.proj.weight
 |  0.009 | -0.121 |  0.124 |  0.072 | torch.Size([64]) || m_down3.0.nstb_block.ngram_window_partition.ngram_context.ngram_attn.proj.bias
 | -0.000 | -0.088 |  0.088 |  0.051 | torch.Size([128, 128, 1, 1]) || m_down3.0.nstb_block.ngram_window_partition.ngram_context.merge.weight
 | -0.003 | -0.086 |  0.088 |  0.054 | torch.Size([128]) || m_down3.0.nstb_block.ngram_window_partition.ngram_context.merge.bias
 |  2.303 |  2.303 |  2.303 |  0.000 | torch.Size([4, 1, 1]) || m_down3.0.nstb_block.attn.logit_scale
 | -0.000 | -0.063 |  0.060 |  0.020 | torch.Size([225, 4]) || m_down3.0.nstb_block.attn.relative_position_bias_table
 | 112.000 |  0.000 | 224.000 | 48.719 | torch.Size([64, 64]) || m_down3.0.nstb_block.attn.relative_position_index
 | -0.000 | -0.088 |  0.088 |  0.051 | torch.Size([384, 128]) || m_down3.0.nstb_block.attn.qkv.weight
 |  0.007 | -0.087 |  0.088 |  0.052 | torch.Size([384]) || m_down3.0.nstb_block.attn.qkv.bias
 | -0.000 | -0.088 |  0.088 |  0.051 | torch.Size([128, 128]) || m_down3.0.nstb_block.attn.proj.weight
 |  0.002 | -0.087 |  0.088 |  0.050 | torch.Size([128]) || m_down3.0.nstb_block.attn.proj.bias
 |  1.000 |  1.000 |  1.000 |  0.000 | torch.Size([128]) || m_down3.0.nstb_block.norm1.weight
 |  0.000 |  0.000 |  0.000 |  0.000 | torch.Size([128]) || m_down3.0.nstb_block.norm1.bias
 |  0.000 | -0.088 |  0.088 |  0.051 | torch.Size([256, 128]) || m_down3.0.nstb_block.ffn.fc1.weight
 | -0.001 | -0.087 |  0.088 |  0.052 | torch.Size([256]) || m_down3.0.nstb_block.ffn.fc1.bias
 | -0.000 | -0.062 |  0.062 |  0.036 | torch.Size([128, 256]) || m_down3.0.nstb_block.ffn.fc2.weight
 | -0.001 | -0.062 |  0.061 |  0.034 | torch.Size([128]) || m_down3.0.nstb_block.ffn.fc2.bias
 |  1.000 |  1.000 |  1.000 |  0.000 | torch.Size([128]) || m_down3.0.nstb_block.norm2.weight
 |  0.000 |  0.000 |  0.000 |  0.000 | torch.Size([128]) || m_down3.0.nstb_block.norm2.bias
 | -0.000 | -0.051 |  0.051 |  0.030 | torch.Size([256, 384, 1, 1]) || m_down3.0.conv1_2.weight
 |  0.001 | -0.051 |  0.050 |  0.030 | torch.Size([256]) || m_down3.0.conv1_2.bias
 | -0.000 | -0.031 |  0.031 |  0.018 | torch.Size([512, 256, 2, 2]) || m_down3.1.weight
 | -0.000 | -0.044 |  0.044 |  0.026 | torch.Size([512, 512, 1, 1]) || m_body.0.conv1_1.weight
 |  0.001 | -0.044 |  0.044 |  0.026 | torch.Size([512]) || m_body.0.conv1_1.bias
 |  0.000 | -0.021 |  0.021 |  0.012 | torch.Size([256, 256, 3, 3]) || m_body.0.conv_block.0.weight
 |  0.000 | -0.021 |  0.021 |  0.012 | torch.Size([256, 256, 3, 3]) || m_body.0.conv_block.2.weight
 |  1.000 |  1.000 |  1.000 |  0.000 | torch.Size([256]) || m_body.0.trans_block.ln1.weight
 |  0.000 |  0.000 |  0.000 |  0.000 | torch.Size([256]) || m_body.0.trans_block.ln1.bias
 | -0.001 | -0.065 |  0.057 |  0.020 | torch.Size([8, 15, 15]) || m_body.0.trans_block.msa.relative_position_params
 |  0.000 | -0.062 |  0.062 |  0.036 | torch.Size([768, 256]) || m_body.0.trans_block.msa.embedding_layer.weight
 |  0.001 | -0.062 |  0.062 |  0.036 | torch.Size([768]) || m_body.0.trans_block.msa.embedding_layer.bias
 |  0.000 | -0.062 |  0.062 |  0.036 | torch.Size([256, 256]) || m_body.0.trans_block.msa.linear.weight
 |  0.000 | -0.062 |  0.062 |  0.037 | torch.Size([256]) || m_body.0.trans_block.msa.linear.bias
 |  1.000 |  1.000 |  1.000 |  0.000 | torch.Size([256]) || m_body.0.trans_block.ln2.weight
 |  0.000 |  0.000 |  0.000 |  0.000 | torch.Size([256]) || m_body.0.trans_block.ln2.bias
 | -0.000 | -0.062 |  0.062 |  0.036 | torch.Size([1024, 256]) || m_body.0.trans_block.mlp.0.weight
 | -0.000 | -0.062 |  0.062 |  0.036 | torch.Size([1024]) || m_body.0.trans_block.mlp.0.bias
 | -0.000 | -0.031 |  0.031 |  0.018 | torch.Size([256, 1024]) || m_body.0.trans_block.mlp.2.weight
 |  0.000 | -0.031 |  0.031 |  0.017 | torch.Size([256]) || m_body.0.trans_block.mlp.2.bias
 | -75.000 | -100.000 |  0.000 | 43.307 | torch.Size([1, 64, 64]) || m_body.0.nstb_block.attn_mask
 |  0.001 | -0.088 |  0.088 |  0.051 | torch.Size([128, 2, 8, 8]) || m_body.0.nstb_block.ngram_window_partition.ngram_context.unigram_embed.weight
 |  0.007 | -0.088 |  0.086 |  0.051 | torch.Size([128]) || m_body.0.nstb_block.ngram_window_partition.ngram_context.unigram_embed.bias
 |  2.303 |  2.303 |  2.303 |  0.000 | torch.Size([8, 1, 1]) || m_body.0.nstb_block.ngram_window_partition.ngram_context.ngram_attn.logit_scale
 |  0.000 | -0.041 |  0.050 |  0.020 | torch.Size([9, 8]) || m_body.0.nstb_block.ngram_window_partition.ngram_context.ngram_attn.relative_position_bias_table
 |  4.000 |  0.000 |  8.000 |  2.309 | torch.Size([4, 4]) || m_body.0.nstb_block.ngram_window_partition.ngram_context.ngram_attn.relative_position_index
 | -0.000 | -0.088 |  0.088 |  0.051 | torch.Size([384, 128]) || m_body.0.nstb_block.ngram_window_partition.ngram_context.ngram_attn.qkv.weight
 |  0.000 | -0.088 |  0.088 |  0.053 | torch.Size([384]) || m_body.0.nstb_block.ngram_window_partition.ngram_context.ngram_attn.qkv.bias
 |  0.000 | -0.088 |  0.088 |  0.051 | torch.Size([128, 128]) || m_body.0.nstb_block.ngram_window_partition.ngram_context.ngram_attn.proj.weight
 | -0.002 | -0.088 |  0.088 |  0.051 | torch.Size([128]) || m_body.0.nstb_block.ngram_window_partition.ngram_context.ngram_attn.proj.bias
 |  0.000 | -0.062 |  0.062 |  0.036 | torch.Size([256, 256, 1, 1]) || m_body.0.nstb_block.ngram_window_partition.ngram_context.merge.weight
 | -0.003 | -0.061 |  0.062 |  0.035 | torch.Size([256]) || m_body.0.nstb_block.ngram_window_partition.ngram_context.merge.bias
 |  2.303 |  2.303 |  2.303 |  0.000 | torch.Size([8, 1, 1]) || m_body.0.nstb_block.attn.logit_scale
 |  0.001 | -0.070 |  0.069 |  0.020 | torch.Size([225, 8]) || m_body.0.nstb_block.attn.relative_position_bias_table
 | 112.000 |  0.000 | 224.000 | 48.719 | torch.Size([64, 64]) || m_body.0.nstb_block.attn.relative_position_index
 | -0.000 | -0.062 |  0.062 |  0.036 | torch.Size([768, 256]) || m_body.0.nstb_block.attn.qkv.weight
 | -0.002 | -0.062 |  0.062 |  0.035 | torch.Size([768]) || m_body.0.nstb_block.attn.qkv.bias
 | -0.000 | -0.062 |  0.062 |  0.036 | torch.Size([256, 256]) || m_body.0.nstb_block.attn.proj.weight
 |  0.001 | -0.061 |  0.062 |  0.036 | torch.Size([256]) || m_body.0.nstb_block.attn.proj.bias
 |  1.000 |  1.000 |  1.000 |  0.000 | torch.Size([256]) || m_body.0.nstb_block.norm1.weight
 |  0.000 |  0.000 |  0.000 |  0.000 | torch.Size([256]) || m_body.0.nstb_block.norm1.bias
 |  0.000 | -0.062 |  0.062 |  0.036 | torch.Size([512, 256]) || m_body.0.nstb_block.ffn.fc1.weight
 |  0.001 | -0.062 |  0.062 |  0.035 | torch.Size([512]) || m_body.0.nstb_block.ffn.fc1.bias
 | -0.000 | -0.044 |  0.044 |  0.025 | torch.Size([256, 512]) || m_body.0.nstb_block.ffn.fc2.weight
 |  0.001 | -0.044 |  0.044 |  0.026 | torch.Size([256]) || m_body.0.nstb_block.ffn.fc2.bias
 |  1.000 |  1.000 |  1.000 |  0.000 | torch.Size([256]) || m_body.0.nstb_block.norm2.weight
 |  0.000 |  0.000 |  0.000 |  0.000 | torch.Size([256]) || m_body.0.nstb_block.norm2.bias
 | -0.000 | -0.036 |  0.036 |  0.021 | torch.Size([512, 768, 1, 1]) || m_body.0.conv1_2.weight
 |  0.000 | -0.036 |  0.036 |  0.020 | torch.Size([512]) || m_body.0.conv1_2.bias
 | -0.000 | -0.031 |  0.031 |  0.018 | torch.Size([512, 256, 2, 2]) || m_up3.0.weight
 | -0.000 | -0.062 |  0.062 |  0.036 | torch.Size([256, 256, 1, 1]) || m_up3.1.conv1_1.weight
 | -0.000 | -0.062 |  0.062 |  0.038 | torch.Size([256]) || m_up3.1.conv1_1.bias
 | -0.000 | -0.029 |  0.029 |  0.017 | torch.Size([128, 128, 3, 3]) || m_up3.1.conv_block.0.weight
 | -0.000 | -0.029 |  0.029 |  0.017 | torch.Size([128, 128, 3, 3]) || m_up3.1.conv_block.2.weight
 |  1.000 |  1.000 |  1.000 |  0.000 | torch.Size([128]) || m_up3.1.trans_block.ln1.weight
 |  0.000 |  0.000 |  0.000 |  0.000 | torch.Size([128]) || m_up3.1.trans_block.ln1.bias
 | -0.000 | -0.061 |  0.065 |  0.020 | torch.Size([4, 15, 15]) || m_up3.1.trans_block.msa.relative_position_params
 |  0.000 | -0.088 |  0.088 |  0.051 | torch.Size([384, 128]) || m_up3.1.trans_block.msa.embedding_layer.weight
 |  0.003 | -0.087 |  0.088 |  0.049 | torch.Size([384]) || m_up3.1.trans_block.msa.embedding_layer.bias
 | -0.000 | -0.088 |  0.088 |  0.051 | torch.Size([128, 128]) || m_up3.1.trans_block.msa.linear.weight
 |  0.002 | -0.088 |  0.088 |  0.052 | torch.Size([128]) || m_up3.1.trans_block.msa.linear.bias
 |  1.000 |  1.000 |  1.000 |  0.000 | torch.Size([128]) || m_up3.1.trans_block.ln2.weight
 |  0.000 |  0.000 |  0.000 |  0.000 | torch.Size([128]) || m_up3.1.trans_block.ln2.bias
 |  0.000 | -0.088 |  0.088 |  0.051 | torch.Size([512, 128]) || m_up3.1.trans_block.mlp.0.weight
 | -0.004 | -0.088 |  0.087 |  0.049 | torch.Size([512]) || m_up3.1.trans_block.mlp.0.bias
 | -0.000 | -0.044 |  0.044 |  0.025 | torch.Size([128, 512]) || m_up3.1.trans_block.mlp.2.weight
 | -0.002 | -0.042 |  0.044 |  0.025 | torch.Size([128]) || m_up3.1.trans_block.mlp.2.bias
 | -43.750 | -100.000 |  0.000 | 49.609 | torch.Size([4, 64, 64]) || m_up3.1.nstb_block.attn_mask
 | -0.000 | -0.088 |  0.088 |  0.051 | torch.Size([64, 2, 8, 8]) || m_up3.1.nstb_block.ngram_window_partition.ngram_context.unigram_embed.weight
 |  0.006 | -0.088 |  0.087 |  0.047 | torch.Size([64]) || m_up3.1.nstb_block.ngram_window_partition.ngram_context.unigram_embed.bias
 |  2.303 |  2.303 |  2.303 |  0.000 | torch.Size([4, 1, 1]) || m_up3.1.nstb_block.ngram_window_partition.ngram_context.ngram_attn.logit_scale
 | -0.001 | -0.034 |  0.029 |  0.016 | torch.Size([9, 4]) || m_up3.1.nstb_block.ngram_window_partition.ngram_context.ngram_attn.relative_position_bias_table
 |  4.000 |  0.000 |  8.000 |  2.309 | torch.Size([4, 4]) || m_up3.1.nstb_block.ngram_window_partition.ngram_context.ngram_attn.relative_position_index
 | -0.000 | -0.125 |  0.125 |  0.072 | torch.Size([192, 64]) || m_up3.1.nstb_block.ngram_window_partition.ngram_context.ngram_attn.qkv.weight
 |  0.005 | -0.121 |  0.124 |  0.074 | torch.Size([192]) || m_up3.1.nstb_block.ngram_window_partition.ngram_context.ngram_attn.qkv.bias
 | -0.001 | -0.125 |  0.125 |  0.072 | torch.Size([64, 64]) || m_up3.1.nstb_block.ngram_window_partition.ngram_context.ngram_attn.proj.weight
 | -0.000 | -0.117 |  0.119 |  0.069 | torch.Size([64]) || m_up3.1.nstb_block.ngram_window_partition.ngram_context.ngram_attn.proj.bias
 | -0.001 | -0.088 |  0.088 |  0.051 | torch.Size([128, 128, 1, 1]) || m_up3.1.nstb_block.ngram_window_partition.ngram_context.merge.weight
 | -0.008 | -0.087 |  0.088 |  0.051 | torch.Size([128]) || m_up3.1.nstb_block.ngram_window_partition.ngram_context.merge.bias
 |  2.303 |  2.303 |  2.303 |  0.000 | torch.Size([4, 1, 1]) || m_up3.1.nstb_block.attn.logit_scale
 | -0.000 | -0.060 |  0.078 |  0.021 | torch.Size([225, 4]) || m_up3.1.nstb_block.attn.relative_position_bias_table
 | 112.000 |  0.000 | 224.000 | 48.719 | torch.Size([64, 64]) || m_up3.1.nstb_block.attn.relative_position_index
 | -0.000 | -0.088 |  0.088 |  0.051 | torch.Size([384, 128]) || m_up3.1.nstb_block.attn.qkv.weight
 | -0.004 | -0.088 |  0.088 |  0.049 | torch.Size([384]) || m_up3.1.nstb_block.attn.qkv.bias
 | -0.000 | -0.088 |  0.088 |  0.051 | torch.Size([128, 128]) || m_up3.1.nstb_block.attn.proj.weight
 |  0.001 | -0.087 |  0.087 |  0.055 | torch.Size([128]) || m_up3.1.nstb_block.attn.proj.bias
 |  1.000 |  1.000 |  1.000 |  0.000 | torch.Size([128]) || m_up3.1.nstb_block.norm1.weight
 |  0.000 |  0.000 |  0.000 |  0.000 | torch.Size([128]) || m_up3.1.nstb_block.norm1.bias
 | -0.000 | -0.088 |  0.088 |  0.051 | torch.Size([256, 128]) || m_up3.1.nstb_block.ffn.fc1.weight
 |  0.001 | -0.088 |  0.088 |  0.051 | torch.Size([256]) || m_up3.1.nstb_block.ffn.fc1.bias
 |  0.000 | -0.062 |  0.062 |  0.036 | torch.Size([128, 256]) || m_up3.1.nstb_block.ffn.fc2.weight
 | -0.004 | -0.062 |  0.061 |  0.036 | torch.Size([128]) || m_up3.1.nstb_block.ffn.fc2.bias
 |  1.000 |  1.000 |  1.000 |  0.000 | torch.Size([128]) || m_up3.1.nstb_block.norm2.weight
 |  0.000 |  0.000 |  0.000 |  0.000 | torch.Size([128]) || m_up3.1.nstb_block.norm2.bias
 | -0.000 | -0.051 |  0.051 |  0.029 | torch.Size([256, 384, 1, 1]) || m_up3.1.conv1_2.weight
 |  0.001 | -0.051 |  0.051 |  0.030 | torch.Size([256]) || m_up3.1.conv1_2.bias
 | -0.000 | -0.044 |  0.044 |  0.026 | torch.Size([256, 128, 2, 2]) || m_up2.0.weight
 | -0.000 | -0.088 |  0.088 |  0.051 | torch.Size([128, 128, 1, 1]) || m_up2.1.conv1_1.weight
 |  0.003 | -0.086 |  0.086 |  0.053 | torch.Size([128]) || m_up2.1.conv1_1.bias
 |  0.000 | -0.042 |  0.042 |  0.024 | torch.Size([64, 64, 3, 3]) || m_up2.1.conv_block.0.weight
 | -0.000 | -0.042 |  0.042 |  0.024 | torch.Size([64, 64, 3, 3]) || m_up2.1.conv_block.2.weight
 |  1.000 |  1.000 |  1.000 |  0.000 | torch.Size([64]) || m_up2.1.trans_block.ln1.weight
 |  0.000 |  0.000 |  0.000 |  0.000 | torch.Size([64]) || m_up2.1.trans_block.ln1.bias
 |  0.000 | -0.059 |  0.062 |  0.020 | torch.Size([2, 15, 15]) || m_up2.1.trans_block.msa.relative_position_params
 | -0.001 | -0.125 |  0.125 |  0.072 | torch.Size([192, 64]) || m_up2.1.trans_block.msa.embedding_layer.weight
 | -0.003 | -0.125 |  0.123 |  0.071 | torch.Size([192]) || m_up2.1.trans_block.msa.embedding_layer.bias
 |  0.000 | -0.125 |  0.125 |  0.073 | torch.Size([64, 64]) || m_up2.1.trans_block.msa.linear.weight
 |  0.002 | -0.123 |  0.125 |  0.077 | torch.Size([64]) || m_up2.1.trans_block.msa.linear.bias
 |  1.000 |  1.000 |  1.000 |  0.000 | torch.Size([64]) || m_up2.1.trans_block.ln2.weight
 |  0.000 |  0.000 |  0.000 |  0.000 | torch.Size([64]) || m_up2.1.trans_block.ln2.bias
 | -0.000 | -0.125 |  0.125 |  0.072 | torch.Size([256, 64]) || m_up2.1.trans_block.mlp.0.weight
 | -0.001 | -0.124 |  0.121 |  0.071 | torch.Size([256]) || m_up2.1.trans_block.mlp.0.bias
 | -0.000 | -0.062 |  0.062 |  0.036 | torch.Size([64, 256]) || m_up2.1.trans_block.mlp.2.weight
 | -0.001 | -0.061 |  0.062 |  0.032 | torch.Size([64]) || m_up2.1.trans_block.mlp.2.bias
 | -23.438 | -100.000 |  0.000 | 42.361 | torch.Size([16, 64, 64]) || m_up2.1.nstb_block.attn_mask
 | -0.001 | -0.088 |  0.088 |  0.051 | torch.Size([32, 2, 8, 8]) || m_up2.1.nstb_block.ngram_window_partition.ngram_context.unigram_embed.weight
 |  0.014 | -0.082 |  0.085 |  0.045 | torch.Size([32]) || m_up2.1.nstb_block.ngram_window_partition.ngram_context.unigram_embed.bias
 |  2.303 |  2.303 |  2.303 |  0.000 | torch.Size([2, 1, 1]) || m_up2.1.nstb_block.ngram_window_partition.ngram_context.ngram_attn.logit_scale
 | -0.002 | -0.045 |  0.034 |  0.023 | torch.Size([9, 2]) || m_up2.1.nstb_block.ngram_window_partition.ngram_context.ngram_attn.relative_position_bias_table
 |  4.000 |  0.000 |  8.000 |  2.309 | torch.Size([4, 4]) || m_up2.1.nstb_block.ngram_window_partition.ngram_context.ngram_attn.relative_position_index
 | -0.001 | -0.177 |  0.177 |  0.101 | torch.Size([96, 32]) || m_up2.1.nstb_block.ngram_window_partition.ngram_context.ngram_attn.qkv.weight
 |  0.006 | -0.175 |  0.177 |  0.094 | torch.Size([96]) || m_up2.1.nstb_block.ngram_window_partition.ngram_context.ngram_attn.qkv.bias
 | -0.000 | -0.177 |  0.176 |  0.102 | torch.Size([32, 32]) || m_up2.1.nstb_block.ngram_window_partition.ngram_context.ngram_attn.proj.weight
 |  0.005 | -0.176 |  0.168 |  0.120 | torch.Size([32]) || m_up2.1.nstb_block.ngram_window_partition.ngram_context.ngram_attn.proj.bias
 | -0.000 | -0.125 |  0.125 |  0.072 | torch.Size([64, 64, 1, 1]) || m_up2.1.nstb_block.ngram_window_partition.ngram_context.merge.weight
 |  0.006 | -0.125 |  0.118 |  0.066 | torch.Size([64]) || m_up2.1.nstb_block.ngram_window_partition.ngram_context.merge.bias
 |  2.303 |  2.303 |  2.303 |  0.000 | torch.Size([2, 1, 1]) || m_up2.1.nstb_block.attn.logit_scale
 |  0.001 | -0.049 |  0.068 |  0.021 | torch.Size([225, 2]) || m_up2.1.nstb_block.attn.relative_position_bias_table
 | 112.000 |  0.000 | 224.000 | 48.719 | torch.Size([64, 64]) || m_up2.1.nstb_block.attn.relative_position_index
 | -0.001 | -0.125 |  0.125 |  0.072 | torch.Size([192, 64]) || m_up2.1.nstb_block.attn.qkv.weight
 | -0.004 | -0.122 |  0.125 |  0.071 | torch.Size([192]) || m_up2.1.nstb_block.attn.qkv.bias
 | -0.000 | -0.125 |  0.125 |  0.073 | torch.Size([64, 64]) || m_up2.1.nstb_block.attn.proj.weight
 | -0.013 | -0.123 |  0.123 |  0.072 | torch.Size([64]) || m_up2.1.nstb_block.attn.proj.bias
 |  1.000 |  1.000 |  1.000 |  0.000 | torch.Size([64]) || m_up2.1.nstb_block.norm1.weight
 |  0.000 |  0.000 |  0.000 |  0.000 | torch.Size([64]) || m_up2.1.nstb_block.norm1.bias
 | -0.000 | -0.125 |  0.125 |  0.072 | torch.Size([128, 64]) || m_up2.1.nstb_block.ffn.fc1.weight
 |  0.011 | -0.124 |  0.122 |  0.071 | torch.Size([128]) || m_up2.1.nstb_block.ffn.fc1.bias
 | -0.001 | -0.088 |  0.088 |  0.051 | torch.Size([64, 128]) || m_up2.1.nstb_block.ffn.fc2.weight
 |  0.001 | -0.084 |  0.087 |  0.049 | torch.Size([64]) || m_up2.1.nstb_block.ffn.fc2.bias
 |  1.000 |  1.000 |  1.000 |  0.000 | torch.Size([64]) || m_up2.1.nstb_block.norm2.weight
 |  0.000 |  0.000 |  0.000 |  0.000 | torch.Size([64]) || m_up2.1.nstb_block.norm2.bias
 | -0.000 | -0.072 |  0.072 |  0.042 | torch.Size([128, 192, 1, 1]) || m_up2.1.conv1_2.weight
 |  0.004 | -0.072 |  0.072 |  0.039 | torch.Size([128]) || m_up2.1.conv1_2.bias
 |  0.000 | -0.062 |  0.062 |  0.036 | torch.Size([128, 64, 2, 2]) || m_up1.0.weight
 |  0.000 | -0.125 |  0.125 |  0.072 | torch.Size([64, 64, 1, 1]) || m_up1.1.conv1_1.weight
 |  0.001 | -0.125 |  0.113 |  0.071 | torch.Size([64]) || m_up1.1.conv1_1.bias
 | -0.000 | -0.059 |  0.059 |  0.034 | torch.Size([32, 32, 3, 3]) || m_up1.1.conv_block.0.weight
 | -0.001 | -0.059 |  0.059 |  0.034 | torch.Size([32, 32, 3, 3]) || m_up1.1.conv_block.2.weight
 |  1.000 |  1.000 |  1.000 |  0.000 | torch.Size([32]) || m_up1.1.trans_block.ln1.weight
 |  0.000 |  0.000 |  0.000 |  0.000 | torch.Size([32]) || m_up1.1.trans_block.ln1.bias
 |  0.001 | -0.047 |  0.058 |  0.020 | torch.Size([1, 15, 15]) || m_up1.1.trans_block.msa.relative_position_params
 | -0.001 | -0.177 |  0.177 |  0.102 | torch.Size([96, 32]) || m_up1.1.trans_block.msa.embedding_layer.weight
 | -0.013 | -0.170 |  0.163 |  0.105 | torch.Size([96]) || m_up1.1.trans_block.msa.embedding_layer.bias
 | -0.004 | -0.177 |  0.177 |  0.101 | torch.Size([32, 32]) || m_up1.1.trans_block.msa.linear.weight
 | -0.018 | -0.173 |  0.173 |  0.104 | torch.Size([32]) || m_up1.1.trans_block.msa.linear.bias
 |  1.000 |  1.000 |  1.000 |  0.000 | torch.Size([32]) || m_up1.1.trans_block.ln2.weight
 |  0.000 |  0.000 |  0.000 |  0.000 | torch.Size([32]) || m_up1.1.trans_block.ln2.bias
 |  0.002 | -0.177 |  0.177 |  0.102 | torch.Size([128, 32]) || m_up1.1.trans_block.mlp.0.weight
 |  0.003 | -0.175 |  0.175 |  0.098 | torch.Size([128]) || m_up1.1.trans_block.mlp.0.bias
 | -0.001 | -0.088 |  0.088 |  0.051 | torch.Size([32, 128]) || m_up1.1.trans_block.mlp.2.weight
 | -0.006 | -0.083 |  0.080 |  0.049 | torch.Size([32]) || m_up1.1.trans_block.mlp.2.bias
 | -12.109 | -100.000 |  0.000 | 32.624 | torch.Size([64, 64, 64]) || m_up1.1.nstb_block.attn_mask
 |  0.001 | -0.088 |  0.088 |  0.051 | torch.Size([16, 2, 8, 8]) || m_up1.1.nstb_block.ngram_window_partition.ngram_context.unigram_embed.weight
 | -0.009 | -0.071 |  0.056 |  0.044 | torch.Size([16]) || m_up1.1.nstb_block.ngram_window_partition.ngram_context.unigram_embed.bias
 |  2.303 |  2.303 |  2.303 |    nan | torch.Size([1, 1, 1]) || m_up1.1.nstb_block.ngram_window_partition.ngram_context.ngram_attn.logit_scale
 | -0.010 | -0.039 |  0.020 |  0.019 | torch.Size([9, 1]) || m_up1.1.nstb_block.ngram_window_partition.ngram_context.ngram_attn.relative_position_bias_table
 |  4.000 |  0.000 |  8.000 |  2.309 | torch.Size([4, 4]) || m_up1.1.nstb_block.ngram_window_partition.ngram_context.ngram_attn.relative_position_index
 |  0.009 | -0.249 |  0.250 |  0.145 | torch.Size([48, 16]) || m_up1.1.nstb_block.ngram_window_partition.ngram_context.ngram_attn.qkv.weight
 |  0.010 | -0.234 |  0.240 |  0.137 | torch.Size([48]) || m_up1.1.nstb_block.ngram_window_partition.ngram_context.ngram_attn.qkv.bias
 |  0.009 | -0.250 |  0.249 |  0.146 | torch.Size([16, 16]) || m_up1.1.nstb_block.ngram_window_partition.ngram_context.ngram_attn.proj.weight
 |  0.024 | -0.246 |  0.232 |  0.136 | torch.Size([16]) || m_up1.1.nstb_block.ngram_window_partition.ngram_context.ngram_attn.proj.bias
 | -0.001 | -0.177 |  0.177 |  0.102 | torch.Size([32, 32, 1, 1]) || m_up1.1.nstb_block.ngram_window_partition.ngram_context.merge.weight
 | -0.017 | -0.172 |  0.159 |  0.106 | torch.Size([32]) || m_up1.1.nstb_block.ngram_window_partition.ngram_context.merge.bias
 |  2.303 |  2.303 |  2.303 |    nan | torch.Size([1, 1, 1]) || m_up1.1.nstb_block.attn.logit_scale
 |  0.001 | -0.057 |  0.057 |  0.021 | torch.Size([225, 1]) || m_up1.1.nstb_block.attn.relative_position_bias_table
 | 112.000 |  0.000 | 224.000 | 48.719 | torch.Size([64, 64]) || m_up1.1.nstb_block.attn.relative_position_index
 |  0.000 | -0.177 |  0.177 |  0.103 | torch.Size([96, 32]) || m_up1.1.nstb_block.attn.qkv.weight
 | -0.006 | -0.175 |  0.175 |  0.103 | torch.Size([96]) || m_up1.1.nstb_block.attn.qkv.bias
 | -0.003 | -0.177 |  0.177 |  0.101 | torch.Size([32, 32]) || m_up1.1.nstb_block.attn.proj.weight
 | -0.014 | -0.176 |  0.176 |  0.104 | torch.Size([32]) || m_up1.1.nstb_block.attn.proj.bias
 |  1.000 |  1.000 |  1.000 |  0.000 | torch.Size([32]) || m_up1.1.nstb_block.norm1.weight
 |  0.000 |  0.000 |  0.000 |  0.000 | torch.Size([32]) || m_up1.1.nstb_block.norm1.bias
 | -0.001 | -0.177 |  0.177 |  0.101 | torch.Size([64, 32]) || m_up1.1.nstb_block.ffn.fc1.weight
 | -0.005 | -0.176 |  0.170 |  0.109 | torch.Size([64]) || m_up1.1.nstb_block.ffn.fc1.bias
 |  0.001 | -0.125 |  0.125 |  0.073 | torch.Size([32, 64]) || m_up1.1.nstb_block.ffn.fc2.weight
 |  0.024 | -0.116 |  0.111 |  0.068 | torch.Size([32]) || m_up1.1.nstb_block.ffn.fc2.bias
 |  1.000 |  1.000 |  1.000 |  0.000 | torch.Size([32]) || m_up1.1.nstb_block.norm2.weight
 |  0.000 |  0.000 |  0.000 |  0.000 | torch.Size([32]) || m_up1.1.nstb_block.norm2.bias
 | -0.000 | -0.102 |  0.102 |  0.059 | torch.Size([64, 96, 1, 1]) || m_up1.1.conv1_2.weight
 |  0.011 | -0.099 |  0.101 |  0.058 | torch.Size([64]) || m_up1.1.conv1_2.bias
 |  0.001 | -0.042 |  0.042 |  0.024 | torch.Size([1, 64, 3, 3]) || m_tail.0.weight

25-07-18 15:14:26.587 : TensorBoard logging to: training_results/conv_trans_nstb/scunet_ngswin_conv_trans_nstb/tensorboard/SCUNet_conv_trans_nstb_li_ct_val0.1
25-07-18 15:14:26.587 : Experiment name: SCUNet_conv_trans_nstb_li_ct_val0.1
25-07-18 15:14:26.587 : Validation split: 10.0% of training data
25-07-18 15:14:26.587 : Early stopping is disabled. Training will run for full 100 epochs.
25-07-18 15:14:26.587 : Starting training...
25-07-18 15:19:43.667 : <epoch:  1, iter:   1,000, lr:1.000e-04> G_loss: 7.676e-03 
25-07-18 15:25:03.433 : <epoch:  1, iter:   2,000, lr:1.000e-04> G_loss: 4.919e-03 
25-07-18 15:30:24.711 : <epoch:  1, iter:   3,000, lr:1.000e-04> G_loss: 3.892e-03 
25-07-18 15:35:47.576 : <epoch:  1, iter:   4,000, lr:1.000e-04> G_loss: 4.342e-03 
25-07-18 15:41:10.208 : <epoch:  1, iter:   5,000, lr:1.000e-04> G_loss: 6.590e-03 
25-07-18 15:46:33.111 : <epoch:  1, iter:   6,000, lr:1.000e-04> G_loss: 4.794e-03 
25-07-18 15:51:53.710 : <epoch:  1, iter:   7,000, lr:1.000e-04> G_loss: 3.576e-03 
25-07-18 15:57:14.390 : <epoch:  1, iter:   8,000, lr:1.000e-04> G_loss: 4.211e-03 
25-07-18 16:02:35.952 : <epoch:  1, iter:   9,000, lr:1.000e-04> G_loss: 2.715e-03 
25-07-18 16:07:59.226 : <epoch:  1, iter:  10,000, lr:1.000e-04> G_loss: 2.878e-03 
25-07-18 16:13:22.482 : <epoch:  1, iter:  11,000, lr:1.000e-04> G_loss: 3.050e-03 
25-07-18 16:18:48.072 : <epoch:  1, iter:  12,000, lr:1.000e-04> G_loss: 2.103e-03 
25-07-18 16:24:14.004 : <epoch:  1, iter:  13,000, lr:1.000e-04> G_loss: 3.634e-03 
25-07-18 16:29:39.203 : <epoch:  1, iter:  14,000, lr:1.000e-04> G_loss: 3.103e-03 
25-07-18 16:35:03.373 : <epoch:  1, iter:  15,000, lr:1.000e-04> G_loss: 2.817e-03 
25-07-18 16:40:27.507 : <epoch:  1, iter:  16,000, lr:1.000e-04> G_loss: 1.293e-03 
25-07-18 16:45:52.111 : <epoch:  2, iter:  17,000, lr:1.000e-04> G_loss: 2.669e-03 
25-07-18 16:51:14.173 : <epoch:  2, iter:  18,000, lr:1.000e-04> G_loss: 2.311e-03 
25-07-18 16:56:36.173 : <epoch:  2, iter:  19,000, lr:1.000e-04> G_loss: 1.414e-03 
25-07-18 17:01:58.439 : <epoch:  2, iter:  20,000, lr:1.000e-04> G_loss: 2.091e-03 
25-07-18 17:01:58.439 : Saving the model.
25-07-18 17:07:21.332 : <epoch:  2, iter:  21,000, lr:1.000e-04> G_loss: 1.819e-03 
25-07-18 17:12:45.474 : <epoch:  2, iter:  22,000, lr:1.000e-04> G_loss: 1.828e-03 
25-07-18 17:18:12.328 : <epoch:  2, iter:  23,000, lr:1.000e-04> G_loss: 1.544e-03 
25-07-18 17:23:39.073 : <epoch:  2, iter:  24,000, lr:1.000e-04> G_loss: 1.720e-03 
25-07-18 17:29:06.858 : <epoch:  2, iter:  25,000, lr:1.000e-04> G_loss: 1.324e-03 
25-07-18 17:34:35.392 : <epoch:  2, iter:  26,000, lr:1.000e-04> G_loss: 1.326e-03 
25-07-18 17:40:05.552 : <epoch:  2, iter:  27,000, lr:1.000e-04> G_loss: 1.713e-03 
25-07-18 17:45:32.120 : <epoch:  2, iter:  28,000, lr:1.000e-04> G_loss: 1.803e-03 
25-07-18 17:50:58.451 : <epoch:  2, iter:  29,000, lr:1.000e-04> G_loss: 1.514e-03 
25-07-18 17:56:24.942 : <epoch:  2, iter:  30,000, lr:1.000e-04> G_loss: 1.427e-03 
25-07-18 18:02:49.374 : <epoch:  2, iter:  30,000, Val PSNR: 48.55dB, Val SSIM: 0.9917
25-07-18 18:02:49.400 : Training samples this epoch: 27496
25-07-18 18:02:49.400 : Validation samples this check: 3611
25-07-18 18:02:49.402 : Saving PSNR checkpoint.
25-07-18 18:08:16.026 : <epoch:  2, iter:  31,000, lr:1.000e-04> G_loss: 2.211e-03 
25-07-18 18:13:43.512 : <epoch:  2, iter:  32,000, lr:1.000e-04> G_loss: 1.756e-03 
25-07-18 18:19:11.256 : <epoch:  3, iter:  33,000, lr:1.000e-04> G_loss: 1.162e-03 
25-07-18 18:24:38.630 : <epoch:  3, iter:  34,000, lr:1.000e-04> G_loss: 1.178e-03 
25-07-18 18:30:05.986 : <epoch:  3, iter:  35,000, lr:1.000e-04> G_loss: 3.015e-03 
25-07-18 18:35:33.836 : <epoch:  3, iter:  36,000, lr:1.000e-04> G_loss: 1.148e-03 
25-07-18 18:41:01.487 : <epoch:  3, iter:  37,000, lr:1.000e-04> G_loss: 1.755e-03 
25-07-18 18:46:29.187 : <epoch:  3, iter:  38,000, lr:1.000e-04> G_loss: 1.019e-03 
25-07-18 18:51:56.489 : <epoch:  3, iter:  39,000, lr:1.000e-04> G_loss: 9.443e-04 
25-07-18 18:57:24.563 : <epoch:  3, iter:  40,000, lr:1.000e-04> G_loss: 1.191e-03 
25-07-18 18:57:24.564 : Saving the model.
25-07-18 19:02:51.020 : <epoch:  3, iter:  41,000, lr:1.000e-04> G_loss: 1.422e-03 
25-07-18 19:08:17.909 : <epoch:  3, iter:  42,000, lr:1.000e-04> G_loss: 1.515e-03 
25-07-18 19:13:44.880 : <epoch:  3, iter:  43,000, lr:1.000e-04> G_loss: 1.468e-03 
25-07-18 19:19:11.526 : <epoch:  3, iter:  44,000, lr:1.000e-04> G_loss: 1.903e-03 
25-07-18 19:24:37.737 : <epoch:  3, iter:  45,000, lr:1.000e-04> G_loss: 2.189e-03 
25-07-18 19:30:03.103 : <epoch:  3, iter:  46,000, lr:1.000e-04> G_loss: 1.386e-03 
25-07-18 19:35:29.576 : <epoch:  3, iter:  47,000, lr:1.000e-04> G_loss: 1.049e-03 
25-07-18 19:40:56.269 : <epoch:  3, iter:  48,000, lr:1.000e-04> G_loss: 1.305e-03 
25-07-18 19:46:25.561 : <epoch:  4, iter:  49,000, lr:1.000e-04> G_loss: 1.603e-03 
25-07-18 19:51:53.806 : <epoch:  4, iter:  50,000, lr:1.000e-04> G_loss: 1.179e-03 
25-07-18 19:57:21.584 : <epoch:  4, iter:  51,000, lr:1.000e-04> G_loss: 1.452e-03 
25-07-18 20:02:49.033 : <epoch:  4, iter:  52,000, lr:1.000e-04> G_loss: 2.020e-03 
25-07-18 20:08:16.768 : <epoch:  4, iter:  53,000, lr:1.000e-04> G_loss: 1.348e-03 
25-07-18 20:13:43.847 : <epoch:  4, iter:  54,000, lr:1.000e-04> G_loss: 2.082e-03 
25-07-18 20:19:08.310 : <epoch:  4, iter:  55,000, lr:1.000e-04> G_loss: 2.197e-03 
25-07-18 20:24:31.148 : <epoch:  4, iter:  56,000, lr:1.000e-04> G_loss: 1.003e-03 
25-07-18 20:29:54.707 : <epoch:  4, iter:  57,000, lr:1.000e-04> G_loss: 1.092e-03 
25-07-18 20:35:17.796 : <epoch:  4, iter:  58,000, lr:1.000e-04> G_loss: 8.932e-04 
25-07-18 20:40:40.685 : <epoch:  4, iter:  59,000, lr:1.000e-04> G_loss: 1.049e-03 
25-07-18 20:46:03.702 : <epoch:  4, iter:  60,000, lr:1.000e-04> G_loss: 1.168e-03 
25-07-18 20:46:03.703 : Saving the model.
25-07-18 20:52:08.532 : <epoch:  4, iter:  60,000, Val PSNR: 49.87dB, Val SSIM: 0.9938
25-07-18 20:52:08.533 : Training samples this epoch: 22488
25-07-18 20:52:08.533 : Validation samples this check: 3611
25-07-18 20:52:08.534 : Saving PSNR checkpoint.
25-07-18 20:57:30.697 : <epoch:  4, iter:  61,000, lr:1.000e-04> G_loss: 9.759e-04 
25-07-18 21:02:53.767 : <epoch:  4, iter:  62,000, lr:1.000e-04> G_loss: 1.534e-03 
25-07-18 21:08:16.657 : <epoch:  4, iter:  63,000, lr:1.000e-04> G_loss: 1.102e-03 
25-07-18 21:13:39.697 : <epoch:  4, iter:  64,000, lr:1.000e-04> G_loss: 2.218e-03 
25-07-18 21:19:02.974 : <epoch:  4, iter:  65,000, lr:1.000e-04> G_loss: 1.060e-03 
25-07-18 21:24:26.361 : <epoch:  5, iter:  66,000, lr:1.000e-04> G_loss: 1.407e-03 
25-07-18 21:29:49.685 : <epoch:  5, iter:  67,000, lr:1.000e-04> G_loss: 9.387e-04 
25-07-18 21:35:12.740 : <epoch:  5, iter:  68,000, lr:1.000e-04> G_loss: 1.228e-03 
25-07-18 21:40:35.920 : <epoch:  5, iter:  69,000, lr:1.000e-04> G_loss: 1.321e-03 
25-07-18 21:45:58.760 : <epoch:  5, iter:  70,000, lr:1.000e-04> G_loss: 1.722e-03 
25-07-18 21:51:21.946 : <epoch:  5, iter:  71,000, lr:1.000e-04> G_loss: 9.071e-04 
25-07-18 21:56:44.827 : <epoch:  5, iter:  72,000, lr:1.000e-04> G_loss: 1.546e-03 
25-07-18 22:02:08.485 : <epoch:  5, iter:  73,000, lr:1.000e-04> G_loss: 1.047e-03 
25-07-18 22:07:31.700 : <epoch:  5, iter:  74,000, lr:1.000e-04> G_loss: 1.466e-03 
25-07-18 22:12:55.026 : <epoch:  5, iter:  75,000, lr:1.000e-04> G_loss: 1.509e-03 
25-07-18 22:18:17.328 : <epoch:  5, iter:  76,000, lr:1.000e-04> G_loss: 1.048e-03 
25-07-18 22:23:40.571 : <epoch:  5, iter:  77,000, lr:1.000e-04> G_loss: 1.263e-03 
25-07-18 22:29:03.429 : <epoch:  5, iter:  78,000, lr:1.000e-04> G_loss: 1.398e-03 
25-07-18 22:34:26.784 : <epoch:  5, iter:  79,000, lr:1.000e-04> G_loss: 1.373e-03 
25-07-18 22:39:49.925 : <epoch:  5, iter:  80,000, lr:1.000e-04> G_loss: 6.633e-04 
25-07-18 22:39:49.925 : Saving the model.
25-07-18 22:45:12.020 : <epoch:  5, iter:  81,000, lr:1.000e-04> G_loss: 1.079e-03 
25-07-18 22:50:34.777 : <epoch:  6, iter:  82,000, lr:1.000e-04> G_loss: 1.636e-03 
25-07-18 22:55:56.881 : <epoch:  6, iter:  83,000, lr:1.000e-04> G_loss: 1.126e-03 
25-07-18 23:01:18.898 : <epoch:  6, iter:  84,000, lr:1.000e-04> G_loss: 8.699e-04 
25-07-18 23:06:41.329 : <epoch:  6, iter:  85,000, lr:1.000e-04> G_loss: 2.334e-03 
25-07-18 23:12:03.892 : <epoch:  6, iter:  86,000, lr:1.000e-04> G_loss: 1.460e-03 
25-07-18 23:17:26.435 : <epoch:  6, iter:  87,000, lr:1.000e-04> G_loss: 1.341e-03 
25-07-18 23:22:49.305 : <epoch:  6, iter:  88,000, lr:1.000e-04> G_loss: 1.382e-03 
25-07-18 23:28:11.805 : <epoch:  6, iter:  89,000, lr:1.000e-04> G_loss: 1.240e-03 
25-07-18 23:33:34.640 : <epoch:  6, iter:  90,000, lr:1.000e-04> G_loss: 9.216e-04 
25-07-18 23:39:45.344 : <epoch:  6, iter:  90,000, Val PSNR: 50.38dB, Val SSIM: 0.9945
25-07-18 23:39:45.345 : Training samples this epoch: 17480
25-07-18 23:39:45.345 : Validation samples this check: 3611
25-07-18 23:39:45.346 : Saving PSNR checkpoint.
25-07-18 23:45:07.169 : <epoch:  6, iter:  91,000, lr:1.000e-04> G_loss: 7.444e-04 
25-07-18 23:50:30.203 : <epoch:  6, iter:  92,000, lr:1.000e-04> G_loss: 1.024e-03 
25-07-18 23:55:52.764 : <epoch:  6, iter:  93,000, lr:1.000e-04> G_loss: 1.310e-03 
25-07-19 00:01:14.953 : <epoch:  6, iter:  94,000, lr:1.000e-04> G_loss: 1.303e-03 
25-07-19 00:06:37.391 : <epoch:  6, iter:  95,000, lr:1.000e-04> G_loss: 9.726e-04 
25-07-19 00:12:00.014 : <epoch:  6, iter:  96,000, lr:1.000e-04> G_loss: 9.245e-04 
25-07-19 00:17:23.251 : <epoch:  6, iter:  97,000, lr:1.000e-04> G_loss: 2.083e-03 
25-07-19 00:22:45.993 : <epoch:  7, iter:  98,000, lr:1.000e-04> G_loss: 8.960e-04 
25-07-19 00:28:09.134 : <epoch:  7, iter:  99,000, lr:1.000e-04> G_loss: 1.155e-03 
25-07-19 00:33:31.634 : <epoch:  7, iter: 100,000, lr:1.000e-04> G_loss: 1.631e-03 
25-07-19 00:33:31.634 : Saving the model.
25-07-19 00:38:53.146 : <epoch:  7, iter: 101,000, lr:1.000e-04> G_loss: 8.818e-04 
25-07-19 00:44:14.686 : <epoch:  7, iter: 102,000, lr:1.000e-04> G_loss: 1.308e-03 
25-07-19 00:49:36.250 : <epoch:  7, iter: 103,000, lr:1.000e-04> G_loss: 1.070e-03 
25-07-19 00:54:57.644 : <epoch:  7, iter: 104,000, lr:1.000e-04> G_loss: 9.527e-04 
25-07-19 01:00:18.362 : <epoch:  7, iter: 105,000, lr:1.000e-04> G_loss: 9.918e-04 
25-07-19 01:05:38.910 : <epoch:  7, iter: 106,000, lr:1.000e-04> G_loss: 9.432e-04 
25-07-19 01:10:59.252 : <epoch:  7, iter: 107,000, lr:1.000e-04> G_loss: 9.046e-04 
25-07-19 01:16:20.334 : <epoch:  7, iter: 108,000, lr:1.000e-04> G_loss: 1.048e-03 
25-07-19 01:21:41.242 : <epoch:  7, iter: 109,000, lr:1.000e-04> G_loss: 8.597e-04 
25-07-19 01:27:02.017 : <epoch:  7, iter: 110,000, lr:1.000e-04> G_loss: 1.174e-03 
25-07-19 01:32:22.205 : <epoch:  7, iter: 111,000, lr:1.000e-04> G_loss: 1.089e-03 
25-07-19 01:37:42.918 : <epoch:  7, iter: 112,000, lr:1.000e-04> G_loss: 1.101e-03 
25-07-19 01:43:03.425 : <epoch:  7, iter: 113,000, lr:1.000e-04> G_loss: 8.532e-04 
25-07-19 01:48:24.142 : <epoch:  8, iter: 114,000, lr:1.000e-04> G_loss: 9.793e-04 
25-07-19 01:53:45.016 : <epoch:  8, iter: 115,000, lr:1.000e-04> G_loss: 7.218e-04 
25-07-19 01:59:05.788 : <epoch:  8, iter: 116,000, lr:1.000e-04> G_loss: 1.032e-03 
25-07-19 02:04:26.444 : <epoch:  8, iter: 117,000, lr:1.000e-04> G_loss: 1.908e-03 
25-07-19 02:09:47.595 : <epoch:  8, iter: 118,000, lr:1.000e-04> G_loss: 1.055e-03 
25-07-19 02:15:08.371 : <epoch:  8, iter: 119,000, lr:1.000e-04> G_loss: 9.962e-04 
25-07-19 02:20:29.482 : <epoch:  8, iter: 120,000, lr:1.000e-04> G_loss: 1.246e-03 
25-07-19 02:20:29.482 : Saving the model.
25-07-19 02:26:31.867 : <epoch:  8, iter: 120,000, Val PSNR: 50.89dB, Val SSIM: 0.9948
25-07-19 02:26:31.867 : Training samples this epoch: 12472
25-07-19 02:26:31.868 : Validation samples this check: 3611
25-07-19 02:26:31.868 : Saving PSNR checkpoint.
25-07-19 02:31:54.036 : <epoch:  8, iter: 121,000, lr:1.000e-04> G_loss: 1.476e-03 
25-07-19 02:37:15.764 : <epoch:  8, iter: 122,000, lr:1.000e-04> G_loss: 8.952e-04 
25-07-19 02:42:37.175 : <epoch:  8, iter: 123,000, lr:1.000e-04> G_loss: 1.178e-03 
25-07-19 02:47:58.868 : <epoch:  8, iter: 124,000, lr:1.000e-04> G_loss: 1.597e-03 
25-07-19 02:53:21.035 : <epoch:  8, iter: 125,000, lr:1.000e-04> G_loss: 2.388e-03 
25-07-19 02:58:42.742 : <epoch:  8, iter: 126,000, lr:1.000e-04> G_loss: 7.176e-04 
25-07-19 03:04:03.774 : <epoch:  8, iter: 127,000, lr:1.000e-04> G_loss: 1.176e-03 
25-07-19 03:09:24.954 : <epoch:  8, iter: 128,000, lr:1.000e-04> G_loss: 1.013e-03 
25-07-19 03:14:46.827 : <epoch:  8, iter: 129,000, lr:1.000e-04> G_loss: 1.653e-03 
25-07-19 03:20:08.982 : <epoch:  8, iter: 130,000, lr:1.000e-04> G_loss: 1.192e-03 
25-07-19 03:25:31.198 : <epoch:  9, iter: 131,000, lr:1.000e-04> G_loss: 1.659e-03 
25-07-19 03:30:53.933 : <epoch:  9, iter: 132,000, lr:1.000e-04> G_loss: 1.439e-03 
25-07-19 03:36:15.492 : <epoch:  9, iter: 133,000, lr:1.000e-04> G_loss: 7.192e-04 
25-07-19 03:41:37.832 : <epoch:  9, iter: 134,000, lr:1.000e-04> G_loss: 1.759e-03 
25-07-19 03:46:59.628 : <epoch:  9, iter: 135,000, lr:1.000e-04> G_loss: 9.388e-04 
25-07-19 03:52:21.866 : <epoch:  9, iter: 136,000, lr:1.000e-04> G_loss: 1.042e-03 
25-07-19 03:57:43.773 : <epoch:  9, iter: 137,000, lr:1.000e-04> G_loss: 8.014e-04 
25-07-19 04:03:05.297 : <epoch:  9, iter: 138,000, lr:1.000e-04> G_loss: 1.247e-03 
25-07-19 04:08:27.073 : <epoch:  9, iter: 139,000, lr:1.000e-04> G_loss: 1.022e-03 
25-07-19 04:13:48.647 : <epoch:  9, iter: 140,000, lr:1.000e-04> G_loss: 1.714e-03 
25-07-19 04:13:48.648 : Saving the model.
25-07-19 04:19:09.010 : <epoch:  9, iter: 141,000, lr:1.000e-04> G_loss: 1.213e-03 
25-07-19 04:24:31.037 : <epoch:  9, iter: 142,000, lr:1.000e-04> G_loss: 1.251e-03 
25-07-19 04:29:53.064 : <epoch:  9, iter: 143,000, lr:1.000e-04> G_loss: 1.350e-03 
25-07-19 04:35:15.291 : <epoch:  9, iter: 144,000, lr:1.000e-04> G_loss: 9.352e-04 
25-07-19 04:40:37.431 : <epoch:  9, iter: 145,000, lr:1.000e-04> G_loss: 9.401e-04 
25-07-19 04:45:59.199 : <epoch:  9, iter: 146,000, lr:1.000e-04> G_loss: 1.814e-03 
25-07-19 04:51:20.164 : <epoch: 10, iter: 147,000, lr:1.000e-04> G_loss: 1.652e-03 
25-07-19 04:56:39.846 : <epoch: 10, iter: 148,000, lr:1.000e-04> G_loss: 1.146e-03 
25-07-19 05:01:58.783 : <epoch: 10, iter: 149,000, lr:1.000e-04> G_loss: 1.891e-03 
25-07-19 05:07:17.394 : <epoch: 10, iter: 150,000, lr:1.000e-04> G_loss: 9.153e-04 
25-07-19 05:13:06.702 : <epoch: 10, iter: 150,000, Val PSNR: 51.14dB, Val SSIM: 0.9950
25-07-19 05:13:06.702 : Training samples this epoch: 7464
25-07-19 05:13:06.703 : Validation samples this check: 3611
25-07-19 05:13:06.703 : Saving PSNR checkpoint.
25-07-19 05:18:28.494 : <epoch: 10, iter: 151,000, lr:1.000e-04> G_loss: 8.017e-04 
25-07-19 05:23:49.627 : <epoch: 10, iter: 152,000, lr:1.000e-04> G_loss: 1.405e-03 
25-07-19 05:29:11.633 : <epoch: 10, iter: 153,000, lr:1.000e-04> G_loss: 1.010e-03 
25-07-19 05:34:32.797 : <epoch: 10, iter: 154,000, lr:1.000e-04> G_loss: 1.325e-03 
25-07-19 05:39:54.976 : <epoch: 10, iter: 155,000, lr:1.000e-04> G_loss: 7.309e-04 
25-07-19 05:45:17.519 : <epoch: 10, iter: 156,000, lr:1.000e-04> G_loss: 1.378e-03 
25-07-19 05:50:40.180 : <epoch: 10, iter: 157,000, lr:1.000e-04> G_loss: 9.015e-04 
25-07-19 05:56:01.200 : <epoch: 10, iter: 158,000, lr:1.000e-04> G_loss: 1.497e-03 
25-07-19 06:01:22.825 : <epoch: 10, iter: 159,000, lr:1.000e-04> G_loss: 9.945e-04 
25-07-19 06:06:44.375 : <epoch: 10, iter: 160,000, lr:1.000e-04> G_loss: 1.467e-03 
25-07-19 06:06:44.375 : Saving the model.
25-07-19 06:12:06.021 : <epoch: 10, iter: 161,000, lr:1.000e-04> G_loss: 1.105e-03 
25-07-19 06:17:27.569 : <epoch: 10, iter: 162,000, lr:1.000e-04> G_loss: 1.113e-03 
25-07-19 06:22:49.931 : <epoch: 11, iter: 163,000, lr:1.000e-04> G_loss: 9.783e-04 
25-07-19 06:28:11.815 : <epoch: 11, iter: 164,000, lr:1.000e-04> G_loss: 1.140e-03 
25-07-19 06:33:33.285 : <epoch: 11, iter: 165,000, lr:1.000e-04> G_loss: 1.153e-03 
25-07-19 06:38:55.493 : <epoch: 11, iter: 166,000, lr:1.000e-04> G_loss: 1.094e-03 
25-07-19 06:44:17.501 : <epoch: 11, iter: 167,000, lr:1.000e-04> G_loss: 9.219e-04 
25-07-19 06:49:40.528 : <epoch: 11, iter: 168,000, lr:1.000e-04> G_loss: 1.038e-03 
25-07-19 06:55:02.797 : <epoch: 11, iter: 169,000, lr:1.000e-04> G_loss: 8.602e-04 
25-07-19 07:00:24.349 : <epoch: 11, iter: 170,000, lr:1.000e-04> G_loss: 9.447e-04 
25-07-19 07:05:46.277 : <epoch: 11, iter: 171,000, lr:1.000e-04> G_loss: 1.823e-03 
25-07-19 07:11:08.238 : <epoch: 11, iter: 172,000, lr:1.000e-04> G_loss: 1.090e-03 
25-07-19 07:16:30.999 : <epoch: 11, iter: 173,000, lr:1.000e-04> G_loss: 1.110e-03 
25-07-19 07:21:52.848 : <epoch: 11, iter: 174,000, lr:1.000e-04> G_loss: 1.327e-03 
25-07-19 07:27:15.036 : <epoch: 11, iter: 175,000, lr:1.000e-04> G_loss: 1.679e-03 
25-07-19 07:32:36.600 : <epoch: 11, iter: 176,000, lr:1.000e-04> G_loss: 9.237e-04 
25-07-19 07:37:58.560 : <epoch: 11, iter: 177,000, lr:1.000e-04> G_loss: 8.090e-04 
25-07-19 07:43:19.875 : <epoch: 11, iter: 178,000, lr:1.000e-04> G_loss: 1.016e-03 
25-07-19 07:48:41.947 : <epoch: 12, iter: 179,000, lr:1.000e-04> G_loss: 9.069e-04 
25-07-19 07:54:04.043 : <epoch: 12, iter: 180,000, lr:1.000e-04> G_loss: 8.681e-04 
25-07-19 07:54:04.043 : Saving the model.
25-07-19 08:00:01.152 : <epoch: 12, iter: 180,000, Val PSNR: 51.39dB, Val SSIM: 0.9952
25-07-19 08:00:01.152 : Training samples this epoch: 2456
25-07-19 08:00:01.153 : Validation samples this check: 3611
25-07-19 08:00:01.153 : Saving PSNR checkpoint.
25-07-19 08:05:22.819 : <epoch: 12, iter: 181,000, lr:1.000e-04> G_loss: 7.497e-04 
25-07-19 08:10:44.890 : <epoch: 12, iter: 182,000, lr:1.000e-04> G_loss: 8.471e-04 
25-07-19 08:16:06.466 : <epoch: 12, iter: 183,000, lr:1.000e-04> G_loss: 1.044e-03 
25-07-19 08:21:29.008 : <epoch: 12, iter: 184,000, lr:1.000e-04> G_loss: 1.324e-03 
25-07-19 08:26:51.600 : <epoch: 12, iter: 185,000, lr:1.000e-04> G_loss: 1.106e-03 
25-07-19 08:32:13.523 : <epoch: 12, iter: 186,000, lr:1.000e-04> G_loss: 9.487e-04 
25-07-19 08:37:35.346 : <epoch: 12, iter: 187,000, lr:1.000e-04> G_loss: 1.315e-03 
25-07-19 08:42:57.098 : <epoch: 12, iter: 188,000, lr:1.000e-04> G_loss: 1.084e-03 
25-07-19 08:48:17.966 : <epoch: 12, iter: 189,000, lr:1.000e-04> G_loss: 1.252e-03 
25-07-19 08:53:37.530 : <epoch: 12, iter: 190,000, lr:1.000e-04> G_loss: 8.932e-04 
25-07-19 08:58:56.447 : <epoch: 12, iter: 191,000, lr:1.000e-04> G_loss: 1.274e-03 
25-07-19 09:04:15.426 : <epoch: 12, iter: 192,000, lr:1.000e-04> G_loss: 8.057e-04 
25-07-19 09:09:34.815 : <epoch: 12, iter: 193,000, lr:1.000e-04> G_loss: 1.015e-03 
25-07-19 09:14:54.367 : <epoch: 12, iter: 194,000, lr:1.000e-04> G_loss: 9.910e-04 
25-07-19 09:20:13.756 : <epoch: 12, iter: 195,000, lr:1.000e-04> G_loss: 9.469e-04 
25-07-19 09:25:33.692 : <epoch: 13, iter: 196,000, lr:1.000e-04> G_loss: 1.825e-03 
25-07-19 09:30:53.504 : <epoch: 13, iter: 197,000, lr:1.000e-04> G_loss: 8.172e-04 
25-07-19 09:36:13.266 : <epoch: 13, iter: 198,000, lr:1.000e-04> G_loss: 1.202e-03 
25-07-19 09:41:33.319 : <epoch: 13, iter: 199,000, lr:1.000e-04> G_loss: 7.390e-04 
25-07-19 09:46:52.492 : <epoch: 13, iter: 200,000, lr:2.500e-05> G_loss: 1.216e-03 
25-07-19 09:46:52.492 : Saving the model.
25-07-19 09:52:11.839 : <epoch: 13, iter: 201,000, lr:5.000e-05> G_loss: 9.772e-04 
25-07-19 09:57:31.563 : <epoch: 13, iter: 202,000, lr:5.000e-05> G_loss: 8.302e-04 
25-07-19 10:02:50.975 : <epoch: 13, iter: 203,000, lr:5.000e-05> G_loss: 7.298e-04 
25-07-19 10:08:09.819 : <epoch: 13, iter: 204,000, lr:5.000e-05> G_loss: 6.964e-04 
25-07-19 10:13:28.690 : <epoch: 13, iter: 205,000, lr:5.000e-05> G_loss: 1.239e-03 
25-07-19 10:18:48.808 : <epoch: 13, iter: 206,000, lr:5.000e-05> G_loss: 1.262e-03 
25-07-19 10:24:08.761 : <epoch: 13, iter: 207,000, lr:5.000e-05> G_loss: 8.841e-04 
25-07-19 10:29:28.537 : <epoch: 13, iter: 208,000, lr:5.000e-05> G_loss: 1.544e-03 
25-07-19 10:34:48.869 : <epoch: 13, iter: 209,000, lr:5.000e-05> G_loss: 8.892e-04 
25-07-19 10:40:08.852 : <epoch: 13, iter: 210,000, lr:5.000e-05> G_loss: 1.298e-03 
25-07-19 10:46:00.503 : <epoch: 13, iter: 210,000, Val PSNR: 51.86dB, Val SSIM: 0.9956
25-07-19 10:46:00.504 : Training samples this epoch: 29952
25-07-19 10:46:00.504 : Validation samples this check: 3611
25-07-19 10:46:00.504 : Saving PSNR checkpoint.
25-07-19 10:51:20.390 : <epoch: 13, iter: 211,000, lr:5.000e-05> G_loss: 8.850e-04 
25-07-19 10:56:41.378 : <epoch: 14, iter: 212,000, lr:5.000e-05> G_loss: 7.876e-04 
25-07-19 11:02:02.960 : <epoch: 14, iter: 213,000, lr:5.000e-05> G_loss: 9.198e-04 
25-07-19 11:07:24.521 : <epoch: 14, iter: 214,000, lr:5.000e-05> G_loss: 1.127e-03 
25-07-19 11:12:45.906 : <epoch: 14, iter: 215,000, lr:5.000e-05> G_loss: 9.175e-04 
25-07-19 11:18:07.823 : <epoch: 14, iter: 216,000, lr:5.000e-05> G_loss: 1.435e-03 
25-07-19 11:23:29.182 : <epoch: 14, iter: 217,000, lr:5.000e-05> G_loss: 8.731e-04 
25-07-19 11:28:51.142 : <epoch: 14, iter: 218,000, lr:5.000e-05> G_loss: 9.738e-04 
25-07-19 11:34:12.898 : <epoch: 14, iter: 219,000, lr:5.000e-05> G_loss: 1.142e-03 
25-07-19 11:39:34.861 : <epoch: 14, iter: 220,000, lr:5.000e-05> G_loss: 8.510e-04 
25-07-19 11:39:34.862 : Saving the model.
25-07-19 11:44:57.595 : <epoch: 14, iter: 221,000, lr:5.000e-05> G_loss: 9.731e-04 
25-07-19 11:50:20.011 : <epoch: 14, iter: 222,000, lr:5.000e-05> G_loss: 1.005e-03 
25-07-19 11:55:41.249 : <epoch: 14, iter: 223,000, lr:5.000e-05> G_loss: 1.017e-03 
25-07-19 12:01:03.123 : <epoch: 14, iter: 224,000, lr:5.000e-05> G_loss: 1.052e-03 
25-07-19 12:06:25.144 : <epoch: 14, iter: 225,000, lr:5.000e-05> G_loss: 8.971e-04 
25-07-19 12:11:47.010 : <epoch: 14, iter: 226,000, lr:5.000e-05> G_loss: 8.469e-04 
25-07-19 12:17:08.836 : <epoch: 14, iter: 227,000, lr:5.000e-05> G_loss: 1.445e-03 
25-07-19 12:22:30.697 : <epoch: 15, iter: 228,000, lr:5.000e-05> G_loss: 1.381e-03 
25-07-19 12:27:52.896 : <epoch: 15, iter: 229,000, lr:5.000e-05> G_loss: 6.427e-04 
25-07-19 12:33:15.264 : <epoch: 15, iter: 230,000, lr:5.000e-05> G_loss: 9.809e-04 
25-07-19 12:38:37.567 : <epoch: 15, iter: 231,000, lr:5.000e-05> G_loss: 1.162e-03 
25-07-19 12:43:57.774 : <epoch: 15, iter: 232,000, lr:5.000e-05> G_loss: 7.795e-04 
25-07-19 12:49:18.275 : <epoch: 15, iter: 233,000, lr:5.000e-05> G_loss: 1.316e-03 
25-07-19 12:54:38.820 : <epoch: 15, iter: 234,000, lr:5.000e-05> G_loss: 1.568e-03 
25-07-19 12:59:59.208 : <epoch: 15, iter: 235,000, lr:5.000e-05> G_loss: 1.001e-03 
25-07-19 13:05:19.939 : <epoch: 15, iter: 236,000, lr:5.000e-05> G_loss: 1.199e-03 
25-07-19 13:10:40.357 : <epoch: 15, iter: 237,000, lr:5.000e-05> G_loss: 6.345e-04 
25-07-19 13:16:01.256 : <epoch: 15, iter: 238,000, lr:5.000e-05> G_loss: 9.664e-04 
25-07-19 13:21:22.147 : <epoch: 15, iter: 239,000, lr:5.000e-05> G_loss: 1.021e-03 
25-07-19 13:26:42.836 : <epoch: 15, iter: 240,000, lr:5.000e-05> G_loss: 8.863e-04 
25-07-19 13:26:42.837 : Saving the model.
25-07-19 13:32:46.385 : <epoch: 15, iter: 240,000, Val PSNR: 51.94dB, Val SSIM: 0.9957
25-07-19 13:32:46.385 : Training samples this epoch: 24944
25-07-19 13:32:46.386 : Validation samples this check: 3611
25-07-19 13:32:46.386 : Saving PSNR checkpoint.
25-07-19 13:38:08.250 : <epoch: 15, iter: 241,000, lr:5.000e-05> G_loss: 8.111e-04 
25-07-19 13:43:29.990 : <epoch: 15, iter: 242,000, lr:5.000e-05> G_loss: 1.014e-03 
25-07-19 13:48:51.770 : <epoch: 15, iter: 243,000, lr:5.000e-05> G_loss: 9.598e-04 
25-07-19 13:54:13.655 : <epoch: 16, iter: 244,000, lr:5.000e-05> G_loss: 9.007e-04 
25-07-19 13:59:34.982 : <epoch: 16, iter: 245,000, lr:5.000e-05> G_loss: 8.106e-04 
25-07-19 14:04:56.553 : <epoch: 16, iter: 246,000, lr:5.000e-05> G_loss: 8.819e-04 
25-07-19 14:10:18.598 : <epoch: 16, iter: 247,000, lr:5.000e-05> G_loss: 1.441e-03 
25-07-19 14:15:40.446 : <epoch: 16, iter: 248,000, lr:5.000e-05> G_loss: 8.538e-04 
25-07-19 14:21:02.036 : <epoch: 16, iter: 249,000, lr:5.000e-05> G_loss: 1.183e-03 
25-07-19 14:26:23.917 : <epoch: 16, iter: 250,000, lr:5.000e-05> G_loss: 8.913e-04 
25-07-19 14:31:45.576 : <epoch: 16, iter: 251,000, lr:5.000e-05> G_loss: 1.460e-03 
25-07-19 14:37:07.243 : <epoch: 16, iter: 252,000, lr:5.000e-05> G_loss: 7.933e-04 
25-07-19 14:42:29.259 : <epoch: 16, iter: 253,000, lr:5.000e-05> G_loss: 9.921e-04 
25-07-19 14:47:51.772 : <epoch: 16, iter: 254,000, lr:5.000e-05> G_loss: 1.045e-03 
25-07-19 14:53:13.533 : <epoch: 16, iter: 255,000, lr:5.000e-05> G_loss: 8.244e-04 
25-07-19 14:58:35.944 : <epoch: 16, iter: 256,000, lr:5.000e-05> G_loss: 8.497e-04 
25-07-19 15:03:58.088 : <epoch: 16, iter: 257,000, lr:5.000e-05> G_loss: 7.357e-04 
25-07-19 15:09:20.101 : <epoch: 16, iter: 258,000, lr:5.000e-05> G_loss: 1.061e-03 
25-07-19 15:14:41.755 : <epoch: 16, iter: 259,000, lr:5.000e-05> G_loss: 5.913e-04 
25-07-19 15:20:03.224 : <epoch: 16, iter: 260,000, lr:5.000e-05> G_loss: 8.165e-04 
25-07-19 15:20:03.224 : Saving the model.
25-07-19 15:25:25.335 : <epoch: 17, iter: 261,000, lr:5.000e-05> G_loss: 8.334e-04 
25-07-19 15:30:47.166 : <epoch: 17, iter: 262,000, lr:5.000e-05> G_loss: 1.191e-03 
25-07-19 15:36:09.486 : <epoch: 17, iter: 263,000, lr:5.000e-05> G_loss: 6.578e-04 
25-07-19 15:41:31.587 : <epoch: 17, iter: 264,000, lr:5.000e-05> G_loss: 1.000e-03 
25-07-19 15:46:53.163 : <epoch: 17, iter: 265,000, lr:5.000e-05> G_loss: 9.367e-04 
25-07-19 15:52:14.560 : <epoch: 17, iter: 266,000, lr:5.000e-05> G_loss: 9.500e-04 
25-07-19 15:57:37.265 : <epoch: 17, iter: 267,000, lr:5.000e-05> G_loss: 1.071e-03 
25-07-19 16:02:58.953 : <epoch: 17, iter: 268,000, lr:5.000e-05> G_loss: 1.068e-03 
25-07-19 16:08:20.949 : <epoch: 17, iter: 269,000, lr:5.000e-05> G_loss: 8.338e-04 
25-07-19 16:13:43.349 : <epoch: 17, iter: 270,000, lr:5.000e-05> G_loss: 8.791e-04 
25-07-19 16:19:41.799 : <epoch: 17, iter: 270,000, Val PSNR: 52.09dB, Val SSIM: 0.9957
25-07-19 16:19:41.799 : Training samples this epoch: 19936
25-07-19 16:19:41.799 : Validation samples this check: 3611
25-07-19 16:19:41.800 : Saving PSNR checkpoint.
25-07-19 16:25:01.663 : <epoch: 17, iter: 271,000, lr:5.000e-05> G_loss: 1.197e-03 
25-07-19 16:30:23.293 : <epoch: 17, iter: 272,000, lr:5.000e-05> G_loss: 6.902e-04 
25-07-19 16:35:46.192 : <epoch: 17, iter: 273,000, lr:5.000e-05> G_loss: 9.698e-04 
25-07-19 16:41:08.740 : <epoch: 17, iter: 274,000, lr:5.000e-05> G_loss: 8.847e-04 
25-07-19 16:46:30.679 : <epoch: 17, iter: 275,000, lr:5.000e-05> G_loss: 1.184e-03 
25-07-19 16:51:52.336 : <epoch: 17, iter: 276,000, lr:5.000e-05> G_loss: 7.466e-04 
25-07-19 16:57:14.940 : <epoch: 18, iter: 277,000, lr:5.000e-05> G_loss: 6.707e-04 
25-07-19 17:02:37.590 : <epoch: 18, iter: 278,000, lr:5.000e-05> G_loss: 9.311e-04 
25-07-19 17:08:00.107 : <epoch: 18, iter: 279,000, lr:5.000e-05> G_loss: 9.896e-04 
25-07-19 17:13:21.682 : <epoch: 18, iter: 280,000, lr:5.000e-05> G_loss: 1.594e-03 
25-07-19 17:13:21.682 : Saving the model.
25-07-19 17:18:43.674 : <epoch: 18, iter: 281,000, lr:5.000e-05> G_loss: 7.640e-04 
25-07-19 17:24:05.400 : <epoch: 18, iter: 282,000, lr:5.000e-05> G_loss: 1.383e-03 
25-07-19 17:29:26.975 : <epoch: 18, iter: 283,000, lr:5.000e-05> G_loss: 7.073e-04 
25-07-19 17:34:48.736 : <epoch: 18, iter: 284,000, lr:5.000e-05> G_loss: 6.502e-04 
25-07-19 17:40:11.357 : <epoch: 18, iter: 285,000, lr:5.000e-05> G_loss: 1.292e-03 
25-07-19 17:45:33.133 : <epoch: 18, iter: 286,000, lr:5.000e-05> G_loss: 7.655e-04 
25-07-19 17:50:54.819 : <epoch: 18, iter: 287,000, lr:5.000e-05> G_loss: 7.709e-04 
25-07-19 17:56:16.222 : <epoch: 18, iter: 288,000, lr:5.000e-05> G_loss: 8.579e-04 
25-07-19 18:01:38.413 : <epoch: 18, iter: 289,000, lr:5.000e-05> G_loss: 8.010e-04 
25-07-19 18:06:59.969 : <epoch: 18, iter: 290,000, lr:5.000e-05> G_loss: 8.371e-04 
25-07-19 18:12:22.195 : <epoch: 18, iter: 291,000, lr:5.000e-05> G_loss: 8.952e-04 
25-07-19 18:17:43.996 : <epoch: 18, iter: 292,000, lr:5.000e-05> G_loss: 1.111e-03 
25-07-19 18:23:06.374 : <epoch: 19, iter: 293,000, lr:5.000e-05> G_loss: 5.721e-04 
25-07-19 18:28:28.313 : <epoch: 19, iter: 294,000, lr:5.000e-05> G_loss: 1.040e-03 
25-07-19 18:33:50.117 : <epoch: 19, iter: 295,000, lr:5.000e-05> G_loss: 1.113e-03 
25-07-19 18:39:12.254 : <epoch: 19, iter: 296,000, lr:5.000e-05> G_loss: 7.261e-04 
25-07-19 18:44:34.219 : <epoch: 19, iter: 297,000, lr:5.000e-05> G_loss: 1.153e-03 
25-07-19 18:49:56.248 : <epoch: 19, iter: 298,000, lr:5.000e-05> G_loss: 7.600e-04 
25-07-19 18:55:17.850 : <epoch: 19, iter: 299,000, lr:5.000e-05> G_loss: 1.183e-03 
25-07-19 19:00:39.696 : <epoch: 19, iter: 300,000, lr:5.000e-05> G_loss: 8.687e-04 
25-07-19 19:00:39.696 : Saving the model.
25-07-19 19:06:35.378 : <epoch: 19, iter: 300,000, Val PSNR: 52.10dB, Val SSIM: 0.9957
25-07-19 19:06:35.379 : Training samples this epoch: 14928
25-07-19 19:06:35.379 : Validation samples this check: 3611
25-07-19 19:06:35.380 : Saving PSNR checkpoint.
25-07-19 19:11:57.474 : <epoch: 19, iter: 301,000, lr:5.000e-05> G_loss: 7.436e-04 
25-07-19 19:17:20.223 : <epoch: 19, iter: 302,000, lr:5.000e-05> G_loss: 1.465e-03 
25-07-19 19:22:43.607 : <epoch: 19, iter: 303,000, lr:5.000e-05> G_loss: 9.617e-04 
25-07-19 19:28:05.750 : <epoch: 19, iter: 304,000, lr:5.000e-05> G_loss: 1.436e-03 
25-07-19 19:33:28.123 : <epoch: 19, iter: 305,000, lr:5.000e-05> G_loss: 7.852e-04 
25-07-19 19:38:50.556 : <epoch: 19, iter: 306,000, lr:5.000e-05> G_loss: 1.160e-03 
25-07-19 19:44:12.996 : <epoch: 19, iter: 307,000, lr:5.000e-05> G_loss: 1.168e-03 
25-07-19 19:49:35.591 : <epoch: 19, iter: 308,000, lr:5.000e-05> G_loss: 7.963e-04 
25-07-19 19:54:57.828 : <epoch: 20, iter: 309,000, lr:5.000e-05> G_loss: 9.421e-04 
25-07-19 20:00:19.970 : <epoch: 20, iter: 310,000, lr:5.000e-05> G_loss: 1.126e-03 
25-07-19 20:05:43.223 : <epoch: 20, iter: 311,000, lr:5.000e-05> G_loss: 9.597e-04 
25-07-19 20:11:05.914 : <epoch: 20, iter: 312,000, lr:5.000e-05> G_loss: 6.830e-04 
25-07-19 20:16:28.890 : <epoch: 20, iter: 313,000, lr:5.000e-05> G_loss: 8.678e-04 
25-07-19 20:21:51.589 : <epoch: 20, iter: 314,000, lr:5.000e-05> G_loss: 1.089e-03 
25-07-19 20:27:14.025 : <epoch: 20, iter: 315,000, lr:5.000e-05> G_loss: 7.064e-04 
25-07-19 20:32:36.543 : <epoch: 20, iter: 316,000, lr:5.000e-05> G_loss: 1.304e-03 
25-07-19 20:37:59.474 : <epoch: 20, iter: 317,000, lr:5.000e-05> G_loss: 1.900e-03 
25-07-19 20:43:22.028 : <epoch: 20, iter: 318,000, lr:5.000e-05> G_loss: 1.028e-03 
25-07-19 20:48:44.192 : <epoch: 20, iter: 319,000, lr:5.000e-05> G_loss: 7.858e-04 
25-07-19 20:54:05.961 : <epoch: 20, iter: 320,000, lr:5.000e-05> G_loss: 8.416e-04 
25-07-19 20:54:05.962 : Saving the model.
25-07-19 20:59:27.550 : <epoch: 20, iter: 321,000, lr:5.000e-05> G_loss: 1.308e-03 
25-07-19 21:04:49.221 : <epoch: 20, iter: 322,000, lr:5.000e-05> G_loss: 6.448e-04 
25-07-19 21:10:11.001 : <epoch: 20, iter: 323,000, lr:5.000e-05> G_loss: 9.121e-04 
25-07-19 21:15:32.721 : <epoch: 20, iter: 324,000, lr:5.000e-05> G_loss: 6.717e-04 
25-07-19 21:20:54.005 : <epoch: 20, iter: 325,000, lr:5.000e-05> G_loss: 9.904e-04 
25-07-19 21:26:16.270 : <epoch: 21, iter: 326,000, lr:5.000e-05> G_loss: 8.296e-04 
25-07-19 21:31:38.689 : <epoch: 21, iter: 327,000, lr:5.000e-05> G_loss: 1.006e-03 
25-07-19 21:37:00.288 : <epoch: 21, iter: 328,000, lr:5.000e-05> G_loss: 6.757e-04 
25-07-19 21:42:23.082 : <epoch: 21, iter: 329,000, lr:5.000e-05> G_loss: 7.103e-04 
25-07-19 21:47:45.903 : <epoch: 21, iter: 330,000, lr:5.000e-05> G_loss: 7.132e-04 
25-07-19 21:53:58.382 : <epoch: 21, iter: 330,000, Val PSNR: 52.23dB, Val SSIM: 0.9958
25-07-19 21:53:58.383 : Training samples this epoch: 9920
25-07-19 21:53:58.383 : Validation samples this check: 3611
25-07-19 21:53:58.383 : Saving PSNR checkpoint.
25-07-19 21:59:20.404 : <epoch: 21, iter: 331,000, lr:5.000e-05> G_loss: 8.865e-04 
25-07-19 22:04:42.742 : <epoch: 21, iter: 332,000, lr:5.000e-05> G_loss: 8.700e-04 
25-07-19 22:10:05.714 : <epoch: 21, iter: 333,000, lr:5.000e-05> G_loss: 8.385e-04 
25-07-19 22:15:28.492 : <epoch: 21, iter: 334,000, lr:5.000e-05> G_loss: 9.932e-04 
25-07-19 22:20:51.836 : <epoch: 21, iter: 335,000, lr:5.000e-05> G_loss: 7.274e-04 
25-07-19 22:26:14.930 : <epoch: 21, iter: 336,000, lr:5.000e-05> G_loss: 6.333e-04 
25-07-19 22:31:38.882 : <epoch: 21, iter: 337,000, lr:5.000e-05> G_loss: 1.196e-03 
25-07-19 22:37:02.318 : <epoch: 21, iter: 338,000, lr:5.000e-05> G_loss: 8.552e-04 
25-07-19 22:42:25.050 : <epoch: 21, iter: 339,000, lr:5.000e-05> G_loss: 1.177e-03 
25-07-19 22:47:48.480 : <epoch: 21, iter: 340,000, lr:5.000e-05> G_loss: 7.883e-04 
25-07-19 22:47:48.481 : Saving the model.
25-07-19 22:53:11.390 : <epoch: 21, iter: 341,000, lr:5.000e-05> G_loss: 7.104e-04 
25-07-19 22:58:34.158 : <epoch: 22, iter: 342,000, lr:5.000e-05> G_loss: 1.013e-03 
25-07-19 23:03:56.694 : <epoch: 22, iter: 343,000, lr:5.000e-05> G_loss: 8.453e-04 
25-07-19 23:09:19.390 : <epoch: 22, iter: 344,000, lr:5.000e-05> G_loss: 9.127e-04 
25-07-19 23:14:41.594 : <epoch: 22, iter: 345,000, lr:5.000e-05> G_loss: 1.269e-03 
25-07-19 23:20:04.706 : <epoch: 22, iter: 346,000, lr:5.000e-05> G_loss: 8.102e-04 
25-07-19 23:25:27.564 : <epoch: 22, iter: 347,000, lr:5.000e-05> G_loss: 9.144e-04 
25-07-19 23:30:49.962 : <epoch: 22, iter: 348,000, lr:5.000e-05> G_loss: 6.004e-04 
25-07-19 23:36:13.204 : <epoch: 22, iter: 349,000, lr:5.000e-05> G_loss: 1.273e-03 
25-07-19 23:41:35.480 : <epoch: 22, iter: 350,000, lr:5.000e-05> G_loss: 8.999e-04 
25-07-19 23:46:58.045 : <epoch: 22, iter: 351,000, lr:5.000e-05> G_loss: 9.991e-04 
25-07-19 23:52:20.551 : <epoch: 22, iter: 352,000, lr:5.000e-05> G_loss: 6.668e-04 
25-07-19 23:57:43.012 : <epoch: 22, iter: 353,000, lr:5.000e-05> G_loss: 1.159e-03 
25-07-20 00:03:04.752 : <epoch: 22, iter: 354,000, lr:5.000e-05> G_loss: 1.060e-03 
25-07-20 00:08:27.259 : <epoch: 22, iter: 355,000, lr:5.000e-05> G_loss: 8.136e-04 
25-07-20 00:13:49.321 : <epoch: 22, iter: 356,000, lr:5.000e-05> G_loss: 7.908e-04 
25-07-20 00:19:11.870 : <epoch: 22, iter: 357,000, lr:5.000e-05> G_loss: 9.422e-04 
25-07-20 00:24:35.038 : <epoch: 23, iter: 358,000, lr:5.000e-05> G_loss: 1.056e-03 
25-07-20 00:29:58.210 : <epoch: 23, iter: 359,000, lr:5.000e-05> G_loss: 1.139e-03 
25-07-20 00:35:20.840 : <epoch: 23, iter: 360,000, lr:5.000e-05> G_loss: 7.819e-04 
25-07-20 00:35:20.841 : Saving the model.
25-07-20 00:41:29.639 : <epoch: 23, iter: 360,000, Val PSNR: 52.27dB, Val SSIM: 0.9959
25-07-20 00:41:29.640 : Training samples this epoch: 4912
25-07-20 00:41:29.640 : Validation samples this check: 3611
25-07-20 00:41:29.641 : Saving PSNR checkpoint.
25-07-20 00:46:52.899 : <epoch: 23, iter: 361,000, lr:5.000e-05> G_loss: 7.149e-04 
25-07-20 00:52:16.659 : <epoch: 23, iter: 362,000, lr:5.000e-05> G_loss: 1.203e-03 
25-07-20 00:57:40.298 : <epoch: 23, iter: 363,000, lr:5.000e-05> G_loss: 8.804e-04 
25-07-20 01:03:03.543 : <epoch: 23, iter: 364,000, lr:5.000e-05> G_loss: 6.301e-04 
25-07-20 01:08:27.739 : <epoch: 23, iter: 365,000, lr:5.000e-05> G_loss: 7.354e-04 
25-07-20 01:13:51.087 : <epoch: 23, iter: 366,000, lr:5.000e-05> G_loss: 8.012e-04 
25-07-20 01:19:14.386 : <epoch: 23, iter: 367,000, lr:5.000e-05> G_loss: 1.028e-03 
25-07-20 01:24:37.300 : <epoch: 23, iter: 368,000, lr:5.000e-05> G_loss: 9.252e-04 
25-07-20 01:30:00.490 : <epoch: 23, iter: 369,000, lr:5.000e-05> G_loss: 1.139e-03 
25-07-20 01:35:23.620 : <epoch: 23, iter: 370,000, lr:5.000e-05> G_loss: 8.187e-04 
25-07-20 01:40:47.053 : <epoch: 23, iter: 371,000, lr:5.000e-05> G_loss: 7.611e-04 
25-07-20 01:46:10.123 : <epoch: 23, iter: 372,000, lr:5.000e-05> G_loss: 1.007e-03 
25-07-20 01:51:33.422 : <epoch: 23, iter: 373,000, lr:5.000e-05> G_loss: 9.586e-04 
25-07-20 01:56:56.443 : <epoch: 24, iter: 374,000, lr:5.000e-05> G_loss: 6.331e-04 
25-07-20 02:02:21.069 : <epoch: 24, iter: 375,000, lr:5.000e-05> G_loss: 8.298e-04 
25-07-20 02:07:44.524 : <epoch: 24, iter: 376,000, lr:5.000e-05> G_loss: 1.008e-03 
25-07-20 02:13:07.897 : <epoch: 24, iter: 377,000, lr:5.000e-05> G_loss: 1.005e-03 
25-07-20 02:18:32.011 : <epoch: 24, iter: 378,000, lr:5.000e-05> G_loss: 8.182e-04 
25-07-20 02:23:55.376 : <epoch: 24, iter: 379,000, lr:5.000e-05> G_loss: 6.405e-04 
25-07-20 02:29:19.762 : <epoch: 24, iter: 380,000, lr:5.000e-05> G_loss: 7.978e-04 
25-07-20 02:29:19.762 : Saving the model.
25-07-20 02:34:42.922 : <epoch: 24, iter: 381,000, lr:5.000e-05> G_loss: 8.422e-04 
25-07-20 02:40:05.526 : <epoch: 24, iter: 382,000, lr:5.000e-05> G_loss: 1.505e-03 
25-07-20 02:45:28.279 : <epoch: 24, iter: 383,000, lr:5.000e-05> G_loss: 9.011e-04 
25-07-20 02:50:51.416 : <epoch: 24, iter: 384,000, lr:5.000e-05> G_loss: 8.683e-04 
25-07-20 02:56:13.268 : <epoch: 24, iter: 385,000, lr:5.000e-05> G_loss: 8.149e-04 
25-07-20 03:01:36.434 : <epoch: 24, iter: 386,000, lr:5.000e-05> G_loss: 9.623e-04 
25-07-20 03:06:59.522 : <epoch: 24, iter: 387,000, lr:5.000e-05> G_loss: 7.095e-04 
25-07-20 03:12:22.719 : <epoch: 24, iter: 388,000, lr:5.000e-05> G_loss: 7.943e-04 
25-07-20 03:17:45.067 : <epoch: 24, iter: 389,000, lr:5.000e-05> G_loss: 7.606e-04 
25-07-20 03:23:07.727 : <epoch: 24, iter: 390,000, lr:5.000e-05> G_loss: 1.010e-03 
25-07-20 03:29:15.951 : <epoch: 24, iter: 390,000, Val PSNR: 52.33dB, Val SSIM: 0.9959
25-07-20 03:29:15.951 : Training samples this epoch: 32408
25-07-20 03:29:15.951 : Validation samples this check: 3611
25-07-20 03:29:15.952 : Saving PSNR checkpoint.
25-07-20 03:34:39.233 : <epoch: 25, iter: 391,000, lr:5.000e-05> G_loss: 1.198e-03 
25-07-20 03:40:03.266 : <epoch: 25, iter: 392,000, lr:5.000e-05> G_loss: 7.332e-04 
25-07-20 03:45:26.371 : <epoch: 25, iter: 393,000, lr:5.000e-05> G_loss: 8.167e-04 
25-07-20 03:50:49.516 : <epoch: 25, iter: 394,000, lr:5.000e-05> G_loss: 9.426e-04 
25-07-20 03:56:12.605 : <epoch: 25, iter: 395,000, lr:5.000e-05> G_loss: 5.648e-04 
25-07-20 04:01:35.477 : <epoch: 25, iter: 396,000, lr:5.000e-05> G_loss: 1.049e-03 
25-07-20 04:06:58.727 : <epoch: 25, iter: 397,000, lr:5.000e-05> G_loss: 1.398e-03 
25-07-20 04:12:21.839 : <epoch: 25, iter: 398,000, lr:5.000e-05> G_loss: 6.354e-04 
25-07-20 04:17:44.380 : <epoch: 25, iter: 399,000, lr:5.000e-05> G_loss: 8.516e-04 
25-07-20 04:23:07.423 : <epoch: 25, iter: 400,000, lr:1.250e-05> G_loss: 1.112e-03 
25-07-20 04:23:07.424 : Saving the model.
25-07-20 04:28:28.872 : <epoch: 25, iter: 401,000, lr:2.500e-05> G_loss: 1.111e-03 
25-07-20 04:33:50.990 : <epoch: 25, iter: 402,000, lr:2.500e-05> G_loss: 7.036e-04 
25-07-20 04:39:13.990 : <epoch: 25, iter: 403,000, lr:2.500e-05> G_loss: 1.135e-03 
25-07-20 04:44:37.251 : <epoch: 25, iter: 404,000, lr:2.500e-05> G_loss: 1.246e-03 
25-07-20 04:50:00.609 : <epoch: 25, iter: 405,000, lr:2.500e-05> G_loss: 7.101e-04 
25-07-20 04:55:23.090 : <epoch: 25, iter: 406,000, lr:2.500e-05> G_loss: 6.144e-04 
25-07-20 05:00:46.175 : <epoch: 26, iter: 407,000, lr:2.500e-05> G_loss: 8.699e-04 
25-07-20 05:06:10.690 : <epoch: 26, iter: 408,000, lr:2.500e-05> G_loss: 6.054e-04 
25-07-20 05:11:34.566 : <epoch: 26, iter: 409,000, lr:2.500e-05> G_loss: 1.013e-03 
25-07-20 05:16:58.147 : <epoch: 26, iter: 410,000, lr:2.500e-05> G_loss: 7.602e-04 
25-07-20 05:22:21.633 : <epoch: 26, iter: 411,000, lr:2.500e-05> G_loss: 6.022e-04 
25-07-20 05:27:44.994 : <epoch: 26, iter: 412,000, lr:2.500e-05> G_loss: 7.659e-04 
25-07-20 05:33:08.137 : <epoch: 26, iter: 413,000, lr:2.500e-05> G_loss: 1.003e-03 
25-07-20 05:38:32.119 : <epoch: 26, iter: 414,000, lr:2.500e-05> G_loss: 7.916e-04 
25-07-20 05:43:55.595 : <epoch: 26, iter: 415,000, lr:2.500e-05> G_loss: 6.912e-04 
25-07-20 05:49:19.182 : <epoch: 26, iter: 416,000, lr:2.500e-05> G_loss: 1.032e-03 
25-07-20 05:54:42.135 : <epoch: 26, iter: 417,000, lr:2.500e-05> G_loss: 7.433e-04 
25-07-20 06:00:05.452 : <epoch: 26, iter: 418,000, lr:2.500e-05> G_loss: 6.343e-04 
25-07-20 06:05:29.059 : <epoch: 26, iter: 419,000, lr:2.500e-05> G_loss: 6.703e-04 
25-07-20 06:10:52.812 : <epoch: 26, iter: 420,000, lr:2.500e-05> G_loss: 1.088e-03 
25-07-20 06:10:52.812 : Saving the model.
25-07-20 06:16:58.839 : <epoch: 26, iter: 420,000, Val PSNR: 52.55dB, Val SSIM: 0.9960
25-07-20 06:16:58.839 : Training samples this epoch: 27400
25-07-20 06:16:58.840 : Validation samples this check: 3611
25-07-20 06:16:58.840 : Saving PSNR checkpoint.
25-07-20 06:22:21.832 : <epoch: 26, iter: 421,000, lr:2.500e-05> G_loss: 8.623e-04 
25-07-20 06:27:45.108 : <epoch: 26, iter: 422,000, lr:2.500e-05> G_loss: 1.145e-03 
25-07-20 06:33:09.209 : <epoch: 27, iter: 423,000, lr:2.500e-05> G_loss: 8.334e-04 
25-07-20 06:38:33.107 : <epoch: 27, iter: 424,000, lr:2.500e-05> G_loss: 7.460e-04 
25-07-20 06:43:57.346 : <epoch: 27, iter: 425,000, lr:2.500e-05> G_loss: 1.053e-03 
25-07-20 06:49:20.673 : <epoch: 27, iter: 426,000, lr:2.500e-05> G_loss: 6.050e-04 
25-07-20 06:54:44.448 : <epoch: 27, iter: 427,000, lr:2.500e-05> G_loss: 8.382e-04 
25-07-20 07:00:08.062 : <epoch: 27, iter: 428,000, lr:2.500e-05> G_loss: 6.980e-04 
25-07-20 07:05:31.829 : <epoch: 27, iter: 429,000, lr:2.500e-05> G_loss: 7.385e-04 
25-07-20 07:10:55.628 : <epoch: 27, iter: 430,000, lr:2.500e-05> G_loss: 7.356e-04 
25-07-20 07:16:19.442 : <epoch: 27, iter: 431,000, lr:2.500e-05> G_loss: 7.179e-04 
25-07-20 07:21:42.908 : <epoch: 27, iter: 432,000, lr:2.500e-05> G_loss: 9.945e-04 
25-07-20 07:27:08.079 : <epoch: 27, iter: 433,000, lr:2.500e-05> G_loss: 6.921e-04 
25-07-20 07:32:31.788 : <epoch: 27, iter: 434,000, lr:2.500e-05> G_loss: 7.699e-04 
25-07-20 07:37:54.994 : <epoch: 27, iter: 435,000, lr:2.500e-05> G_loss: 8.970e-04 
25-07-20 07:43:18.763 : <epoch: 27, iter: 436,000, lr:2.500e-05> G_loss: 7.248e-04 
25-07-20 07:48:42.354 : <epoch: 27, iter: 437,000, lr:2.500e-05> G_loss: 7.803e-04 
25-07-20 07:54:06.490 : <epoch: 27, iter: 438,000, lr:2.500e-05> G_loss: 5.506e-04 
25-07-20 07:59:30.299 : <epoch: 28, iter: 439,000, lr:2.500e-05> G_loss: 7.403e-04 
25-07-20 08:04:54.543 : <epoch: 28, iter: 440,000, lr:2.500e-05> G_loss: 8.146e-04 
25-07-20 08:04:54.544 : Saving the model.
25-07-20 08:10:17.529 : <epoch: 28, iter: 441,000, lr:2.500e-05> G_loss: 7.314e-04 
25-07-20 08:15:40.687 : <epoch: 28, iter: 442,000, lr:2.500e-05> G_loss: 7.848e-04 
25-07-20 08:21:03.197 : <epoch: 28, iter: 443,000, lr:2.500e-05> G_loss: 9.209e-04 
25-07-20 08:26:25.745 : <epoch: 28, iter: 444,000, lr:2.500e-05> G_loss: 9.860e-04 
25-07-20 08:31:48.415 : <epoch: 28, iter: 445,000, lr:2.500e-05> G_loss: 8.105e-04 
25-07-20 08:37:10.814 : <epoch: 28, iter: 446,000, lr:2.500e-05> G_loss: 9.101e-04 
25-07-20 08:42:33.285 : <epoch: 28, iter: 447,000, lr:2.500e-05> G_loss: 8.169e-04 
25-07-20 08:47:56.017 : <epoch: 28, iter: 448,000, lr:2.500e-05> G_loss: 6.241e-04 
25-07-20 08:53:18.905 : <epoch: 28, iter: 449,000, lr:2.500e-05> G_loss: 9.852e-04 
25-07-20 08:58:41.024 : <epoch: 28, iter: 450,000, lr:2.500e-05> G_loss: 6.552e-04 
25-07-20 09:04:42.672 : <epoch: 28, iter: 450,000, Val PSNR: 52.57dB, Val SSIM: 0.9961
25-07-20 09:04:42.672 : Training samples this epoch: 22392
25-07-20 09:04:42.672 : Validation samples this check: 3611
25-07-20 09:04:42.673 : Saving PSNR checkpoint.
25-07-20 09:10:06.687 : <epoch: 28, iter: 451,000, lr:2.500e-05> G_loss: 9.023e-04 
25-07-20 09:15:30.980 : <epoch: 28, iter: 452,000, lr:2.500e-05> G_loss: 7.374e-04 
25-07-20 09:20:54.624 : <epoch: 28, iter: 453,000, lr:2.500e-05> G_loss: 6.375e-04 
25-07-20 09:26:18.265 : <epoch: 28, iter: 454,000, lr:2.500e-05> G_loss: 1.075e-03 
25-07-20 09:31:42.330 : <epoch: 28, iter: 455,000, lr:2.500e-05> G_loss: 5.600e-04 
25-07-20 09:37:06.342 : <epoch: 29, iter: 456,000, lr:2.500e-05> G_loss: 9.469e-04 
25-07-20 09:42:30.322 : <epoch: 29, iter: 457,000, lr:2.500e-05> G_loss: 8.673e-04 
25-07-20 09:47:54.205 : <epoch: 29, iter: 458,000, lr:2.500e-05> G_loss: 6.733e-04 
25-07-20 09:53:18.272 : <epoch: 29, iter: 459,000, lr:2.500e-05> G_loss: 8.088e-04 
25-07-20 09:58:41.500 : <epoch: 29, iter: 460,000, lr:2.500e-05> G_loss: 6.669e-04 
25-07-20 09:58:41.501 : Saving the model.
25-07-20 10:04:04.525 : <epoch: 29, iter: 461,000, lr:2.500e-05> G_loss: 8.663e-04 
25-07-20 10:09:28.175 : <epoch: 29, iter: 462,000, lr:2.500e-05> G_loss: 7.355e-04 
25-07-20 10:14:52.333 : <epoch: 29, iter: 463,000, lr:2.500e-05> G_loss: 6.826e-04 
25-07-20 10:20:16.767 : <epoch: 29, iter: 464,000, lr:2.500e-05> G_loss: 8.047e-04 
25-07-20 10:25:40.816 : <epoch: 29, iter: 465,000, lr:2.500e-05> G_loss: 1.666e-03 
25-07-20 10:31:04.463 : <epoch: 29, iter: 466,000, lr:2.500e-05> G_loss: 1.070e-03 
25-07-20 10:36:28.184 : <epoch: 29, iter: 467,000, lr:2.500e-05> G_loss: 1.452e-03 
25-07-20 10:41:52.661 : <epoch: 29, iter: 468,000, lr:2.500e-05> G_loss: 6.747e-04 
25-07-20 10:47:16.455 : <epoch: 29, iter: 469,000, lr:2.500e-05> G_loss: 8.960e-04 
25-07-20 10:52:39.733 : <epoch: 29, iter: 470,000, lr:2.500e-05> G_loss: 8.915e-04 
25-07-20 10:58:02.719 : <epoch: 29, iter: 471,000, lr:2.500e-05> G_loss: 1.080e-03 
25-07-20 11:03:25.422 : <epoch: 30, iter: 472,000, lr:2.500e-05> G_loss: 7.993e-04 
25-07-20 11:08:49.262 : <epoch: 30, iter: 473,000, lr:2.500e-05> G_loss: 6.725e-04 
25-07-20 11:14:12.378 : <epoch: 30, iter: 474,000, lr:2.500e-05> G_loss: 1.171e-03 
25-07-20 11:19:36.042 : <epoch: 30, iter: 475,000, lr:2.500e-05> G_loss: 1.281e-03 
25-07-20 11:24:59.400 : <epoch: 30, iter: 476,000, lr:2.500e-05> G_loss: 8.821e-04 
25-07-20 11:30:23.203 : <epoch: 30, iter: 477,000, lr:2.500e-05> G_loss: 8.316e-04 
25-07-20 11:35:47.046 : <epoch: 30, iter: 478,000, lr:2.500e-05> G_loss: 1.096e-03 
25-07-20 11:41:11.398 : <epoch: 30, iter: 479,000, lr:2.500e-05> G_loss: 1.119e-03 
25-07-20 11:46:34.960 : <epoch: 30, iter: 480,000, lr:2.500e-05> G_loss: 9.701e-04 
25-07-20 11:46:34.961 : Saving the model.
25-07-20 11:52:42.809 : <epoch: 30, iter: 480,000, Val PSNR: 52.60dB, Val SSIM: 0.9961
25-07-20 11:52:42.809 : Training samples this epoch: 17384
25-07-20 11:52:42.810 : Validation samples this check: 3611
25-07-20 11:52:42.810 : Saving PSNR checkpoint.
25-07-20 11:58:04.166 : <epoch: 30, iter: 481,000, lr:2.500e-05> G_loss: 1.224e-03 
25-07-20 12:03:26.201 : <epoch: 30, iter: 482,000, lr:2.500e-05> G_loss: 8.514e-04 
25-07-20 12:08:48.658 : <epoch: 30, iter: 483,000, lr:2.500e-05> G_loss: 1.167e-03 
25-07-20 12:14:11.359 : <epoch: 30, iter: 484,000, lr:2.500e-05> G_loss: 9.027e-04 
25-07-20 12:19:34.391 : <epoch: 30, iter: 485,000, lr:2.500e-05> G_loss: 6.946e-04 
25-07-20 12:24:57.485 : <epoch: 30, iter: 486,000, lr:2.500e-05> G_loss: 6.561e-04 
25-07-20 12:30:21.298 : <epoch: 30, iter: 487,000, lr:2.500e-05> G_loss: 1.087e-03 
25-07-20 12:35:45.895 : <epoch: 31, iter: 488,000, lr:2.500e-05> G_loss: 8.784e-04 
25-07-20 12:41:10.309 : <epoch: 31, iter: 489,000, lr:2.500e-05> G_loss: 8.750e-04 
25-07-20 12:46:33.790 : <epoch: 31, iter: 490,000, lr:2.500e-05> G_loss: 1.525e-03 
25-07-20 12:51:57.593 : <epoch: 31, iter: 491,000, lr:2.500e-05> G_loss: 1.029e-03 
25-07-20 12:57:20.539 : <epoch: 31, iter: 492,000, lr:2.500e-05> G_loss: 6.398e-04 
25-07-20 13:02:44.455 : <epoch: 31, iter: 493,000, lr:2.500e-05> G_loss: 7.486e-04 
25-07-20 13:08:07.365 : <epoch: 31, iter: 494,000, lr:2.500e-05> G_loss: 8.356e-04 
25-07-20 13:13:31.002 : <epoch: 31, iter: 495,000, lr:2.500e-05> G_loss: 7.811e-04 
25-07-20 13:18:54.288 : <epoch: 31, iter: 496,000, lr:2.500e-05> G_loss: 6.549e-04 
25-07-20 13:24:18.311 : <epoch: 31, iter: 497,000, lr:2.500e-05> G_loss: 1.083e-03 
25-07-20 13:29:42.509 : <epoch: 31, iter: 498,000, lr:2.500e-05> G_loss: 7.079e-04 
25-07-20 13:35:06.522 : <epoch: 31, iter: 499,000, lr:2.500e-05> G_loss: 7.939e-04 
25-07-20 13:40:30.694 : <epoch: 31, iter: 500,000, lr:2.500e-05> G_loss: 1.121e-03 
25-07-20 13:40:30.695 : Saving the model.
25-07-20 13:45:54.179 : <epoch: 31, iter: 501,000, lr:2.500e-05> G_loss: 8.790e-04 
25-07-20 13:51:17.615 : <epoch: 31, iter: 502,000, lr:2.500e-05> G_loss: 1.011e-03 
25-07-20 13:56:40.055 : <epoch: 31, iter: 503,000, lr:2.500e-05> G_loss: 7.968e-04 
25-07-20 14:02:03.827 : <epoch: 32, iter: 504,000, lr:2.500e-05> G_loss: 7.817e-04 
25-07-20 14:07:27.368 : <epoch: 32, iter: 505,000, lr:2.500e-05> G_loss: 7.082e-04 
25-07-20 14:12:51.870 : <epoch: 32, iter: 506,000, lr:2.500e-05> G_loss: 8.988e-04 
25-07-20 14:18:15.672 : <epoch: 32, iter: 507,000, lr:2.500e-05> G_loss: 7.680e-04 
25-07-20 14:23:39.240 : <epoch: 32, iter: 508,000, lr:2.500e-05> G_loss: 7.819e-04 
25-07-20 14:29:03.452 : <epoch: 32, iter: 509,000, lr:2.500e-05> G_loss: 5.677e-04 
25-07-20 14:34:28.100 : <epoch: 32, iter: 510,000, lr:2.500e-05> G_loss: 8.983e-04 
25-07-20 14:40:35.642 : <epoch: 32, iter: 510,000, Val PSNR: 52.63dB, Val SSIM: 0.9961
25-07-20 14:40:35.643 : Training samples this epoch: 12376
25-07-20 14:40:35.643 : Validation samples this check: 3611
25-07-20 14:40:35.644 : Saving PSNR checkpoint.
25-07-20 14:45:58.854 : <epoch: 32, iter: 511,000, lr:2.500e-05> G_loss: 8.850e-04 
25-07-20 14:51:23.356 : <epoch: 32, iter: 512,000, lr:2.500e-05> G_loss: 1.008e-03 
25-07-20 14:56:46.245 : <epoch: 32, iter: 513,000, lr:2.500e-05> G_loss: 7.963e-04 
25-07-20 15:02:08.968 : <epoch: 32, iter: 514,000, lr:2.500e-05> G_loss: 7.483e-04 
25-07-20 15:07:32.773 : <epoch: 32, iter: 515,000, lr:2.500e-05> G_loss: 9.049e-04 
25-07-20 15:12:56.401 : <epoch: 32, iter: 516,000, lr:2.500e-05> G_loss: 1.106e-03 
25-07-20 15:18:20.483 : <epoch: 32, iter: 517,000, lr:2.500e-05> G_loss: 1.070e-03 
25-07-20 15:23:44.074 : <epoch: 32, iter: 518,000, lr:2.500e-05> G_loss: 8.295e-04 
25-07-20 15:29:07.473 : <epoch: 32, iter: 519,000, lr:2.500e-05> G_loss: 7.784e-04 
25-07-20 15:34:31.100 : <epoch: 32, iter: 520,000, lr:2.500e-05> G_loss: 9.612e-04 
25-07-20 15:34:31.101 : Saving the model.
25-07-20 15:39:51.179 : <epoch: 33, iter: 521,000, lr:2.500e-05> G_loss: 8.690e-04 
25-07-20 15:45:11.709 : <epoch: 33, iter: 522,000, lr:2.500e-05> G_loss: 9.973e-04 
25-07-20 15:50:32.258 : <epoch: 33, iter: 523,000, lr:2.500e-05> G_loss: 8.219e-04 
25-07-20 15:55:51.818 : <epoch: 33, iter: 524,000, lr:2.500e-05> G_loss: 6.220e-04 
25-07-20 16:01:11.812 : <epoch: 33, iter: 525,000, lr:2.500e-05> G_loss: 9.430e-04 
25-07-20 16:06:33.102 : <epoch: 33, iter: 526,000, lr:2.500e-05> G_loss: 9.782e-04 
25-07-20 16:11:53.615 : <epoch: 33, iter: 527,000, lr:2.500e-05> G_loss: 9.507e-04 
25-07-20 16:17:14.202 : <epoch: 33, iter: 528,000, lr:2.500e-05> G_loss: 5.404e-04 
25-07-20 16:22:34.680 : <epoch: 33, iter: 529,000, lr:2.500e-05> G_loss: 9.398e-04 
25-07-20 16:27:54.872 : <epoch: 33, iter: 530,000, lr:2.500e-05> G_loss: 8.915e-04 
25-07-20 16:33:15.417 : <epoch: 33, iter: 531,000, lr:2.500e-05> G_loss: 9.757e-04 
25-07-20 16:38:35.606 : <epoch: 33, iter: 532,000, lr:2.500e-05> G_loss: 7.964e-04 
25-07-20 16:43:55.767 : <epoch: 33, iter: 533,000, lr:2.500e-05> G_loss: 1.116e-03 
25-07-20 16:49:15.816 : <epoch: 33, iter: 534,000, lr:2.500e-05> G_loss: 6.367e-04 
25-07-20 16:54:35.833 : <epoch: 33, iter: 535,000, lr:2.500e-05> G_loss: 7.530e-04 
25-07-20 16:59:57.108 : <epoch: 33, iter: 536,000, lr:2.500e-05> G_loss: 5.492e-04 
25-07-20 17:05:19.716 : <epoch: 34, iter: 537,000, lr:2.500e-05> G_loss: 7.664e-04 
25-07-20 17:10:42.766 : <epoch: 34, iter: 538,000, lr:2.500e-05> G_loss: 8.926e-04 
25-07-20 17:16:06.517 : <epoch: 34, iter: 539,000, lr:2.500e-05> G_loss: 6.587e-04 
25-07-20 17:21:28.752 : <epoch: 34, iter: 540,000, lr:2.500e-05> G_loss: 7.686e-04 
25-07-20 17:21:28.753 : Saving the model.
25-07-20 17:27:37.968 : <epoch: 34, iter: 540,000, Val PSNR: 52.63dB, Val SSIM: 0.9961
25-07-20 17:27:37.969 : Training samples this epoch: 7368
25-07-20 17:27:37.969 : Validation samples this check: 3611
25-07-20 17:27:37.970 : Saving PSNR checkpoint.
25-07-20 17:32:58.418 : <epoch: 34, iter: 541,000, lr:2.500e-05> G_loss: 6.638e-04 
25-07-20 17:38:18.486 : <epoch: 34, iter: 542,000, lr:2.500e-05> G_loss: 7.766e-04 
25-07-20 17:43:38.820 : <epoch: 34, iter: 543,000, lr:2.500e-05> G_loss: 7.464e-04 
25-07-20 17:48:59.017 : <epoch: 34, iter: 544,000, lr:2.500e-05> G_loss: 8.748e-04 
25-07-20 17:54:18.874 : <epoch: 34, iter: 545,000, lr:2.500e-05> G_loss: 9.272e-04 
25-07-20 17:59:38.596 : <epoch: 34, iter: 546,000, lr:2.500e-05> G_loss: 6.151e-04 
25-07-20 18:04:59.061 : <epoch: 34, iter: 547,000, lr:2.500e-05> G_loss: 8.795e-04 
25-07-20 18:10:18.871 : <epoch: 34, iter: 548,000, lr:2.500e-05> G_loss: 8.581e-04 
25-07-20 18:15:39.053 : <epoch: 34, iter: 549,000, lr:2.500e-05> G_loss: 9.073e-04 
25-07-20 18:20:58.815 : <epoch: 34, iter: 550,000, lr:2.500e-05> G_loss: 8.466e-04 
25-07-20 18:26:18.635 : <epoch: 34, iter: 551,000, lr:2.500e-05> G_loss: 7.336e-04 
25-07-20 18:31:38.402 : <epoch: 34, iter: 552,000, lr:2.500e-05> G_loss: 6.610e-04 
25-07-20 18:36:58.961 : <epoch: 35, iter: 553,000, lr:2.500e-05> G_loss: 5.527e-04 
25-07-20 18:42:19.273 : <epoch: 35, iter: 554,000, lr:2.500e-05> G_loss: 5.764e-04 
25-07-20 18:47:39.619 : <epoch: 35, iter: 555,000, lr:2.500e-05> G_loss: 7.215e-04 
25-07-20 18:52:59.371 : <epoch: 35, iter: 556,000, lr:2.500e-05> G_loss: 7.889e-04 
25-07-20 18:58:19.219 : <epoch: 35, iter: 557,000, lr:2.500e-05> G_loss: 9.771e-04 
25-07-20 19:03:38.812 : <epoch: 35, iter: 558,000, lr:2.500e-05> G_loss: 1.132e-03 
25-07-20 19:08:58.409 : <epoch: 35, iter: 559,000, lr:2.500e-05> G_loss: 1.166e-03 
25-07-20 19:14:17.851 : <epoch: 35, iter: 560,000, lr:2.500e-05> G_loss: 7.519e-04 
25-07-20 19:14:17.852 : Saving the model.
25-07-20 19:19:36.958 : <epoch: 35, iter: 561,000, lr:2.500e-05> G_loss: 6.179e-04 
25-07-20 19:24:56.335 : <epoch: 35, iter: 562,000, lr:2.500e-05> G_loss: 7.834e-04 
25-07-20 19:30:14.981 : <epoch: 35, iter: 563,000, lr:2.500e-05> G_loss: 6.670e-04 
25-07-20 19:35:34.831 : <epoch: 35, iter: 564,000, lr:2.500e-05> G_loss: 8.976e-04 
25-07-20 19:40:53.848 : <epoch: 35, iter: 565,000, lr:2.500e-05> G_loss: 6.572e-04 
25-07-20 19:46:16.559 : <epoch: 35, iter: 566,000, lr:2.500e-05> G_loss: 6.501e-04 
25-07-20 19:51:40.716 : <epoch: 35, iter: 567,000, lr:2.500e-05> G_loss: 8.067e-04 
25-07-20 19:57:04.749 : <epoch: 35, iter: 568,000, lr:2.500e-05> G_loss: 9.637e-04 
25-07-20 20:02:29.162 : <epoch: 36, iter: 569,000, lr:2.500e-05> G_loss: 8.111e-04 
25-07-20 20:07:52.897 : <epoch: 36, iter: 570,000, lr:2.500e-05> G_loss: 9.808e-04 
25-07-20 20:14:04.793 : <epoch: 36, iter: 570,000, Val PSNR: 52.67dB, Val SSIM: 0.9961
25-07-20 20:14:04.793 : Training samples this epoch: 2360
25-07-20 20:14:04.794 : Validation samples this check: 3611
25-07-20 20:14:04.794 : Saving PSNR checkpoint.
25-07-20 20:19:28.511 : <epoch: 36, iter: 571,000, lr:2.500e-05> G_loss: 9.470e-04 
25-07-20 20:24:52.769 : <epoch: 36, iter: 572,000, lr:2.500e-05> G_loss: 8.008e-04 
25-07-20 20:30:17.394 : <epoch: 36, iter: 573,000, lr:2.500e-05> G_loss: 8.249e-04 
25-07-20 20:35:41.161 : <epoch: 36, iter: 574,000, lr:2.500e-05> G_loss: 8.628e-04 
25-07-20 20:41:05.414 : <epoch: 36, iter: 575,000, lr:2.500e-05> G_loss: 8.087e-04 
25-07-20 20:46:29.352 : <epoch: 36, iter: 576,000, lr:2.500e-05> G_loss: 6.703e-04 
25-07-20 20:51:53.503 : <epoch: 36, iter: 577,000, lr:2.500e-05> G_loss: 6.251e-04 
25-07-20 20:57:17.011 : <epoch: 36, iter: 578,000, lr:2.500e-05> G_loss: 7.379e-04 
25-07-20 21:02:40.181 : <epoch: 36, iter: 579,000, lr:2.500e-05> G_loss: 1.188e-03 
25-07-20 21:08:03.495 : <epoch: 36, iter: 580,000, lr:2.500e-05> G_loss: 8.515e-04 
25-07-20 21:08:03.496 : Saving the model.
25-07-20 21:13:25.986 : <epoch: 36, iter: 581,000, lr:2.500e-05> G_loss: 8.119e-04 
25-07-20 21:18:49.317 : <epoch: 36, iter: 582,000, lr:2.500e-05> G_loss: 7.611e-04 
25-07-20 21:24:13.046 : <epoch: 36, iter: 583,000, lr:2.500e-05> G_loss: 6.464e-04 
25-07-20 21:29:36.679 : <epoch: 36, iter: 584,000, lr:2.500e-05> G_loss: 7.994e-04 
25-07-20 21:34:59.648 : <epoch: 36, iter: 585,000, lr:2.500e-05> G_loss: 7.911e-04 
25-07-20 21:40:23.477 : <epoch: 37, iter: 586,000, lr:2.500e-05> G_loss: 8.419e-04 
25-07-20 21:45:47.268 : <epoch: 37, iter: 587,000, lr:2.500e-05> G_loss: 6.944e-04 
25-07-20 21:51:10.232 : <epoch: 37, iter: 588,000, lr:2.500e-05> G_loss: 1.195e-03 
25-07-20 21:56:33.948 : <epoch: 37, iter: 589,000, lr:2.500e-05> G_loss: 9.366e-04 
25-07-20 22:01:57.666 : <epoch: 37, iter: 590,000, lr:2.500e-05> G_loss: 6.262e-04 
25-07-20 22:07:21.548 : <epoch: 37, iter: 591,000, lr:2.500e-05> G_loss: 6.883e-04 
25-07-20 22:12:45.406 : <epoch: 37, iter: 592,000, lr:2.500e-05> G_loss: 1.071e-03 
25-07-20 22:18:09.459 : <epoch: 37, iter: 593,000, lr:2.500e-05> G_loss: 9.479e-04 
25-07-20 22:23:33.473 : <epoch: 37, iter: 594,000, lr:2.500e-05> G_loss: 9.517e-04 
25-07-20 22:28:56.633 : <epoch: 37, iter: 595,000, lr:2.500e-05> G_loss: 7.366e-04 
25-07-20 22:34:19.646 : <epoch: 37, iter: 596,000, lr:2.500e-05> G_loss: 6.760e-04 
25-07-20 22:39:42.655 : <epoch: 37, iter: 597,000, lr:2.500e-05> G_loss: 7.417e-04 
25-07-20 22:45:06.113 : <epoch: 37, iter: 598,000, lr:2.500e-05> G_loss: 1.206e-03 
25-07-20 22:50:29.545 : <epoch: 37, iter: 599,000, lr:2.500e-05> G_loss: 8.630e-04 
25-07-20 22:55:53.271 : <epoch: 37, iter: 600,000, lr:6.250e-06> G_loss: 7.944e-04 
25-07-20 22:55:53.271 : Saving the model.
25-07-20 23:02:02.135 : <epoch: 37, iter: 600,000, Val PSNR: 52.67dB, Val SSIM: 0.9961
25-07-20 23:02:02.135 : Training samples this epoch: 29856
25-07-20 23:02:02.135 : Validation samples this check: 3611
25-07-20 23:02:02.136 : Saving PSNR checkpoint.
25-07-20 23:07:24.787 : <epoch: 37, iter: 601,000, lr:1.250e-05> G_loss: 8.149e-04 
25-07-20 23:12:47.770 : <epoch: 38, iter: 602,000, lr:1.250e-05> G_loss: 7.456e-04 
25-07-20 23:18:11.029 : <epoch: 38, iter: 603,000, lr:1.250e-05> G_loss: 1.101e-03 
25-07-20 23:23:34.287 : <epoch: 38, iter: 604,000, lr:1.250e-05> G_loss: 7.047e-04 
25-07-20 23:28:57.446 : <epoch: 38, iter: 605,000, lr:1.250e-05> G_loss: 5.370e-04 
25-07-20 23:34:20.945 : <epoch: 38, iter: 606,000, lr:1.250e-05> G_loss: 1.309e-03 
25-07-20 23:39:43.471 : <epoch: 38, iter: 607,000, lr:1.250e-05> G_loss: 6.964e-04 
25-07-20 23:45:06.423 : <epoch: 38, iter: 608,000, lr:1.250e-05> G_loss: 5.622e-04 
25-07-20 23:50:29.002 : <epoch: 38, iter: 609,000, lr:1.250e-05> G_loss: 7.458e-04 
25-07-20 23:55:51.768 : <epoch: 38, iter: 610,000, lr:1.250e-05> G_loss: 6.759e-04 
25-07-21 00:01:14.497 : <epoch: 38, iter: 611,000, lr:1.250e-05> G_loss: 9.247e-04 
25-07-21 00:06:37.935 : <epoch: 38, iter: 612,000, lr:1.250e-05> G_loss: 1.235e-03 
25-07-21 00:12:00.676 : <epoch: 38, iter: 613,000, lr:1.250e-05> G_loss: 1.383e-03 
25-07-21 00:17:23.663 : <epoch: 38, iter: 614,000, lr:1.250e-05> G_loss: 8.873e-04 
25-07-21 00:22:46.844 : <epoch: 38, iter: 615,000, lr:1.250e-05> G_loss: 1.044e-03 
25-07-21 00:28:09.604 : <epoch: 38, iter: 616,000, lr:1.250e-05> G_loss: 7.177e-04 
25-07-21 00:33:33.327 : <epoch: 38, iter: 617,000, lr:1.250e-05> G_loss: 6.652e-04 
25-07-21 00:38:56.511 : <epoch: 39, iter: 618,000, lr:1.250e-05> G_loss: 9.031e-04 
25-07-21 00:44:20.098 : <epoch: 39, iter: 619,000, lr:1.250e-05> G_loss: 6.682e-04 
25-07-21 00:49:43.280 : <epoch: 39, iter: 620,000, lr:1.250e-05> G_loss: 8.389e-04 
25-07-21 00:49:43.281 : Saving the model.
25-07-21 00:55:05.920 : <epoch: 39, iter: 621,000, lr:1.250e-05> G_loss: 6.415e-04 
25-07-21 01:00:28.814 : <epoch: 39, iter: 622,000, lr:1.250e-05> G_loss: 5.443e-04 
25-07-21 01:06:06.495 : <epoch: 39, iter: 623,000, lr:1.250e-05> G_loss: 9.361e-04 
25-07-21 01:11:28.244 : <epoch: 39, iter: 624,000, lr:1.250e-05> G_loss: 1.233e-03 
25-07-21 01:16:51.026 : <epoch: 39, iter: 625,000, lr:1.250e-05> G_loss: 7.210e-04 
25-07-21 01:22:13.937 : <epoch: 39, iter: 626,000, lr:1.250e-05> G_loss: 6.645e-04 
25-07-21 01:27:36.883 : <epoch: 39, iter: 627,000, lr:1.250e-05> G_loss: 7.394e-04 
25-07-21 01:32:59.725 : <epoch: 39, iter: 628,000, lr:1.250e-05> G_loss: 7.761e-04 
25-07-21 01:38:22.951 : <epoch: 39, iter: 629,000, lr:1.250e-05> G_loss: 8.789e-04 
25-07-21 01:43:46.326 : <epoch: 39, iter: 630,000, lr:1.250e-05> G_loss: 7.926e-04 
25-07-21 01:49:57.854 : <epoch: 39, iter: 630,000, Val PSNR: 52.77dB, Val SSIM: 0.9961
25-07-21 01:49:57.854 : Training samples this epoch: 24848
25-07-21 01:49:57.854 : Validation samples this check: 3611
25-07-21 01:49:57.855 : Saving PSNR checkpoint.
25-07-21 01:55:20.290 : <epoch: 39, iter: 631,000, lr:1.250e-05> G_loss: 5.767e-04 
25-07-21 02:00:42.925 : <epoch: 39, iter: 632,000, lr:1.250e-05> G_loss: 6.556e-04 
25-07-21 02:06:05.714 : <epoch: 39, iter: 633,000, lr:1.250e-05> G_loss: 8.583e-04 
25-07-21 02:11:28.813 : <epoch: 40, iter: 634,000, lr:1.250e-05> G_loss: 5.987e-04 
25-07-21 02:16:51.850 : <epoch: 40, iter: 635,000, lr:1.250e-05> G_loss: 9.123e-04 
25-07-21 02:22:14.916 : <epoch: 40, iter: 636,000, lr:1.250e-05> G_loss: 9.058e-04 
25-07-21 02:27:38.045 : <epoch: 40, iter: 637,000, lr:1.250e-05> G_loss: 9.377e-04 
25-07-21 02:33:00.945 : <epoch: 40, iter: 638,000, lr:1.250e-05> G_loss: 8.539e-04 
25-07-21 02:38:23.683 : <epoch: 40, iter: 639,000, lr:1.250e-05> G_loss: 7.937e-04 
25-07-21 02:43:47.117 : <epoch: 40, iter: 640,000, lr:1.250e-05> G_loss: 7.155e-04 
25-07-21 02:43:47.117 : Saving the model.
25-07-21 02:49:10.043 : <epoch: 40, iter: 641,000, lr:1.250e-05> G_loss: 7.941e-04 
25-07-21 02:54:33.031 : <epoch: 40, iter: 642,000, lr:1.250e-05> G_loss: 8.937e-04 
25-07-21 02:59:55.089 : <epoch: 40, iter: 643,000, lr:1.250e-05> G_loss: 9.202e-04 
25-07-21 03:05:16.952 : <epoch: 40, iter: 644,000, lr:1.250e-05> G_loss: 7.553e-04 
25-07-21 03:10:40.171 : <epoch: 40, iter: 645,000, lr:1.250e-05> G_loss: 8.487e-04 
25-07-21 03:16:03.265 : <epoch: 40, iter: 646,000, lr:1.250e-05> G_loss: 5.035e-04 
25-07-21 03:21:26.372 : <epoch: 40, iter: 647,000, lr:1.250e-05> G_loss: 8.226e-04 
25-07-21 03:26:49.341 : <epoch: 40, iter: 648,000, lr:1.250e-05> G_loss: 7.205e-04 
25-07-21 03:32:11.701 : <epoch: 40, iter: 649,000, lr:1.250e-05> G_loss: 1.023e-03 
25-07-21 03:37:34.667 : <epoch: 40, iter: 650,000, lr:1.250e-05> G_loss: 8.884e-04 
25-07-21 03:42:58.359 : <epoch: 41, iter: 651,000, lr:1.250e-05> G_loss: 7.342e-04 
25-07-21 03:48:21.505 : <epoch: 41, iter: 652,000, lr:1.250e-05> G_loss: 6.223e-04 
25-07-21 03:53:44.351 : <epoch: 41, iter: 653,000, lr:1.250e-05> G_loss: 1.039e-03 
25-07-21 03:59:07.525 : <epoch: 41, iter: 654,000, lr:1.250e-05> G_loss: 8.488e-04 
25-07-21 04:04:30.479 : <epoch: 41, iter: 655,000, lr:1.250e-05> G_loss: 8.192e-04 
25-07-21 04:09:53.970 : <epoch: 41, iter: 656,000, lr:1.250e-05> G_loss: 8.390e-04 
25-07-21 04:15:17.221 : <epoch: 41, iter: 657,000, lr:1.250e-05> G_loss: 8.012e-04 
25-07-21 04:20:40.157 : <epoch: 41, iter: 658,000, lr:1.250e-05> G_loss: 9.167e-04 
25-07-21 04:26:03.023 : <epoch: 41, iter: 659,000, lr:1.250e-05> G_loss: 7.930e-04 
25-07-21 04:31:26.710 : <epoch: 41, iter: 660,000, lr:1.250e-05> G_loss: 9.420e-04 
25-07-21 04:31:26.711 : Saving the model.
25-07-21 04:37:39.321 : <epoch: 41, iter: 660,000, Val PSNR: 52.77dB, Val SSIM: 0.9962
25-07-21 04:37:39.321 : Training samples this epoch: 19840
25-07-21 04:37:39.321 : Validation samples this check: 3611
25-07-21 04:37:39.322 : Saving PSNR checkpoint.
25-07-21 04:43:03.307 : <epoch: 41, iter: 661,000, lr:1.250e-05> G_loss: 8.128e-04 
25-07-21 04:48:26.472 : <epoch: 41, iter: 662,000, lr:1.250e-05> G_loss: 7.572e-04 
25-07-21 04:53:49.250 : <epoch: 41, iter: 663,000, lr:1.250e-05> G_loss: 7.557e-04 
25-07-21 04:59:11.522 : <epoch: 41, iter: 664,000, lr:1.250e-05> G_loss: 9.013e-04 
25-07-21 05:04:34.271 : <epoch: 41, iter: 665,000, lr:1.250e-05> G_loss: 7.719e-04 
25-07-21 05:09:57.482 : <epoch: 41, iter: 666,000, lr:1.250e-05> G_loss: 8.993e-04 
25-07-21 05:15:21.569 : <epoch: 42, iter: 667,000, lr:1.250e-05> G_loss: 8.037e-04 
25-07-21 05:20:45.266 : <epoch: 42, iter: 668,000, lr:1.250e-05> G_loss: 7.079e-04 
25-07-21 05:26:09.586 : <epoch: 42, iter: 669,000, lr:1.250e-05> G_loss: 7.823e-04 
25-07-21 05:31:32.964 : <epoch: 42, iter: 670,000, lr:1.250e-05> G_loss: 7.905e-04 
25-07-21 05:36:57.411 : <epoch: 42, iter: 671,000, lr:1.250e-05> G_loss: 9.705e-04 
25-07-21 05:42:21.061 : <epoch: 42, iter: 672,000, lr:1.250e-05> G_loss: 6.676e-04 
25-07-21 05:47:45.048 : <epoch: 42, iter: 673,000, lr:1.250e-05> G_loss: 7.018e-04 
25-07-21 05:53:07.722 : <epoch: 42, iter: 674,000, lr:1.250e-05> G_loss: 7.401e-04 
25-07-21 05:58:30.141 : <epoch: 42, iter: 675,000, lr:1.250e-05> G_loss: 8.241e-04 
25-07-21 06:03:53.279 : <epoch: 42, iter: 676,000, lr:1.250e-05> G_loss: 8.827e-04 
25-07-21 06:09:16.172 : <epoch: 42, iter: 677,000, lr:1.250e-05> G_loss: 7.715e-04 
25-07-21 06:14:39.967 : <epoch: 42, iter: 678,000, lr:1.250e-05> G_loss: 7.212e-04 
25-07-21 06:20:03.864 : <epoch: 42, iter: 679,000, lr:1.250e-05> G_loss: 7.568e-04 
25-07-21 06:25:27.527 : <epoch: 42, iter: 680,000, lr:1.250e-05> G_loss: 7.595e-04 
25-07-21 06:25:27.528 : Saving the model.
25-07-21 06:30:50.602 : <epoch: 42, iter: 681,000, lr:1.250e-05> G_loss: 6.359e-04 
25-07-21 06:36:14.150 : <epoch: 42, iter: 682,000, lr:1.250e-05> G_loss: 8.297e-04 
25-07-21 06:41:38.017 : <epoch: 43, iter: 683,000, lr:1.250e-05> G_loss: 8.155e-04 
25-07-21 06:47:01.114 : <epoch: 43, iter: 684,000, lr:1.250e-05> G_loss: 1.037e-03 
25-07-21 06:52:24.574 : <epoch: 43, iter: 685,000, lr:1.250e-05> G_loss: 1.082e-03 
25-07-21 06:57:47.899 : <epoch: 43, iter: 686,000, lr:1.250e-05> G_loss: 1.098e-03 
25-07-21 07:03:10.821 : <epoch: 43, iter: 687,000, lr:1.250e-05> G_loss: 7.990e-04 
25-07-21 07:08:33.722 : <epoch: 43, iter: 688,000, lr:1.250e-05> G_loss: 7.578e-04 
25-07-21 07:13:57.471 : <epoch: 43, iter: 689,000, lr:1.250e-05> G_loss: 9.361e-04 
25-07-21 07:19:20.649 : <epoch: 43, iter: 690,000, lr:1.250e-05> G_loss: 9.030e-04 
25-07-21 07:25:28.202 : <epoch: 43, iter: 690,000, Val PSNR: 52.78dB, Val SSIM: 0.9962
25-07-21 07:25:28.202 : Training samples this epoch: 14832
25-07-21 07:25:28.202 : Validation samples this check: 3611
25-07-21 07:25:28.203 : Saving PSNR checkpoint.
25-07-21 07:30:53.446 : <epoch: 43, iter: 691,000, lr:1.250e-05> G_loss: 7.935e-04 
25-07-21 07:36:17.174 : <epoch: 43, iter: 692,000, lr:1.250e-05> G_loss: 7.471e-04 
25-07-21 07:41:39.895 : <epoch: 43, iter: 693,000, lr:1.250e-05> G_loss: 7.190e-04 
25-07-21 07:47:02.625 : <epoch: 43, iter: 694,000, lr:1.250e-05> G_loss: 7.200e-04 
25-07-21 07:52:25.176 : <epoch: 43, iter: 695,000, lr:1.250e-05> G_loss: 5.754e-04 
25-07-21 07:57:47.862 : <epoch: 43, iter: 696,000, lr:1.250e-05> G_loss: 8.556e-04 
25-07-21 08:03:10.363 : <epoch: 43, iter: 697,000, lr:1.250e-05> G_loss: 8.120e-04 
25-07-21 08:08:33.037 : <epoch: 43, iter: 698,000, lr:1.250e-05> G_loss: 7.141e-04 
25-07-21 08:13:55.277 : <epoch: 44, iter: 699,000, lr:1.250e-05> G_loss: 7.242e-04 
25-07-21 08:19:19.831 : <epoch: 44, iter: 700,000, lr:1.250e-05> G_loss: 7.805e-04 
25-07-21 08:19:19.831 : Saving the model.
25-07-21 08:24:43.343 : <epoch: 44, iter: 701,000, lr:1.250e-05> G_loss: 9.971e-04 
25-07-21 08:30:06.227 : <epoch: 44, iter: 702,000, lr:1.250e-05> G_loss: 7.800e-04 
25-07-21 08:35:29.727 : <epoch: 44, iter: 703,000, lr:1.250e-05> G_loss: 7.710e-04 
25-07-21 08:40:52.971 : <epoch: 44, iter: 704,000, lr:1.250e-05> G_loss: 7.491e-04 
25-07-21 08:46:16.499 : <epoch: 44, iter: 705,000, lr:1.250e-05> G_loss: 6.891e-04 
25-07-21 08:51:40.007 : <epoch: 44, iter: 706,000, lr:1.250e-05> G_loss: 8.807e-04 
25-07-21 08:57:03.514 : <epoch: 44, iter: 707,000, lr:1.250e-05> G_loss: 1.203e-03 
25-07-21 09:02:26.829 : <epoch: 44, iter: 708,000, lr:1.250e-05> G_loss: 6.658e-04 
25-07-21 09:07:50.328 : <epoch: 44, iter: 709,000, lr:1.250e-05> G_loss: 9.950e-04 
25-07-21 09:13:14.540 : <epoch: 44, iter: 710,000, lr:1.250e-05> G_loss: 9.190e-04 
25-07-21 09:18:37.862 : <epoch: 44, iter: 711,000, lr:1.250e-05> G_loss: 1.121e-03 
25-07-21 09:24:00.918 : <epoch: 44, iter: 712,000, lr:1.250e-05> G_loss: 8.173e-04 
25-07-21 09:29:24.143 : <epoch: 44, iter: 713,000, lr:1.250e-05> G_loss: 9.234e-04 
25-07-21 09:34:47.540 : <epoch: 44, iter: 714,000, lr:1.250e-05> G_loss: 1.223e-03 
25-07-21 09:40:10.869 : <epoch: 44, iter: 715,000, lr:1.250e-05> G_loss: 6.100e-04 
25-07-21 09:45:34.092 : <epoch: 45, iter: 716,000, lr:1.250e-05> G_loss: 9.304e-04 
25-07-21 09:50:56.286 : <epoch: 45, iter: 717,000, lr:1.250e-05> G_loss: 7.505e-04 
25-07-21 09:56:19.218 : <epoch: 45, iter: 718,000, lr:1.250e-05> G_loss: 7.808e-04 
25-07-21 10:01:41.935 : <epoch: 45, iter: 719,000, lr:1.250e-05> G_loss: 6.607e-04 
25-07-21 10:07:04.305 : <epoch: 45, iter: 720,000, lr:1.250e-05> G_loss: 7.876e-04 
25-07-21 10:07:04.305 : Saving the model.
25-07-21 10:13:10.365 : <epoch: 45, iter: 720,000, Val PSNR: 52.80dB, Val SSIM: 0.9962
25-07-21 10:13:10.366 : Training samples this epoch: 9824
25-07-21 10:13:10.366 : Validation samples this check: 3611
25-07-21 10:13:10.367 : Saving PSNR checkpoint.
25-07-21 10:18:32.595 : <epoch: 45, iter: 721,000, lr:1.250e-05> G_loss: 6.922e-04 
25-07-21 10:23:54.504 : <epoch: 45, iter: 722,000, lr:1.250e-05> G_loss: 7.666e-04 
25-07-21 10:29:17.132 : <epoch: 45, iter: 723,000, lr:1.250e-05> G_loss: 1.184e-03 
25-07-21 10:34:39.777 : <epoch: 45, iter: 724,000, lr:1.250e-05> G_loss: 8.325e-04 
25-07-21 10:40:02.696 : <epoch: 45, iter: 725,000, lr:1.250e-05> G_loss: 7.853e-04 
25-07-21 10:45:25.600 : <epoch: 45, iter: 726,000, lr:1.250e-05> G_loss: 1.013e-03 
25-07-21 10:50:48.067 : <epoch: 45, iter: 727,000, lr:1.250e-05> G_loss: 7.729e-04 
25-07-21 10:56:09.926 : <epoch: 45, iter: 728,000, lr:1.250e-05> G_loss: 1.135e-03 
25-07-21 11:01:32.351 : <epoch: 45, iter: 729,000, lr:1.250e-05> G_loss: 8.542e-04 
25-07-21 11:06:54.540 : <epoch: 45, iter: 730,000, lr:1.250e-05> G_loss: 9.377e-04 
25-07-21 11:12:17.280 : <epoch: 45, iter: 731,000, lr:1.250e-05> G_loss: 7.090e-04 
25-07-21 11:17:39.906 : <epoch: 46, iter: 732,000, lr:1.250e-05> G_loss: 7.004e-04 
25-07-21 11:23:01.723 : <epoch: 46, iter: 733,000, lr:1.250e-05> G_loss: 1.223e-03 
25-07-21 11:28:23.916 : <epoch: 46, iter: 734,000, lr:1.250e-05> G_loss: 8.412e-04 
25-07-21 11:33:45.290 : <epoch: 46, iter: 735,000, lr:1.250e-05> G_loss: 5.127e-04 
25-07-21 11:39:07.594 : <epoch: 46, iter: 736,000, lr:1.250e-05> G_loss: 7.337e-04 
25-07-21 11:44:29.596 : <epoch: 46, iter: 737,000, lr:1.250e-05> G_loss: 7.401e-04 
25-07-21 11:49:51.816 : <epoch: 46, iter: 738,000, lr:1.250e-05> G_loss: 7.134e-04 
25-07-21 11:55:13.442 : <epoch: 46, iter: 739,000, lr:1.250e-05> G_loss: 5.666e-04 
25-07-21 12:00:35.183 : <epoch: 46, iter: 740,000, lr:1.250e-05> G_loss: 8.264e-04 
25-07-21 12:00:35.183 : Saving the model.
25-07-21 12:05:56.372 : <epoch: 46, iter: 741,000, lr:1.250e-05> G_loss: 1.022e-03 
25-07-21 12:11:18.085 : <epoch: 46, iter: 742,000, lr:1.250e-05> G_loss: 7.355e-04 
25-07-21 12:16:39.568 : <epoch: 46, iter: 743,000, lr:1.250e-05> G_loss: 9.684e-04 
25-07-21 12:22:01.224 : <epoch: 46, iter: 744,000, lr:1.250e-05> G_loss: 4.587e-04 
25-07-21 12:27:22.235 : <epoch: 46, iter: 745,000, lr:1.250e-05> G_loss: 8.906e-04 
25-07-21 12:32:44.505 : <epoch: 46, iter: 746,000, lr:1.250e-05> G_loss: 7.065e-04 
25-07-21 12:38:06.372 : <epoch: 46, iter: 747,000, lr:1.250e-05> G_loss: 5.920e-04 
25-07-21 12:43:29.044 : <epoch: 47, iter: 748,000, lr:1.250e-05> G_loss: 8.065e-04 
25-07-21 12:48:51.275 : <epoch: 47, iter: 749,000, lr:1.250e-05> G_loss: 8.128e-04 
25-07-21 12:54:13.047 : <epoch: 47, iter: 750,000, lr:1.250e-05> G_loss: 1.013e-03 
25-07-21 13:00:09.736 : <epoch: 47, iter: 750,000, Val PSNR: 52.80dB, Val SSIM: 0.9962
25-07-21 13:00:09.737 : Training samples this epoch: 4816
25-07-21 13:00:09.737 : Validation samples this check: 3611
25-07-21 13:00:09.737 : Saving PSNR checkpoint.
25-07-21 13:05:32.103 : <epoch: 47, iter: 751,000, lr:1.250e-05> G_loss: 7.716e-04 
25-07-21 13:10:54.788 : <epoch: 47, iter: 752,000, lr:1.250e-05> G_loss: 7.578e-04 
25-07-21 13:16:17.813 : <epoch: 47, iter: 753,000, lr:1.250e-05> G_loss: 7.179e-04 
25-07-21 13:21:40.884 : <epoch: 47, iter: 754,000, lr:1.250e-05> G_loss: 8.592e-04 
25-07-21 13:27:02.773 : <epoch: 47, iter: 755,000, lr:1.250e-05> G_loss: 1.064e-03 
25-07-21 13:32:26.105 : <epoch: 47, iter: 756,000, lr:1.250e-05> G_loss: 7.518e-04 
25-07-21 13:37:48.364 : <epoch: 47, iter: 757,000, lr:1.250e-05> G_loss: 8.712e-04 
25-07-21 13:43:10.356 : <epoch: 47, iter: 758,000, lr:1.250e-05> G_loss: 5.698e-04 
25-07-21 13:48:32.934 : <epoch: 47, iter: 759,000, lr:1.250e-05> G_loss: 1.161e-03 
25-07-21 13:53:55.668 : <epoch: 47, iter: 760,000, lr:1.250e-05> G_loss: 7.770e-04 
25-07-21 13:53:55.669 : Saving the model.
25-07-21 13:59:16.433 : <epoch: 47, iter: 761,000, lr:1.250e-05> G_loss: 8.452e-04 
25-07-21 14:04:37.758 : <epoch: 47, iter: 762,000, lr:1.250e-05> G_loss: 6.835e-04 
25-07-21 14:09:59.456 : <epoch: 47, iter: 763,000, lr:1.250e-05> G_loss: 6.527e-04 
25-07-21 14:15:21.375 : <epoch: 48, iter: 764,000, lr:1.250e-05> G_loss: 7.638e-04 
25-07-21 14:20:43.901 : <epoch: 48, iter: 765,000, lr:1.250e-05> G_loss: 7.184e-04 
25-07-21 14:26:05.651 : <epoch: 48, iter: 766,000, lr:1.250e-05> G_loss: 5.876e-04 
25-07-21 14:31:28.302 : <epoch: 48, iter: 767,000, lr:1.250e-05> G_loss: 1.070e-03 
25-07-21 14:36:50.764 : <epoch: 48, iter: 768,000, lr:1.250e-05> G_loss: 8.492e-04 
25-07-21 14:42:13.882 : <epoch: 48, iter: 769,000, lr:1.250e-05> G_loss: 8.251e-04 
25-07-21 14:47:36.193 : <epoch: 48, iter: 770,000, lr:1.250e-05> G_loss: 7.648e-04 
25-07-21 14:52:58.372 : <epoch: 48, iter: 771,000, lr:1.250e-05> G_loss: 9.826e-04 
25-07-21 14:58:20.529 : <epoch: 48, iter: 772,000, lr:1.250e-05> G_loss: 7.995e-04 
25-07-21 15:03:42.686 : <epoch: 48, iter: 773,000, lr:1.250e-05> G_loss: 7.611e-04 
25-07-21 15:09:05.268 : <epoch: 48, iter: 774,000, lr:1.250e-05> G_loss: 6.980e-04 
25-07-21 15:14:27.731 : <epoch: 48, iter: 775,000, lr:1.250e-05> G_loss: 8.545e-04 
25-07-21 15:19:49.767 : <epoch: 48, iter: 776,000, lr:1.250e-05> G_loss: 8.312e-04 
25-07-21 15:25:12.017 : <epoch: 48, iter: 777,000, lr:1.250e-05> G_loss: 5.740e-04 
25-07-21 15:30:34.230 : <epoch: 48, iter: 778,000, lr:1.250e-05> G_loss: 6.627e-04 
25-07-21 15:35:56.446 : <epoch: 48, iter: 779,000, lr:1.250e-05> G_loss: 8.496e-04 
25-07-21 15:41:19.156 : <epoch: 48, iter: 780,000, lr:1.250e-05> G_loss: 7.073e-04 
25-07-21 15:41:19.156 : Saving the model.
25-07-21 15:47:27.015 : <epoch: 48, iter: 780,000, Val PSNR: 52.81dB, Val SSIM: 0.9962
25-07-21 15:47:27.015 : Training samples this epoch: 32312
25-07-21 15:47:27.015 : Validation samples this check: 3611
25-07-21 15:47:27.016 : Saving PSNR checkpoint.
25-07-21 15:52:49.302 : <epoch: 49, iter: 781,000, lr:1.250e-05> G_loss: 8.839e-04 
25-07-21 15:58:11.090 : <epoch: 49, iter: 782,000, lr:1.250e-05> G_loss: 7.404e-04 
25-07-21 16:03:33.475 : <epoch: 49, iter: 783,000, lr:1.250e-05> G_loss: 5.443e-04 
25-07-21 16:08:56.454 : <epoch: 49, iter: 784,000, lr:1.250e-05> G_loss: 8.954e-04 
25-07-21 16:14:18.408 : <epoch: 49, iter: 785,000, lr:1.250e-05> G_loss: 6.634e-04 
25-07-21 16:19:40.193 : <epoch: 49, iter: 786,000, lr:1.250e-05> G_loss: 8.821e-04 
25-07-21 16:25:02.500 : <epoch: 49, iter: 787,000, lr:1.250e-05> G_loss: 8.700e-04 
25-07-21 16:30:24.484 : <epoch: 49, iter: 788,000, lr:1.250e-05> G_loss: 1.061e-03 
25-07-21 16:35:46.859 : <epoch: 49, iter: 789,000, lr:1.250e-05> G_loss: 8.710e-04 
25-07-21 16:41:08.767 : <epoch: 49, iter: 790,000, lr:1.250e-05> G_loss: 8.089e-04 
25-07-21 16:46:30.494 : <epoch: 49, iter: 791,000, lr:1.250e-05> G_loss: 7.547e-04 
25-07-21 16:51:52.711 : <epoch: 49, iter: 792,000, lr:1.250e-05> G_loss: 7.247e-04 
25-07-21 16:57:14.820 : <epoch: 49, iter: 793,000, lr:1.250e-05> G_loss: 6.826e-04 
25-07-21 17:02:36.763 : <epoch: 49, iter: 794,000, lr:1.250e-05> G_loss: 7.384e-04 
25-07-21 17:07:58.921 : <epoch: 49, iter: 795,000, lr:1.250e-05> G_loss: 8.312e-04 
25-07-21 17:13:21.616 : <epoch: 49, iter: 796,000, lr:1.250e-05> G_loss: 8.963e-04 
25-07-21 17:18:44.075 : <epoch: 50, iter: 797,000, lr:1.250e-05> G_loss: 7.441e-04 
25-07-21 17:24:05.701 : <epoch: 50, iter: 798,000, lr:1.250e-05> G_loss: 9.085e-04 
25-07-21 17:29:28.198 : <epoch: 50, iter: 799,000, lr:1.250e-05> G_loss: 6.334e-04 
25-07-21 17:34:50.438 : <epoch: 50, iter: 800,000, lr:3.125e-06> G_loss: 9.979e-04 
25-07-21 17:34:50.439 : Saving the model.
25-07-21 17:40:11.843 : <epoch: 50, iter: 801,000, lr:6.250e-06> G_loss: 7.364e-04 
25-07-21 17:45:33.908 : <epoch: 50, iter: 802,000, lr:6.250e-06> G_loss: 1.053e-03 
25-07-21 17:50:55.780 : <epoch: 50, iter: 803,000, lr:6.250e-06> G_loss: 6.290e-04 
25-07-24 15:53:48.936 :   task: scunet_ngswin_conv_trans_nstb
  model: scunet_ngswin
  gpu_ids: [0]
  dist: False
  scale: 1
  n_channels: 1
  path:[
    root: training_results/conv_trans_nstb
    pretrained_netG: training_results/conv_trans_nstb/scunet_ngswin_conv_trans_nstb/models/800000_G.pth
    pretrained_netE: training_results/conv_trans_nstb/scunet_ngswin_conv_trans_nstb/models/800000_E.pth
    task: training_results/conv_trans_nstb/scunet_ngswin_conv_trans_nstb
    log: training_results/conv_trans_nstb/scunet_ngswin_conv_trans_nstb
    options: training_results/conv_trans_nstb/scunet_ngswin_conv_trans_nstb/options
    models: training_results/conv_trans_nstb/scunet_ngswin_conv_trans_nstb/models
    images: training_results/conv_trans_nstb/scunet_ngswin_conv_trans_nstb/images
    pretrained_optimizerG: None
  ]
  datasets:[
    train:[
      name: syn_deeplesion_train_li_ct
      dataset_type: li_ct
      dataroot_H: /home/Drive-D/SynDeepLesion/train_640geo
      dataloader_shuffle: True
      dataloader_num_workers: 4
      dataloader_batch_size: 2
      phase: train
      scale: 1
      n_channels: 1
    ]
    test:[
      name: syn_deeplesion_test_li_ct
      dataset_type: li_ct
      dataroot_H: /home/Drive-D/SynDeepLesion/test_640geo
      phase: test
      scale: 1
      n_channels: 1
    ]
    test_2:[
      name: clinical_metal_test_nii_ct
      dataset_type: nii_ct
      dataroot_H: /home/Drive-D/clinical_metal
      phase: test
      scale: 1
      n_channels: 1
    ]
  ]
  netG:[
    net_type: scunet_ngswin
    in_nc: 1
    out_nc: 1
    config: [1, 1, 1, 1, 1, 1, 1]
    dim: 32
    drop_path_rate: 0.0
    input_resolution: 512
    block_variant: conv_trans_nstb
    init_type: kaiming_normal
    init_bn_type: constant
    init_gain: 1.0
    scale: 1
  ]
  train:[
    G_lossfn_type: l1
    G_lossfn_weight: 1.0
    E_decay: 0.999
    G_optimizer_type: adam
    G_optimizer_lr: 0.0001
    G_optimizer_wd: 0
    G_scheduler_type: MultiStepLR
    G_scheduler_milestones: [200000, 400000, 600000, 800000]
    G_scheduler_gamma: 0.5
    G_param_strict: True
    E_param_strict: True
    checkpoint_test: 30000
    checkpoint_save: 20000
    checkpoint_print: 1000
    use_fp16: True
    test_both_checkpoints: True
    test_save_every_nth: 10
    F_feature_layer: 34
    F_weights: 1.0
    F_lossfn_type: l1
    F_use_input_norm: True
    F_use_range_norm: False
    G_optimizer_betas: [0.9, 0.999]
    G_scheduler_restart_weights: 1
    G_optimizer_reuse: False
  ]
  opt_path: options/train_scunet_ngswin_4.json
  is_train: True
  merge_bn: False
  merge_bn_startpoint: -1
  find_unused_parameters: False
  use_static_graph: False
  num_gpu: 1
  device: cuda

25-07-24 15:53:48.936 : Using device: cuda
25-07-24 15:53:55.503 : Total samples: 36,116 | Train: 32,505 (90.0%) | Validation: 3,611 (10.0%)
25-07-24 15:53:55.503 : Training iters per epoch: 16,253
25-07-24 15:53:55.527 : Test set samples: 2,000
25-07-24 15:53:56.693 : 
Networks name: SCUNet_NGSwin
Params number: 6881982
Net structure:
SCUNet_NGSwin(
  (m_head): Sequential(
    (0): Conv2d(1, 64, kernel_size=(3, 3), stride=(1, 1), padding=(1, 1), bias=False)
  )
  (m_down1): Sequential(
    (0): ConvTransNSTBBlock(
      (conv1_1): Conv2d(64, 64, kernel_size=(1, 1), stride=(1, 1))
      (conv_block): Sequential(
        (0): Conv2d(32, 32, kernel_size=(3, 3), stride=(1, 1), padding=(1, 1), bias=False)
        (1): ReLU(inplace=True)
        (2): Conv2d(32, 32, kernel_size=(3, 3), stride=(1, 1), padding=(1, 1), bias=False)
      )
      (trans_block): Block(
        (ln1): LayerNorm((32,), eps=1e-05, elementwise_affine=True)
        (msa): WMSA(
          (embedding_layer): Linear(in_features=32, out_features=96, bias=True)
          (linear): Linear(in_features=32, out_features=32, bias=True)
        )
        (drop_path): Identity()
        (ln2): LayerNorm((32,), eps=1e-05, elementwise_affine=True)
        (mlp): Sequential(
          (0): Linear(in_features=32, out_features=128, bias=True)
          (1): GELU(approximate='none')
          (2): Linear(in_features=128, out_features=32, bias=True)
        )
      )
      (nstb_block): NSTB(
        (ngram_window_partition): NGramWindowPartition(
          (ngram_context): NGramContext(
            (unigram_embed): Conv2d(32, 16, kernel_size=(8, 8), stride=(8, 8), groups=16)
            (ngram_attn): WindowAttention(
              (qkv): Linear(in_features=16, out_features=48, bias=True)
              (attn_drop): Dropout(p=0.0, inplace=False)
              (proj): Linear(in_features=16, out_features=16, bias=True)
              (proj_drop): Dropout(p=0.0, inplace=False)
              (softmax): Softmax(dim=-1)
            )
            (avg_pool): AvgPool2d(kernel_size=2, stride=2, padding=0)
            (merge): Conv2d(32, 32, kernel_size=(1, 1), stride=(1, 1))
          )
        )
        (attn): WindowAttention(
          (qkv): Linear(in_features=32, out_features=96, bias=True)
          (attn_drop): Dropout(p=0.0, inplace=False)
          (proj): Linear(in_features=32, out_features=32, bias=True)
          (proj_drop): Dropout(p=0.0, inplace=False)
          (softmax): Softmax(dim=-1)
        )
        (norm1): LayerNorm((32,), eps=1e-05, elementwise_affine=True)
        (drop_path): Identity()
        (ffn): Mlp(
          (fc1): Linear(in_features=32, out_features=64, bias=True)
          (act): GELU(approximate='none')
          (drop1): Dropout(p=0.0, inplace=False)
          (norm): Identity()
          (fc2): Linear(in_features=64, out_features=32, bias=True)
          (drop2): Dropout(p=0.0, inplace=False)
        )
        (norm2): LayerNorm((32,), eps=1e-05, elementwise_affine=True)
      )
      (conv1_2): Conv2d(96, 64, kernel_size=(1, 1), stride=(1, 1))
    )
    (1): Conv2d(64, 128, kernel_size=(2, 2), stride=(2, 2), bias=False)
  )
  (m_down2): Sequential(
    (0): ConvTransNSTBBlock(
      (conv1_1): Conv2d(128, 128, kernel_size=(1, 1), stride=(1, 1))
      (conv_block): Sequential(
        (0): Conv2d(64, 64, kernel_size=(3, 3), stride=(1, 1), padding=(1, 1), bias=False)
        (1): ReLU(inplace=True)
        (2): Conv2d(64, 64, kernel_size=(3, 3), stride=(1, 1), padding=(1, 1), bias=False)
      )
      (trans_block): Block(
        (ln1): LayerNorm((64,), eps=1e-05, elementwise_affine=True)
        (msa): WMSA(
          (embedding_layer): Linear(in_features=64, out_features=192, bias=True)
          (linear): Linear(in_features=64, out_features=64, bias=True)
        )
        (drop_path): Identity()
        (ln2): LayerNorm((64,), eps=1e-05, elementwise_affine=True)
        (mlp): Sequential(
          (0): Linear(in_features=64, out_features=256, bias=True)
          (1): GELU(approximate='none')
          (2): Linear(in_features=256, out_features=64, bias=True)
        )
      )
      (nstb_block): NSTB(
        (ngram_window_partition): NGramWindowPartition(
          (ngram_context): NGramContext(
            (unigram_embed): Conv2d(64, 32, kernel_size=(8, 8), stride=(8, 8), groups=32)
            (ngram_attn): WindowAttention(
              (qkv): Linear(in_features=32, out_features=96, bias=True)
              (attn_drop): Dropout(p=0.0, inplace=False)
              (proj): Linear(in_features=32, out_features=32, bias=True)
              (proj_drop): Dropout(p=0.0, inplace=False)
              (softmax): Softmax(dim=-1)
            )
            (avg_pool): AvgPool2d(kernel_size=2, stride=2, padding=0)
            (merge): Conv2d(64, 64, kernel_size=(1, 1), stride=(1, 1))
          )
        )
        (attn): WindowAttention(
          (qkv): Linear(in_features=64, out_features=192, bias=True)
          (attn_drop): Dropout(p=0.0, inplace=False)
          (proj): Linear(in_features=64, out_features=64, bias=True)
          (proj_drop): Dropout(p=0.0, inplace=False)
          (softmax): Softmax(dim=-1)
        )
        (norm1): LayerNorm((64,), eps=1e-05, elementwise_affine=True)
        (drop_path): Identity()
        (ffn): Mlp(
          (fc1): Linear(in_features=64, out_features=128, bias=True)
          (act): GELU(approximate='none')
          (drop1): Dropout(p=0.0, inplace=False)
          (norm): Identity()
          (fc2): Linear(in_features=128, out_features=64, bias=True)
          (drop2): Dropout(p=0.0, inplace=False)
        )
        (norm2): LayerNorm((64,), eps=1e-05, elementwise_affine=True)
      )
      (conv1_2): Conv2d(192, 128, kernel_size=(1, 1), stride=(1, 1))
    )
    (1): Conv2d(128, 256, kernel_size=(2, 2), stride=(2, 2), bias=False)
  )
  (m_down3): Sequential(
    (0): ConvTransNSTBBlock(
      (conv1_1): Conv2d(256, 256, kernel_size=(1, 1), stride=(1, 1))
      (conv_block): Sequential(
        (0): Conv2d(128, 128, kernel_size=(3, 3), stride=(1, 1), padding=(1, 1), bias=False)
        (1): ReLU(inplace=True)
        (2): Conv2d(128, 128, kernel_size=(3, 3), stride=(1, 1), padding=(1, 1), bias=False)
      )
      (trans_block): Block(
        (ln1): LayerNorm((128,), eps=1e-05, elementwise_affine=True)
        (msa): WMSA(
          (embedding_layer): Linear(in_features=128, out_features=384, bias=True)
          (linear): Linear(in_features=128, out_features=128, bias=True)
        )
        (drop_path): Identity()
        (ln2): LayerNorm((128,), eps=1e-05, elementwise_affine=True)
        (mlp): Sequential(
          (0): Linear(in_features=128, out_features=512, bias=True)
          (1): GELU(approximate='none')
          (2): Linear(in_features=512, out_features=128, bias=True)
        )
      )
      (nstb_block): NSTB(
        (ngram_window_partition): NGramWindowPartition(
          (ngram_context): NGramContext(
            (unigram_embed): Conv2d(128, 64, kernel_size=(8, 8), stride=(8, 8), groups=64)
            (ngram_attn): WindowAttention(
              (qkv): Linear(in_features=64, out_features=192, bias=True)
              (attn_drop): Dropout(p=0.0, inplace=False)
              (proj): Linear(in_features=64, out_features=64, bias=True)
              (proj_drop): Dropout(p=0.0, inplace=False)
              (softmax): Softmax(dim=-1)
            )
            (avg_pool): AvgPool2d(kernel_size=2, stride=2, padding=0)
            (merge): Conv2d(128, 128, kernel_size=(1, 1), stride=(1, 1))
          )
        )
        (attn): WindowAttention(
          (qkv): Linear(in_features=128, out_features=384, bias=True)
          (attn_drop): Dropout(p=0.0, inplace=False)
          (proj): Linear(in_features=128, out_features=128, bias=True)
          (proj_drop): Dropout(p=0.0, inplace=False)
          (softmax): Softmax(dim=-1)
        )
        (norm1): LayerNorm((128,), eps=1e-05, elementwise_affine=True)
        (drop_path): Identity()
        (ffn): Mlp(
          (fc1): Linear(in_features=128, out_features=256, bias=True)
          (act): GELU(approximate='none')
          (drop1): Dropout(p=0.0, inplace=False)
          (norm): Identity()
          (fc2): Linear(in_features=256, out_features=128, bias=True)
          (drop2): Dropout(p=0.0, inplace=False)
        )
        (norm2): LayerNorm((128,), eps=1e-05, elementwise_affine=True)
      )
      (conv1_2): Conv2d(384, 256, kernel_size=(1, 1), stride=(1, 1))
    )
    (1): Conv2d(256, 512, kernel_size=(2, 2), stride=(2, 2), bias=False)
  )
  (m_body): Sequential(
    (0): ConvTransNSTBBlock(
      (conv1_1): Conv2d(512, 512, kernel_size=(1, 1), stride=(1, 1))
      (conv_block): Sequential(
        (0): Conv2d(256, 256, kernel_size=(3, 3), stride=(1, 1), padding=(1, 1), bias=False)
        (1): ReLU(inplace=True)
        (2): Conv2d(256, 256, kernel_size=(3, 3), stride=(1, 1), padding=(1, 1), bias=False)
      )
      (trans_block): Block(
        (ln1): LayerNorm((256,), eps=1e-05, elementwise_affine=True)
        (msa): WMSA(
          (embedding_layer): Linear(in_features=256, out_features=768, bias=True)
          (linear): Linear(in_features=256, out_features=256, bias=True)
        )
        (drop_path): Identity()
        (ln2): LayerNorm((256,), eps=1e-05, elementwise_affine=True)
        (mlp): Sequential(
          (0): Linear(in_features=256, out_features=1024, bias=True)
          (1): GELU(approximate='none')
          (2): Linear(in_features=1024, out_features=256, bias=True)
        )
      )
      (nstb_block): NSTB(
        (ngram_window_partition): NGramWindowPartition(
          (ngram_context): NGramContext(
            (unigram_embed): Conv2d(256, 128, kernel_size=(8, 8), stride=(8, 8), groups=128)
            (ngram_attn): WindowAttention(
              (qkv): Linear(in_features=128, out_features=384, bias=True)
              (attn_drop): Dropout(p=0.0, inplace=False)
              (proj): Linear(in_features=128, out_features=128, bias=True)
              (proj_drop): Dropout(p=0.0, inplace=False)
              (softmax): Softmax(dim=-1)
            )
            (avg_pool): AvgPool2d(kernel_size=2, stride=2, padding=0)
            (merge): Conv2d(256, 256, kernel_size=(1, 1), stride=(1, 1))
          )
        )
        (attn): WindowAttention(
          (qkv): Linear(in_features=256, out_features=768, bias=True)
          (attn_drop): Dropout(p=0.0, inplace=False)
          (proj): Linear(in_features=256, out_features=256, bias=True)
          (proj_drop): Dropout(p=0.0, inplace=False)
          (softmax): Softmax(dim=-1)
        )
        (norm1): LayerNorm((256,), eps=1e-05, elementwise_affine=True)
        (drop_path): Identity()
        (ffn): Mlp(
          (fc1): Linear(in_features=256, out_features=512, bias=True)
          (act): GELU(approximate='none')
          (drop1): Dropout(p=0.0, inplace=False)
          (norm): Identity()
          (fc2): Linear(in_features=512, out_features=256, bias=True)
          (drop2): Dropout(p=0.0, inplace=False)
        )
        (norm2): LayerNorm((256,), eps=1e-05, elementwise_affine=True)
      )
      (conv1_2): Conv2d(768, 512, kernel_size=(1, 1), stride=(1, 1))
    )
  )
  (m_up3): Sequential(
    (0): ConvTranspose2d(512, 256, kernel_size=(2, 2), stride=(2, 2), bias=False)
    (1): ConvTransNSTBBlock(
      (conv1_1): Conv2d(256, 256, kernel_size=(1, 1), stride=(1, 1))
      (conv_block): Sequential(
        (0): Conv2d(128, 128, kernel_size=(3, 3), stride=(1, 1), padding=(1, 1), bias=False)
        (1): ReLU(inplace=True)
        (2): Conv2d(128, 128, kernel_size=(3, 3), stride=(1, 1), padding=(1, 1), bias=False)
      )
      (trans_block): Block(
        (ln1): LayerNorm((128,), eps=1e-05, elementwise_affine=True)
        (msa): WMSA(
          (embedding_layer): Linear(in_features=128, out_features=384, bias=True)
          (linear): Linear(in_features=128, out_features=128, bias=True)
        )
        (drop_path): Identity()
        (ln2): LayerNorm((128,), eps=1e-05, elementwise_affine=True)
        (mlp): Sequential(
          (0): Linear(in_features=128, out_features=512, bias=True)
          (1): GELU(approximate='none')
          (2): Linear(in_features=512, out_features=128, bias=True)
        )
      )
      (nstb_block): NSTB(
        (ngram_window_partition): NGramWindowPartition(
          (ngram_context): NGramContext(
            (unigram_embed): Conv2d(128, 64, kernel_size=(8, 8), stride=(8, 8), groups=64)
            (ngram_attn): WindowAttention(
              (qkv): Linear(in_features=64, out_features=192, bias=True)
              (attn_drop): Dropout(p=0.0, inplace=False)
              (proj): Linear(in_features=64, out_features=64, bias=True)
              (proj_drop): Dropout(p=0.0, inplace=False)
              (softmax): Softmax(dim=-1)
            )
            (avg_pool): AvgPool2d(kernel_size=2, stride=2, padding=0)
            (merge): Conv2d(128, 128, kernel_size=(1, 1), stride=(1, 1))
          )
        )
        (attn): WindowAttention(
          (qkv): Linear(in_features=128, out_features=384, bias=True)
          (attn_drop): Dropout(p=0.0, inplace=False)
          (proj): Linear(in_features=128, out_features=128, bias=True)
          (proj_drop): Dropout(p=0.0, inplace=False)
          (softmax): Softmax(dim=-1)
        )
        (norm1): LayerNorm((128,), eps=1e-05, elementwise_affine=True)
        (drop_path): Identity()
        (ffn): Mlp(
          (fc1): Linear(in_features=128, out_features=256, bias=True)
          (act): GELU(approximate='none')
          (drop1): Dropout(p=0.0, inplace=False)
          (norm): Identity()
          (fc2): Linear(in_features=256, out_features=128, bias=True)
          (drop2): Dropout(p=0.0, inplace=False)
        )
        (norm2): LayerNorm((128,), eps=1e-05, elementwise_affine=True)
      )
      (conv1_2): Conv2d(384, 256, kernel_size=(1, 1), stride=(1, 1))
    )
  )
  (m_up2): Sequential(
    (0): ConvTranspose2d(256, 128, kernel_size=(2, 2), stride=(2, 2), bias=False)
    (1): ConvTransNSTBBlock(
      (conv1_1): Conv2d(128, 128, kernel_size=(1, 1), stride=(1, 1))
      (conv_block): Sequential(
        (0): Conv2d(64, 64, kernel_size=(3, 3), stride=(1, 1), padding=(1, 1), bias=False)
        (1): ReLU(inplace=True)
        (2): Conv2d(64, 64, kernel_size=(3, 3), stride=(1, 1), padding=(1, 1), bias=False)
      )
      (trans_block): Block(
        (ln1): LayerNorm((64,), eps=1e-05, elementwise_affine=True)
        (msa): WMSA(
          (embedding_layer): Linear(in_features=64, out_features=192, bias=True)
          (linear): Linear(in_features=64, out_features=64, bias=True)
        )
        (drop_path): Identity()
        (ln2): LayerNorm((64,), eps=1e-05, elementwise_affine=True)
        (mlp): Sequential(
          (0): Linear(in_features=64, out_features=256, bias=True)
          (1): GELU(approximate='none')
          (2): Linear(in_features=256, out_features=64, bias=True)
        )
      )
      (nstb_block): NSTB(
        (ngram_window_partition): NGramWindowPartition(
          (ngram_context): NGramContext(
            (unigram_embed): Conv2d(64, 32, kernel_size=(8, 8), stride=(8, 8), groups=32)
            (ngram_attn): WindowAttention(
              (qkv): Linear(in_features=32, out_features=96, bias=True)
              (attn_drop): Dropout(p=0.0, inplace=False)
              (proj): Linear(in_features=32, out_features=32, bias=True)
              (proj_drop): Dropout(p=0.0, inplace=False)
              (softmax): Softmax(dim=-1)
            )
            (avg_pool): AvgPool2d(kernel_size=2, stride=2, padding=0)
            (merge): Conv2d(64, 64, kernel_size=(1, 1), stride=(1, 1))
          )
        )
        (attn): WindowAttention(
          (qkv): Linear(in_features=64, out_features=192, bias=True)
          (attn_drop): Dropout(p=0.0, inplace=False)
          (proj): Linear(in_features=64, out_features=64, bias=True)
          (proj_drop): Dropout(p=0.0, inplace=False)
          (softmax): Softmax(dim=-1)
        )
        (norm1): LayerNorm((64,), eps=1e-05, elementwise_affine=True)
        (drop_path): Identity()
        (ffn): Mlp(
          (fc1): Linear(in_features=64, out_features=128, bias=True)
          (act): GELU(approximate='none')
          (drop1): Dropout(p=0.0, inplace=False)
          (norm): Identity()
          (fc2): Linear(in_features=128, out_features=64, bias=True)
          (drop2): Dropout(p=0.0, inplace=False)
        )
        (norm2): LayerNorm((64,), eps=1e-05, elementwise_affine=True)
      )
      (conv1_2): Conv2d(192, 128, kernel_size=(1, 1), stride=(1, 1))
    )
  )
  (m_up1): Sequential(
    (0): ConvTranspose2d(128, 64, kernel_size=(2, 2), stride=(2, 2), bias=False)
    (1): ConvTransNSTBBlock(
      (conv1_1): Conv2d(64, 64, kernel_size=(1, 1), stride=(1, 1))
      (conv_block): Sequential(
        (0): Conv2d(32, 32, kernel_size=(3, 3), stride=(1, 1), padding=(1, 1), bias=False)
        (1): ReLU(inplace=True)
        (2): Conv2d(32, 32, kernel_size=(3, 3), stride=(1, 1), padding=(1, 1), bias=False)
      )
      (trans_block): Block(
        (ln1): LayerNorm((32,), eps=1e-05, elementwise_affine=True)
        (msa): WMSA(
          (embedding_layer): Linear(in_features=32, out_features=96, bias=True)
          (linear): Linear(in_features=32, out_features=32, bias=True)
        )
        (drop_path): Identity()
        (ln2): LayerNorm((32,), eps=1e-05, elementwise_affine=True)
        (mlp): Sequential(
          (0): Linear(in_features=32, out_features=128, bias=True)
          (1): GELU(approximate='none')
          (2): Linear(in_features=128, out_features=32, bias=True)
        )
      )
      (nstb_block): NSTB(
        (ngram_window_partition): NGramWindowPartition(
          (ngram_context): NGramContext(
            (unigram_embed): Conv2d(32, 16, kernel_size=(8, 8), stride=(8, 8), groups=16)
            (ngram_attn): WindowAttention(
              (qkv): Linear(in_features=16, out_features=48, bias=True)
              (attn_drop): Dropout(p=0.0, inplace=False)
              (proj): Linear(in_features=16, out_features=16, bias=True)
              (proj_drop): Dropout(p=0.0, inplace=False)
              (softmax): Softmax(dim=-1)
            )
            (avg_pool): AvgPool2d(kernel_size=2, stride=2, padding=0)
            (merge): Conv2d(32, 32, kernel_size=(1, 1), stride=(1, 1))
          )
        )
        (attn): WindowAttention(
          (qkv): Linear(in_features=32, out_features=96, bias=True)
          (attn_drop): Dropout(p=0.0, inplace=False)
          (proj): Linear(in_features=32, out_features=32, bias=True)
          (proj_drop): Dropout(p=0.0, inplace=False)
          (softmax): Softmax(dim=-1)
        )
        (norm1): LayerNorm((32,), eps=1e-05, elementwise_affine=True)
        (drop_path): Identity()
        (ffn): Mlp(
          (fc1): Linear(in_features=32, out_features=64, bias=True)
          (act): GELU(approximate='none')
          (drop1): Dropout(p=0.0, inplace=False)
          (norm): Identity()
          (fc2): Linear(in_features=64, out_features=32, bias=True)
          (drop2): Dropout(p=0.0, inplace=False)
        )
        (norm2): LayerNorm((32,), eps=1e-05, elementwise_affine=True)
      )
      (conv1_2): Conv2d(96, 64, kernel_size=(1, 1), stride=(1, 1))
    )
  )
  (m_tail): Sequential(
    (0): Conv2d(64, 1, kernel_size=(3, 3), stride=(1, 1), padding=(1, 1), bias=False)
  )
)

25-07-24 15:53:56.742 : 
 |  mean  |  min   |  max   |  std   || shape               
 | -0.012 | -0.467 |  0.409 |  0.198 | torch.Size([64, 1, 3, 3]) || m_head.0.weight
 |  0.003 | -1.039 |  1.244 |  0.149 | torch.Size([64, 64, 1, 1]) || m_down1.0.conv1_1.weight
 |  0.008 | -0.134 |  0.155 |  0.075 | torch.Size([64]) || m_down1.0.conv1_1.bias
 | -0.001 | -0.462 |  0.730 |  0.080 | torch.Size([32, 32, 3, 3]) || m_down1.0.conv_block.0.weight
 | -0.001 | -0.426 |  0.516 |  0.077 | torch.Size([32, 32, 3, 3]) || m_down1.0.conv_block.2.weight
 |  0.968 |  0.928 |  1.022 |  0.019 | torch.Size([32]) || m_down1.0.trans_block.ln1.weight
 |  0.001 | -0.092 |  0.050 |  0.037 | torch.Size([32]) || m_down1.0.trans_block.ln1.bias
 | -0.250 | -0.735 |  1.123 |  0.340 | torch.Size([1, 15, 15]) || m_down1.0.trans_block.msa.relative_position_params
 | -0.000 | -0.878 |  0.739 |  0.173 | torch.Size([96, 32]) || m_down1.0.trans_block.msa.embedding_layer.weight
 | -0.003 | -0.292 |  0.479 |  0.127 | torch.Size([96]) || m_down1.0.trans_block.msa.embedding_layer.bias
 |  0.003 | -0.216 |  0.219 |  0.093 | torch.Size([32, 32]) || m_down1.0.trans_block.msa.linear.weight
 | -0.029 | -0.178 |  0.153 |  0.108 | torch.Size([32]) || m_down1.0.trans_block.msa.linear.bias
 |  0.982 |  0.901 |  1.057 |  0.035 | torch.Size([32]) || m_down1.0.trans_block.ln2.weight
 |  0.007 | -0.039 |  0.079 |  0.024 | torch.Size([32]) || m_down1.0.trans_block.ln2.bias
 |  0.001 | -0.362 |  0.318 |  0.108 | torch.Size([128, 32]) || m_down1.0.trans_block.mlp.0.weight
 | -0.006 | -0.207 |  0.177 |  0.099 | torch.Size([128]) || m_down1.0.trans_block.mlp.0.bias
 | -0.000 | -0.174 |  0.195 |  0.057 | torch.Size([32, 128]) || m_down1.0.trans_block.mlp.2.weight
 | -0.013 | -0.099 |  0.073 |  0.048 | torch.Size([32]) || m_down1.0.trans_block.mlp.2.bias
 | -12.109 | -100.000 |  0.000 | 32.624 | torch.Size([64, 64, 64]) || m_down1.0.nstb_block.attn_mask
 |  0.003 | -0.217 |  0.259 |  0.063 | torch.Size([16, 2, 8, 8]) || m_down1.0.nstb_block.ngram_window_partition.ngram_context.unigram_embed.weight
 | -0.006 | -0.076 |  0.055 |  0.043 | torch.Size([16]) || m_down1.0.nstb_block.ngram_window_partition.ngram_context.unigram_embed.bias
 |  2.287 |  2.287 |  2.287 |    nan | torch.Size([1, 1, 1]) || m_down1.0.nstb_block.ngram_window_partition.ngram_context.ngram_attn.logit_scale
 | -0.025 | -0.297 |  0.228 |  0.173 | torch.Size([9, 1]) || m_down1.0.nstb_block.ngram_window_partition.ngram_context.ngram_attn.relative_position_bias_table
 |  4.000 |  0.000 |  8.000 |  2.309 | torch.Size([4, 4]) || m_down1.0.nstb_block.ngram_window_partition.ngram_context.ngram_attn.relative_position_index
 | -0.014 | -0.368 |  0.383 |  0.150 | torch.Size([48, 16]) || m_down1.0.nstb_block.ngram_window_partition.ngram_context.ngram_attn.qkv.weight
 | -0.013 | -0.311 |  0.326 |  0.148 | torch.Size([48]) || m_down1.0.nstb_block.ngram_window_partition.ngram_context.ngram_attn.qkv.bias
 |  0.003 | -0.326 |  0.316 |  0.142 | torch.Size([16, 16]) || m_down1.0.nstb_block.ngram_window_partition.ngram_context.ngram_attn.proj.weight
 | -0.016 | -0.162 |  0.198 |  0.106 | torch.Size([16]) || m_down1.0.nstb_block.ngram_window_partition.ngram_context.ngram_attn.proj.bias
 | -0.007 | -0.215 |  0.235 |  0.102 | torch.Size([32, 32, 1, 1]) || m_down1.0.nstb_block.ngram_window_partition.ngram_context.merge.weight
 | -0.004 | -0.154 |  0.127 |  0.084 | torch.Size([32]) || m_down1.0.nstb_block.ngram_window_partition.ngram_context.merge.bias
 |  2.934 |  2.934 |  2.934 |    nan | torch.Size([1, 1, 1]) || m_down1.0.nstb_block.attn.logit_scale
 | -0.056 | -0.360 |  0.605 |  0.148 | torch.Size([225, 1]) || m_down1.0.nstb_block.attn.relative_position_bias_table
 | 112.000 |  0.000 | 224.000 | 48.719 | torch.Size([64, 64]) || m_down1.0.nstb_block.attn.relative_position_index
 |  0.002 | -0.363 |  0.416 |  0.121 | torch.Size([96, 32]) || m_down1.0.nstb_block.attn.qkv.weight
 |  0.009 | -0.186 |  0.213 |  0.091 | torch.Size([96]) || m_down1.0.nstb_block.attn.qkv.bias
 | -0.002 | -0.255 |  0.238 |  0.103 | torch.Size([32, 32]) || m_down1.0.nstb_block.attn.proj.weight
 |  0.040 | -0.190 |  0.227 |  0.124 | torch.Size([32]) || m_down1.0.nstb_block.attn.proj.bias
 |  0.962 |  0.840 |  1.015 |  0.046 | torch.Size([32]) || m_down1.0.nstb_block.norm1.weight
 | -0.001 | -0.022 |  0.019 |  0.010 | torch.Size([32]) || m_down1.0.nstb_block.norm1.bias
 | -0.003 | -0.380 |  0.483 |  0.119 | torch.Size([64, 32]) || m_down1.0.nstb_block.ffn.fc1.weight
 |  0.009 | -0.174 |  0.181 |  0.106 | torch.Size([64]) || m_down1.0.nstb_block.ffn.fc1.bias
 |  0.000 | -0.222 |  0.245 |  0.078 | torch.Size([32, 64]) || m_down1.0.nstb_block.ffn.fc2.weight
 |  0.005 | -0.169 |  0.128 |  0.074 | torch.Size([32]) || m_down1.0.nstb_block.ffn.fc2.bias
 |  0.927 |  0.620 |  0.995 |  0.088 | torch.Size([32]) || m_down1.0.nstb_block.norm2.weight
 | -0.002 | -0.025 |  0.013 |  0.009 | torch.Size([32]) || m_down1.0.nstb_block.norm2.bias
 |  0.000 | -0.384 |  0.340 |  0.069 | torch.Size([64, 96, 1, 1]) || m_down1.0.conv1_2.weight
 |  0.014 | -0.101 |  0.109 |  0.054 | torch.Size([64]) || m_down1.0.conv1_2.bias
 |  0.000 | -0.308 |  0.237 |  0.053 | torch.Size([128, 64, 2, 2]) || m_down1.1.weight
 | -0.001 | -0.354 |  0.312 |  0.071 | torch.Size([128, 128, 1, 1]) || m_down2.0.conv1_1.weight
 | -0.001 | -0.134 |  0.150 |  0.056 | torch.Size([128]) || m_down2.0.conv1_1.bias
 |  0.000 | -0.345 |  0.372 |  0.057 | torch.Size([64, 64, 3, 3]) || m_down2.0.conv_block.0.weight
 |  0.000 | -0.291 |  0.278 |  0.056 | torch.Size([64, 64, 3, 3]) || m_down2.0.conv_block.2.weight
 |  0.885 |  0.799 |  1.016 |  0.039 | torch.Size([64]) || m_down2.0.trans_block.ln1.weight
 |  0.000 | -0.136 |  0.140 |  0.069 | torch.Size([64]) || m_down2.0.trans_block.ln1.bias
 | -0.219 | -0.780 |  1.121 |  0.405 | torch.Size([2, 15, 15]) || m_down2.0.trans_block.msa.relative_position_params
 | -0.001 | -0.390 |  0.363 |  0.092 | torch.Size([192, 64]) || m_down2.0.trans_block.msa.embedding_layer.weight
 |  0.004 | -0.261 |  0.308 |  0.112 | torch.Size([192]) || m_down2.0.trans_block.msa.embedding_layer.bias
 | -0.001 | -0.185 |  0.187 |  0.063 | torch.Size([64, 64]) || m_down2.0.trans_block.msa.linear.weight
 | -0.003 | -0.142 |  0.129 |  0.073 | torch.Size([64]) || m_down2.0.trans_block.msa.linear.bias
 |  1.032 |  0.917 |  1.140 |  0.045 | torch.Size([64]) || m_down2.0.trans_block.ln2.weight
 | -0.010 | -0.092 |  0.080 |  0.039 | torch.Size([64]) || m_down2.0.trans_block.ln2.bias
 |  0.001 | -0.309 |  0.324 |  0.092 | torch.Size([256, 64]) || m_down2.0.trans_block.mlp.0.weight
 | -0.033 | -0.230 |  0.109 |  0.075 | torch.Size([256]) || m_down2.0.trans_block.mlp.0.bias
 |  0.000 | -0.349 |  0.269 |  0.052 | torch.Size([64, 256]) || m_down2.0.trans_block.mlp.2.weight
 |  0.005 | -0.067 |  0.081 |  0.038 | torch.Size([64]) || m_down2.0.trans_block.mlp.2.bias
 | -23.438 | -100.000 |  0.000 | 42.361 | torch.Size([16, 64, 64]) || m_down2.0.nstb_block.attn_mask
 | -0.005 | -0.362 |  0.261 |  0.075 | torch.Size([32, 2, 8, 8]) || m_down2.0.nstb_block.ngram_window_partition.ngram_context.unigram_embed.weight
 |  0.019 | -0.088 |  0.104 |  0.051 | torch.Size([32]) || m_down2.0.nstb_block.ngram_window_partition.ngram_context.unigram_embed.bias
 |  2.413 |  2.317 |  2.509 |  0.136 | torch.Size([2, 1, 1]) || m_down2.0.nstb_block.ngram_window_partition.ngram_context.ngram_attn.logit_scale
 | -0.003 | -0.466 |  0.478 |  0.252 | torch.Size([9, 2]) || m_down2.0.nstb_block.ngram_window_partition.ngram_context.ngram_attn.relative_position_bias_table
 |  4.000 |  0.000 |  8.000 |  2.309 | torch.Size([4, 4]) || m_down2.0.nstb_block.ngram_window_partition.ngram_context.ngram_attn.relative_position_index
 |  0.001 | -0.341 |  0.408 |  0.117 | torch.Size([96, 32]) || m_down2.0.nstb_block.ngram_window_partition.ngram_context.ngram_attn.qkv.weight
 | -0.005 | -0.274 |  0.228 |  0.119 | torch.Size([96]) || m_down2.0.nstb_block.ngram_window_partition.ngram_context.ngram_attn.qkv.bias
 |  0.001 | -0.242 |  0.291 |  0.113 | torch.Size([32, 32]) || m_down2.0.nstb_block.ngram_window_partition.ngram_context.ngram_attn.proj.weight
 | -0.010 | -0.149 |  0.154 |  0.085 | torch.Size([32]) || m_down2.0.nstb_block.ngram_window_partition.ngram_context.ngram_attn.proj.bias
 | -0.001 | -0.245 |  0.242 |  0.083 | torch.Size([64, 64, 1, 1]) || m_down2.0.nstb_block.ngram_window_partition.ngram_context.merge.weight
 |  0.002 | -0.126 |  0.139 |  0.070 | torch.Size([64]) || m_down2.0.nstb_block.ngram_window_partition.ngram_context.merge.bias
 |  2.395 |  2.377 |  2.413 |  0.025 | torch.Size([2, 1, 1]) || m_down2.0.nstb_block.attn.logit_scale
 | -0.040 | -0.500 |  0.439 |  0.167 | torch.Size([225, 2]) || m_down2.0.nstb_block.attn.relative_position_bias_table
 | 112.000 |  0.000 | 224.000 | 48.719 | torch.Size([64, 64]) || m_down2.0.nstb_block.attn.relative_position_index
 |  0.000 | -0.318 |  0.329 |  0.089 | torch.Size([192, 64]) || m_down2.0.nstb_block.attn.qkv.weight
 |  0.007 | -0.215 |  0.185 |  0.082 | torch.Size([192]) || m_down2.0.nstb_block.attn.qkv.bias
 |  0.002 | -0.256 |  0.252 |  0.083 | torch.Size([64, 64]) || m_down2.0.nstb_block.attn.proj.weight
 |  0.012 | -0.241 |  0.228 |  0.106 | torch.Size([64]) || m_down2.0.nstb_block.attn.proj.bias
 |  0.924 |  0.702 |  1.012 |  0.065 | torch.Size([64]) || m_down2.0.nstb_block.norm1.weight
 |  0.000 | -0.021 |  0.023 |  0.009 | torch.Size([64]) || m_down2.0.nstb_block.norm1.bias
 |  0.002 | -0.544 |  0.553 |  0.103 | torch.Size([128, 64]) || m_down2.0.nstb_block.ffn.fc1.weight
 | -0.001 | -0.140 |  0.164 |  0.078 | torch.Size([128]) || m_down2.0.nstb_block.ffn.fc1.bias
 | -0.001 | -0.274 |  0.271 |  0.069 | torch.Size([64, 128]) || m_down2.0.nstb_block.ffn.fc2.weight
 |  0.003 | -0.135 |  0.137 |  0.067 | torch.Size([64]) || m_down2.0.nstb_block.ffn.fc2.bias
 |  0.902 |  0.588 |  0.988 |  0.093 | torch.Size([64]) || m_down2.0.nstb_block.norm2.weight
 |  0.000 | -0.025 |  0.032 |  0.012 | torch.Size([64]) || m_down2.0.nstb_block.norm2.bias
 | -0.001 | -0.177 |  0.178 |  0.047 | torch.Size([128, 192, 1, 1]) || m_down2.0.conv1_2.weight
 | -0.004 | -0.140 |  0.082 |  0.041 | torch.Size([128]) || m_down2.0.conv1_2.bias
 | -0.000 | -0.190 |  0.197 |  0.043 | torch.Size([256, 128, 2, 2]) || m_down2.1.weight
 | -0.000 | -0.196 |  0.200 |  0.049 | torch.Size([256, 256, 1, 1]) || m_down3.0.conv1_1.weight
 |  0.000 | -0.194 |  0.166 |  0.050 | torch.Size([256]) || m_down3.0.conv1_1.bias
 |  0.000 | -0.286 |  0.396 |  0.051 | torch.Size([128, 128, 3, 3]) || m_down3.0.conv_block.0.weight
 |  0.000 | -0.274 |  0.261 |  0.051 | torch.Size([128, 128, 3, 3]) || m_down3.0.conv_block.2.weight
 |  0.816 |  0.694 |  0.921 |  0.042 | torch.Size([128]) || m_down3.0.trans_block.ln1.weight
 |  0.002 | -0.173 |  0.218 |  0.074 | torch.Size([128]) || m_down3.0.trans_block.ln1.bias
 | -0.134 | -0.751 |  0.913 |  0.302 | torch.Size([4, 15, 15]) || m_down3.0.trans_block.msa.relative_position_params
 | -0.000 | -0.288 |  0.285 |  0.068 | torch.Size([384, 128]) || m_down3.0.trans_block.msa.embedding_layer.weight
 | -0.007 | -0.272 |  0.306 |  0.085 | torch.Size([384]) || m_down3.0.trans_block.msa.embedding_layer.bias
 |  0.000 | -0.160 |  0.159 |  0.049 | torch.Size([128, 128]) || m_down3.0.trans_block.msa.linear.weight
 |  0.001 | -0.185 |  0.161 |  0.078 | torch.Size([128]) || m_down3.0.trans_block.msa.linear.bias
 |  1.025 |  0.919 |  1.115 |  0.043 | torch.Size([128]) || m_down3.0.trans_block.ln2.weight
 | -0.003 | -0.192 |  0.196 |  0.090 | torch.Size([128]) || m_down3.0.trans_block.ln2.bias
 |  0.000 | -0.340 |  0.291 |  0.074 | torch.Size([512, 128]) || m_down3.0.trans_block.mlp.0.weight
 | -0.052 | -0.216 |  0.069 |  0.055 | torch.Size([512]) || m_down3.0.trans_block.mlp.0.bias
 |  0.000 | -0.374 |  0.361 |  0.052 | torch.Size([128, 512]) || m_down3.0.trans_block.mlp.2.weight
 | -0.002 | -0.094 |  0.080 |  0.035 | torch.Size([128]) || m_down3.0.trans_block.mlp.2.bias
 | -43.750 | -100.000 |  0.000 | 49.609 | torch.Size([4, 64, 64]) || m_down3.0.nstb_block.attn_mask
 | -0.001 | -0.281 |  0.264 |  0.074 | torch.Size([64, 2, 8, 8]) || m_down3.0.nstb_block.ngram_window_partition.ngram_context.unigram_embed.weight
 |  0.008 | -0.152 |  0.130 |  0.057 | torch.Size([64]) || m_down3.0.nstb_block.ngram_window_partition.ngram_context.unigram_embed.bias
 |  2.409 |  2.230 |  2.528 |  0.138 | torch.Size([4, 1, 1]) || m_down3.0.nstb_block.ngram_window_partition.ngram_context.ngram_attn.logit_scale
 |  0.001 | -0.345 |  0.365 |  0.135 | torch.Size([9, 4]) || m_down3.0.nstb_block.ngram_window_partition.ngram_context.ngram_attn.relative_position_bias_table
 |  4.000 |  0.000 |  8.000 |  2.309 | torch.Size([4, 4]) || m_down3.0.nstb_block.ngram_window_partition.ngram_context.ngram_attn.relative_position_index
 |  0.001 | -0.311 |  0.335 |  0.090 | torch.Size([192, 64]) || m_down3.0.nstb_block.ngram_window_partition.ngram_context.ngram_attn.qkv.weight
 | -0.002 | -0.197 |  0.175 |  0.086 | torch.Size([192]) || m_down3.0.nstb_block.ngram_window_partition.ngram_context.ngram_attn.qkv.bias
 |  0.000 | -0.238 |  0.250 |  0.088 | torch.Size([64, 64]) || m_down3.0.nstb_block.ngram_window_partition.ngram_context.ngram_attn.proj.weight
 |  0.008 | -0.090 |  0.106 |  0.054 | torch.Size([64]) || m_down3.0.nstb_block.ngram_window_partition.ngram_context.ngram_attn.proj.bias
 |  0.000 | -0.208 |  0.231 |  0.069 | torch.Size([128, 128, 1, 1]) || m_down3.0.nstb_block.ngram_window_partition.ngram_context.merge.weight
 | -0.003 | -0.100 |  0.098 |  0.052 | torch.Size([128]) || m_down3.0.nstb_block.ngram_window_partition.ngram_context.merge.bias
 |  2.454 |  2.364 |  2.496 |  0.061 | torch.Size([4, 1, 1]) || m_down3.0.nstb_block.attn.logit_scale
 | -0.033 | -0.512 |  0.549 |  0.171 | torch.Size([225, 4]) || m_down3.0.nstb_block.attn.relative_position_bias_table
 | 112.000 |  0.000 | 224.000 | 48.719 | torch.Size([64, 64]) || m_down3.0.nstb_block.attn.relative_position_index
 | -0.000 | -0.262 |  0.261 |  0.071 | torch.Size([384, 128]) || m_down3.0.nstb_block.attn.qkv.weight
 |  0.008 | -0.172 |  0.189 |  0.075 | torch.Size([384]) || m_down3.0.nstb_block.attn.qkv.bias
 | -0.000 | -0.213 |  0.240 |  0.069 | torch.Size([128, 128]) || m_down3.0.nstb_block.attn.proj.weight
 |  0.001 | -0.215 |  0.188 |  0.081 | torch.Size([128]) || m_down3.0.nstb_block.attn.proj.bias
 |  0.931 |  0.755 |  1.005 |  0.050 | torch.Size([128]) || m_down3.0.nstb_block.norm1.weight
 | -0.001 | -0.014 |  0.016 |  0.006 | torch.Size([128]) || m_down3.0.nstb_block.norm1.bias
 | -0.000 | -0.498 |  0.413 |  0.081 | torch.Size([256, 128]) || m_down3.0.nstb_block.ffn.fc1.weight
 | -0.004 | -0.098 |  0.128 |  0.052 | torch.Size([256]) || m_down3.0.nstb_block.ffn.fc1.bias
 | -0.001 | -0.236 |  0.234 |  0.058 | torch.Size([128, 256]) || m_down3.0.nstb_block.ffn.fc2.weight
 |  0.001 | -0.128 |  0.166 |  0.058 | torch.Size([128]) || m_down3.0.nstb_block.ffn.fc2.bias
 |  0.888 |  0.414 |  0.981 |  0.127 | torch.Size([128]) || m_down3.0.nstb_block.norm2.weight
 | -0.000 | -0.025 |  0.026 |  0.009 | torch.Size([128]) || m_down3.0.nstb_block.norm2.bias
 | -0.000 | -0.147 |  0.143 |  0.037 | torch.Size([256, 384, 1, 1]) || m_down3.0.conv1_2.weight
 |  0.002 | -0.047 |  0.051 |  0.019 | torch.Size([256]) || m_down3.0.conv1_2.bias
 | -0.000 | -0.197 |  0.176 |  0.038 | torch.Size([512, 256, 2, 2]) || m_down3.1.weight
 | -0.000 | -0.178 |  0.182 |  0.045 | torch.Size([512, 512, 1, 1]) || m_body.0.conv1_1.weight
 |  0.004 | -0.203 |  0.205 |  0.065 | torch.Size([512]) || m_body.0.conv1_1.bias
 | -0.001 | -0.301 |  0.298 |  0.049 | torch.Size([256, 256, 3, 3]) || m_body.0.conv_block.0.weight
 | -0.000 | -0.291 |  0.226 |  0.047 | torch.Size([256, 256, 3, 3]) || m_body.0.conv_block.2.weight
 |  0.830 |  0.668 |  0.943 |  0.048 | torch.Size([256]) || m_body.0.trans_block.ln1.weight
 | -0.000 | -0.174 |  0.138 |  0.047 | torch.Size([256]) || m_body.0.trans_block.ln1.bias
 | -0.086 | -0.974 |  0.931 |  0.289 | torch.Size([8, 15, 15]) || m_body.0.trans_block.msa.relative_position_params
 |  0.000 | -0.239 |  0.266 |  0.056 | torch.Size([768, 256]) || m_body.0.trans_block.msa.embedding_layer.weight
 |  0.001 | -0.285 |  0.257 |  0.073 | torch.Size([768]) || m_body.0.trans_block.msa.embedding_layer.bias
 |  0.000 | -0.178 |  0.174 |  0.048 | torch.Size([256, 256]) || m_body.0.trans_block.msa.linear.weight
 | -0.000 | -0.179 |  0.185 |  0.075 | torch.Size([256]) || m_body.0.trans_block.msa.linear.bias
 |  1.058 |  0.930 |  1.157 |  0.039 | torch.Size([256]) || m_body.0.trans_block.ln2.weight
 | -0.006 | -0.310 |  0.347 |  0.138 | torch.Size([256]) || m_body.0.trans_block.ln2.bias
 |  0.000 | -0.286 |  0.282 |  0.063 | torch.Size([1024, 256]) || m_body.0.trans_block.mlp.0.weight
 | -0.050 | -0.161 |  0.048 |  0.039 | torch.Size([1024]) || m_body.0.trans_block.mlp.0.bias
 |  0.000 | -0.270 |  0.281 |  0.056 | torch.Size([256, 1024]) || m_body.0.trans_block.mlp.2.weight
 |  0.000 | -0.149 |  0.087 |  0.040 | torch.Size([256]) || m_body.0.trans_block.mlp.2.bias
 | -75.000 | -100.000 |  0.000 | 43.307 | torch.Size([1, 64, 64]) || m_body.0.nstb_block.attn_mask
 |  0.001 | -0.257 |  0.295 |  0.069 | torch.Size([128, 2, 8, 8]) || m_body.0.nstb_block.ngram_window_partition.ngram_context.unigram_embed.weight
 |  0.008 | -0.149 |  0.142 |  0.056 | torch.Size([128]) || m_body.0.nstb_block.ngram_window_partition.ngram_context.unigram_embed.bias
 |  2.213 |  2.081 |  2.364 |  0.086 | torch.Size([8, 1, 1]) || m_body.0.nstb_block.ngram_window_partition.ngram_context.ngram_attn.logit_scale
 | -0.005 | -0.518 |  0.419 |  0.200 | torch.Size([9, 8]) || m_body.0.nstb_block.ngram_window_partition.ngram_context.ngram_attn.relative_position_bias_table
 |  4.000 |  0.000 |  8.000 |  2.309 | torch.Size([4, 4]) || m_body.0.nstb_block.ngram_window_partition.ngram_context.ngram_attn.relative_position_index
 | -0.000 | -0.288 |  0.285 |  0.070 | torch.Size([384, 128]) || m_body.0.nstb_block.ngram_window_partition.ngram_context.ngram_attn.qkv.weight
 | -0.003 | -0.310 |  0.257 |  0.093 | torch.Size([384]) || m_body.0.nstb_block.ngram_window_partition.ngram_context.ngram_attn.qkv.bias
 |  0.000 | -0.195 |  0.206 |  0.068 | torch.Size([128, 128]) || m_body.0.nstb_block.ngram_window_partition.ngram_context.ngram_attn.proj.weight
 | -0.001 | -0.076 |  0.078 |  0.039 | torch.Size([128]) || m_body.0.nstb_block.ngram_window_partition.ngram_context.ngram_attn.proj.bias
 |  0.000 | -0.251 |  0.240 |  0.057 | torch.Size([256, 256, 1, 1]) || m_body.0.nstb_block.ngram_window_partition.ngram_context.merge.weight
 | -0.002 | -0.117 |  0.156 |  0.054 | torch.Size([256]) || m_body.0.nstb_block.ngram_window_partition.ngram_context.merge.bias
 |  2.471 |  2.355 |  2.702 |  0.120 | torch.Size([8, 1, 1]) || m_body.0.nstb_block.attn.logit_scale
 | -0.087 | -1.005 |  0.824 |  0.311 | torch.Size([225, 8]) || m_body.0.nstb_block.attn.relative_position_bias_table
 | 112.000 |  0.000 | 224.000 | 48.719 | torch.Size([64, 64]) || m_body.0.nstb_block.attn.relative_position_index
 | -0.000 | -0.317 |  0.296 |  0.060 | torch.Size([768, 256]) || m_body.0.nstb_block.attn.qkv.weight
 | -0.006 | -0.331 |  0.287 |  0.082 | torch.Size([768]) || m_body.0.nstb_block.attn.qkv.bias
 |  0.000 | -0.255 |  0.286 |  0.058 | torch.Size([256, 256]) || m_body.0.nstb_block.attn.proj.weight
 |  0.001 | -0.217 |  0.261 |  0.070 | torch.Size([256]) || m_body.0.nstb_block.attn.proj.bias
 |  0.929 |  0.796 |  1.020 |  0.030 | torch.Size([256]) || m_body.0.nstb_block.norm1.weight
 | -0.000 | -0.051 |  0.047 |  0.017 | torch.Size([256]) || m_body.0.nstb_block.norm1.bias
 | -0.000 | -0.308 |  0.304 |  0.065 | torch.Size([512, 256]) || m_body.0.nstb_block.ffn.fc1.weight
 | -0.017 | -0.116 |  0.105 |  0.039 | torch.Size([512]) || m_body.0.nstb_block.ffn.fc1.bias
 | -0.000 | -0.330 |  0.292 |  0.055 | torch.Size([256, 512]) || m_body.0.nstb_block.ffn.fc2.weight
 |  0.001 | -0.191 |  0.220 |  0.047 | torch.Size([256]) || m_body.0.nstb_block.ffn.fc2.bias
 |  0.916 |  0.658 |  1.014 |  0.060 | torch.Size([256]) || m_body.0.nstb_block.norm2.weight
 | -0.002 | -0.087 |  0.074 |  0.032 | torch.Size([256]) || m_body.0.nstb_block.norm2.bias
 |  0.000 | -0.173 |  0.170 |  0.036 | torch.Size([512, 768, 1, 1]) || m_body.0.conv1_2.weight
 |  0.001 | -0.118 |  0.135 |  0.046 | torch.Size([512]) || m_body.0.conv1_2.bias
 |  0.000 | -0.164 |  0.205 |  0.031 | torch.Size([512, 256, 2, 2]) || m_up3.0.weight
 |  0.000 | -0.177 |  0.182 |  0.049 | torch.Size([256, 256, 1, 1]) || m_up3.1.conv1_1.weight
 | -0.001 | -0.209 |  0.182 |  0.075 | torch.Size([256]) || m_up3.1.conv1_1.bias
 | -0.000 | -0.282 |  0.274 |  0.046 | torch.Size([128, 128, 3, 3]) || m_up3.1.conv_block.0.weight
 |  0.000 | -0.288 |  0.274 |  0.044 | torch.Size([128, 128, 3, 3]) || m_up3.1.conv_block.2.weight
 |  1.013 |  0.909 |  1.117 |  0.038 | torch.Size([128]) || m_up3.1.trans_block.ln1.weight
 |  0.001 | -0.097 |  0.116 |  0.036 | torch.Size([128]) || m_up3.1.trans_block.ln1.bias
 | -0.160 | -0.832 |  1.023 |  0.352 | torch.Size([4, 15, 15]) || m_up3.1.trans_block.msa.relative_position_params
 |  0.000 | -0.314 |  0.321 |  0.075 | torch.Size([384, 128]) || m_up3.1.trans_block.msa.embedding_layer.weight
 |  0.002 | -0.250 |  0.256 |  0.080 | torch.Size([384]) || m_up3.1.trans_block.msa.embedding_layer.bias
 |  0.000 | -0.187 |  0.210 |  0.058 | torch.Size([128, 128]) || m_up3.1.trans_block.msa.linear.weight
 |  0.001 | -0.162 |  0.136 |  0.076 | torch.Size([128]) || m_up3.1.trans_block.msa.linear.bias
 |  1.104 |  0.934 |  1.238 |  0.059 | torch.Size([128]) || m_up3.1.trans_block.ln2.weight
 |  0.001 | -0.138 |  0.163 |  0.072 | torch.Size([128]) || m_up3.1.trans_block.ln2.bias
 | -0.000 | -0.332 |  0.316 |  0.075 | torch.Size([512, 128]) || m_up3.1.trans_block.mlp.0.weight
 | -0.049 | -0.190 |  0.095 |  0.053 | torch.Size([512]) || m_up3.1.trans_block.mlp.0.bias
 |  0.000 | -0.312 |  0.292 |  0.057 | torch.Size([128, 512]) || m_up3.1.trans_block.mlp.2.weight
 | -0.003 | -0.093 |  0.103 |  0.042 | torch.Size([128]) || m_up3.1.trans_block.mlp.2.bias
 | -43.750 | -100.000 |  0.000 | 49.609 | torch.Size([4, 64, 64]) || m_up3.1.nstb_block.attn_mask
 |  0.000 | -0.261 |  0.261 |  0.067 | torch.Size([64, 2, 8, 8]) || m_up3.1.nstb_block.ngram_window_partition.ngram_context.unigram_embed.weight
 |  0.006 | -0.129 |  0.096 |  0.057 | torch.Size([64]) || m_up3.1.nstb_block.ngram_window_partition.ngram_context.unigram_embed.bias
 |  1.977 |  1.896 |  2.106 |  0.098 | torch.Size([4, 1, 1]) || m_up3.1.nstb_block.ngram_window_partition.ngram_context.ngram_attn.logit_scale
 | -0.030 | -0.944 |  1.144 |  0.516 | torch.Size([9, 4]) || m_up3.1.nstb_block.ngram_window_partition.ngram_context.ngram_attn.relative_position_bias_table
 |  4.000 |  0.000 |  8.000 |  2.309 | torch.Size([4, 4]) || m_up3.1.nstb_block.ngram_window_partition.ngram_context.ngram_attn.relative_position_index
 | -0.000 | -0.280 |  0.282 |  0.087 | torch.Size([192, 64]) || m_up3.1.nstb_block.ngram_window_partition.ngram_context.ngram_attn.qkv.weight
 |  0.013 | -0.384 |  0.558 |  0.137 | torch.Size([192]) || m_up3.1.nstb_block.ngram_window_partition.ngram_context.ngram_attn.qkv.bias
 | -0.002 | -0.244 |  0.245 |  0.085 | torch.Size([64, 64]) || m_up3.1.nstb_block.ngram_window_partition.ngram_context.ngram_attn.proj.weight
 | -0.002 | -0.108 |  0.102 |  0.056 | torch.Size([64]) || m_up3.1.nstb_block.ngram_window_partition.ngram_context.ngram_attn.proj.bias
 | -0.000 | -0.218 |  0.250 |  0.066 | torch.Size([128, 128, 1, 1]) || m_up3.1.nstb_block.ngram_window_partition.ngram_context.merge.weight
 | -0.006 | -0.143 |  0.172 |  0.061 | torch.Size([128]) || m_up3.1.nstb_block.ngram_window_partition.ngram_context.merge.bias
 |  2.473 |  2.363 |  2.589 |  0.126 | torch.Size([4, 1, 1]) || m_up3.1.nstb_block.attn.logit_scale
 | -0.148 | -0.985 |  0.812 |  0.372 | torch.Size([225, 4]) || m_up3.1.nstb_block.attn.relative_position_bias_table
 | 112.000 |  0.000 | 224.000 | 48.719 | torch.Size([64, 64]) || m_up3.1.nstb_block.attn.relative_position_index
 |  0.000 | -0.282 |  0.283 |  0.067 | torch.Size([384, 128]) || m_up3.1.nstb_block.attn.qkv.weight
 | -0.004 | -0.248 |  0.232 |  0.084 | torch.Size([384]) || m_up3.1.nstb_block.attn.qkv.bias
 | -0.000 | -0.240 |  0.211 |  0.064 | torch.Size([128, 128]) || m_up3.1.nstb_block.attn.proj.weight
 |  0.002 | -0.218 |  0.174 |  0.079 | torch.Size([128]) || m_up3.1.nstb_block.attn.proj.bias
 |  0.935 |  0.751 |  1.015 |  0.055 | torch.Size([128]) || m_up3.1.nstb_block.norm1.weight
 | -0.003 | -0.026 |  0.016 |  0.009 | torch.Size([128]) || m_up3.1.nstb_block.norm1.bias
 |  0.000 | -0.318 |  0.294 |  0.075 | torch.Size([256, 128]) || m_up3.1.nstb_block.ffn.fc1.weight
 | -0.018 | -0.135 |  0.117 |  0.058 | torch.Size([256]) || m_up3.1.nstb_block.ffn.fc1.bias
 |  0.000 | -0.264 |  0.253 |  0.056 | torch.Size([128, 256]) || m_up3.1.nstb_block.ffn.fc2.weight
 | -0.005 | -0.127 |  0.158 |  0.051 | torch.Size([128]) || m_up3.1.nstb_block.ffn.fc2.bias
 |  0.921 |  0.663 |  0.989 |  0.067 | torch.Size([128]) || m_up3.1.nstb_block.norm2.weight
 | -0.002 | -0.035 |  0.028 |  0.015 | torch.Size([128]) || m_up3.1.nstb_block.norm2.bias
 | -0.000 | -0.176 |  0.181 |  0.042 | torch.Size([256, 384, 1, 1]) || m_up3.1.conv1_2.weight
 |  0.003 | -0.122 |  0.114 |  0.046 | torch.Size([256]) || m_up3.1.conv1_2.bias
 |  0.000 | -0.113 |  0.118 |  0.023 | torch.Size([256, 128, 2, 2]) || m_up2.0.weight
 |  0.000 | -0.308 |  0.277 |  0.068 | torch.Size([128, 128, 1, 1]) || m_up2.1.conv1_1.weight
 |  0.001 | -0.196 |  0.144 |  0.060 | torch.Size([128]) || m_up2.1.conv1_1.bias
 | -0.002 | -0.265 |  0.266 |  0.052 | torch.Size([64, 64, 3, 3]) || m_up2.1.conv_block.0.weight
 | -0.001 | -0.410 |  0.456 |  0.054 | torch.Size([64, 64, 3, 3]) || m_up2.1.conv_block.2.weight
 |  1.022 |  0.950 |  1.164 |  0.044 | torch.Size([64]) || m_up2.1.trans_block.ln1.weight
 |  0.005 | -0.145 |  0.116 |  0.049 | torch.Size([64]) || m_up2.1.trans_block.ln1.bias
 | -0.400 | -1.307 |  1.453 |  0.588 | torch.Size([2, 15, 15]) || m_up2.1.trans_block.msa.relative_position_params
 | -0.002 | -0.544 |  0.456 |  0.103 | torch.Size([192, 64]) || m_up2.1.trans_block.msa.embedding_layer.weight
 |  0.003 | -0.314 |  0.317 |  0.095 | torch.Size([192]) || m_up2.1.trans_block.msa.embedding_layer.bias
 |  0.001 | -0.223 |  0.251 |  0.070 | torch.Size([64, 64]) || m_up2.1.trans_block.msa.linear.weight
 |  0.002 | -0.134 |  0.155 |  0.087 | torch.Size([64]) || m_up2.1.trans_block.msa.linear.bias
 |  1.074 |  0.896 |  1.407 |  0.119 | torch.Size([64]) || m_up2.1.trans_block.ln2.weight
 |  0.000 | -0.067 |  0.070 |  0.033 | torch.Size([64]) || m_up2.1.trans_block.ln2.bias
 |  0.001 | -0.378 |  0.353 |  0.091 | torch.Size([256, 64]) || m_up2.1.trans_block.mlp.0.weight
 | -0.030 | -0.226 |  0.119 |  0.077 | torch.Size([256]) || m_up2.1.trans_block.mlp.0.bias
 |  0.000 | -0.227 |  0.264 |  0.054 | torch.Size([64, 256]) || m_up2.1.trans_block.mlp.2.weight
 | -0.001 | -0.079 |  0.087 |  0.036 | torch.Size([64]) || m_up2.1.trans_block.mlp.2.bias
 | -23.438 | -100.000 |  0.000 | 42.361 | torch.Size([16, 64, 64]) || m_up2.1.nstb_block.attn_mask
 |  0.000 | -0.305 |  0.263 |  0.067 | torch.Size([32, 2, 8, 8]) || m_up2.1.nstb_block.ngram_window_partition.ngram_context.unigram_embed.weight
 |  0.014 | -0.070 |  0.089 |  0.043 | torch.Size([32]) || m_up2.1.nstb_block.ngram_window_partition.ngram_context.unigram_embed.bias
 |  2.049 |  1.908 |  2.191 |  0.200 | torch.Size([2, 1, 1]) || m_up2.1.nstb_block.ngram_window_partition.ngram_context.ngram_attn.logit_scale
 | -0.017 | -0.735 |  0.494 |  0.325 | torch.Size([9, 2]) || m_up2.1.nstb_block.ngram_window_partition.ngram_context.ngram_attn.relative_position_bias_table
 |  4.000 |  0.000 |  8.000 |  2.309 | torch.Size([4, 4]) || m_up2.1.nstb_block.ngram_window_partition.ngram_context.ngram_attn.relative_position_index
 |  0.000 | -0.314 |  0.379 |  0.113 | torch.Size([96, 32]) || m_up2.1.nstb_block.ngram_window_partition.ngram_context.ngram_attn.qkv.weight
 |  0.015 | -0.243 |  0.298 |  0.113 | torch.Size([96]) || m_up2.1.nstb_block.ngram_window_partition.ngram_context.ngram_attn.qkv.bias
 | -0.002 | -0.271 |  0.279 |  0.111 | torch.Size([32, 32]) || m_up2.1.nstb_block.ngram_window_partition.ngram_context.ngram_attn.proj.weight
 |  0.005 | -0.137 |  0.150 |  0.101 | torch.Size([32]) || m_up2.1.nstb_block.ngram_window_partition.ngram_context.ngram_attn.proj.bias
 | -0.001 | -0.218 |  0.262 |  0.079 | torch.Size([64, 64, 1, 1]) || m_up2.1.nstb_block.ngram_window_partition.ngram_context.merge.weight
 |  0.006 | -0.130 |  0.126 |  0.063 | torch.Size([64]) || m_up2.1.nstb_block.ngram_window_partition.ngram_context.merge.bias
 |  2.602 |  2.535 |  2.670 |  0.095 | torch.Size([2, 1, 1]) || m_up2.1.nstb_block.attn.logit_scale
 | -0.215 | -1.137 |  0.791 |  0.447 | torch.Size([225, 2]) || m_up2.1.nstb_block.attn.relative_position_bias_table
 | 112.000 |  0.000 | 224.000 | 48.719 | torch.Size([64, 64]) || m_up2.1.nstb_block.attn.relative_position_index
 | -0.000 | -0.404 |  0.305 |  0.083 | torch.Size([192, 64]) || m_up2.1.nstb_block.attn.qkv.weight
 | -0.000 | -0.162 |  0.204 |  0.074 | torch.Size([192]) || m_up2.1.nstb_block.attn.qkv.bias
 | -0.000 | -0.202 |  0.196 |  0.077 | torch.Size([64, 64]) || m_up2.1.nstb_block.attn.proj.weight
 | -0.012 | -0.156 |  0.139 |  0.082 | torch.Size([64]) || m_up2.1.nstb_block.attn.proj.bias
 |  0.956 |  0.795 |  1.003 |  0.049 | torch.Size([64]) || m_up2.1.nstb_block.norm1.weight
 | -0.000 | -0.020 |  0.016 |  0.007 | torch.Size([64]) || m_up2.1.nstb_block.norm1.bias
 | -0.000 | -0.351 |  0.390 |  0.090 | torch.Size([128, 64]) || m_up2.1.nstb_block.ffn.fc1.weight
 | -0.007 | -0.164 |  0.126 |  0.075 | torch.Size([128]) || m_up2.1.nstb_block.ffn.fc1.bias
 | -0.001 | -0.229 |  0.251 |  0.060 | torch.Size([64, 128]) || m_up2.1.nstb_block.ffn.fc2.weight
 |  0.001 | -0.103 |  0.104 |  0.057 | torch.Size([64]) || m_up2.1.nstb_block.ffn.fc2.bias
 |  0.930 |  0.398 |  1.001 |  0.111 | torch.Size([64]) || m_up2.1.nstb_block.norm2.weight
 |  0.000 | -0.021 |  0.015 |  0.008 | torch.Size([64]) || m_up2.1.nstb_block.norm2.bias
 | -0.000 | -0.235 |  0.259 |  0.056 | torch.Size([128, 192, 1, 1]) || m_up2.1.conv1_2.weight
 |  0.005 | -0.084 |  0.104 |  0.035 | torch.Size([128]) || m_up2.1.conv1_2.bias
 |  0.001 | -0.131 |  0.148 |  0.034 | torch.Size([128, 64, 2, 2]) || m_up1.0.weight
 | -0.002 | -0.305 |  0.267 |  0.084 | torch.Size([64, 64, 1, 1]) || m_up1.1.conv1_1.weight
 | -0.001 | -0.132 |  0.126 |  0.058 | torch.Size([64]) || m_up1.1.conv1_1.bias
 | -0.001 | -0.269 |  0.415 |  0.055 | torch.Size([32, 32, 3, 3]) || m_up1.1.conv_block.0.weight
 | -0.002 | -0.344 |  0.338 |  0.058 | torch.Size([32, 32, 3, 3]) || m_up1.1.conv_block.2.weight
 |  0.980 |  0.898 |  1.034 |  0.028 | torch.Size([32]) || m_up1.1.trans_block.ln1.weight
 |  0.003 | -0.036 |  0.055 |  0.021 | torch.Size([32]) || m_up1.1.trans_block.ln1.bias
 | -0.194 | -0.972 |  1.191 |  0.488 | torch.Size([1, 15, 15]) || m_up1.1.trans_block.msa.relative_position_params
 | -0.001 | -0.568 |  0.549 |  0.118 | torch.Size([96, 32]) || m_up1.1.trans_block.msa.embedding_layer.weight
 | -0.015 | -0.235 |  0.212 |  0.113 | torch.Size([96]) || m_up1.1.trans_block.msa.embedding_layer.bias
 | -0.003 | -0.283 |  0.249 |  0.094 | torch.Size([32, 32]) || m_up1.1.trans_block.msa.linear.weight
 | -0.020 | -0.173 |  0.223 |  0.106 | torch.Size([32]) || m_up1.1.trans_block.msa.linear.bias
 |  0.971 |  0.890 |  1.131 |  0.062 | torch.Size([32]) || m_up1.1.trans_block.ln2.weight
 | -0.004 | -0.069 |  0.088 |  0.038 | torch.Size([32]) || m_up1.1.trans_block.ln2.bias
 |  0.002 | -0.471 |  0.435 |  0.107 | torch.Size([128, 32]) || m_up1.1.trans_block.mlp.0.weight
 | -0.007 | -0.214 |  0.186 |  0.097 | torch.Size([128]) || m_up1.1.trans_block.mlp.0.bias
 | -0.001 | -0.181 |  0.175 |  0.051 | torch.Size([32, 128]) || m_up1.1.trans_block.mlp.2.weight
 | -0.004 | -0.079 |  0.080 |  0.046 | torch.Size([32]) || m_up1.1.trans_block.mlp.2.bias
 | -12.109 | -100.000 |  0.000 | 32.624 | torch.Size([64, 64, 64]) || m_up1.1.nstb_block.attn_mask
 |  0.000 | -0.332 |  0.323 |  0.084 | torch.Size([16, 2, 8, 8]) || m_up1.1.nstb_block.ngram_window_partition.ngram_context.unigram_embed.weight
 | -0.007 | -0.066 |  0.066 |  0.041 | torch.Size([16]) || m_up1.1.nstb_block.ngram_window_partition.ngram_context.unigram_embed.bias
 |  2.353 |  2.353 |  2.353 |    nan | torch.Size([1, 1, 1]) || m_up1.1.nstb_block.ngram_window_partition.ngram_context.ngram_attn.logit_scale
 | -0.065 | -0.788 |  1.024 |  0.649 | torch.Size([9, 1]) || m_up1.1.nstb_block.ngram_window_partition.ngram_context.ngram_attn.relative_position_bias_table
 |  4.000 |  0.000 |  8.000 |  2.309 | torch.Size([4, 4]) || m_up1.1.nstb_block.ngram_window_partition.ngram_context.ngram_attn.relative_position_index
 |  0.007 | -0.460 |  0.486 |  0.172 | torch.Size([48, 16]) || m_up1.1.nstb_block.ngram_window_partition.ngram_context.ngram_attn.qkv.weight
 |  0.003 | -0.178 |  0.196 |  0.105 | torch.Size([48]) || m_up1.1.nstb_block.ngram_window_partition.ngram_context.ngram_attn.qkv.bias
 |  0.011 | -0.382 |  0.381 |  0.170 | torch.Size([16, 16]) || m_up1.1.nstb_block.ngram_window_partition.ngram_context.ngram_attn.proj.weight
 |  0.027 | -0.217 |  0.219 |  0.120 | torch.Size([16]) || m_up1.1.nstb_block.ngram_window_partition.ngram_context.ngram_attn.proj.bias
 | -0.003 | -0.294 |  0.301 |  0.110 | torch.Size([32, 32, 1, 1]) || m_up1.1.nstb_block.ngram_window_partition.ngram_context.merge.weight
 | -0.021 | -0.160 |  0.166 |  0.102 | torch.Size([32]) || m_up1.1.nstb_block.ngram_window_partition.ngram_context.merge.bias
 |  2.308 |  2.308 |  2.308 |    nan | torch.Size([1, 1, 1]) || m_up1.1.nstb_block.attn.logit_scale
 | -1.105 | -2.762 |  1.484 |  1.326 | torch.Size([225, 1]) || m_up1.1.nstb_block.attn.relative_position_bias_table
 | 112.000 |  0.000 | 224.000 | 48.719 | torch.Size([64, 64]) || m_up1.1.nstb_block.attn.relative_position_index
 | -0.000 | -0.411 |  0.421 |  0.115 | torch.Size([96, 32]) || m_up1.1.nstb_block.attn.qkv.weight
 | -0.004 | -0.184 |  0.170 |  0.093 | torch.Size([96]) || m_up1.1.nstb_block.attn.qkv.bias
 | -0.003 | -0.250 |  0.220 |  0.100 | torch.Size([32, 32]) || m_up1.1.nstb_block.attn.proj.weight
 | -0.013 | -0.253 |  0.219 |  0.117 | torch.Size([32]) || m_up1.1.nstb_block.attn.proj.bias
 |  0.950 |  0.678 |  1.015 |  0.072 | torch.Size([32]) || m_up1.1.nstb_block.norm1.weight
 |  0.000 | -0.022 |  0.031 |  0.010 | torch.Size([32]) || m_up1.1.nstb_block.norm1.bias
 | -0.000 | -0.451 |  0.468 |  0.114 | torch.Size([64, 32]) || m_up1.1.nstb_block.ffn.fc1.weight
 | -0.010 | -0.192 |  0.189 |  0.114 | torch.Size([64]) || m_up1.1.nstb_block.ffn.fc1.bias
 |  0.001 | -0.199 |  0.198 |  0.076 | torch.Size([32, 64]) || m_up1.1.nstb_block.ffn.fc2.weight
 |  0.024 | -0.141 |  0.111 |  0.067 | torch.Size([32]) || m_up1.1.nstb_block.ffn.fc2.bias
 |  0.953 |  0.743 |  1.015 |  0.052 | torch.Size([32]) || m_up1.1.nstb_block.norm2.weight
 |  0.001 | -0.036 |  0.021 |  0.011 | torch.Size([32]) || m_up1.1.nstb_block.norm2.bias
 | -0.001 | -0.243 |  0.242 |  0.059 | torch.Size([64, 96, 1, 1]) || m_up1.1.conv1_2.weight
 |  0.005 | -0.093 |  0.071 |  0.038 | torch.Size([64]) || m_up1.1.conv1_2.bias
 | -0.001 | -0.045 |  0.042 |  0.012 | torch.Size([1, 64, 3, 3]) || m_tail.0.weight

25-07-24 15:53:56.743 : TensorBoard logging to: training_results/conv_trans_nstb/scunet_ngswin_conv_trans_nstb/tensorboard/SCUNet_conv_trans_nstb_li_ct_val0.1
25-07-24 15:53:56.743 : Experiment name: SCUNet_conv_trans_nstb_li_ct_val0.1
25-07-24 15:53:56.743 : Validation split: 10.0% of training data
25-07-24 15:53:56.743 : Early stopping is disabled. Training will run for full 100 epochs.
25-07-24 15:53:56.743 : Starting training...
25-07-24 16:16:52.027 :   task: scunet_ngswin_conv_trans_nstb
  model: scunet_ngswin
  gpu_ids: [0]
  dist: False
  scale: 1
  n_channels: 1
  path:[
    root: training_results/conv_trans_nstb
    pretrained_netG: training_results/conv_trans_nstb/scunet_ngswin_conv_trans_nstb/models/800000_G.pth
    pretrained_netE: training_results/conv_trans_nstb/scunet_ngswin_conv_trans_nstb/models/800000_E.pth
    task: training_results/conv_trans_nstb/scunet_ngswin_conv_trans_nstb
    log: training_results/conv_trans_nstb/scunet_ngswin_conv_trans_nstb
    options: training_results/conv_trans_nstb/scunet_ngswin_conv_trans_nstb/options
    models: training_results/conv_trans_nstb/scunet_ngswin_conv_trans_nstb/models
    images: training_results/conv_trans_nstb/scunet_ngswin_conv_trans_nstb/images
    pretrained_optimizerG: None
  ]
  datasets:[
    train:[
      name: syn_deeplesion_train_li_ct
      dataset_type: li_ct
      dataroot_H: /home/Drive-D/SynDeepLesion/train_640geo
      dataloader_shuffle: True
      dataloader_num_workers: 4
      dataloader_batch_size: 2
      phase: train
      scale: 1
      n_channels: 1
    ]
    test:[
      name: syn_deeplesion_test_li_ct
      dataset_type: li_ct
      dataroot_H: /home/Drive-D/SynDeepLesion/test_640geo
      phase: test
      scale: 1
      n_channels: 1
    ]
    test_2:[
      name: clinical_metal_test_nii_ct
      dataset_type: nii_ct
      dataroot_H: /home/Drive-D/clinical_metal
      phase: test
      scale: 1
      n_channels: 1
    ]
  ]
  netG:[
    net_type: scunet_ngswin
    in_nc: 1
    out_nc: 1
    config: [1, 1, 1, 1, 1, 1, 1]
    dim: 32
    drop_path_rate: 0.0
    input_resolution: 512
    block_variant: conv_trans_nstb
    init_type: kaiming_normal
    init_bn_type: constant
    init_gain: 1.0
    scale: 1
  ]
  train:[
    G_lossfn_type: l1
    G_lossfn_weight: 1.0
    E_decay: 0.999
    G_optimizer_type: adam
    G_optimizer_lr: 0.0001
    G_optimizer_wd: 0
    G_scheduler_type: MultiStepLR
    G_scheduler_milestones: [200000, 400000, 600000, 800000, 1000000, 1200000, 1400000, 1600000]
    G_scheduler_gamma: 0.5
    G_param_strict: True
    E_param_strict: True
    checkpoint_test: 30000
    checkpoint_save: 20000
    checkpoint_print: 1000
    use_fp16: True
    test_both_checkpoints: True
    test_save_every_nth: 10
    F_feature_layer: 34
    F_weights: 1.0
    F_lossfn_type: l1
    F_use_input_norm: True
    F_use_range_norm: False
    G_optimizer_betas: [0.9, 0.999]
    G_scheduler_restart_weights: 1
    G_optimizer_reuse: False
  ]
  opt_path: options/train_scunet_ngswin_4_continue.json
  is_train: True
  merge_bn: False
  merge_bn_startpoint: -1
  find_unused_parameters: False
  use_static_graph: False
  num_gpu: 1
  device: cuda

25-07-24 16:16:52.027 : Using device: cuda
25-07-24 16:16:52.316 : Total samples: 36,116 | Train: 32,505 (90.0%) | Validation: 3,611 (10.0%)
25-07-24 16:16:52.316 : Training iters per epoch: 16,253
25-07-24 16:16:52.339 : Test set samples: 2,000
25-07-24 16:16:53.425 : 
Networks name: SCUNet_NGSwin
Params number: 6881982
Net structure:
SCUNet_NGSwin(
  (m_head): Sequential(
    (0): Conv2d(1, 64, kernel_size=(3, 3), stride=(1, 1), padding=(1, 1), bias=False)
  )
  (m_down1): Sequential(
    (0): ConvTransNSTBBlock(
      (conv1_1): Conv2d(64, 64, kernel_size=(1, 1), stride=(1, 1))
      (conv_block): Sequential(
        (0): Conv2d(32, 32, kernel_size=(3, 3), stride=(1, 1), padding=(1, 1), bias=False)
        (1): ReLU(inplace=True)
        (2): Conv2d(32, 32, kernel_size=(3, 3), stride=(1, 1), padding=(1, 1), bias=False)
      )
      (trans_block): Block(
        (ln1): LayerNorm((32,), eps=1e-05, elementwise_affine=True)
        (msa): WMSA(
          (embedding_layer): Linear(in_features=32, out_features=96, bias=True)
          (linear): Linear(in_features=32, out_features=32, bias=True)
        )
        (drop_path): Identity()
        (ln2): LayerNorm((32,), eps=1e-05, elementwise_affine=True)
        (mlp): Sequential(
          (0): Linear(in_features=32, out_features=128, bias=True)
          (1): GELU(approximate='none')
          (2): Linear(in_features=128, out_features=32, bias=True)
        )
      )
      (nstb_block): NSTB(
        (ngram_window_partition): NGramWindowPartition(
          (ngram_context): NGramContext(
            (unigram_embed): Conv2d(32, 16, kernel_size=(8, 8), stride=(8, 8), groups=16)
            (ngram_attn): WindowAttention(
              (qkv): Linear(in_features=16, out_features=48, bias=True)
              (attn_drop): Dropout(p=0.0, inplace=False)
              (proj): Linear(in_features=16, out_features=16, bias=True)
              (proj_drop): Dropout(p=0.0, inplace=False)
              (softmax): Softmax(dim=-1)
            )
            (avg_pool): AvgPool2d(kernel_size=2, stride=2, padding=0)
            (merge): Conv2d(32, 32, kernel_size=(1, 1), stride=(1, 1))
          )
        )
        (attn): WindowAttention(
          (qkv): Linear(in_features=32, out_features=96, bias=True)
          (attn_drop): Dropout(p=0.0, inplace=False)
          (proj): Linear(in_features=32, out_features=32, bias=True)
          (proj_drop): Dropout(p=0.0, inplace=False)
          (softmax): Softmax(dim=-1)
        )
        (norm1): LayerNorm((32,), eps=1e-05, elementwise_affine=True)
        (drop_path): Identity()
        (ffn): Mlp(
          (fc1): Linear(in_features=32, out_features=64, bias=True)
          (act): GELU(approximate='none')
          (drop1): Dropout(p=0.0, inplace=False)
          (norm): Identity()
          (fc2): Linear(in_features=64, out_features=32, bias=True)
          (drop2): Dropout(p=0.0, inplace=False)
        )
        (norm2): LayerNorm((32,), eps=1e-05, elementwise_affine=True)
      )
      (conv1_2): Conv2d(96, 64, kernel_size=(1, 1), stride=(1, 1))
    )
    (1): Conv2d(64, 128, kernel_size=(2, 2), stride=(2, 2), bias=False)
  )
  (m_down2): Sequential(
    (0): ConvTransNSTBBlock(
      (conv1_1): Conv2d(128, 128, kernel_size=(1, 1), stride=(1, 1))
      (conv_block): Sequential(
        (0): Conv2d(64, 64, kernel_size=(3, 3), stride=(1, 1), padding=(1, 1), bias=False)
        (1): ReLU(inplace=True)
        (2): Conv2d(64, 64, kernel_size=(3, 3), stride=(1, 1), padding=(1, 1), bias=False)
      )
      (trans_block): Block(
        (ln1): LayerNorm((64,), eps=1e-05, elementwise_affine=True)
        (msa): WMSA(
          (embedding_layer): Linear(in_features=64, out_features=192, bias=True)
          (linear): Linear(in_features=64, out_features=64, bias=True)
        )
        (drop_path): Identity()
        (ln2): LayerNorm((64,), eps=1e-05, elementwise_affine=True)
        (mlp): Sequential(
          (0): Linear(in_features=64, out_features=256, bias=True)
          (1): GELU(approximate='none')
          (2): Linear(in_features=256, out_features=64, bias=True)
        )
      )
      (nstb_block): NSTB(
        (ngram_window_partition): NGramWindowPartition(
          (ngram_context): NGramContext(
            (unigram_embed): Conv2d(64, 32, kernel_size=(8, 8), stride=(8, 8), groups=32)
            (ngram_attn): WindowAttention(
              (qkv): Linear(in_features=32, out_features=96, bias=True)
              (attn_drop): Dropout(p=0.0, inplace=False)
              (proj): Linear(in_features=32, out_features=32, bias=True)
              (proj_drop): Dropout(p=0.0, inplace=False)
              (softmax): Softmax(dim=-1)
            )
            (avg_pool): AvgPool2d(kernel_size=2, stride=2, padding=0)
            (merge): Conv2d(64, 64, kernel_size=(1, 1), stride=(1, 1))
          )
        )
        (attn): WindowAttention(
          (qkv): Linear(in_features=64, out_features=192, bias=True)
          (attn_drop): Dropout(p=0.0, inplace=False)
          (proj): Linear(in_features=64, out_features=64, bias=True)
          (proj_drop): Dropout(p=0.0, inplace=False)
          (softmax): Softmax(dim=-1)
        )
        (norm1): LayerNorm((64,), eps=1e-05, elementwise_affine=True)
        (drop_path): Identity()
        (ffn): Mlp(
          (fc1): Linear(in_features=64, out_features=128, bias=True)
          (act): GELU(approximate='none')
          (drop1): Dropout(p=0.0, inplace=False)
          (norm): Identity()
          (fc2): Linear(in_features=128, out_features=64, bias=True)
          (drop2): Dropout(p=0.0, inplace=False)
        )
        (norm2): LayerNorm((64,), eps=1e-05, elementwise_affine=True)
      )
      (conv1_2): Conv2d(192, 128, kernel_size=(1, 1), stride=(1, 1))
    )
    (1): Conv2d(128, 256, kernel_size=(2, 2), stride=(2, 2), bias=False)
  )
  (m_down3): Sequential(
    (0): ConvTransNSTBBlock(
      (conv1_1): Conv2d(256, 256, kernel_size=(1, 1), stride=(1, 1))
      (conv_block): Sequential(
        (0): Conv2d(128, 128, kernel_size=(3, 3), stride=(1, 1), padding=(1, 1), bias=False)
        (1): ReLU(inplace=True)
        (2): Conv2d(128, 128, kernel_size=(3, 3), stride=(1, 1), padding=(1, 1), bias=False)
      )
      (trans_block): Block(
        (ln1): LayerNorm((128,), eps=1e-05, elementwise_affine=True)
        (msa): WMSA(
          (embedding_layer): Linear(in_features=128, out_features=384, bias=True)
          (linear): Linear(in_features=128, out_features=128, bias=True)
        )
        (drop_path): Identity()
        (ln2): LayerNorm((128,), eps=1e-05, elementwise_affine=True)
        (mlp): Sequential(
          (0): Linear(in_features=128, out_features=512, bias=True)
          (1): GELU(approximate='none')
          (2): Linear(in_features=512, out_features=128, bias=True)
        )
      )
      (nstb_block): NSTB(
        (ngram_window_partition): NGramWindowPartition(
          (ngram_context): NGramContext(
            (unigram_embed): Conv2d(128, 64, kernel_size=(8, 8), stride=(8, 8), groups=64)
            (ngram_attn): WindowAttention(
              (qkv): Linear(in_features=64, out_features=192, bias=True)
              (attn_drop): Dropout(p=0.0, inplace=False)
              (proj): Linear(in_features=64, out_features=64, bias=True)
              (proj_drop): Dropout(p=0.0, inplace=False)
              (softmax): Softmax(dim=-1)
            )
            (avg_pool): AvgPool2d(kernel_size=2, stride=2, padding=0)
            (merge): Conv2d(128, 128, kernel_size=(1, 1), stride=(1, 1))
          )
        )
        (attn): WindowAttention(
          (qkv): Linear(in_features=128, out_features=384, bias=True)
          (attn_drop): Dropout(p=0.0, inplace=False)
          (proj): Linear(in_features=128, out_features=128, bias=True)
          (proj_drop): Dropout(p=0.0, inplace=False)
          (softmax): Softmax(dim=-1)
        )
        (norm1): LayerNorm((128,), eps=1e-05, elementwise_affine=True)
        (drop_path): Identity()
        (ffn): Mlp(
          (fc1): Linear(in_features=128, out_features=256, bias=True)
          (act): GELU(approximate='none')
          (drop1): Dropout(p=0.0, inplace=False)
          (norm): Identity()
          (fc2): Linear(in_features=256, out_features=128, bias=True)
          (drop2): Dropout(p=0.0, inplace=False)
        )
        (norm2): LayerNorm((128,), eps=1e-05, elementwise_affine=True)
      )
      (conv1_2): Conv2d(384, 256, kernel_size=(1, 1), stride=(1, 1))
    )
    (1): Conv2d(256, 512, kernel_size=(2, 2), stride=(2, 2), bias=False)
  )
  (m_body): Sequential(
    (0): ConvTransNSTBBlock(
      (conv1_1): Conv2d(512, 512, kernel_size=(1, 1), stride=(1, 1))
      (conv_block): Sequential(
        (0): Conv2d(256, 256, kernel_size=(3, 3), stride=(1, 1), padding=(1, 1), bias=False)
        (1): ReLU(inplace=True)
        (2): Conv2d(256, 256, kernel_size=(3, 3), stride=(1, 1), padding=(1, 1), bias=False)
      )
      (trans_block): Block(
        (ln1): LayerNorm((256,), eps=1e-05, elementwise_affine=True)
        (msa): WMSA(
          (embedding_layer): Linear(in_features=256, out_features=768, bias=True)
          (linear): Linear(in_features=256, out_features=256, bias=True)
        )
        (drop_path): Identity()
        (ln2): LayerNorm((256,), eps=1e-05, elementwise_affine=True)
        (mlp): Sequential(
          (0): Linear(in_features=256, out_features=1024, bias=True)
          (1): GELU(approximate='none')
          (2): Linear(in_features=1024, out_features=256, bias=True)
        )
      )
      (nstb_block): NSTB(
        (ngram_window_partition): NGramWindowPartition(
          (ngram_context): NGramContext(
            (unigram_embed): Conv2d(256, 128, kernel_size=(8, 8), stride=(8, 8), groups=128)
            (ngram_attn): WindowAttention(
              (qkv): Linear(in_features=128, out_features=384, bias=True)
              (attn_drop): Dropout(p=0.0, inplace=False)
              (proj): Linear(in_features=128, out_features=128, bias=True)
              (proj_drop): Dropout(p=0.0, inplace=False)
              (softmax): Softmax(dim=-1)
            )
            (avg_pool): AvgPool2d(kernel_size=2, stride=2, padding=0)
            (merge): Conv2d(256, 256, kernel_size=(1, 1), stride=(1, 1))
          )
        )
        (attn): WindowAttention(
          (qkv): Linear(in_features=256, out_features=768, bias=True)
          (attn_drop): Dropout(p=0.0, inplace=False)
          (proj): Linear(in_features=256, out_features=256, bias=True)
          (proj_drop): Dropout(p=0.0, inplace=False)
          (softmax): Softmax(dim=-1)
        )
        (norm1): LayerNorm((256,), eps=1e-05, elementwise_affine=True)
        (drop_path): Identity()
        (ffn): Mlp(
          (fc1): Linear(in_features=256, out_features=512, bias=True)
          (act): GELU(approximate='none')
          (drop1): Dropout(p=0.0, inplace=False)
          (norm): Identity()
          (fc2): Linear(in_features=512, out_features=256, bias=True)
          (drop2): Dropout(p=0.0, inplace=False)
        )
        (norm2): LayerNorm((256,), eps=1e-05, elementwise_affine=True)
      )
      (conv1_2): Conv2d(768, 512, kernel_size=(1, 1), stride=(1, 1))
    )
  )
  (m_up3): Sequential(
    (0): ConvTranspose2d(512, 256, kernel_size=(2, 2), stride=(2, 2), bias=False)
    (1): ConvTransNSTBBlock(
      (conv1_1): Conv2d(256, 256, kernel_size=(1, 1), stride=(1, 1))
      (conv_block): Sequential(
        (0): Conv2d(128, 128, kernel_size=(3, 3), stride=(1, 1), padding=(1, 1), bias=False)
        (1): ReLU(inplace=True)
        (2): Conv2d(128, 128, kernel_size=(3, 3), stride=(1, 1), padding=(1, 1), bias=False)
      )
      (trans_block): Block(
        (ln1): LayerNorm((128,), eps=1e-05, elementwise_affine=True)
        (msa): WMSA(
          (embedding_layer): Linear(in_features=128, out_features=384, bias=True)
          (linear): Linear(in_features=128, out_features=128, bias=True)
        )
        (drop_path): Identity()
        (ln2): LayerNorm((128,), eps=1e-05, elementwise_affine=True)
        (mlp): Sequential(
          (0): Linear(in_features=128, out_features=512, bias=True)
          (1): GELU(approximate='none')
          (2): Linear(in_features=512, out_features=128, bias=True)
        )
      )
      (nstb_block): NSTB(
        (ngram_window_partition): NGramWindowPartition(
          (ngram_context): NGramContext(
            (unigram_embed): Conv2d(128, 64, kernel_size=(8, 8), stride=(8, 8), groups=64)
            (ngram_attn): WindowAttention(
              (qkv): Linear(in_features=64, out_features=192, bias=True)
              (attn_drop): Dropout(p=0.0, inplace=False)
              (proj): Linear(in_features=64, out_features=64, bias=True)
              (proj_drop): Dropout(p=0.0, inplace=False)
              (softmax): Softmax(dim=-1)
            )
            (avg_pool): AvgPool2d(kernel_size=2, stride=2, padding=0)
            (merge): Conv2d(128, 128, kernel_size=(1, 1), stride=(1, 1))
          )
        )
        (attn): WindowAttention(
          (qkv): Linear(in_features=128, out_features=384, bias=True)
          (attn_drop): Dropout(p=0.0, inplace=False)
          (proj): Linear(in_features=128, out_features=128, bias=True)
          (proj_drop): Dropout(p=0.0, inplace=False)
          (softmax): Softmax(dim=-1)
        )
        (norm1): LayerNorm((128,), eps=1e-05, elementwise_affine=True)
        (drop_path): Identity()
        (ffn): Mlp(
          (fc1): Linear(in_features=128, out_features=256, bias=True)
          (act): GELU(approximate='none')
          (drop1): Dropout(p=0.0, inplace=False)
          (norm): Identity()
          (fc2): Linear(in_features=256, out_features=128, bias=True)
          (drop2): Dropout(p=0.0, inplace=False)
        )
        (norm2): LayerNorm((128,), eps=1e-05, elementwise_affine=True)
      )
      (conv1_2): Conv2d(384, 256, kernel_size=(1, 1), stride=(1, 1))
    )
  )
  (m_up2): Sequential(
    (0): ConvTranspose2d(256, 128, kernel_size=(2, 2), stride=(2, 2), bias=False)
    (1): ConvTransNSTBBlock(
      (conv1_1): Conv2d(128, 128, kernel_size=(1, 1), stride=(1, 1))
      (conv_block): Sequential(
        (0): Conv2d(64, 64, kernel_size=(3, 3), stride=(1, 1), padding=(1, 1), bias=False)
        (1): ReLU(inplace=True)
        (2): Conv2d(64, 64, kernel_size=(3, 3), stride=(1, 1), padding=(1, 1), bias=False)
      )
      (trans_block): Block(
        (ln1): LayerNorm((64,), eps=1e-05, elementwise_affine=True)
        (msa): WMSA(
          (embedding_layer): Linear(in_features=64, out_features=192, bias=True)
          (linear): Linear(in_features=64, out_features=64, bias=True)
        )
        (drop_path): Identity()
        (ln2): LayerNorm((64,), eps=1e-05, elementwise_affine=True)
        (mlp): Sequential(
          (0): Linear(in_features=64, out_features=256, bias=True)
          (1): GELU(approximate='none')
          (2): Linear(in_features=256, out_features=64, bias=True)
        )
      )
      (nstb_block): NSTB(
        (ngram_window_partition): NGramWindowPartition(
          (ngram_context): NGramContext(
            (unigram_embed): Conv2d(64, 32, kernel_size=(8, 8), stride=(8, 8), groups=32)
            (ngram_attn): WindowAttention(
              (qkv): Linear(in_features=32, out_features=96, bias=True)
              (attn_drop): Dropout(p=0.0, inplace=False)
              (proj): Linear(in_features=32, out_features=32, bias=True)
              (proj_drop): Dropout(p=0.0, inplace=False)
              (softmax): Softmax(dim=-1)
            )
            (avg_pool): AvgPool2d(kernel_size=2, stride=2, padding=0)
            (merge): Conv2d(64, 64, kernel_size=(1, 1), stride=(1, 1))
          )
        )
        (attn): WindowAttention(
          (qkv): Linear(in_features=64, out_features=192, bias=True)
          (attn_drop): Dropout(p=0.0, inplace=False)
          (proj): Linear(in_features=64, out_features=64, bias=True)
          (proj_drop): Dropout(p=0.0, inplace=False)
          (softmax): Softmax(dim=-1)
        )
        (norm1): LayerNorm((64,), eps=1e-05, elementwise_affine=True)
        (drop_path): Identity()
        (ffn): Mlp(
          (fc1): Linear(in_features=64, out_features=128, bias=True)
          (act): GELU(approximate='none')
          (drop1): Dropout(p=0.0, inplace=False)
          (norm): Identity()
          (fc2): Linear(in_features=128, out_features=64, bias=True)
          (drop2): Dropout(p=0.0, inplace=False)
        )
        (norm2): LayerNorm((64,), eps=1e-05, elementwise_affine=True)
      )
      (conv1_2): Conv2d(192, 128, kernel_size=(1, 1), stride=(1, 1))
    )
  )
  (m_up1): Sequential(
    (0): ConvTranspose2d(128, 64, kernel_size=(2, 2), stride=(2, 2), bias=False)
    (1): ConvTransNSTBBlock(
      (conv1_1): Conv2d(64, 64, kernel_size=(1, 1), stride=(1, 1))
      (conv_block): Sequential(
        (0): Conv2d(32, 32, kernel_size=(3, 3), stride=(1, 1), padding=(1, 1), bias=False)
        (1): ReLU(inplace=True)
        (2): Conv2d(32, 32, kernel_size=(3, 3), stride=(1, 1), padding=(1, 1), bias=False)
      )
      (trans_block): Block(
        (ln1): LayerNorm((32,), eps=1e-05, elementwise_affine=True)
        (msa): WMSA(
          (embedding_layer): Linear(in_features=32, out_features=96, bias=True)
          (linear): Linear(in_features=32, out_features=32, bias=True)
        )
        (drop_path): Identity()
        (ln2): LayerNorm((32,), eps=1e-05, elementwise_affine=True)
        (mlp): Sequential(
          (0): Linear(in_features=32, out_features=128, bias=True)
          (1): GELU(approximate='none')
          (2): Linear(in_features=128, out_features=32, bias=True)
        )
      )
      (nstb_block): NSTB(
        (ngram_window_partition): NGramWindowPartition(
          (ngram_context): NGramContext(
            (unigram_embed): Conv2d(32, 16, kernel_size=(8, 8), stride=(8, 8), groups=16)
            (ngram_attn): WindowAttention(
              (qkv): Linear(in_features=16, out_features=48, bias=True)
              (attn_drop): Dropout(p=0.0, inplace=False)
              (proj): Linear(in_features=16, out_features=16, bias=True)
              (proj_drop): Dropout(p=0.0, inplace=False)
              (softmax): Softmax(dim=-1)
            )
            (avg_pool): AvgPool2d(kernel_size=2, stride=2, padding=0)
            (merge): Conv2d(32, 32, kernel_size=(1, 1), stride=(1, 1))
          )
        )
        (attn): WindowAttention(
          (qkv): Linear(in_features=32, out_features=96, bias=True)
          (attn_drop): Dropout(p=0.0, inplace=False)
          (proj): Linear(in_features=32, out_features=32, bias=True)
          (proj_drop): Dropout(p=0.0, inplace=False)
          (softmax): Softmax(dim=-1)
        )
        (norm1): LayerNorm((32,), eps=1e-05, elementwise_affine=True)
        (drop_path): Identity()
        (ffn): Mlp(
          (fc1): Linear(in_features=32, out_features=64, bias=True)
          (act): GELU(approximate='none')
          (drop1): Dropout(p=0.0, inplace=False)
          (norm): Identity()
          (fc2): Linear(in_features=64, out_features=32, bias=True)
          (drop2): Dropout(p=0.0, inplace=False)
        )
        (norm2): LayerNorm((32,), eps=1e-05, elementwise_affine=True)
      )
      (conv1_2): Conv2d(96, 64, kernel_size=(1, 1), stride=(1, 1))
    )
  )
  (m_tail): Sequential(
    (0): Conv2d(64, 1, kernel_size=(3, 3), stride=(1, 1), padding=(1, 1), bias=False)
  )
)

25-07-24 16:16:53.467 : 
 |  mean  |  min   |  max   |  std   || shape               
 | -0.012 | -0.467 |  0.409 |  0.198 | torch.Size([64, 1, 3, 3]) || m_head.0.weight
 |  0.003 | -1.039 |  1.244 |  0.149 | torch.Size([64, 64, 1, 1]) || m_down1.0.conv1_1.weight
 |  0.008 | -0.134 |  0.155 |  0.075 | torch.Size([64]) || m_down1.0.conv1_1.bias
 | -0.001 | -0.462 |  0.730 |  0.080 | torch.Size([32, 32, 3, 3]) || m_down1.0.conv_block.0.weight
 | -0.001 | -0.426 |  0.516 |  0.077 | torch.Size([32, 32, 3, 3]) || m_down1.0.conv_block.2.weight
 |  0.968 |  0.928 |  1.022 |  0.019 | torch.Size([32]) || m_down1.0.trans_block.ln1.weight
 |  0.001 | -0.092 |  0.050 |  0.037 | torch.Size([32]) || m_down1.0.trans_block.ln1.bias
 | -0.250 | -0.735 |  1.123 |  0.340 | torch.Size([1, 15, 15]) || m_down1.0.trans_block.msa.relative_position_params
 | -0.000 | -0.878 |  0.739 |  0.173 | torch.Size([96, 32]) || m_down1.0.trans_block.msa.embedding_layer.weight
 | -0.003 | -0.292 |  0.479 |  0.127 | torch.Size([96]) || m_down1.0.trans_block.msa.embedding_layer.bias
 |  0.003 | -0.216 |  0.219 |  0.093 | torch.Size([32, 32]) || m_down1.0.trans_block.msa.linear.weight
 | -0.029 | -0.178 |  0.153 |  0.108 | torch.Size([32]) || m_down1.0.trans_block.msa.linear.bias
 |  0.982 |  0.901 |  1.057 |  0.035 | torch.Size([32]) || m_down1.0.trans_block.ln2.weight
 |  0.007 | -0.039 |  0.079 |  0.024 | torch.Size([32]) || m_down1.0.trans_block.ln2.bias
 |  0.001 | -0.362 |  0.318 |  0.108 | torch.Size([128, 32]) || m_down1.0.trans_block.mlp.0.weight
 | -0.006 | -0.207 |  0.177 |  0.099 | torch.Size([128]) || m_down1.0.trans_block.mlp.0.bias
 | -0.000 | -0.174 |  0.195 |  0.057 | torch.Size([32, 128]) || m_down1.0.trans_block.mlp.2.weight
 | -0.013 | -0.099 |  0.073 |  0.048 | torch.Size([32]) || m_down1.0.trans_block.mlp.2.bias
 | -12.109 | -100.000 |  0.000 | 32.624 | torch.Size([64, 64, 64]) || m_down1.0.nstb_block.attn_mask
 |  0.003 | -0.217 |  0.259 |  0.063 | torch.Size([16, 2, 8, 8]) || m_down1.0.nstb_block.ngram_window_partition.ngram_context.unigram_embed.weight
 | -0.006 | -0.076 |  0.055 |  0.043 | torch.Size([16]) || m_down1.0.nstb_block.ngram_window_partition.ngram_context.unigram_embed.bias
 |  2.287 |  2.287 |  2.287 |    nan | torch.Size([1, 1, 1]) || m_down1.0.nstb_block.ngram_window_partition.ngram_context.ngram_attn.logit_scale
 | -0.025 | -0.297 |  0.228 |  0.173 | torch.Size([9, 1]) || m_down1.0.nstb_block.ngram_window_partition.ngram_context.ngram_attn.relative_position_bias_table
 |  4.000 |  0.000 |  8.000 |  2.309 | torch.Size([4, 4]) || m_down1.0.nstb_block.ngram_window_partition.ngram_context.ngram_attn.relative_position_index
 | -0.014 | -0.368 |  0.383 |  0.150 | torch.Size([48, 16]) || m_down1.0.nstb_block.ngram_window_partition.ngram_context.ngram_attn.qkv.weight
 | -0.013 | -0.311 |  0.326 |  0.148 | torch.Size([48]) || m_down1.0.nstb_block.ngram_window_partition.ngram_context.ngram_attn.qkv.bias
 |  0.003 | -0.326 |  0.316 |  0.142 | torch.Size([16, 16]) || m_down1.0.nstb_block.ngram_window_partition.ngram_context.ngram_attn.proj.weight
 | -0.016 | -0.162 |  0.198 |  0.106 | torch.Size([16]) || m_down1.0.nstb_block.ngram_window_partition.ngram_context.ngram_attn.proj.bias
 | -0.007 | -0.215 |  0.235 |  0.102 | torch.Size([32, 32, 1, 1]) || m_down1.0.nstb_block.ngram_window_partition.ngram_context.merge.weight
 | -0.004 | -0.154 |  0.127 |  0.084 | torch.Size([32]) || m_down1.0.nstb_block.ngram_window_partition.ngram_context.merge.bias
 |  2.934 |  2.934 |  2.934 |    nan | torch.Size([1, 1, 1]) || m_down1.0.nstb_block.attn.logit_scale
 | -0.056 | -0.360 |  0.605 |  0.148 | torch.Size([225, 1]) || m_down1.0.nstb_block.attn.relative_position_bias_table
 | 112.000 |  0.000 | 224.000 | 48.719 | torch.Size([64, 64]) || m_down1.0.nstb_block.attn.relative_position_index
 |  0.002 | -0.363 |  0.416 |  0.121 | torch.Size([96, 32]) || m_down1.0.nstb_block.attn.qkv.weight
 |  0.009 | -0.186 |  0.213 |  0.091 | torch.Size([96]) || m_down1.0.nstb_block.attn.qkv.bias
 | -0.002 | -0.255 |  0.238 |  0.103 | torch.Size([32, 32]) || m_down1.0.nstb_block.attn.proj.weight
 |  0.040 | -0.190 |  0.227 |  0.124 | torch.Size([32]) || m_down1.0.nstb_block.attn.proj.bias
 |  0.962 |  0.840 |  1.015 |  0.046 | torch.Size([32]) || m_down1.0.nstb_block.norm1.weight
 | -0.001 | -0.022 |  0.019 |  0.010 | torch.Size([32]) || m_down1.0.nstb_block.norm1.bias
 | -0.003 | -0.380 |  0.483 |  0.119 | torch.Size([64, 32]) || m_down1.0.nstb_block.ffn.fc1.weight
 |  0.009 | -0.174 |  0.181 |  0.106 | torch.Size([64]) || m_down1.0.nstb_block.ffn.fc1.bias
 |  0.000 | -0.222 |  0.245 |  0.078 | torch.Size([32, 64]) || m_down1.0.nstb_block.ffn.fc2.weight
 |  0.005 | -0.169 |  0.128 |  0.074 | torch.Size([32]) || m_down1.0.nstb_block.ffn.fc2.bias
 |  0.927 |  0.620 |  0.995 |  0.088 | torch.Size([32]) || m_down1.0.nstb_block.norm2.weight
 | -0.002 | -0.025 |  0.013 |  0.009 | torch.Size([32]) || m_down1.0.nstb_block.norm2.bias
 |  0.000 | -0.384 |  0.340 |  0.069 | torch.Size([64, 96, 1, 1]) || m_down1.0.conv1_2.weight
 |  0.014 | -0.101 |  0.109 |  0.054 | torch.Size([64]) || m_down1.0.conv1_2.bias
 |  0.000 | -0.308 |  0.237 |  0.053 | torch.Size([128, 64, 2, 2]) || m_down1.1.weight
 | -0.001 | -0.354 |  0.312 |  0.071 | torch.Size([128, 128, 1, 1]) || m_down2.0.conv1_1.weight
 | -0.001 | -0.134 |  0.150 |  0.056 | torch.Size([128]) || m_down2.0.conv1_1.bias
 |  0.000 | -0.345 |  0.372 |  0.057 | torch.Size([64, 64, 3, 3]) || m_down2.0.conv_block.0.weight
 |  0.000 | -0.291 |  0.278 |  0.056 | torch.Size([64, 64, 3, 3]) || m_down2.0.conv_block.2.weight
 |  0.885 |  0.799 |  1.016 |  0.039 | torch.Size([64]) || m_down2.0.trans_block.ln1.weight
 |  0.000 | -0.136 |  0.140 |  0.069 | torch.Size([64]) || m_down2.0.trans_block.ln1.bias
 | -0.219 | -0.780 |  1.121 |  0.405 | torch.Size([2, 15, 15]) || m_down2.0.trans_block.msa.relative_position_params
 | -0.001 | -0.390 |  0.363 |  0.092 | torch.Size([192, 64]) || m_down2.0.trans_block.msa.embedding_layer.weight
 |  0.004 | -0.261 |  0.308 |  0.112 | torch.Size([192]) || m_down2.0.trans_block.msa.embedding_layer.bias
 | -0.001 | -0.185 |  0.187 |  0.063 | torch.Size([64, 64]) || m_down2.0.trans_block.msa.linear.weight
 | -0.003 | -0.142 |  0.129 |  0.073 | torch.Size([64]) || m_down2.0.trans_block.msa.linear.bias
 |  1.032 |  0.917 |  1.140 |  0.045 | torch.Size([64]) || m_down2.0.trans_block.ln2.weight
 | -0.010 | -0.092 |  0.080 |  0.039 | torch.Size([64]) || m_down2.0.trans_block.ln2.bias
 |  0.001 | -0.309 |  0.324 |  0.092 | torch.Size([256, 64]) || m_down2.0.trans_block.mlp.0.weight
 | -0.033 | -0.230 |  0.109 |  0.075 | torch.Size([256]) || m_down2.0.trans_block.mlp.0.bias
 |  0.000 | -0.349 |  0.269 |  0.052 | torch.Size([64, 256]) || m_down2.0.trans_block.mlp.2.weight
 |  0.005 | -0.067 |  0.081 |  0.038 | torch.Size([64]) || m_down2.0.trans_block.mlp.2.bias
 | -23.438 | -100.000 |  0.000 | 42.361 | torch.Size([16, 64, 64]) || m_down2.0.nstb_block.attn_mask
 | -0.005 | -0.362 |  0.261 |  0.075 | torch.Size([32, 2, 8, 8]) || m_down2.0.nstb_block.ngram_window_partition.ngram_context.unigram_embed.weight
 |  0.019 | -0.088 |  0.104 |  0.051 | torch.Size([32]) || m_down2.0.nstb_block.ngram_window_partition.ngram_context.unigram_embed.bias
 |  2.413 |  2.317 |  2.509 |  0.136 | torch.Size([2, 1, 1]) || m_down2.0.nstb_block.ngram_window_partition.ngram_context.ngram_attn.logit_scale
 | -0.003 | -0.466 |  0.478 |  0.252 | torch.Size([9, 2]) || m_down2.0.nstb_block.ngram_window_partition.ngram_context.ngram_attn.relative_position_bias_table
 |  4.000 |  0.000 |  8.000 |  2.309 | torch.Size([4, 4]) || m_down2.0.nstb_block.ngram_window_partition.ngram_context.ngram_attn.relative_position_index
 |  0.001 | -0.341 |  0.408 |  0.117 | torch.Size([96, 32]) || m_down2.0.nstb_block.ngram_window_partition.ngram_context.ngram_attn.qkv.weight
 | -0.005 | -0.274 |  0.228 |  0.119 | torch.Size([96]) || m_down2.0.nstb_block.ngram_window_partition.ngram_context.ngram_attn.qkv.bias
 |  0.001 | -0.242 |  0.291 |  0.113 | torch.Size([32, 32]) || m_down2.0.nstb_block.ngram_window_partition.ngram_context.ngram_attn.proj.weight
 | -0.010 | -0.149 |  0.154 |  0.085 | torch.Size([32]) || m_down2.0.nstb_block.ngram_window_partition.ngram_context.ngram_attn.proj.bias
 | -0.001 | -0.245 |  0.242 |  0.083 | torch.Size([64, 64, 1, 1]) || m_down2.0.nstb_block.ngram_window_partition.ngram_context.merge.weight
 |  0.002 | -0.126 |  0.139 |  0.070 | torch.Size([64]) || m_down2.0.nstb_block.ngram_window_partition.ngram_context.merge.bias
 |  2.395 |  2.377 |  2.413 |  0.025 | torch.Size([2, 1, 1]) || m_down2.0.nstb_block.attn.logit_scale
 | -0.040 | -0.500 |  0.439 |  0.167 | torch.Size([225, 2]) || m_down2.0.nstb_block.attn.relative_position_bias_table
 | 112.000 |  0.000 | 224.000 | 48.719 | torch.Size([64, 64]) || m_down2.0.nstb_block.attn.relative_position_index
 |  0.000 | -0.318 |  0.329 |  0.089 | torch.Size([192, 64]) || m_down2.0.nstb_block.attn.qkv.weight
 |  0.007 | -0.215 |  0.185 |  0.082 | torch.Size([192]) || m_down2.0.nstb_block.attn.qkv.bias
 |  0.002 | -0.256 |  0.252 |  0.083 | torch.Size([64, 64]) || m_down2.0.nstb_block.attn.proj.weight
 |  0.012 | -0.241 |  0.228 |  0.106 | torch.Size([64]) || m_down2.0.nstb_block.attn.proj.bias
 |  0.924 |  0.702 |  1.012 |  0.065 | torch.Size([64]) || m_down2.0.nstb_block.norm1.weight
 |  0.000 | -0.021 |  0.023 |  0.009 | torch.Size([64]) || m_down2.0.nstb_block.norm1.bias
 |  0.002 | -0.544 |  0.553 |  0.103 | torch.Size([128, 64]) || m_down2.0.nstb_block.ffn.fc1.weight
 | -0.001 | -0.140 |  0.164 |  0.078 | torch.Size([128]) || m_down2.0.nstb_block.ffn.fc1.bias
 | -0.001 | -0.274 |  0.271 |  0.069 | torch.Size([64, 128]) || m_down2.0.nstb_block.ffn.fc2.weight
 |  0.003 | -0.135 |  0.137 |  0.067 | torch.Size([64]) || m_down2.0.nstb_block.ffn.fc2.bias
 |  0.902 |  0.588 |  0.988 |  0.093 | torch.Size([64]) || m_down2.0.nstb_block.norm2.weight
 |  0.000 | -0.025 |  0.032 |  0.012 | torch.Size([64]) || m_down2.0.nstb_block.norm2.bias
 | -0.001 | -0.177 |  0.178 |  0.047 | torch.Size([128, 192, 1, 1]) || m_down2.0.conv1_2.weight
 | -0.004 | -0.140 |  0.082 |  0.041 | torch.Size([128]) || m_down2.0.conv1_2.bias
 | -0.000 | -0.190 |  0.197 |  0.043 | torch.Size([256, 128, 2, 2]) || m_down2.1.weight
 | -0.000 | -0.196 |  0.200 |  0.049 | torch.Size([256, 256, 1, 1]) || m_down3.0.conv1_1.weight
 |  0.000 | -0.194 |  0.166 |  0.050 | torch.Size([256]) || m_down3.0.conv1_1.bias
 |  0.000 | -0.286 |  0.396 |  0.051 | torch.Size([128, 128, 3, 3]) || m_down3.0.conv_block.0.weight
 |  0.000 | -0.274 |  0.261 |  0.051 | torch.Size([128, 128, 3, 3]) || m_down3.0.conv_block.2.weight
 |  0.816 |  0.694 |  0.921 |  0.042 | torch.Size([128]) || m_down3.0.trans_block.ln1.weight
 |  0.002 | -0.173 |  0.218 |  0.074 | torch.Size([128]) || m_down3.0.trans_block.ln1.bias
 | -0.134 | -0.751 |  0.913 |  0.302 | torch.Size([4, 15, 15]) || m_down3.0.trans_block.msa.relative_position_params
 | -0.000 | -0.288 |  0.285 |  0.068 | torch.Size([384, 128]) || m_down3.0.trans_block.msa.embedding_layer.weight
 | -0.007 | -0.272 |  0.306 |  0.085 | torch.Size([384]) || m_down3.0.trans_block.msa.embedding_layer.bias
 |  0.000 | -0.160 |  0.159 |  0.049 | torch.Size([128, 128]) || m_down3.0.trans_block.msa.linear.weight
 |  0.001 | -0.185 |  0.161 |  0.078 | torch.Size([128]) || m_down3.0.trans_block.msa.linear.bias
 |  1.025 |  0.919 |  1.115 |  0.043 | torch.Size([128]) || m_down3.0.trans_block.ln2.weight
 | -0.003 | -0.192 |  0.196 |  0.090 | torch.Size([128]) || m_down3.0.trans_block.ln2.bias
 |  0.000 | -0.340 |  0.291 |  0.074 | torch.Size([512, 128]) || m_down3.0.trans_block.mlp.0.weight
 | -0.052 | -0.216 |  0.069 |  0.055 | torch.Size([512]) || m_down3.0.trans_block.mlp.0.bias
 |  0.000 | -0.374 |  0.361 |  0.052 | torch.Size([128, 512]) || m_down3.0.trans_block.mlp.2.weight
 | -0.002 | -0.094 |  0.080 |  0.035 | torch.Size([128]) || m_down3.0.trans_block.mlp.2.bias
 | -43.750 | -100.000 |  0.000 | 49.609 | torch.Size([4, 64, 64]) || m_down3.0.nstb_block.attn_mask
 | -0.001 | -0.281 |  0.264 |  0.074 | torch.Size([64, 2, 8, 8]) || m_down3.0.nstb_block.ngram_window_partition.ngram_context.unigram_embed.weight
 |  0.008 | -0.152 |  0.130 |  0.057 | torch.Size([64]) || m_down3.0.nstb_block.ngram_window_partition.ngram_context.unigram_embed.bias
 |  2.409 |  2.230 |  2.528 |  0.138 | torch.Size([4, 1, 1]) || m_down3.0.nstb_block.ngram_window_partition.ngram_context.ngram_attn.logit_scale
 |  0.001 | -0.345 |  0.365 |  0.135 | torch.Size([9, 4]) || m_down3.0.nstb_block.ngram_window_partition.ngram_context.ngram_attn.relative_position_bias_table
 |  4.000 |  0.000 |  8.000 |  2.309 | torch.Size([4, 4]) || m_down3.0.nstb_block.ngram_window_partition.ngram_context.ngram_attn.relative_position_index
 |  0.001 | -0.311 |  0.335 |  0.090 | torch.Size([192, 64]) || m_down3.0.nstb_block.ngram_window_partition.ngram_context.ngram_attn.qkv.weight
 | -0.002 | -0.197 |  0.175 |  0.086 | torch.Size([192]) || m_down3.0.nstb_block.ngram_window_partition.ngram_context.ngram_attn.qkv.bias
 |  0.000 | -0.238 |  0.250 |  0.088 | torch.Size([64, 64]) || m_down3.0.nstb_block.ngram_window_partition.ngram_context.ngram_attn.proj.weight
 |  0.008 | -0.090 |  0.106 |  0.054 | torch.Size([64]) || m_down3.0.nstb_block.ngram_window_partition.ngram_context.ngram_attn.proj.bias
 |  0.000 | -0.208 |  0.231 |  0.069 | torch.Size([128, 128, 1, 1]) || m_down3.0.nstb_block.ngram_window_partition.ngram_context.merge.weight
 | -0.003 | -0.100 |  0.098 |  0.052 | torch.Size([128]) || m_down3.0.nstb_block.ngram_window_partition.ngram_context.merge.bias
 |  2.454 |  2.364 |  2.496 |  0.061 | torch.Size([4, 1, 1]) || m_down3.0.nstb_block.attn.logit_scale
 | -0.033 | -0.512 |  0.549 |  0.171 | torch.Size([225, 4]) || m_down3.0.nstb_block.attn.relative_position_bias_table
 | 112.000 |  0.000 | 224.000 | 48.719 | torch.Size([64, 64]) || m_down3.0.nstb_block.attn.relative_position_index
 | -0.000 | -0.262 |  0.261 |  0.071 | torch.Size([384, 128]) || m_down3.0.nstb_block.attn.qkv.weight
 |  0.008 | -0.172 |  0.189 |  0.075 | torch.Size([384]) || m_down3.0.nstb_block.attn.qkv.bias
 | -0.000 | -0.213 |  0.240 |  0.069 | torch.Size([128, 128]) || m_down3.0.nstb_block.attn.proj.weight
 |  0.001 | -0.215 |  0.188 |  0.081 | torch.Size([128]) || m_down3.0.nstb_block.attn.proj.bias
 |  0.931 |  0.755 |  1.005 |  0.050 | torch.Size([128]) || m_down3.0.nstb_block.norm1.weight
 | -0.001 | -0.014 |  0.016 |  0.006 | torch.Size([128]) || m_down3.0.nstb_block.norm1.bias
 | -0.000 | -0.498 |  0.413 |  0.081 | torch.Size([256, 128]) || m_down3.0.nstb_block.ffn.fc1.weight
 | -0.004 | -0.098 |  0.128 |  0.052 | torch.Size([256]) || m_down3.0.nstb_block.ffn.fc1.bias
 | -0.001 | -0.236 |  0.234 |  0.058 | torch.Size([128, 256]) || m_down3.0.nstb_block.ffn.fc2.weight
 |  0.001 | -0.128 |  0.166 |  0.058 | torch.Size([128]) || m_down3.0.nstb_block.ffn.fc2.bias
 |  0.888 |  0.414 |  0.981 |  0.127 | torch.Size([128]) || m_down3.0.nstb_block.norm2.weight
 | -0.000 | -0.025 |  0.026 |  0.009 | torch.Size([128]) || m_down3.0.nstb_block.norm2.bias
 | -0.000 | -0.147 |  0.143 |  0.037 | torch.Size([256, 384, 1, 1]) || m_down3.0.conv1_2.weight
 |  0.002 | -0.047 |  0.051 |  0.019 | torch.Size([256]) || m_down3.0.conv1_2.bias
 | -0.000 | -0.197 |  0.176 |  0.038 | torch.Size([512, 256, 2, 2]) || m_down3.1.weight
 | -0.000 | -0.178 |  0.182 |  0.045 | torch.Size([512, 512, 1, 1]) || m_body.0.conv1_1.weight
 |  0.004 | -0.203 |  0.205 |  0.065 | torch.Size([512]) || m_body.0.conv1_1.bias
 | -0.001 | -0.301 |  0.298 |  0.049 | torch.Size([256, 256, 3, 3]) || m_body.0.conv_block.0.weight
 | -0.000 | -0.291 |  0.226 |  0.047 | torch.Size([256, 256, 3, 3]) || m_body.0.conv_block.2.weight
 |  0.830 |  0.668 |  0.943 |  0.048 | torch.Size([256]) || m_body.0.trans_block.ln1.weight
 | -0.000 | -0.174 |  0.138 |  0.047 | torch.Size([256]) || m_body.0.trans_block.ln1.bias
 | -0.086 | -0.974 |  0.931 |  0.289 | torch.Size([8, 15, 15]) || m_body.0.trans_block.msa.relative_position_params
 |  0.000 | -0.239 |  0.266 |  0.056 | torch.Size([768, 256]) || m_body.0.trans_block.msa.embedding_layer.weight
 |  0.001 | -0.285 |  0.257 |  0.073 | torch.Size([768]) || m_body.0.trans_block.msa.embedding_layer.bias
 |  0.000 | -0.178 |  0.174 |  0.048 | torch.Size([256, 256]) || m_body.0.trans_block.msa.linear.weight
 | -0.000 | -0.179 |  0.185 |  0.075 | torch.Size([256]) || m_body.0.trans_block.msa.linear.bias
 |  1.058 |  0.930 |  1.157 |  0.039 | torch.Size([256]) || m_body.0.trans_block.ln2.weight
 | -0.006 | -0.310 |  0.347 |  0.138 | torch.Size([256]) || m_body.0.trans_block.ln2.bias
 |  0.000 | -0.286 |  0.282 |  0.063 | torch.Size([1024, 256]) || m_body.0.trans_block.mlp.0.weight
 | -0.050 | -0.161 |  0.048 |  0.039 | torch.Size([1024]) || m_body.0.trans_block.mlp.0.bias
 |  0.000 | -0.270 |  0.281 |  0.056 | torch.Size([256, 1024]) || m_body.0.trans_block.mlp.2.weight
 |  0.000 | -0.149 |  0.087 |  0.040 | torch.Size([256]) || m_body.0.trans_block.mlp.2.bias
 | -75.000 | -100.000 |  0.000 | 43.307 | torch.Size([1, 64, 64]) || m_body.0.nstb_block.attn_mask
 |  0.001 | -0.257 |  0.295 |  0.069 | torch.Size([128, 2, 8, 8]) || m_body.0.nstb_block.ngram_window_partition.ngram_context.unigram_embed.weight
 |  0.008 | -0.149 |  0.142 |  0.056 | torch.Size([128]) || m_body.0.nstb_block.ngram_window_partition.ngram_context.unigram_embed.bias
 |  2.213 |  2.081 |  2.364 |  0.086 | torch.Size([8, 1, 1]) || m_body.0.nstb_block.ngram_window_partition.ngram_context.ngram_attn.logit_scale
 | -0.005 | -0.518 |  0.419 |  0.200 | torch.Size([9, 8]) || m_body.0.nstb_block.ngram_window_partition.ngram_context.ngram_attn.relative_position_bias_table
 |  4.000 |  0.000 |  8.000 |  2.309 | torch.Size([4, 4]) || m_body.0.nstb_block.ngram_window_partition.ngram_context.ngram_attn.relative_position_index
 | -0.000 | -0.288 |  0.285 |  0.070 | torch.Size([384, 128]) || m_body.0.nstb_block.ngram_window_partition.ngram_context.ngram_attn.qkv.weight
 | -0.003 | -0.310 |  0.257 |  0.093 | torch.Size([384]) || m_body.0.nstb_block.ngram_window_partition.ngram_context.ngram_attn.qkv.bias
 |  0.000 | -0.195 |  0.206 |  0.068 | torch.Size([128, 128]) || m_body.0.nstb_block.ngram_window_partition.ngram_context.ngram_attn.proj.weight
 | -0.001 | -0.076 |  0.078 |  0.039 | torch.Size([128]) || m_body.0.nstb_block.ngram_window_partition.ngram_context.ngram_attn.proj.bias
 |  0.000 | -0.251 |  0.240 |  0.057 | torch.Size([256, 256, 1, 1]) || m_body.0.nstb_block.ngram_window_partition.ngram_context.merge.weight
 | -0.002 | -0.117 |  0.156 |  0.054 | torch.Size([256]) || m_body.0.nstb_block.ngram_window_partition.ngram_context.merge.bias
 |  2.471 |  2.355 |  2.702 |  0.120 | torch.Size([8, 1, 1]) || m_body.0.nstb_block.attn.logit_scale
 | -0.087 | -1.005 |  0.824 |  0.311 | torch.Size([225, 8]) || m_body.0.nstb_block.attn.relative_position_bias_table
 | 112.000 |  0.000 | 224.000 | 48.719 | torch.Size([64, 64]) || m_body.0.nstb_block.attn.relative_position_index
 | -0.000 | -0.317 |  0.296 |  0.060 | torch.Size([768, 256]) || m_body.0.nstb_block.attn.qkv.weight
 | -0.006 | -0.331 |  0.287 |  0.082 | torch.Size([768]) || m_body.0.nstb_block.attn.qkv.bias
 |  0.000 | -0.255 |  0.286 |  0.058 | torch.Size([256, 256]) || m_body.0.nstb_block.attn.proj.weight
 |  0.001 | -0.217 |  0.261 |  0.070 | torch.Size([256]) || m_body.0.nstb_block.attn.proj.bias
 |  0.929 |  0.796 |  1.020 |  0.030 | torch.Size([256]) || m_body.0.nstb_block.norm1.weight
 | -0.000 | -0.051 |  0.047 |  0.017 | torch.Size([256]) || m_body.0.nstb_block.norm1.bias
 | -0.000 | -0.308 |  0.304 |  0.065 | torch.Size([512, 256]) || m_body.0.nstb_block.ffn.fc1.weight
 | -0.017 | -0.116 |  0.105 |  0.039 | torch.Size([512]) || m_body.0.nstb_block.ffn.fc1.bias
 | -0.000 | -0.330 |  0.292 |  0.055 | torch.Size([256, 512]) || m_body.0.nstb_block.ffn.fc2.weight
 |  0.001 | -0.191 |  0.220 |  0.047 | torch.Size([256]) || m_body.0.nstb_block.ffn.fc2.bias
 |  0.916 |  0.658 |  1.014 |  0.060 | torch.Size([256]) || m_body.0.nstb_block.norm2.weight
 | -0.002 | -0.087 |  0.074 |  0.032 | torch.Size([256]) || m_body.0.nstb_block.norm2.bias
 |  0.000 | -0.173 |  0.170 |  0.036 | torch.Size([512, 768, 1, 1]) || m_body.0.conv1_2.weight
 |  0.001 | -0.118 |  0.135 |  0.046 | torch.Size([512]) || m_body.0.conv1_2.bias
 |  0.000 | -0.164 |  0.205 |  0.031 | torch.Size([512, 256, 2, 2]) || m_up3.0.weight
 |  0.000 | -0.177 |  0.182 |  0.049 | torch.Size([256, 256, 1, 1]) || m_up3.1.conv1_1.weight
 | -0.001 | -0.209 |  0.182 |  0.075 | torch.Size([256]) || m_up3.1.conv1_1.bias
 | -0.000 | -0.282 |  0.274 |  0.046 | torch.Size([128, 128, 3, 3]) || m_up3.1.conv_block.0.weight
 |  0.000 | -0.288 |  0.274 |  0.044 | torch.Size([128, 128, 3, 3]) || m_up3.1.conv_block.2.weight
 |  1.013 |  0.909 |  1.117 |  0.038 | torch.Size([128]) || m_up3.1.trans_block.ln1.weight
 |  0.001 | -0.097 |  0.116 |  0.036 | torch.Size([128]) || m_up3.1.trans_block.ln1.bias
 | -0.160 | -0.832 |  1.023 |  0.352 | torch.Size([4, 15, 15]) || m_up3.1.trans_block.msa.relative_position_params
 |  0.000 | -0.314 |  0.321 |  0.075 | torch.Size([384, 128]) || m_up3.1.trans_block.msa.embedding_layer.weight
 |  0.002 | -0.250 |  0.256 |  0.080 | torch.Size([384]) || m_up3.1.trans_block.msa.embedding_layer.bias
 |  0.000 | -0.187 |  0.210 |  0.058 | torch.Size([128, 128]) || m_up3.1.trans_block.msa.linear.weight
 |  0.001 | -0.162 |  0.136 |  0.076 | torch.Size([128]) || m_up3.1.trans_block.msa.linear.bias
 |  1.104 |  0.934 |  1.238 |  0.059 | torch.Size([128]) || m_up3.1.trans_block.ln2.weight
 |  0.001 | -0.138 |  0.163 |  0.072 | torch.Size([128]) || m_up3.1.trans_block.ln2.bias
 | -0.000 | -0.332 |  0.316 |  0.075 | torch.Size([512, 128]) || m_up3.1.trans_block.mlp.0.weight
 | -0.049 | -0.190 |  0.095 |  0.053 | torch.Size([512]) || m_up3.1.trans_block.mlp.0.bias
 |  0.000 | -0.312 |  0.292 |  0.057 | torch.Size([128, 512]) || m_up3.1.trans_block.mlp.2.weight
 | -0.003 | -0.093 |  0.103 |  0.042 | torch.Size([128]) || m_up3.1.trans_block.mlp.2.bias
 | -43.750 | -100.000 |  0.000 | 49.609 | torch.Size([4, 64, 64]) || m_up3.1.nstb_block.attn_mask
 |  0.000 | -0.261 |  0.261 |  0.067 | torch.Size([64, 2, 8, 8]) || m_up3.1.nstb_block.ngram_window_partition.ngram_context.unigram_embed.weight
 |  0.006 | -0.129 |  0.096 |  0.057 | torch.Size([64]) || m_up3.1.nstb_block.ngram_window_partition.ngram_context.unigram_embed.bias
 |  1.977 |  1.896 |  2.106 |  0.098 | torch.Size([4, 1, 1]) || m_up3.1.nstb_block.ngram_window_partition.ngram_context.ngram_attn.logit_scale
 | -0.030 | -0.944 |  1.144 |  0.516 | torch.Size([9, 4]) || m_up3.1.nstb_block.ngram_window_partition.ngram_context.ngram_attn.relative_position_bias_table
 |  4.000 |  0.000 |  8.000 |  2.309 | torch.Size([4, 4]) || m_up3.1.nstb_block.ngram_window_partition.ngram_context.ngram_attn.relative_position_index
 | -0.000 | -0.280 |  0.282 |  0.087 | torch.Size([192, 64]) || m_up3.1.nstb_block.ngram_window_partition.ngram_context.ngram_attn.qkv.weight
 |  0.013 | -0.384 |  0.558 |  0.137 | torch.Size([192]) || m_up3.1.nstb_block.ngram_window_partition.ngram_context.ngram_attn.qkv.bias
 | -0.002 | -0.244 |  0.245 |  0.085 | torch.Size([64, 64]) || m_up3.1.nstb_block.ngram_window_partition.ngram_context.ngram_attn.proj.weight
 | -0.002 | -0.108 |  0.102 |  0.056 | torch.Size([64]) || m_up3.1.nstb_block.ngram_window_partition.ngram_context.ngram_attn.proj.bias
 | -0.000 | -0.218 |  0.250 |  0.066 | torch.Size([128, 128, 1, 1]) || m_up3.1.nstb_block.ngram_window_partition.ngram_context.merge.weight
 | -0.006 | -0.143 |  0.172 |  0.061 | torch.Size([128]) || m_up3.1.nstb_block.ngram_window_partition.ngram_context.merge.bias
 |  2.473 |  2.363 |  2.589 |  0.126 | torch.Size([4, 1, 1]) || m_up3.1.nstb_block.attn.logit_scale
 | -0.148 | -0.985 |  0.812 |  0.372 | torch.Size([225, 4]) || m_up3.1.nstb_block.attn.relative_position_bias_table
 | 112.000 |  0.000 | 224.000 | 48.719 | torch.Size([64, 64]) || m_up3.1.nstb_block.attn.relative_position_index
 |  0.000 | -0.282 |  0.283 |  0.067 | torch.Size([384, 128]) || m_up3.1.nstb_block.attn.qkv.weight
 | -0.004 | -0.248 |  0.232 |  0.084 | torch.Size([384]) || m_up3.1.nstb_block.attn.qkv.bias
 | -0.000 | -0.240 |  0.211 |  0.064 | torch.Size([128, 128]) || m_up3.1.nstb_block.attn.proj.weight
 |  0.002 | -0.218 |  0.174 |  0.079 | torch.Size([128]) || m_up3.1.nstb_block.attn.proj.bias
 |  0.935 |  0.751 |  1.015 |  0.055 | torch.Size([128]) || m_up3.1.nstb_block.norm1.weight
 | -0.003 | -0.026 |  0.016 |  0.009 | torch.Size([128]) || m_up3.1.nstb_block.norm1.bias
 |  0.000 | -0.318 |  0.294 |  0.075 | torch.Size([256, 128]) || m_up3.1.nstb_block.ffn.fc1.weight
 | -0.018 | -0.135 |  0.117 |  0.058 | torch.Size([256]) || m_up3.1.nstb_block.ffn.fc1.bias
 |  0.000 | -0.264 |  0.253 |  0.056 | torch.Size([128, 256]) || m_up3.1.nstb_block.ffn.fc2.weight
 | -0.005 | -0.127 |  0.158 |  0.051 | torch.Size([128]) || m_up3.1.nstb_block.ffn.fc2.bias
 |  0.921 |  0.663 |  0.989 |  0.067 | torch.Size([128]) || m_up3.1.nstb_block.norm2.weight
 | -0.002 | -0.035 |  0.028 |  0.015 | torch.Size([128]) || m_up3.1.nstb_block.norm2.bias
 | -0.000 | -0.176 |  0.181 |  0.042 | torch.Size([256, 384, 1, 1]) || m_up3.1.conv1_2.weight
 |  0.003 | -0.122 |  0.114 |  0.046 | torch.Size([256]) || m_up3.1.conv1_2.bias
 |  0.000 | -0.113 |  0.118 |  0.023 | torch.Size([256, 128, 2, 2]) || m_up2.0.weight
 |  0.000 | -0.308 |  0.277 |  0.068 | torch.Size([128, 128, 1, 1]) || m_up2.1.conv1_1.weight
 |  0.001 | -0.196 |  0.144 |  0.060 | torch.Size([128]) || m_up2.1.conv1_1.bias
 | -0.002 | -0.265 |  0.266 |  0.052 | torch.Size([64, 64, 3, 3]) || m_up2.1.conv_block.0.weight
 | -0.001 | -0.410 |  0.456 |  0.054 | torch.Size([64, 64, 3, 3]) || m_up2.1.conv_block.2.weight
 |  1.022 |  0.950 |  1.164 |  0.044 | torch.Size([64]) || m_up2.1.trans_block.ln1.weight
 |  0.005 | -0.145 |  0.116 |  0.049 | torch.Size([64]) || m_up2.1.trans_block.ln1.bias
 | -0.400 | -1.307 |  1.453 |  0.588 | torch.Size([2, 15, 15]) || m_up2.1.trans_block.msa.relative_position_params
 | -0.002 | -0.544 |  0.456 |  0.103 | torch.Size([192, 64]) || m_up2.1.trans_block.msa.embedding_layer.weight
 |  0.003 | -0.314 |  0.317 |  0.095 | torch.Size([192]) || m_up2.1.trans_block.msa.embedding_layer.bias
 |  0.001 | -0.223 |  0.251 |  0.070 | torch.Size([64, 64]) || m_up2.1.trans_block.msa.linear.weight
 |  0.002 | -0.134 |  0.155 |  0.087 | torch.Size([64]) || m_up2.1.trans_block.msa.linear.bias
 |  1.074 |  0.896 |  1.407 |  0.119 | torch.Size([64]) || m_up2.1.trans_block.ln2.weight
 |  0.000 | -0.067 |  0.070 |  0.033 | torch.Size([64]) || m_up2.1.trans_block.ln2.bias
 |  0.001 | -0.378 |  0.353 |  0.091 | torch.Size([256, 64]) || m_up2.1.trans_block.mlp.0.weight
 | -0.030 | -0.226 |  0.119 |  0.077 | torch.Size([256]) || m_up2.1.trans_block.mlp.0.bias
 |  0.000 | -0.227 |  0.264 |  0.054 | torch.Size([64, 256]) || m_up2.1.trans_block.mlp.2.weight
 | -0.001 | -0.079 |  0.087 |  0.036 | torch.Size([64]) || m_up2.1.trans_block.mlp.2.bias
 | -23.438 | -100.000 |  0.000 | 42.361 | torch.Size([16, 64, 64]) || m_up2.1.nstb_block.attn_mask
 |  0.000 | -0.305 |  0.263 |  0.067 | torch.Size([32, 2, 8, 8]) || m_up2.1.nstb_block.ngram_window_partition.ngram_context.unigram_embed.weight
 |  0.014 | -0.070 |  0.089 |  0.043 | torch.Size([32]) || m_up2.1.nstb_block.ngram_window_partition.ngram_context.unigram_embed.bias
 |  2.049 |  1.908 |  2.191 |  0.200 | torch.Size([2, 1, 1]) || m_up2.1.nstb_block.ngram_window_partition.ngram_context.ngram_attn.logit_scale
 | -0.017 | -0.735 |  0.494 |  0.325 | torch.Size([9, 2]) || m_up2.1.nstb_block.ngram_window_partition.ngram_context.ngram_attn.relative_position_bias_table
 |  4.000 |  0.000 |  8.000 |  2.309 | torch.Size([4, 4]) || m_up2.1.nstb_block.ngram_window_partition.ngram_context.ngram_attn.relative_position_index
 |  0.000 | -0.314 |  0.379 |  0.113 | torch.Size([96, 32]) || m_up2.1.nstb_block.ngram_window_partition.ngram_context.ngram_attn.qkv.weight
 |  0.015 | -0.243 |  0.298 |  0.113 | torch.Size([96]) || m_up2.1.nstb_block.ngram_window_partition.ngram_context.ngram_attn.qkv.bias
 | -0.002 | -0.271 |  0.279 |  0.111 | torch.Size([32, 32]) || m_up2.1.nstb_block.ngram_window_partition.ngram_context.ngram_attn.proj.weight
 |  0.005 | -0.137 |  0.150 |  0.101 | torch.Size([32]) || m_up2.1.nstb_block.ngram_window_partition.ngram_context.ngram_attn.proj.bias
 | -0.001 | -0.218 |  0.262 |  0.079 | torch.Size([64, 64, 1, 1]) || m_up2.1.nstb_block.ngram_window_partition.ngram_context.merge.weight
 |  0.006 | -0.130 |  0.126 |  0.063 | torch.Size([64]) || m_up2.1.nstb_block.ngram_window_partition.ngram_context.merge.bias
 |  2.602 |  2.535 |  2.670 |  0.095 | torch.Size([2, 1, 1]) || m_up2.1.nstb_block.attn.logit_scale
 | -0.215 | -1.137 |  0.791 |  0.447 | torch.Size([225, 2]) || m_up2.1.nstb_block.attn.relative_position_bias_table
 | 112.000 |  0.000 | 224.000 | 48.719 | torch.Size([64, 64]) || m_up2.1.nstb_block.attn.relative_position_index
 | -0.000 | -0.404 |  0.305 |  0.083 | torch.Size([192, 64]) || m_up2.1.nstb_block.attn.qkv.weight
 | -0.000 | -0.162 |  0.204 |  0.074 | torch.Size([192]) || m_up2.1.nstb_block.attn.qkv.bias
 | -0.000 | -0.202 |  0.196 |  0.077 | torch.Size([64, 64]) || m_up2.1.nstb_block.attn.proj.weight
 | -0.012 | -0.156 |  0.139 |  0.082 | torch.Size([64]) || m_up2.1.nstb_block.attn.proj.bias
 |  0.956 |  0.795 |  1.003 |  0.049 | torch.Size([64]) || m_up2.1.nstb_block.norm1.weight
 | -0.000 | -0.020 |  0.016 |  0.007 | torch.Size([64]) || m_up2.1.nstb_block.norm1.bias
 | -0.000 | -0.351 |  0.390 |  0.090 | torch.Size([128, 64]) || m_up2.1.nstb_block.ffn.fc1.weight
 | -0.007 | -0.164 |  0.126 |  0.075 | torch.Size([128]) || m_up2.1.nstb_block.ffn.fc1.bias
 | -0.001 | -0.229 |  0.251 |  0.060 | torch.Size([64, 128]) || m_up2.1.nstb_block.ffn.fc2.weight
 |  0.001 | -0.103 |  0.104 |  0.057 | torch.Size([64]) || m_up2.1.nstb_block.ffn.fc2.bias
 |  0.930 |  0.398 |  1.001 |  0.111 | torch.Size([64]) || m_up2.1.nstb_block.norm2.weight
 |  0.000 | -0.021 |  0.015 |  0.008 | torch.Size([64]) || m_up2.1.nstb_block.norm2.bias
 | -0.000 | -0.235 |  0.259 |  0.056 | torch.Size([128, 192, 1, 1]) || m_up2.1.conv1_2.weight
 |  0.005 | -0.084 |  0.104 |  0.035 | torch.Size([128]) || m_up2.1.conv1_2.bias
 |  0.001 | -0.131 |  0.148 |  0.034 | torch.Size([128, 64, 2, 2]) || m_up1.0.weight
 | -0.002 | -0.305 |  0.267 |  0.084 | torch.Size([64, 64, 1, 1]) || m_up1.1.conv1_1.weight
 | -0.001 | -0.132 |  0.126 |  0.058 | torch.Size([64]) || m_up1.1.conv1_1.bias
 | -0.001 | -0.269 |  0.415 |  0.055 | torch.Size([32, 32, 3, 3]) || m_up1.1.conv_block.0.weight
 | -0.002 | -0.344 |  0.338 |  0.058 | torch.Size([32, 32, 3, 3]) || m_up1.1.conv_block.2.weight
 |  0.980 |  0.898 |  1.034 |  0.028 | torch.Size([32]) || m_up1.1.trans_block.ln1.weight
 |  0.003 | -0.036 |  0.055 |  0.021 | torch.Size([32]) || m_up1.1.trans_block.ln1.bias
 | -0.194 | -0.972 |  1.191 |  0.488 | torch.Size([1, 15, 15]) || m_up1.1.trans_block.msa.relative_position_params
 | -0.001 | -0.568 |  0.549 |  0.118 | torch.Size([96, 32]) || m_up1.1.trans_block.msa.embedding_layer.weight
 | -0.015 | -0.235 |  0.212 |  0.113 | torch.Size([96]) || m_up1.1.trans_block.msa.embedding_layer.bias
 | -0.003 | -0.283 |  0.249 |  0.094 | torch.Size([32, 32]) || m_up1.1.trans_block.msa.linear.weight
 | -0.020 | -0.173 |  0.223 |  0.106 | torch.Size([32]) || m_up1.1.trans_block.msa.linear.bias
 |  0.971 |  0.890 |  1.131 |  0.062 | torch.Size([32]) || m_up1.1.trans_block.ln2.weight
 | -0.004 | -0.069 |  0.088 |  0.038 | torch.Size([32]) || m_up1.1.trans_block.ln2.bias
 |  0.002 | -0.471 |  0.435 |  0.107 | torch.Size([128, 32]) || m_up1.1.trans_block.mlp.0.weight
 | -0.007 | -0.214 |  0.186 |  0.097 | torch.Size([128]) || m_up1.1.trans_block.mlp.0.bias
 | -0.001 | -0.181 |  0.175 |  0.051 | torch.Size([32, 128]) || m_up1.1.trans_block.mlp.2.weight
 | -0.004 | -0.079 |  0.080 |  0.046 | torch.Size([32]) || m_up1.1.trans_block.mlp.2.bias
 | -12.109 | -100.000 |  0.000 | 32.624 | torch.Size([64, 64, 64]) || m_up1.1.nstb_block.attn_mask
 |  0.000 | -0.332 |  0.323 |  0.084 | torch.Size([16, 2, 8, 8]) || m_up1.1.nstb_block.ngram_window_partition.ngram_context.unigram_embed.weight
 | -0.007 | -0.066 |  0.066 |  0.041 | torch.Size([16]) || m_up1.1.nstb_block.ngram_window_partition.ngram_context.unigram_embed.bias
 |  2.353 |  2.353 |  2.353 |    nan | torch.Size([1, 1, 1]) || m_up1.1.nstb_block.ngram_window_partition.ngram_context.ngram_attn.logit_scale
 | -0.065 | -0.788 |  1.024 |  0.649 | torch.Size([9, 1]) || m_up1.1.nstb_block.ngram_window_partition.ngram_context.ngram_attn.relative_position_bias_table
 |  4.000 |  0.000 |  8.000 |  2.309 | torch.Size([4, 4]) || m_up1.1.nstb_block.ngram_window_partition.ngram_context.ngram_attn.relative_position_index
 |  0.007 | -0.460 |  0.486 |  0.172 | torch.Size([48, 16]) || m_up1.1.nstb_block.ngram_window_partition.ngram_context.ngram_attn.qkv.weight
 |  0.003 | -0.178 |  0.196 |  0.105 | torch.Size([48]) || m_up1.1.nstb_block.ngram_window_partition.ngram_context.ngram_attn.qkv.bias
 |  0.011 | -0.382 |  0.381 |  0.170 | torch.Size([16, 16]) || m_up1.1.nstb_block.ngram_window_partition.ngram_context.ngram_attn.proj.weight
 |  0.027 | -0.217 |  0.219 |  0.120 | torch.Size([16]) || m_up1.1.nstb_block.ngram_window_partition.ngram_context.ngram_attn.proj.bias
 | -0.003 | -0.294 |  0.301 |  0.110 | torch.Size([32, 32, 1, 1]) || m_up1.1.nstb_block.ngram_window_partition.ngram_context.merge.weight
 | -0.021 | -0.160 |  0.166 |  0.102 | torch.Size([32]) || m_up1.1.nstb_block.ngram_window_partition.ngram_context.merge.bias
 |  2.308 |  2.308 |  2.308 |    nan | torch.Size([1, 1, 1]) || m_up1.1.nstb_block.attn.logit_scale
 | -1.105 | -2.762 |  1.484 |  1.326 | torch.Size([225, 1]) || m_up1.1.nstb_block.attn.relative_position_bias_table
 | 112.000 |  0.000 | 224.000 | 48.719 | torch.Size([64, 64]) || m_up1.1.nstb_block.attn.relative_position_index
 | -0.000 | -0.411 |  0.421 |  0.115 | torch.Size([96, 32]) || m_up1.1.nstb_block.attn.qkv.weight
 | -0.004 | -0.184 |  0.170 |  0.093 | torch.Size([96]) || m_up1.1.nstb_block.attn.qkv.bias
 | -0.003 | -0.250 |  0.220 |  0.100 | torch.Size([32, 32]) || m_up1.1.nstb_block.attn.proj.weight
 | -0.013 | -0.253 |  0.219 |  0.117 | torch.Size([32]) || m_up1.1.nstb_block.attn.proj.bias
 |  0.950 |  0.678 |  1.015 |  0.072 | torch.Size([32]) || m_up1.1.nstb_block.norm1.weight
 |  0.000 | -0.022 |  0.031 |  0.010 | torch.Size([32]) || m_up1.1.nstb_block.norm1.bias
 | -0.000 | -0.451 |  0.468 |  0.114 | torch.Size([64, 32]) || m_up1.1.nstb_block.ffn.fc1.weight
 | -0.010 | -0.192 |  0.189 |  0.114 | torch.Size([64]) || m_up1.1.nstb_block.ffn.fc1.bias
 |  0.001 | -0.199 |  0.198 |  0.076 | torch.Size([32, 64]) || m_up1.1.nstb_block.ffn.fc2.weight
 |  0.024 | -0.141 |  0.111 |  0.067 | torch.Size([32]) || m_up1.1.nstb_block.ffn.fc2.bias
 |  0.953 |  0.743 |  1.015 |  0.052 | torch.Size([32]) || m_up1.1.nstb_block.norm2.weight
 |  0.001 | -0.036 |  0.021 |  0.011 | torch.Size([32]) || m_up1.1.nstb_block.norm2.bias
 | -0.001 | -0.243 |  0.242 |  0.059 | torch.Size([64, 96, 1, 1]) || m_up1.1.conv1_2.weight
 |  0.005 | -0.093 |  0.071 |  0.038 | torch.Size([64]) || m_up1.1.conv1_2.bias
 | -0.001 | -0.045 |  0.042 |  0.012 | torch.Size([1, 64, 3, 3]) || m_tail.0.weight

25-07-24 16:16:53.469 : TensorBoard logging to: training_results/conv_trans_nstb/scunet_ngswin_conv_trans_nstb/tensorboard/SCUNet_conv_trans_nstb_li_ct_val0.1
25-07-24 16:16:53.469 : Experiment name: SCUNet_conv_trans_nstb_li_ct_val0.1
25-07-24 16:16:53.469 : Validation split: 10.0% of training data
25-07-24 16:16:53.469 : Early stopping is disabled. Training will run for full 100 epochs.
25-07-24 16:16:53.469 : Starting training...
25-07-24 16:16:53.469 : Training dataset size: 32,505
25-07-24 16:16:53.469 : Iterations per epoch: 16,253
25-07-24 16:16:53.469 : Current step: 800,000
25-07-24 16:16:53.469 : Starting from epoch: 50
25-07-24 16:22:10.664 : <epoch: 50, iter: 801,000, lr:6.250e-06> G_loss: 8.622e-04 
25-07-24 16:27:31.589 : <epoch: 50, iter: 802,000, lr:6.250e-06> G_loss: 1.127e-03 
25-07-24 16:32:54.488 : <epoch: 50, iter: 803,000, lr:6.250e-06> G_loss: 9.600e-04 
25-07-24 16:38:20.160 : <epoch: 50, iter: 804,000, lr:6.250e-06> G_loss: 9.488e-04 
25-07-24 16:43:51.071 : <epoch: 50, iter: 805,000, lr:6.250e-06> G_loss: 7.566e-04 
25-07-24 16:49:18.327 : <epoch: 50, iter: 806,000, lr:6.250e-06> G_loss: 1.100e-03 
25-07-24 16:54:44.123 : <epoch: 50, iter: 807,000, lr:6.250e-06> G_loss: 6.351e-04 
25-07-24 16:55:47.305 :   task: scunet_ngswin_conv_trans_nstb
  model: scunet_ngswin
  gpu_ids: [0]
  dist: False
  scale: 1
  n_channels: 1
  path:[
    root: training_results/conv_trans_nstb
    pretrained_netG: training_results/conv_trans_nstb/scunet_ngswin_conv_trans_nstb/models/800000_G.pth
    pretrained_netE: training_results/conv_trans_nstb/scunet_ngswin_conv_trans_nstb/models/800000_E.pth
    task: training_results/conv_trans_nstb/scunet_ngswin_conv_trans_nstb
    log: training_results/conv_trans_nstb/scunet_ngswin_conv_trans_nstb
    options: training_results/conv_trans_nstb/scunet_ngswin_conv_trans_nstb/options
    models: training_results/conv_trans_nstb/scunet_ngswin_conv_trans_nstb/models
    images: training_results/conv_trans_nstb/scunet_ngswin_conv_trans_nstb/images
    pretrained_optimizerG: None
  ]
  datasets:[
    train:[
      name: syn_deeplesion_train_li_ct
      dataset_type: li_ct
      dataroot_H: /home/Drive-D/SynDeepLesion/train_640geo
      dataloader_shuffle: True
      dataloader_num_workers: 4
      dataloader_batch_size: 2
      phase: train
      scale: 1
      n_channels: 1
    ]
    test:[
      name: syn_deeplesion_test_li_ct
      dataset_type: li_ct
      dataroot_H: /home/Drive-D/SynDeepLesion/test_640geo
      phase: test
      scale: 1
      n_channels: 1
    ]
    test_2:[
      name: clinical_metal_test_nii_ct
      dataset_type: nii_ct
      dataroot_H: /home/Drive-D/clinical_metal
      phase: test
      scale: 1
      n_channels: 1
    ]
  ]
  netG:[
    net_type: scunet_ngswin
    in_nc: 1
    out_nc: 1
    config: [1, 1, 1, 1, 1, 1, 1]
    dim: 32
    drop_path_rate: 0.0
    input_resolution: 512
    block_variant: conv_trans_nstb
    init_type: kaiming_normal
    init_bn_type: constant
    init_gain: 1.0
    scale: 1
  ]
  train:[
    G_lossfn_type: l1
    G_lossfn_weight: 1.0
    E_decay: 0.999
    G_optimizer_type: adam
    G_optimizer_lr: 0.0001
    G_optimizer_wd: 0
    G_scheduler_type: MultiStepLR
    G_scheduler_milestones: [200000, 400000, 600000, 800000, 1000000, 1200000, 1400000, 1600000]
    G_scheduler_gamma: 0.5
    G_param_strict: True
    E_param_strict: True
    checkpoint_test: 30000
    checkpoint_save: 20000
    checkpoint_print: 1000
    use_fp16: True
    test_both_checkpoints: True
    test_save_every_nth: 10
    F_feature_layer: 34
    F_weights: 1.0
    F_lossfn_type: l1
    F_use_input_norm: True
    F_use_range_norm: False
    G_optimizer_betas: [0.9, 0.999]
    G_scheduler_restart_weights: 1
    G_optimizer_reuse: False
  ]
  opt_path: options/train_scunet_ngswin_4_continue.json
  is_train: True
  merge_bn: False
  merge_bn_startpoint: -1
  find_unused_parameters: False
  use_static_graph: False
  num_gpu: 1
  device: cuda

25-07-24 16:55:47.306 : Using device: cuda
25-07-24 16:55:47.678 : Total samples: 36,116 | Train: 32,505 (90.0%) | Validation: 3,611 (10.0%)
25-07-24 16:55:47.678 : Training iters per epoch: 16,253
25-07-24 16:55:47.706 : Test set samples: 2,000
25-07-24 16:55:49.227 : 
Networks name: SCUNet_NGSwin
Params number: 6881982
Net structure:
SCUNet_NGSwin(
  (m_head): Sequential(
    (0): Conv2d(1, 64, kernel_size=(3, 3), stride=(1, 1), padding=(1, 1), bias=False)
  )
  (m_down1): Sequential(
    (0): ConvTransNSTBBlock(
      (conv1_1): Conv2d(64, 64, kernel_size=(1, 1), stride=(1, 1))
      (conv_block): Sequential(
        (0): Conv2d(32, 32, kernel_size=(3, 3), stride=(1, 1), padding=(1, 1), bias=False)
        (1): ReLU(inplace=True)
        (2): Conv2d(32, 32, kernel_size=(3, 3), stride=(1, 1), padding=(1, 1), bias=False)
      )
      (trans_block): Block(
        (ln1): LayerNorm((32,), eps=1e-05, elementwise_affine=True)
        (msa): WMSA(
          (embedding_layer): Linear(in_features=32, out_features=96, bias=True)
          (linear): Linear(in_features=32, out_features=32, bias=True)
        )
        (drop_path): Identity()
        (ln2): LayerNorm((32,), eps=1e-05, elementwise_affine=True)
        (mlp): Sequential(
          (0): Linear(in_features=32, out_features=128, bias=True)
          (1): GELU(approximate='none')
          (2): Linear(in_features=128, out_features=32, bias=True)
        )
      )
      (nstb_block): NSTB(
        (ngram_window_partition): NGramWindowPartition(
          (ngram_context): NGramContext(
            (unigram_embed): Conv2d(32, 16, kernel_size=(8, 8), stride=(8, 8), groups=16)
            (ngram_attn): WindowAttention(
              (qkv): Linear(in_features=16, out_features=48, bias=True)
              (attn_drop): Dropout(p=0.0, inplace=False)
              (proj): Linear(in_features=16, out_features=16, bias=True)
              (proj_drop): Dropout(p=0.0, inplace=False)
              (softmax): Softmax(dim=-1)
            )
            (avg_pool): AvgPool2d(kernel_size=2, stride=2, padding=0)
            (merge): Conv2d(32, 32, kernel_size=(1, 1), stride=(1, 1))
          )
        )
        (attn): WindowAttention(
          (qkv): Linear(in_features=32, out_features=96, bias=True)
          (attn_drop): Dropout(p=0.0, inplace=False)
          (proj): Linear(in_features=32, out_features=32, bias=True)
          (proj_drop): Dropout(p=0.0, inplace=False)
          (softmax): Softmax(dim=-1)
        )
        (norm1): LayerNorm((32,), eps=1e-05, elementwise_affine=True)
        (drop_path): Identity()
        (ffn): Mlp(
          (fc1): Linear(in_features=32, out_features=64, bias=True)
          (act): GELU(approximate='none')
          (drop1): Dropout(p=0.0, inplace=False)
          (norm): Identity()
          (fc2): Linear(in_features=64, out_features=32, bias=True)
          (drop2): Dropout(p=0.0, inplace=False)
        )
        (norm2): LayerNorm((32,), eps=1e-05, elementwise_affine=True)
      )
      (conv1_2): Conv2d(96, 64, kernel_size=(1, 1), stride=(1, 1))
    )
    (1): Conv2d(64, 128, kernel_size=(2, 2), stride=(2, 2), bias=False)
  )
  (m_down2): Sequential(
    (0): ConvTransNSTBBlock(
      (conv1_1): Conv2d(128, 128, kernel_size=(1, 1), stride=(1, 1))
      (conv_block): Sequential(
        (0): Conv2d(64, 64, kernel_size=(3, 3), stride=(1, 1), padding=(1, 1), bias=False)
        (1): ReLU(inplace=True)
        (2): Conv2d(64, 64, kernel_size=(3, 3), stride=(1, 1), padding=(1, 1), bias=False)
      )
      (trans_block): Block(
        (ln1): LayerNorm((64,), eps=1e-05, elementwise_affine=True)
        (msa): WMSA(
          (embedding_layer): Linear(in_features=64, out_features=192, bias=True)
          (linear): Linear(in_features=64, out_features=64, bias=True)
        )
        (drop_path): Identity()
        (ln2): LayerNorm((64,), eps=1e-05, elementwise_affine=True)
        (mlp): Sequential(
          (0): Linear(in_features=64, out_features=256, bias=True)
          (1): GELU(approximate='none')
          (2): Linear(in_features=256, out_features=64, bias=True)
        )
      )
      (nstb_block): NSTB(
        (ngram_window_partition): NGramWindowPartition(
          (ngram_context): NGramContext(
            (unigram_embed): Conv2d(64, 32, kernel_size=(8, 8), stride=(8, 8), groups=32)
            (ngram_attn): WindowAttention(
              (qkv): Linear(in_features=32, out_features=96, bias=True)
              (attn_drop): Dropout(p=0.0, inplace=False)
              (proj): Linear(in_features=32, out_features=32, bias=True)
              (proj_drop): Dropout(p=0.0, inplace=False)
              (softmax): Softmax(dim=-1)
            )
            (avg_pool): AvgPool2d(kernel_size=2, stride=2, padding=0)
            (merge): Conv2d(64, 64, kernel_size=(1, 1), stride=(1, 1))
          )
        )
        (attn): WindowAttention(
          (qkv): Linear(in_features=64, out_features=192, bias=True)
          (attn_drop): Dropout(p=0.0, inplace=False)
          (proj): Linear(in_features=64, out_features=64, bias=True)
          (proj_drop): Dropout(p=0.0, inplace=False)
          (softmax): Softmax(dim=-1)
        )
        (norm1): LayerNorm((64,), eps=1e-05, elementwise_affine=True)
        (drop_path): Identity()
        (ffn): Mlp(
          (fc1): Linear(in_features=64, out_features=128, bias=True)
          (act): GELU(approximate='none')
          (drop1): Dropout(p=0.0, inplace=False)
          (norm): Identity()
          (fc2): Linear(in_features=128, out_features=64, bias=True)
          (drop2): Dropout(p=0.0, inplace=False)
        )
        (norm2): LayerNorm((64,), eps=1e-05, elementwise_affine=True)
      )
      (conv1_2): Conv2d(192, 128, kernel_size=(1, 1), stride=(1, 1))
    )
    (1): Conv2d(128, 256, kernel_size=(2, 2), stride=(2, 2), bias=False)
  )
  (m_down3): Sequential(
    (0): ConvTransNSTBBlock(
      (conv1_1): Conv2d(256, 256, kernel_size=(1, 1), stride=(1, 1))
      (conv_block): Sequential(
        (0): Conv2d(128, 128, kernel_size=(3, 3), stride=(1, 1), padding=(1, 1), bias=False)
        (1): ReLU(inplace=True)
        (2): Conv2d(128, 128, kernel_size=(3, 3), stride=(1, 1), padding=(1, 1), bias=False)
      )
      (trans_block): Block(
        (ln1): LayerNorm((128,), eps=1e-05, elementwise_affine=True)
        (msa): WMSA(
          (embedding_layer): Linear(in_features=128, out_features=384, bias=True)
          (linear): Linear(in_features=128, out_features=128, bias=True)
        )
        (drop_path): Identity()
        (ln2): LayerNorm((128,), eps=1e-05, elementwise_affine=True)
        (mlp): Sequential(
          (0): Linear(in_features=128, out_features=512, bias=True)
          (1): GELU(approximate='none')
          (2): Linear(in_features=512, out_features=128, bias=True)
        )
      )
      (nstb_block): NSTB(
        (ngram_window_partition): NGramWindowPartition(
          (ngram_context): NGramContext(
            (unigram_embed): Conv2d(128, 64, kernel_size=(8, 8), stride=(8, 8), groups=64)
            (ngram_attn): WindowAttention(
              (qkv): Linear(in_features=64, out_features=192, bias=True)
              (attn_drop): Dropout(p=0.0, inplace=False)
              (proj): Linear(in_features=64, out_features=64, bias=True)
              (proj_drop): Dropout(p=0.0, inplace=False)
              (softmax): Softmax(dim=-1)
            )
            (avg_pool): AvgPool2d(kernel_size=2, stride=2, padding=0)
            (merge): Conv2d(128, 128, kernel_size=(1, 1), stride=(1, 1))
          )
        )
        (attn): WindowAttention(
          (qkv): Linear(in_features=128, out_features=384, bias=True)
          (attn_drop): Dropout(p=0.0, inplace=False)
          (proj): Linear(in_features=128, out_features=128, bias=True)
          (proj_drop): Dropout(p=0.0, inplace=False)
          (softmax): Softmax(dim=-1)
        )
        (norm1): LayerNorm((128,), eps=1e-05, elementwise_affine=True)
        (drop_path): Identity()
        (ffn): Mlp(
          (fc1): Linear(in_features=128, out_features=256, bias=True)
          (act): GELU(approximate='none')
          (drop1): Dropout(p=0.0, inplace=False)
          (norm): Identity()
          (fc2): Linear(in_features=256, out_features=128, bias=True)
          (drop2): Dropout(p=0.0, inplace=False)
        )
        (norm2): LayerNorm((128,), eps=1e-05, elementwise_affine=True)
      )
      (conv1_2): Conv2d(384, 256, kernel_size=(1, 1), stride=(1, 1))
    )
    (1): Conv2d(256, 512, kernel_size=(2, 2), stride=(2, 2), bias=False)
  )
  (m_body): Sequential(
    (0): ConvTransNSTBBlock(
      (conv1_1): Conv2d(512, 512, kernel_size=(1, 1), stride=(1, 1))
      (conv_block): Sequential(
        (0): Conv2d(256, 256, kernel_size=(3, 3), stride=(1, 1), padding=(1, 1), bias=False)
        (1): ReLU(inplace=True)
        (2): Conv2d(256, 256, kernel_size=(3, 3), stride=(1, 1), padding=(1, 1), bias=False)
      )
      (trans_block): Block(
        (ln1): LayerNorm((256,), eps=1e-05, elementwise_affine=True)
        (msa): WMSA(
          (embedding_layer): Linear(in_features=256, out_features=768, bias=True)
          (linear): Linear(in_features=256, out_features=256, bias=True)
        )
        (drop_path): Identity()
        (ln2): LayerNorm((256,), eps=1e-05, elementwise_affine=True)
        (mlp): Sequential(
          (0): Linear(in_features=256, out_features=1024, bias=True)
          (1): GELU(approximate='none')
          (2): Linear(in_features=1024, out_features=256, bias=True)
        )
      )
      (nstb_block): NSTB(
        (ngram_window_partition): NGramWindowPartition(
          (ngram_context): NGramContext(
            (unigram_embed): Conv2d(256, 128, kernel_size=(8, 8), stride=(8, 8), groups=128)
            (ngram_attn): WindowAttention(
              (qkv): Linear(in_features=128, out_features=384, bias=True)
              (attn_drop): Dropout(p=0.0, inplace=False)
              (proj): Linear(in_features=128, out_features=128, bias=True)
              (proj_drop): Dropout(p=0.0, inplace=False)
              (softmax): Softmax(dim=-1)
            )
            (avg_pool): AvgPool2d(kernel_size=2, stride=2, padding=0)
            (merge): Conv2d(256, 256, kernel_size=(1, 1), stride=(1, 1))
          )
        )
        (attn): WindowAttention(
          (qkv): Linear(in_features=256, out_features=768, bias=True)
          (attn_drop): Dropout(p=0.0, inplace=False)
          (proj): Linear(in_features=256, out_features=256, bias=True)
          (proj_drop): Dropout(p=0.0, inplace=False)
          (softmax): Softmax(dim=-1)
        )
        (norm1): LayerNorm((256,), eps=1e-05, elementwise_affine=True)
        (drop_path): Identity()
        (ffn): Mlp(
          (fc1): Linear(in_features=256, out_features=512, bias=True)
          (act): GELU(approximate='none')
          (drop1): Dropout(p=0.0, inplace=False)
          (norm): Identity()
          (fc2): Linear(in_features=512, out_features=256, bias=True)
          (drop2): Dropout(p=0.0, inplace=False)
        )
        (norm2): LayerNorm((256,), eps=1e-05, elementwise_affine=True)
      )
      (conv1_2): Conv2d(768, 512, kernel_size=(1, 1), stride=(1, 1))
    )
  )
  (m_up3): Sequential(
    (0): ConvTranspose2d(512, 256, kernel_size=(2, 2), stride=(2, 2), bias=False)
    (1): ConvTransNSTBBlock(
      (conv1_1): Conv2d(256, 256, kernel_size=(1, 1), stride=(1, 1))
      (conv_block): Sequential(
        (0): Conv2d(128, 128, kernel_size=(3, 3), stride=(1, 1), padding=(1, 1), bias=False)
        (1): ReLU(inplace=True)
        (2): Conv2d(128, 128, kernel_size=(3, 3), stride=(1, 1), padding=(1, 1), bias=False)
      )
      (trans_block): Block(
        (ln1): LayerNorm((128,), eps=1e-05, elementwise_affine=True)
        (msa): WMSA(
          (embedding_layer): Linear(in_features=128, out_features=384, bias=True)
          (linear): Linear(in_features=128, out_features=128, bias=True)
        )
        (drop_path): Identity()
        (ln2): LayerNorm((128,), eps=1e-05, elementwise_affine=True)
        (mlp): Sequential(
          (0): Linear(in_features=128, out_features=512, bias=True)
          (1): GELU(approximate='none')
          (2): Linear(in_features=512, out_features=128, bias=True)
        )
      )
      (nstb_block): NSTB(
        (ngram_window_partition): NGramWindowPartition(
          (ngram_context): NGramContext(
            (unigram_embed): Conv2d(128, 64, kernel_size=(8, 8), stride=(8, 8), groups=64)
            (ngram_attn): WindowAttention(
              (qkv): Linear(in_features=64, out_features=192, bias=True)
              (attn_drop): Dropout(p=0.0, inplace=False)
              (proj): Linear(in_features=64, out_features=64, bias=True)
              (proj_drop): Dropout(p=0.0, inplace=False)
              (softmax): Softmax(dim=-1)
            )
            (avg_pool): AvgPool2d(kernel_size=2, stride=2, padding=0)
            (merge): Conv2d(128, 128, kernel_size=(1, 1), stride=(1, 1))
          )
        )
        (attn): WindowAttention(
          (qkv): Linear(in_features=128, out_features=384, bias=True)
          (attn_drop): Dropout(p=0.0, inplace=False)
          (proj): Linear(in_features=128, out_features=128, bias=True)
          (proj_drop): Dropout(p=0.0, inplace=False)
          (softmax): Softmax(dim=-1)
        )
        (norm1): LayerNorm((128,), eps=1e-05, elementwise_affine=True)
        (drop_path): Identity()
        (ffn): Mlp(
          (fc1): Linear(in_features=128, out_features=256, bias=True)
          (act): GELU(approximate='none')
          (drop1): Dropout(p=0.0, inplace=False)
          (norm): Identity()
          (fc2): Linear(in_features=256, out_features=128, bias=True)
          (drop2): Dropout(p=0.0, inplace=False)
        )
        (norm2): LayerNorm((128,), eps=1e-05, elementwise_affine=True)
      )
      (conv1_2): Conv2d(384, 256, kernel_size=(1, 1), stride=(1, 1))
    )
  )
  (m_up2): Sequential(
    (0): ConvTranspose2d(256, 128, kernel_size=(2, 2), stride=(2, 2), bias=False)
    (1): ConvTransNSTBBlock(
      (conv1_1): Conv2d(128, 128, kernel_size=(1, 1), stride=(1, 1))
      (conv_block): Sequential(
        (0): Conv2d(64, 64, kernel_size=(3, 3), stride=(1, 1), padding=(1, 1), bias=False)
        (1): ReLU(inplace=True)
        (2): Conv2d(64, 64, kernel_size=(3, 3), stride=(1, 1), padding=(1, 1), bias=False)
      )
      (trans_block): Block(
        (ln1): LayerNorm((64,), eps=1e-05, elementwise_affine=True)
        (msa): WMSA(
          (embedding_layer): Linear(in_features=64, out_features=192, bias=True)
          (linear): Linear(in_features=64, out_features=64, bias=True)
        )
        (drop_path): Identity()
        (ln2): LayerNorm((64,), eps=1e-05, elementwise_affine=True)
        (mlp): Sequential(
          (0): Linear(in_features=64, out_features=256, bias=True)
          (1): GELU(approximate='none')
          (2): Linear(in_features=256, out_features=64, bias=True)
        )
      )
      (nstb_block): NSTB(
        (ngram_window_partition): NGramWindowPartition(
          (ngram_context): NGramContext(
            (unigram_embed): Conv2d(64, 32, kernel_size=(8, 8), stride=(8, 8), groups=32)
            (ngram_attn): WindowAttention(
              (qkv): Linear(in_features=32, out_features=96, bias=True)
              (attn_drop): Dropout(p=0.0, inplace=False)
              (proj): Linear(in_features=32, out_features=32, bias=True)
              (proj_drop): Dropout(p=0.0, inplace=False)
              (softmax): Softmax(dim=-1)
            )
            (avg_pool): AvgPool2d(kernel_size=2, stride=2, padding=0)
            (merge): Conv2d(64, 64, kernel_size=(1, 1), stride=(1, 1))
          )
        )
        (attn): WindowAttention(
          (qkv): Linear(in_features=64, out_features=192, bias=True)
          (attn_drop): Dropout(p=0.0, inplace=False)
          (proj): Linear(in_features=64, out_features=64, bias=True)
          (proj_drop): Dropout(p=0.0, inplace=False)
          (softmax): Softmax(dim=-1)
        )
        (norm1): LayerNorm((64,), eps=1e-05, elementwise_affine=True)
        (drop_path): Identity()
        (ffn): Mlp(
          (fc1): Linear(in_features=64, out_features=128, bias=True)
          (act): GELU(approximate='none')
          (drop1): Dropout(p=0.0, inplace=False)
          (norm): Identity()
          (fc2): Linear(in_features=128, out_features=64, bias=True)
          (drop2): Dropout(p=0.0, inplace=False)
        )
        (norm2): LayerNorm((64,), eps=1e-05, elementwise_affine=True)
      )
      (conv1_2): Conv2d(192, 128, kernel_size=(1, 1), stride=(1, 1))
    )
  )
  (m_up1): Sequential(
    (0): ConvTranspose2d(128, 64, kernel_size=(2, 2), stride=(2, 2), bias=False)
    (1): ConvTransNSTBBlock(
      (conv1_1): Conv2d(64, 64, kernel_size=(1, 1), stride=(1, 1))
      (conv_block): Sequential(
        (0): Conv2d(32, 32, kernel_size=(3, 3), stride=(1, 1), padding=(1, 1), bias=False)
        (1): ReLU(inplace=True)
        (2): Conv2d(32, 32, kernel_size=(3, 3), stride=(1, 1), padding=(1, 1), bias=False)
      )
      (trans_block): Block(
        (ln1): LayerNorm((32,), eps=1e-05, elementwise_affine=True)
        (msa): WMSA(
          (embedding_layer): Linear(in_features=32, out_features=96, bias=True)
          (linear): Linear(in_features=32, out_features=32, bias=True)
        )
        (drop_path): Identity()
        (ln2): LayerNorm((32,), eps=1e-05, elementwise_affine=True)
        (mlp): Sequential(
          (0): Linear(in_features=32, out_features=128, bias=True)
          (1): GELU(approximate='none')
          (2): Linear(in_features=128, out_features=32, bias=True)
        )
      )
      (nstb_block): NSTB(
        (ngram_window_partition): NGramWindowPartition(
          (ngram_context): NGramContext(
            (unigram_embed): Conv2d(32, 16, kernel_size=(8, 8), stride=(8, 8), groups=16)
            (ngram_attn): WindowAttention(
              (qkv): Linear(in_features=16, out_features=48, bias=True)
              (attn_drop): Dropout(p=0.0, inplace=False)
              (proj): Linear(in_features=16, out_features=16, bias=True)
              (proj_drop): Dropout(p=0.0, inplace=False)
              (softmax): Softmax(dim=-1)
            )
            (avg_pool): AvgPool2d(kernel_size=2, stride=2, padding=0)
            (merge): Conv2d(32, 32, kernel_size=(1, 1), stride=(1, 1))
          )
        )
        (attn): WindowAttention(
          (qkv): Linear(in_features=32, out_features=96, bias=True)
          (attn_drop): Dropout(p=0.0, inplace=False)
          (proj): Linear(in_features=32, out_features=32, bias=True)
          (proj_drop): Dropout(p=0.0, inplace=False)
          (softmax): Softmax(dim=-1)
        )
        (norm1): LayerNorm((32,), eps=1e-05, elementwise_affine=True)
        (drop_path): Identity()
        (ffn): Mlp(
          (fc1): Linear(in_features=32, out_features=64, bias=True)
          (act): GELU(approximate='none')
          (drop1): Dropout(p=0.0, inplace=False)
          (norm): Identity()
          (fc2): Linear(in_features=64, out_features=32, bias=True)
          (drop2): Dropout(p=0.0, inplace=False)
        )
        (norm2): LayerNorm((32,), eps=1e-05, elementwise_affine=True)
      )
      (conv1_2): Conv2d(96, 64, kernel_size=(1, 1), stride=(1, 1))
    )
  )
  (m_tail): Sequential(
    (0): Conv2d(64, 1, kernel_size=(3, 3), stride=(1, 1), padding=(1, 1), bias=False)
  )
)

25-07-24 16:55:49.319 : 
 |  mean  |  min   |  max   |  std   || shape               
 | -0.012 | -0.467 |  0.409 |  0.198 | torch.Size([64, 1, 3, 3]) || m_head.0.weight
 |  0.003 | -1.039 |  1.244 |  0.149 | torch.Size([64, 64, 1, 1]) || m_down1.0.conv1_1.weight
 |  0.008 | -0.134 |  0.155 |  0.075 | torch.Size([64]) || m_down1.0.conv1_1.bias
 | -0.001 | -0.462 |  0.730 |  0.080 | torch.Size([32, 32, 3, 3]) || m_down1.0.conv_block.0.weight
 | -0.001 | -0.426 |  0.516 |  0.077 | torch.Size([32, 32, 3, 3]) || m_down1.0.conv_block.2.weight
 |  0.968 |  0.928 |  1.022 |  0.019 | torch.Size([32]) || m_down1.0.trans_block.ln1.weight
 |  0.001 | -0.092 |  0.050 |  0.037 | torch.Size([32]) || m_down1.0.trans_block.ln1.bias
 | -0.250 | -0.735 |  1.123 |  0.340 | torch.Size([1, 15, 15]) || m_down1.0.trans_block.msa.relative_position_params
 | -0.000 | -0.878 |  0.739 |  0.173 | torch.Size([96, 32]) || m_down1.0.trans_block.msa.embedding_layer.weight
 | -0.003 | -0.292 |  0.479 |  0.127 | torch.Size([96]) || m_down1.0.trans_block.msa.embedding_layer.bias
 |  0.003 | -0.216 |  0.219 |  0.093 | torch.Size([32, 32]) || m_down1.0.trans_block.msa.linear.weight
 | -0.029 | -0.178 |  0.153 |  0.108 | torch.Size([32]) || m_down1.0.trans_block.msa.linear.bias
 |  0.982 |  0.901 |  1.057 |  0.035 | torch.Size([32]) || m_down1.0.trans_block.ln2.weight
 |  0.007 | -0.039 |  0.079 |  0.024 | torch.Size([32]) || m_down1.0.trans_block.ln2.bias
 |  0.001 | -0.362 |  0.318 |  0.108 | torch.Size([128, 32]) || m_down1.0.trans_block.mlp.0.weight
 | -0.006 | -0.207 |  0.177 |  0.099 | torch.Size([128]) || m_down1.0.trans_block.mlp.0.bias
 | -0.000 | -0.174 |  0.195 |  0.057 | torch.Size([32, 128]) || m_down1.0.trans_block.mlp.2.weight
 | -0.013 | -0.099 |  0.073 |  0.048 | torch.Size([32]) || m_down1.0.trans_block.mlp.2.bias
 | -12.109 | -100.000 |  0.000 | 32.624 | torch.Size([64, 64, 64]) || m_down1.0.nstb_block.attn_mask
 |  0.003 | -0.217 |  0.259 |  0.063 | torch.Size([16, 2, 8, 8]) || m_down1.0.nstb_block.ngram_window_partition.ngram_context.unigram_embed.weight
 | -0.006 | -0.076 |  0.055 |  0.043 | torch.Size([16]) || m_down1.0.nstb_block.ngram_window_partition.ngram_context.unigram_embed.bias
 |  2.287 |  2.287 |  2.287 |    nan | torch.Size([1, 1, 1]) || m_down1.0.nstb_block.ngram_window_partition.ngram_context.ngram_attn.logit_scale
 | -0.025 | -0.297 |  0.228 |  0.173 | torch.Size([9, 1]) || m_down1.0.nstb_block.ngram_window_partition.ngram_context.ngram_attn.relative_position_bias_table
 |  4.000 |  0.000 |  8.000 |  2.309 | torch.Size([4, 4]) || m_down1.0.nstb_block.ngram_window_partition.ngram_context.ngram_attn.relative_position_index
 | -0.014 | -0.368 |  0.383 |  0.150 | torch.Size([48, 16]) || m_down1.0.nstb_block.ngram_window_partition.ngram_context.ngram_attn.qkv.weight
 | -0.013 | -0.311 |  0.326 |  0.148 | torch.Size([48]) || m_down1.0.nstb_block.ngram_window_partition.ngram_context.ngram_attn.qkv.bias
 |  0.003 | -0.326 |  0.316 |  0.142 | torch.Size([16, 16]) || m_down1.0.nstb_block.ngram_window_partition.ngram_context.ngram_attn.proj.weight
 | -0.016 | -0.162 |  0.198 |  0.106 | torch.Size([16]) || m_down1.0.nstb_block.ngram_window_partition.ngram_context.ngram_attn.proj.bias
 | -0.007 | -0.215 |  0.235 |  0.102 | torch.Size([32, 32, 1, 1]) || m_down1.0.nstb_block.ngram_window_partition.ngram_context.merge.weight
 | -0.004 | -0.154 |  0.127 |  0.084 | torch.Size([32]) || m_down1.0.nstb_block.ngram_window_partition.ngram_context.merge.bias
 |  2.934 |  2.934 |  2.934 |    nan | torch.Size([1, 1, 1]) || m_down1.0.nstb_block.attn.logit_scale
 | -0.056 | -0.360 |  0.605 |  0.148 | torch.Size([225, 1]) || m_down1.0.nstb_block.attn.relative_position_bias_table
 | 112.000 |  0.000 | 224.000 | 48.719 | torch.Size([64, 64]) || m_down1.0.nstb_block.attn.relative_position_index
 |  0.002 | -0.363 |  0.416 |  0.121 | torch.Size([96, 32]) || m_down1.0.nstb_block.attn.qkv.weight
 |  0.009 | -0.186 |  0.213 |  0.091 | torch.Size([96]) || m_down1.0.nstb_block.attn.qkv.bias
 | -0.002 | -0.255 |  0.238 |  0.103 | torch.Size([32, 32]) || m_down1.0.nstb_block.attn.proj.weight
 |  0.040 | -0.190 |  0.227 |  0.124 | torch.Size([32]) || m_down1.0.nstb_block.attn.proj.bias
 |  0.962 |  0.840 |  1.015 |  0.046 | torch.Size([32]) || m_down1.0.nstb_block.norm1.weight
 | -0.001 | -0.022 |  0.019 |  0.010 | torch.Size([32]) || m_down1.0.nstb_block.norm1.bias
 | -0.003 | -0.380 |  0.483 |  0.119 | torch.Size([64, 32]) || m_down1.0.nstb_block.ffn.fc1.weight
 |  0.009 | -0.174 |  0.181 |  0.106 | torch.Size([64]) || m_down1.0.nstb_block.ffn.fc1.bias
 |  0.000 | -0.222 |  0.245 |  0.078 | torch.Size([32, 64]) || m_down1.0.nstb_block.ffn.fc2.weight
 |  0.005 | -0.169 |  0.128 |  0.074 | torch.Size([32]) || m_down1.0.nstb_block.ffn.fc2.bias
 |  0.927 |  0.620 |  0.995 |  0.088 | torch.Size([32]) || m_down1.0.nstb_block.norm2.weight
 | -0.002 | -0.025 |  0.013 |  0.009 | torch.Size([32]) || m_down1.0.nstb_block.norm2.bias
 |  0.000 | -0.384 |  0.340 |  0.069 | torch.Size([64, 96, 1, 1]) || m_down1.0.conv1_2.weight
 |  0.014 | -0.101 |  0.109 |  0.054 | torch.Size([64]) || m_down1.0.conv1_2.bias
 |  0.000 | -0.308 |  0.237 |  0.053 | torch.Size([128, 64, 2, 2]) || m_down1.1.weight
 | -0.001 | -0.354 |  0.312 |  0.071 | torch.Size([128, 128, 1, 1]) || m_down2.0.conv1_1.weight
 | -0.001 | -0.134 |  0.150 |  0.056 | torch.Size([128]) || m_down2.0.conv1_1.bias
 |  0.000 | -0.345 |  0.372 |  0.057 | torch.Size([64, 64, 3, 3]) || m_down2.0.conv_block.0.weight
 |  0.000 | -0.291 |  0.278 |  0.056 | torch.Size([64, 64, 3, 3]) || m_down2.0.conv_block.2.weight
 |  0.885 |  0.799 |  1.016 |  0.039 | torch.Size([64]) || m_down2.0.trans_block.ln1.weight
 |  0.000 | -0.136 |  0.140 |  0.069 | torch.Size([64]) || m_down2.0.trans_block.ln1.bias
 | -0.219 | -0.780 |  1.121 |  0.405 | torch.Size([2, 15, 15]) || m_down2.0.trans_block.msa.relative_position_params
 | -0.001 | -0.390 |  0.363 |  0.092 | torch.Size([192, 64]) || m_down2.0.trans_block.msa.embedding_layer.weight
 |  0.004 | -0.261 |  0.308 |  0.112 | torch.Size([192]) || m_down2.0.trans_block.msa.embedding_layer.bias
 | -0.001 | -0.185 |  0.187 |  0.063 | torch.Size([64, 64]) || m_down2.0.trans_block.msa.linear.weight
 | -0.003 | -0.142 |  0.129 |  0.073 | torch.Size([64]) || m_down2.0.trans_block.msa.linear.bias
 |  1.032 |  0.917 |  1.140 |  0.045 | torch.Size([64]) || m_down2.0.trans_block.ln2.weight
 | -0.010 | -0.092 |  0.080 |  0.039 | torch.Size([64]) || m_down2.0.trans_block.ln2.bias
 |  0.001 | -0.309 |  0.324 |  0.092 | torch.Size([256, 64]) || m_down2.0.trans_block.mlp.0.weight
 | -0.033 | -0.230 |  0.109 |  0.075 | torch.Size([256]) || m_down2.0.trans_block.mlp.0.bias
 |  0.000 | -0.349 |  0.269 |  0.052 | torch.Size([64, 256]) || m_down2.0.trans_block.mlp.2.weight
 |  0.005 | -0.067 |  0.081 |  0.038 | torch.Size([64]) || m_down2.0.trans_block.mlp.2.bias
 | -23.438 | -100.000 |  0.000 | 42.361 | torch.Size([16, 64, 64]) || m_down2.0.nstb_block.attn_mask
 | -0.005 | -0.362 |  0.261 |  0.075 | torch.Size([32, 2, 8, 8]) || m_down2.0.nstb_block.ngram_window_partition.ngram_context.unigram_embed.weight
 |  0.019 | -0.088 |  0.104 |  0.051 | torch.Size([32]) || m_down2.0.nstb_block.ngram_window_partition.ngram_context.unigram_embed.bias
 |  2.413 |  2.317 |  2.509 |  0.136 | torch.Size([2, 1, 1]) || m_down2.0.nstb_block.ngram_window_partition.ngram_context.ngram_attn.logit_scale
 | -0.003 | -0.466 |  0.478 |  0.252 | torch.Size([9, 2]) || m_down2.0.nstb_block.ngram_window_partition.ngram_context.ngram_attn.relative_position_bias_table
 |  4.000 |  0.000 |  8.000 |  2.309 | torch.Size([4, 4]) || m_down2.0.nstb_block.ngram_window_partition.ngram_context.ngram_attn.relative_position_index
 |  0.001 | -0.341 |  0.408 |  0.117 | torch.Size([96, 32]) || m_down2.0.nstb_block.ngram_window_partition.ngram_context.ngram_attn.qkv.weight
 | -0.005 | -0.274 |  0.228 |  0.119 | torch.Size([96]) || m_down2.0.nstb_block.ngram_window_partition.ngram_context.ngram_attn.qkv.bias
 |  0.001 | -0.242 |  0.291 |  0.113 | torch.Size([32, 32]) || m_down2.0.nstb_block.ngram_window_partition.ngram_context.ngram_attn.proj.weight
 | -0.010 | -0.149 |  0.154 |  0.085 | torch.Size([32]) || m_down2.0.nstb_block.ngram_window_partition.ngram_context.ngram_attn.proj.bias
 | -0.001 | -0.245 |  0.242 |  0.083 | torch.Size([64, 64, 1, 1]) || m_down2.0.nstb_block.ngram_window_partition.ngram_context.merge.weight
 |  0.002 | -0.126 |  0.139 |  0.070 | torch.Size([64]) || m_down2.0.nstb_block.ngram_window_partition.ngram_context.merge.bias
 |  2.395 |  2.377 |  2.413 |  0.025 | torch.Size([2, 1, 1]) || m_down2.0.nstb_block.attn.logit_scale
 | -0.040 | -0.500 |  0.439 |  0.167 | torch.Size([225, 2]) || m_down2.0.nstb_block.attn.relative_position_bias_table
 | 112.000 |  0.000 | 224.000 | 48.719 | torch.Size([64, 64]) || m_down2.0.nstb_block.attn.relative_position_index
 |  0.000 | -0.318 |  0.329 |  0.089 | torch.Size([192, 64]) || m_down2.0.nstb_block.attn.qkv.weight
 |  0.007 | -0.215 |  0.185 |  0.082 | torch.Size([192]) || m_down2.0.nstb_block.attn.qkv.bias
 |  0.002 | -0.256 |  0.252 |  0.083 | torch.Size([64, 64]) || m_down2.0.nstb_block.attn.proj.weight
 |  0.012 | -0.241 |  0.228 |  0.106 | torch.Size([64]) || m_down2.0.nstb_block.attn.proj.bias
 |  0.924 |  0.702 |  1.012 |  0.065 | torch.Size([64]) || m_down2.0.nstb_block.norm1.weight
 |  0.000 | -0.021 |  0.023 |  0.009 | torch.Size([64]) || m_down2.0.nstb_block.norm1.bias
 |  0.002 | -0.544 |  0.553 |  0.103 | torch.Size([128, 64]) || m_down2.0.nstb_block.ffn.fc1.weight
 | -0.001 | -0.140 |  0.164 |  0.078 | torch.Size([128]) || m_down2.0.nstb_block.ffn.fc1.bias
 | -0.001 | -0.274 |  0.271 |  0.069 | torch.Size([64, 128]) || m_down2.0.nstb_block.ffn.fc2.weight
 |  0.003 | -0.135 |  0.137 |  0.067 | torch.Size([64]) || m_down2.0.nstb_block.ffn.fc2.bias
 |  0.902 |  0.588 |  0.988 |  0.093 | torch.Size([64]) || m_down2.0.nstb_block.norm2.weight
 |  0.000 | -0.025 |  0.032 |  0.012 | torch.Size([64]) || m_down2.0.nstb_block.norm2.bias
 | -0.001 | -0.177 |  0.178 |  0.047 | torch.Size([128, 192, 1, 1]) || m_down2.0.conv1_2.weight
 | -0.004 | -0.140 |  0.082 |  0.041 | torch.Size([128]) || m_down2.0.conv1_2.bias
 | -0.000 | -0.190 |  0.197 |  0.043 | torch.Size([256, 128, 2, 2]) || m_down2.1.weight
 | -0.000 | -0.196 |  0.200 |  0.049 | torch.Size([256, 256, 1, 1]) || m_down3.0.conv1_1.weight
 |  0.000 | -0.194 |  0.166 |  0.050 | torch.Size([256]) || m_down3.0.conv1_1.bias
 |  0.000 | -0.286 |  0.396 |  0.051 | torch.Size([128, 128, 3, 3]) || m_down3.0.conv_block.0.weight
 |  0.000 | -0.274 |  0.261 |  0.051 | torch.Size([128, 128, 3, 3]) || m_down3.0.conv_block.2.weight
 |  0.816 |  0.694 |  0.921 |  0.042 | torch.Size([128]) || m_down3.0.trans_block.ln1.weight
 |  0.002 | -0.173 |  0.218 |  0.074 | torch.Size([128]) || m_down3.0.trans_block.ln1.bias
 | -0.134 | -0.751 |  0.913 |  0.302 | torch.Size([4, 15, 15]) || m_down3.0.trans_block.msa.relative_position_params
 | -0.000 | -0.288 |  0.285 |  0.068 | torch.Size([384, 128]) || m_down3.0.trans_block.msa.embedding_layer.weight
 | -0.007 | -0.272 |  0.306 |  0.085 | torch.Size([384]) || m_down3.0.trans_block.msa.embedding_layer.bias
 |  0.000 | -0.160 |  0.159 |  0.049 | torch.Size([128, 128]) || m_down3.0.trans_block.msa.linear.weight
 |  0.001 | -0.185 |  0.161 |  0.078 | torch.Size([128]) || m_down3.0.trans_block.msa.linear.bias
 |  1.025 |  0.919 |  1.115 |  0.043 | torch.Size([128]) || m_down3.0.trans_block.ln2.weight
 | -0.003 | -0.192 |  0.196 |  0.090 | torch.Size([128]) || m_down3.0.trans_block.ln2.bias
 |  0.000 | -0.340 |  0.291 |  0.074 | torch.Size([512, 128]) || m_down3.0.trans_block.mlp.0.weight
 | -0.052 | -0.216 |  0.069 |  0.055 | torch.Size([512]) || m_down3.0.trans_block.mlp.0.bias
 |  0.000 | -0.374 |  0.361 |  0.052 | torch.Size([128, 512]) || m_down3.0.trans_block.mlp.2.weight
 | -0.002 | -0.094 |  0.080 |  0.035 | torch.Size([128]) || m_down3.0.trans_block.mlp.2.bias
 | -43.750 | -100.000 |  0.000 | 49.609 | torch.Size([4, 64, 64]) || m_down3.0.nstb_block.attn_mask
 | -0.001 | -0.281 |  0.264 |  0.074 | torch.Size([64, 2, 8, 8]) || m_down3.0.nstb_block.ngram_window_partition.ngram_context.unigram_embed.weight
 |  0.008 | -0.152 |  0.130 |  0.057 | torch.Size([64]) || m_down3.0.nstb_block.ngram_window_partition.ngram_context.unigram_embed.bias
 |  2.409 |  2.230 |  2.528 |  0.138 | torch.Size([4, 1, 1]) || m_down3.0.nstb_block.ngram_window_partition.ngram_context.ngram_attn.logit_scale
 |  0.001 | -0.345 |  0.365 |  0.135 | torch.Size([9, 4]) || m_down3.0.nstb_block.ngram_window_partition.ngram_context.ngram_attn.relative_position_bias_table
 |  4.000 |  0.000 |  8.000 |  2.309 | torch.Size([4, 4]) || m_down3.0.nstb_block.ngram_window_partition.ngram_context.ngram_attn.relative_position_index
 |  0.001 | -0.311 |  0.335 |  0.090 | torch.Size([192, 64]) || m_down3.0.nstb_block.ngram_window_partition.ngram_context.ngram_attn.qkv.weight
 | -0.002 | -0.197 |  0.175 |  0.086 | torch.Size([192]) || m_down3.0.nstb_block.ngram_window_partition.ngram_context.ngram_attn.qkv.bias
 |  0.000 | -0.238 |  0.250 |  0.088 | torch.Size([64, 64]) || m_down3.0.nstb_block.ngram_window_partition.ngram_context.ngram_attn.proj.weight
 |  0.008 | -0.090 |  0.106 |  0.054 | torch.Size([64]) || m_down3.0.nstb_block.ngram_window_partition.ngram_context.ngram_attn.proj.bias
 |  0.000 | -0.208 |  0.231 |  0.069 | torch.Size([128, 128, 1, 1]) || m_down3.0.nstb_block.ngram_window_partition.ngram_context.merge.weight
 | -0.003 | -0.100 |  0.098 |  0.052 | torch.Size([128]) || m_down3.0.nstb_block.ngram_window_partition.ngram_context.merge.bias
 |  2.454 |  2.364 |  2.496 |  0.061 | torch.Size([4, 1, 1]) || m_down3.0.nstb_block.attn.logit_scale
 | -0.033 | -0.512 |  0.549 |  0.171 | torch.Size([225, 4]) || m_down3.0.nstb_block.attn.relative_position_bias_table
 | 112.000 |  0.000 | 224.000 | 48.719 | torch.Size([64, 64]) || m_down3.0.nstb_block.attn.relative_position_index
 | -0.000 | -0.262 |  0.261 |  0.071 | torch.Size([384, 128]) || m_down3.0.nstb_block.attn.qkv.weight
 |  0.008 | -0.172 |  0.189 |  0.075 | torch.Size([384]) || m_down3.0.nstb_block.attn.qkv.bias
 | -0.000 | -0.213 |  0.240 |  0.069 | torch.Size([128, 128]) || m_down3.0.nstb_block.attn.proj.weight
 |  0.001 | -0.215 |  0.188 |  0.081 | torch.Size([128]) || m_down3.0.nstb_block.attn.proj.bias
 |  0.931 |  0.755 |  1.005 |  0.050 | torch.Size([128]) || m_down3.0.nstb_block.norm1.weight
 | -0.001 | -0.014 |  0.016 |  0.006 | torch.Size([128]) || m_down3.0.nstb_block.norm1.bias
 | -0.000 | -0.498 |  0.413 |  0.081 | torch.Size([256, 128]) || m_down3.0.nstb_block.ffn.fc1.weight
 | -0.004 | -0.098 |  0.128 |  0.052 | torch.Size([256]) || m_down3.0.nstb_block.ffn.fc1.bias
 | -0.001 | -0.236 |  0.234 |  0.058 | torch.Size([128, 256]) || m_down3.0.nstb_block.ffn.fc2.weight
 |  0.001 | -0.128 |  0.166 |  0.058 | torch.Size([128]) || m_down3.0.nstb_block.ffn.fc2.bias
 |  0.888 |  0.414 |  0.981 |  0.127 | torch.Size([128]) || m_down3.0.nstb_block.norm2.weight
 | -0.000 | -0.025 |  0.026 |  0.009 | torch.Size([128]) || m_down3.0.nstb_block.norm2.bias
 | -0.000 | -0.147 |  0.143 |  0.037 | torch.Size([256, 384, 1, 1]) || m_down3.0.conv1_2.weight
 |  0.002 | -0.047 |  0.051 |  0.019 | torch.Size([256]) || m_down3.0.conv1_2.bias
 | -0.000 | -0.197 |  0.176 |  0.038 | torch.Size([512, 256, 2, 2]) || m_down3.1.weight
 | -0.000 | -0.178 |  0.182 |  0.045 | torch.Size([512, 512, 1, 1]) || m_body.0.conv1_1.weight
 |  0.004 | -0.203 |  0.205 |  0.065 | torch.Size([512]) || m_body.0.conv1_1.bias
 | -0.001 | -0.301 |  0.298 |  0.049 | torch.Size([256, 256, 3, 3]) || m_body.0.conv_block.0.weight
 | -0.000 | -0.291 |  0.226 |  0.047 | torch.Size([256, 256, 3, 3]) || m_body.0.conv_block.2.weight
 |  0.830 |  0.668 |  0.943 |  0.048 | torch.Size([256]) || m_body.0.trans_block.ln1.weight
 | -0.000 | -0.174 |  0.138 |  0.047 | torch.Size([256]) || m_body.0.trans_block.ln1.bias
 | -0.086 | -0.974 |  0.931 |  0.289 | torch.Size([8, 15, 15]) || m_body.0.trans_block.msa.relative_position_params
 |  0.000 | -0.239 |  0.266 |  0.056 | torch.Size([768, 256]) || m_body.0.trans_block.msa.embedding_layer.weight
 |  0.001 | -0.285 |  0.257 |  0.073 | torch.Size([768]) || m_body.0.trans_block.msa.embedding_layer.bias
 |  0.000 | -0.178 |  0.174 |  0.048 | torch.Size([256, 256]) || m_body.0.trans_block.msa.linear.weight
 | -0.000 | -0.179 |  0.185 |  0.075 | torch.Size([256]) || m_body.0.trans_block.msa.linear.bias
 |  1.058 |  0.930 |  1.157 |  0.039 | torch.Size([256]) || m_body.0.trans_block.ln2.weight
 | -0.006 | -0.310 |  0.347 |  0.138 | torch.Size([256]) || m_body.0.trans_block.ln2.bias
 |  0.000 | -0.286 |  0.282 |  0.063 | torch.Size([1024, 256]) || m_body.0.trans_block.mlp.0.weight
 | -0.050 | -0.161 |  0.048 |  0.039 | torch.Size([1024]) || m_body.0.trans_block.mlp.0.bias
 |  0.000 | -0.270 |  0.281 |  0.056 | torch.Size([256, 1024]) || m_body.0.trans_block.mlp.2.weight
 |  0.000 | -0.149 |  0.087 |  0.040 | torch.Size([256]) || m_body.0.trans_block.mlp.2.bias
 | -75.000 | -100.000 |  0.000 | 43.307 | torch.Size([1, 64, 64]) || m_body.0.nstb_block.attn_mask
 |  0.001 | -0.257 |  0.295 |  0.069 | torch.Size([128, 2, 8, 8]) || m_body.0.nstb_block.ngram_window_partition.ngram_context.unigram_embed.weight
 |  0.008 | -0.149 |  0.142 |  0.056 | torch.Size([128]) || m_body.0.nstb_block.ngram_window_partition.ngram_context.unigram_embed.bias
 |  2.213 |  2.081 |  2.364 |  0.086 | torch.Size([8, 1, 1]) || m_body.0.nstb_block.ngram_window_partition.ngram_context.ngram_attn.logit_scale
 | -0.005 | -0.518 |  0.419 |  0.200 | torch.Size([9, 8]) || m_body.0.nstb_block.ngram_window_partition.ngram_context.ngram_attn.relative_position_bias_table
 |  4.000 |  0.000 |  8.000 |  2.309 | torch.Size([4, 4]) || m_body.0.nstb_block.ngram_window_partition.ngram_context.ngram_attn.relative_position_index
 | -0.000 | -0.288 |  0.285 |  0.070 | torch.Size([384, 128]) || m_body.0.nstb_block.ngram_window_partition.ngram_context.ngram_attn.qkv.weight
 | -0.003 | -0.310 |  0.257 |  0.093 | torch.Size([384]) || m_body.0.nstb_block.ngram_window_partition.ngram_context.ngram_attn.qkv.bias
 |  0.000 | -0.195 |  0.206 |  0.068 | torch.Size([128, 128]) || m_body.0.nstb_block.ngram_window_partition.ngram_context.ngram_attn.proj.weight
 | -0.001 | -0.076 |  0.078 |  0.039 | torch.Size([128]) || m_body.0.nstb_block.ngram_window_partition.ngram_context.ngram_attn.proj.bias
 |  0.000 | -0.251 |  0.240 |  0.057 | torch.Size([256, 256, 1, 1]) || m_body.0.nstb_block.ngram_window_partition.ngram_context.merge.weight
 | -0.002 | -0.117 |  0.156 |  0.054 | torch.Size([256]) || m_body.0.nstb_block.ngram_window_partition.ngram_context.merge.bias
 |  2.471 |  2.355 |  2.702 |  0.120 | torch.Size([8, 1, 1]) || m_body.0.nstb_block.attn.logit_scale
 | -0.087 | -1.005 |  0.824 |  0.311 | torch.Size([225, 8]) || m_body.0.nstb_block.attn.relative_position_bias_table
 | 112.000 |  0.000 | 224.000 | 48.719 | torch.Size([64, 64]) || m_body.0.nstb_block.attn.relative_position_index
 | -0.000 | -0.317 |  0.296 |  0.060 | torch.Size([768, 256]) || m_body.0.nstb_block.attn.qkv.weight
 | -0.006 | -0.331 |  0.287 |  0.082 | torch.Size([768]) || m_body.0.nstb_block.attn.qkv.bias
 |  0.000 | -0.255 |  0.286 |  0.058 | torch.Size([256, 256]) || m_body.0.nstb_block.attn.proj.weight
 |  0.001 | -0.217 |  0.261 |  0.070 | torch.Size([256]) || m_body.0.nstb_block.attn.proj.bias
 |  0.929 |  0.796 |  1.020 |  0.030 | torch.Size([256]) || m_body.0.nstb_block.norm1.weight
 | -0.000 | -0.051 |  0.047 |  0.017 | torch.Size([256]) || m_body.0.nstb_block.norm1.bias
 | -0.000 | -0.308 |  0.304 |  0.065 | torch.Size([512, 256]) || m_body.0.nstb_block.ffn.fc1.weight
 | -0.017 | -0.116 |  0.105 |  0.039 | torch.Size([512]) || m_body.0.nstb_block.ffn.fc1.bias
 | -0.000 | -0.330 |  0.292 |  0.055 | torch.Size([256, 512]) || m_body.0.nstb_block.ffn.fc2.weight
 |  0.001 | -0.191 |  0.220 |  0.047 | torch.Size([256]) || m_body.0.nstb_block.ffn.fc2.bias
 |  0.916 |  0.658 |  1.014 |  0.060 | torch.Size([256]) || m_body.0.nstb_block.norm2.weight
 | -0.002 | -0.087 |  0.074 |  0.032 | torch.Size([256]) || m_body.0.nstb_block.norm2.bias
 |  0.000 | -0.173 |  0.170 |  0.036 | torch.Size([512, 768, 1, 1]) || m_body.0.conv1_2.weight
 |  0.001 | -0.118 |  0.135 |  0.046 | torch.Size([512]) || m_body.0.conv1_2.bias
 |  0.000 | -0.164 |  0.205 |  0.031 | torch.Size([512, 256, 2, 2]) || m_up3.0.weight
 |  0.000 | -0.177 |  0.182 |  0.049 | torch.Size([256, 256, 1, 1]) || m_up3.1.conv1_1.weight
 | -0.001 | -0.209 |  0.182 |  0.075 | torch.Size([256]) || m_up3.1.conv1_1.bias
 | -0.000 | -0.282 |  0.274 |  0.046 | torch.Size([128, 128, 3, 3]) || m_up3.1.conv_block.0.weight
 |  0.000 | -0.288 |  0.274 |  0.044 | torch.Size([128, 128, 3, 3]) || m_up3.1.conv_block.2.weight
 |  1.013 |  0.909 |  1.117 |  0.038 | torch.Size([128]) || m_up3.1.trans_block.ln1.weight
 |  0.001 | -0.097 |  0.116 |  0.036 | torch.Size([128]) || m_up3.1.trans_block.ln1.bias
 | -0.160 | -0.832 |  1.023 |  0.352 | torch.Size([4, 15, 15]) || m_up3.1.trans_block.msa.relative_position_params
 |  0.000 | -0.314 |  0.321 |  0.075 | torch.Size([384, 128]) || m_up3.1.trans_block.msa.embedding_layer.weight
 |  0.002 | -0.250 |  0.256 |  0.080 | torch.Size([384]) || m_up3.1.trans_block.msa.embedding_layer.bias
 |  0.000 | -0.187 |  0.210 |  0.058 | torch.Size([128, 128]) || m_up3.1.trans_block.msa.linear.weight
 |  0.001 | -0.162 |  0.136 |  0.076 | torch.Size([128]) || m_up3.1.trans_block.msa.linear.bias
 |  1.104 |  0.934 |  1.238 |  0.059 | torch.Size([128]) || m_up3.1.trans_block.ln2.weight
 |  0.001 | -0.138 |  0.163 |  0.072 | torch.Size([128]) || m_up3.1.trans_block.ln2.bias
 | -0.000 | -0.332 |  0.316 |  0.075 | torch.Size([512, 128]) || m_up3.1.trans_block.mlp.0.weight
 | -0.049 | -0.190 |  0.095 |  0.053 | torch.Size([512]) || m_up3.1.trans_block.mlp.0.bias
 |  0.000 | -0.312 |  0.292 |  0.057 | torch.Size([128, 512]) || m_up3.1.trans_block.mlp.2.weight
 | -0.003 | -0.093 |  0.103 |  0.042 | torch.Size([128]) || m_up3.1.trans_block.mlp.2.bias
 | -43.750 | -100.000 |  0.000 | 49.609 | torch.Size([4, 64, 64]) || m_up3.1.nstb_block.attn_mask
 |  0.000 | -0.261 |  0.261 |  0.067 | torch.Size([64, 2, 8, 8]) || m_up3.1.nstb_block.ngram_window_partition.ngram_context.unigram_embed.weight
 |  0.006 | -0.129 |  0.096 |  0.057 | torch.Size([64]) || m_up3.1.nstb_block.ngram_window_partition.ngram_context.unigram_embed.bias
 |  1.977 |  1.896 |  2.106 |  0.098 | torch.Size([4, 1, 1]) || m_up3.1.nstb_block.ngram_window_partition.ngram_context.ngram_attn.logit_scale
 | -0.030 | -0.944 |  1.144 |  0.516 | torch.Size([9, 4]) || m_up3.1.nstb_block.ngram_window_partition.ngram_context.ngram_attn.relative_position_bias_table
 |  4.000 |  0.000 |  8.000 |  2.309 | torch.Size([4, 4]) || m_up3.1.nstb_block.ngram_window_partition.ngram_context.ngram_attn.relative_position_index
 | -0.000 | -0.280 |  0.282 |  0.087 | torch.Size([192, 64]) || m_up3.1.nstb_block.ngram_window_partition.ngram_context.ngram_attn.qkv.weight
 |  0.013 | -0.384 |  0.558 |  0.137 | torch.Size([192]) || m_up3.1.nstb_block.ngram_window_partition.ngram_context.ngram_attn.qkv.bias
 | -0.002 | -0.244 |  0.245 |  0.085 | torch.Size([64, 64]) || m_up3.1.nstb_block.ngram_window_partition.ngram_context.ngram_attn.proj.weight
 | -0.002 | -0.108 |  0.102 |  0.056 | torch.Size([64]) || m_up3.1.nstb_block.ngram_window_partition.ngram_context.ngram_attn.proj.bias
 | -0.000 | -0.218 |  0.250 |  0.066 | torch.Size([128, 128, 1, 1]) || m_up3.1.nstb_block.ngram_window_partition.ngram_context.merge.weight
 | -0.006 | -0.143 |  0.172 |  0.061 | torch.Size([128]) || m_up3.1.nstb_block.ngram_window_partition.ngram_context.merge.bias
 |  2.473 |  2.363 |  2.589 |  0.126 | torch.Size([4, 1, 1]) || m_up3.1.nstb_block.attn.logit_scale
 | -0.148 | -0.985 |  0.812 |  0.372 | torch.Size([225, 4]) || m_up3.1.nstb_block.attn.relative_position_bias_table
 | 112.000 |  0.000 | 224.000 | 48.719 | torch.Size([64, 64]) || m_up3.1.nstb_block.attn.relative_position_index
 |  0.000 | -0.282 |  0.283 |  0.067 | torch.Size([384, 128]) || m_up3.1.nstb_block.attn.qkv.weight
 | -0.004 | -0.248 |  0.232 |  0.084 | torch.Size([384]) || m_up3.1.nstb_block.attn.qkv.bias
 | -0.000 | -0.240 |  0.211 |  0.064 | torch.Size([128, 128]) || m_up3.1.nstb_block.attn.proj.weight
 |  0.002 | -0.218 |  0.174 |  0.079 | torch.Size([128]) || m_up3.1.nstb_block.attn.proj.bias
 |  0.935 |  0.751 |  1.015 |  0.055 | torch.Size([128]) || m_up3.1.nstb_block.norm1.weight
 | -0.003 | -0.026 |  0.016 |  0.009 | torch.Size([128]) || m_up3.1.nstb_block.norm1.bias
 |  0.000 | -0.318 |  0.294 |  0.075 | torch.Size([256, 128]) || m_up3.1.nstb_block.ffn.fc1.weight
 | -0.018 | -0.135 |  0.117 |  0.058 | torch.Size([256]) || m_up3.1.nstb_block.ffn.fc1.bias
 |  0.000 | -0.264 |  0.253 |  0.056 | torch.Size([128, 256]) || m_up3.1.nstb_block.ffn.fc2.weight
 | -0.005 | -0.127 |  0.158 |  0.051 | torch.Size([128]) || m_up3.1.nstb_block.ffn.fc2.bias
 |  0.921 |  0.663 |  0.989 |  0.067 | torch.Size([128]) || m_up3.1.nstb_block.norm2.weight
 | -0.002 | -0.035 |  0.028 |  0.015 | torch.Size([128]) || m_up3.1.nstb_block.norm2.bias
 | -0.000 | -0.176 |  0.181 |  0.042 | torch.Size([256, 384, 1, 1]) || m_up3.1.conv1_2.weight
 |  0.003 | -0.122 |  0.114 |  0.046 | torch.Size([256]) || m_up3.1.conv1_2.bias
 |  0.000 | -0.113 |  0.118 |  0.023 | torch.Size([256, 128, 2, 2]) || m_up2.0.weight
 |  0.000 | -0.308 |  0.277 |  0.068 | torch.Size([128, 128, 1, 1]) || m_up2.1.conv1_1.weight
 |  0.001 | -0.196 |  0.144 |  0.060 | torch.Size([128]) || m_up2.1.conv1_1.bias
 | -0.002 | -0.265 |  0.266 |  0.052 | torch.Size([64, 64, 3, 3]) || m_up2.1.conv_block.0.weight
 | -0.001 | -0.410 |  0.456 |  0.054 | torch.Size([64, 64, 3, 3]) || m_up2.1.conv_block.2.weight
 |  1.022 |  0.950 |  1.164 |  0.044 | torch.Size([64]) || m_up2.1.trans_block.ln1.weight
 |  0.005 | -0.145 |  0.116 |  0.049 | torch.Size([64]) || m_up2.1.trans_block.ln1.bias
 | -0.400 | -1.307 |  1.453 |  0.588 | torch.Size([2, 15, 15]) || m_up2.1.trans_block.msa.relative_position_params
 | -0.002 | -0.544 |  0.456 |  0.103 | torch.Size([192, 64]) || m_up2.1.trans_block.msa.embedding_layer.weight
 |  0.003 | -0.314 |  0.317 |  0.095 | torch.Size([192]) || m_up2.1.trans_block.msa.embedding_layer.bias
 |  0.001 | -0.223 |  0.251 |  0.070 | torch.Size([64, 64]) || m_up2.1.trans_block.msa.linear.weight
 |  0.002 | -0.134 |  0.155 |  0.087 | torch.Size([64]) || m_up2.1.trans_block.msa.linear.bias
 |  1.074 |  0.896 |  1.407 |  0.119 | torch.Size([64]) || m_up2.1.trans_block.ln2.weight
 |  0.000 | -0.067 |  0.070 |  0.033 | torch.Size([64]) || m_up2.1.trans_block.ln2.bias
 |  0.001 | -0.378 |  0.353 |  0.091 | torch.Size([256, 64]) || m_up2.1.trans_block.mlp.0.weight
 | -0.030 | -0.226 |  0.119 |  0.077 | torch.Size([256]) || m_up2.1.trans_block.mlp.0.bias
 |  0.000 | -0.227 |  0.264 |  0.054 | torch.Size([64, 256]) || m_up2.1.trans_block.mlp.2.weight
 | -0.001 | -0.079 |  0.087 |  0.036 | torch.Size([64]) || m_up2.1.trans_block.mlp.2.bias
 | -23.438 | -100.000 |  0.000 | 42.361 | torch.Size([16, 64, 64]) || m_up2.1.nstb_block.attn_mask
 |  0.000 | -0.305 |  0.263 |  0.067 | torch.Size([32, 2, 8, 8]) || m_up2.1.nstb_block.ngram_window_partition.ngram_context.unigram_embed.weight
 |  0.014 | -0.070 |  0.089 |  0.043 | torch.Size([32]) || m_up2.1.nstb_block.ngram_window_partition.ngram_context.unigram_embed.bias
 |  2.049 |  1.908 |  2.191 |  0.200 | torch.Size([2, 1, 1]) || m_up2.1.nstb_block.ngram_window_partition.ngram_context.ngram_attn.logit_scale
 | -0.017 | -0.735 |  0.494 |  0.325 | torch.Size([9, 2]) || m_up2.1.nstb_block.ngram_window_partition.ngram_context.ngram_attn.relative_position_bias_table
 |  4.000 |  0.000 |  8.000 |  2.309 | torch.Size([4, 4]) || m_up2.1.nstb_block.ngram_window_partition.ngram_context.ngram_attn.relative_position_index
 |  0.000 | -0.314 |  0.379 |  0.113 | torch.Size([96, 32]) || m_up2.1.nstb_block.ngram_window_partition.ngram_context.ngram_attn.qkv.weight
 |  0.015 | -0.243 |  0.298 |  0.113 | torch.Size([96]) || m_up2.1.nstb_block.ngram_window_partition.ngram_context.ngram_attn.qkv.bias
 | -0.002 | -0.271 |  0.279 |  0.111 | torch.Size([32, 32]) || m_up2.1.nstb_block.ngram_window_partition.ngram_context.ngram_attn.proj.weight
 |  0.005 | -0.137 |  0.150 |  0.101 | torch.Size([32]) || m_up2.1.nstb_block.ngram_window_partition.ngram_context.ngram_attn.proj.bias
 | -0.001 | -0.218 |  0.262 |  0.079 | torch.Size([64, 64, 1, 1]) || m_up2.1.nstb_block.ngram_window_partition.ngram_context.merge.weight
 |  0.006 | -0.130 |  0.126 |  0.063 | torch.Size([64]) || m_up2.1.nstb_block.ngram_window_partition.ngram_context.merge.bias
 |  2.602 |  2.535 |  2.670 |  0.095 | torch.Size([2, 1, 1]) || m_up2.1.nstb_block.attn.logit_scale
 | -0.215 | -1.137 |  0.791 |  0.447 | torch.Size([225, 2]) || m_up2.1.nstb_block.attn.relative_position_bias_table
 | 112.000 |  0.000 | 224.000 | 48.719 | torch.Size([64, 64]) || m_up2.1.nstb_block.attn.relative_position_index
 | -0.000 | -0.404 |  0.305 |  0.083 | torch.Size([192, 64]) || m_up2.1.nstb_block.attn.qkv.weight
 | -0.000 | -0.162 |  0.204 |  0.074 | torch.Size([192]) || m_up2.1.nstb_block.attn.qkv.bias
 | -0.000 | -0.202 |  0.196 |  0.077 | torch.Size([64, 64]) || m_up2.1.nstb_block.attn.proj.weight
 | -0.012 | -0.156 |  0.139 |  0.082 | torch.Size([64]) || m_up2.1.nstb_block.attn.proj.bias
 |  0.956 |  0.795 |  1.003 |  0.049 | torch.Size([64]) || m_up2.1.nstb_block.norm1.weight
 | -0.000 | -0.020 |  0.016 |  0.007 | torch.Size([64]) || m_up2.1.nstb_block.norm1.bias
 | -0.000 | -0.351 |  0.390 |  0.090 | torch.Size([128, 64]) || m_up2.1.nstb_block.ffn.fc1.weight
 | -0.007 | -0.164 |  0.126 |  0.075 | torch.Size([128]) || m_up2.1.nstb_block.ffn.fc1.bias
 | -0.001 | -0.229 |  0.251 |  0.060 | torch.Size([64, 128]) || m_up2.1.nstb_block.ffn.fc2.weight
 |  0.001 | -0.103 |  0.104 |  0.057 | torch.Size([64]) || m_up2.1.nstb_block.ffn.fc2.bias
 |  0.930 |  0.398 |  1.001 |  0.111 | torch.Size([64]) || m_up2.1.nstb_block.norm2.weight
 |  0.000 | -0.021 |  0.015 |  0.008 | torch.Size([64]) || m_up2.1.nstb_block.norm2.bias
 | -0.000 | -0.235 |  0.259 |  0.056 | torch.Size([128, 192, 1, 1]) || m_up2.1.conv1_2.weight
 |  0.005 | -0.084 |  0.104 |  0.035 | torch.Size([128]) || m_up2.1.conv1_2.bias
 |  0.001 | -0.131 |  0.148 |  0.034 | torch.Size([128, 64, 2, 2]) || m_up1.0.weight
 | -0.002 | -0.305 |  0.267 |  0.084 | torch.Size([64, 64, 1, 1]) || m_up1.1.conv1_1.weight
 | -0.001 | -0.132 |  0.126 |  0.058 | torch.Size([64]) || m_up1.1.conv1_1.bias
 | -0.001 | -0.269 |  0.415 |  0.055 | torch.Size([32, 32, 3, 3]) || m_up1.1.conv_block.0.weight
 | -0.002 | -0.344 |  0.338 |  0.058 | torch.Size([32, 32, 3, 3]) || m_up1.1.conv_block.2.weight
 |  0.980 |  0.898 |  1.034 |  0.028 | torch.Size([32]) || m_up1.1.trans_block.ln1.weight
 |  0.003 | -0.036 |  0.055 |  0.021 | torch.Size([32]) || m_up1.1.trans_block.ln1.bias
 | -0.194 | -0.972 |  1.191 |  0.488 | torch.Size([1, 15, 15]) || m_up1.1.trans_block.msa.relative_position_params
 | -0.001 | -0.568 |  0.549 |  0.118 | torch.Size([96, 32]) || m_up1.1.trans_block.msa.embedding_layer.weight
 | -0.015 | -0.235 |  0.212 |  0.113 | torch.Size([96]) || m_up1.1.trans_block.msa.embedding_layer.bias
 | -0.003 | -0.283 |  0.249 |  0.094 | torch.Size([32, 32]) || m_up1.1.trans_block.msa.linear.weight
 | -0.020 | -0.173 |  0.223 |  0.106 | torch.Size([32]) || m_up1.1.trans_block.msa.linear.bias
 |  0.971 |  0.890 |  1.131 |  0.062 | torch.Size([32]) || m_up1.1.trans_block.ln2.weight
 | -0.004 | -0.069 |  0.088 |  0.038 | torch.Size([32]) || m_up1.1.trans_block.ln2.bias
 |  0.002 | -0.471 |  0.435 |  0.107 | torch.Size([128, 32]) || m_up1.1.trans_block.mlp.0.weight
 | -0.007 | -0.214 |  0.186 |  0.097 | torch.Size([128]) || m_up1.1.trans_block.mlp.0.bias
 | -0.001 | -0.181 |  0.175 |  0.051 | torch.Size([32, 128]) || m_up1.1.trans_block.mlp.2.weight
 | -0.004 | -0.079 |  0.080 |  0.046 | torch.Size([32]) || m_up1.1.trans_block.mlp.2.bias
 | -12.109 | -100.000 |  0.000 | 32.624 | torch.Size([64, 64, 64]) || m_up1.1.nstb_block.attn_mask
 |  0.000 | -0.332 |  0.323 |  0.084 | torch.Size([16, 2, 8, 8]) || m_up1.1.nstb_block.ngram_window_partition.ngram_context.unigram_embed.weight
 | -0.007 | -0.066 |  0.066 |  0.041 | torch.Size([16]) || m_up1.1.nstb_block.ngram_window_partition.ngram_context.unigram_embed.bias
 |  2.353 |  2.353 |  2.353 |    nan | torch.Size([1, 1, 1]) || m_up1.1.nstb_block.ngram_window_partition.ngram_context.ngram_attn.logit_scale
 | -0.065 | -0.788 |  1.024 |  0.649 | torch.Size([9, 1]) || m_up1.1.nstb_block.ngram_window_partition.ngram_context.ngram_attn.relative_position_bias_table
 |  4.000 |  0.000 |  8.000 |  2.309 | torch.Size([4, 4]) || m_up1.1.nstb_block.ngram_window_partition.ngram_context.ngram_attn.relative_position_index
 |  0.007 | -0.460 |  0.486 |  0.172 | torch.Size([48, 16]) || m_up1.1.nstb_block.ngram_window_partition.ngram_context.ngram_attn.qkv.weight
 |  0.003 | -0.178 |  0.196 |  0.105 | torch.Size([48]) || m_up1.1.nstb_block.ngram_window_partition.ngram_context.ngram_attn.qkv.bias
 |  0.011 | -0.382 |  0.381 |  0.170 | torch.Size([16, 16]) || m_up1.1.nstb_block.ngram_window_partition.ngram_context.ngram_attn.proj.weight
 |  0.027 | -0.217 |  0.219 |  0.120 | torch.Size([16]) || m_up1.1.nstb_block.ngram_window_partition.ngram_context.ngram_attn.proj.bias
 | -0.003 | -0.294 |  0.301 |  0.110 | torch.Size([32, 32, 1, 1]) || m_up1.1.nstb_block.ngram_window_partition.ngram_context.merge.weight
 | -0.021 | -0.160 |  0.166 |  0.102 | torch.Size([32]) || m_up1.1.nstb_block.ngram_window_partition.ngram_context.merge.bias
 |  2.308 |  2.308 |  2.308 |    nan | torch.Size([1, 1, 1]) || m_up1.1.nstb_block.attn.logit_scale
 | -1.105 | -2.762 |  1.484 |  1.326 | torch.Size([225, 1]) || m_up1.1.nstb_block.attn.relative_position_bias_table
 | 112.000 |  0.000 | 224.000 | 48.719 | torch.Size([64, 64]) || m_up1.1.nstb_block.attn.relative_position_index
 | -0.000 | -0.411 |  0.421 |  0.115 | torch.Size([96, 32]) || m_up1.1.nstb_block.attn.qkv.weight
 | -0.004 | -0.184 |  0.170 |  0.093 | torch.Size([96]) || m_up1.1.nstb_block.attn.qkv.bias
 | -0.003 | -0.250 |  0.220 |  0.100 | torch.Size([32, 32]) || m_up1.1.nstb_block.attn.proj.weight
 | -0.013 | -0.253 |  0.219 |  0.117 | torch.Size([32]) || m_up1.1.nstb_block.attn.proj.bias
 |  0.950 |  0.678 |  1.015 |  0.072 | torch.Size([32]) || m_up1.1.nstb_block.norm1.weight
 |  0.000 | -0.022 |  0.031 |  0.010 | torch.Size([32]) || m_up1.1.nstb_block.norm1.bias
 | -0.000 | -0.451 |  0.468 |  0.114 | torch.Size([64, 32]) || m_up1.1.nstb_block.ffn.fc1.weight
 | -0.010 | -0.192 |  0.189 |  0.114 | torch.Size([64]) || m_up1.1.nstb_block.ffn.fc1.bias
 |  0.001 | -0.199 |  0.198 |  0.076 | torch.Size([32, 64]) || m_up1.1.nstb_block.ffn.fc2.weight
 |  0.024 | -0.141 |  0.111 |  0.067 | torch.Size([32]) || m_up1.1.nstb_block.ffn.fc2.bias
 |  0.953 |  0.743 |  1.015 |  0.052 | torch.Size([32]) || m_up1.1.nstb_block.norm2.weight
 |  0.001 | -0.036 |  0.021 |  0.011 | torch.Size([32]) || m_up1.1.nstb_block.norm2.bias
 | -0.001 | -0.243 |  0.242 |  0.059 | torch.Size([64, 96, 1, 1]) || m_up1.1.conv1_2.weight
 |  0.005 | -0.093 |  0.071 |  0.038 | torch.Size([64]) || m_up1.1.conv1_2.bias
 | -0.001 | -0.045 |  0.042 |  0.012 | torch.Size([1, 64, 3, 3]) || m_tail.0.weight

25-07-24 16:55:49.321 : TensorBoard logging to: training_results/conv_trans_nstb/scunet_ngswin_conv_trans_nstb/tensorboard/SCUNet_conv_trans_nstb_li_ct_val0.1
25-07-24 16:55:49.321 : Experiment name: SCUNet_conv_trans_nstb_li_ct_val0.1
25-07-24 16:55:49.321 : Validation split: 10.0% of training data
25-07-24 16:55:49.321 : Early stopping is disabled. Training will run for full 100 epochs.
25-07-24 16:55:49.321 : Starting training...
25-07-24 16:55:49.321 : Training dataset size: 32,505
25-07-24 16:55:49.321 : Iterations per epoch: 16,253
25-07-24 16:55:49.321 : Current step: 800,000
25-07-24 16:55:49.321 : Starting from epoch: 50
25-07-24 17:00:13.047 : <epoch: 50, iter: 808,000, lr:6.250e-06> G_loss: 7.325e-04 
25-07-24 17:05:37.709 : <epoch: 50, iter: 809,000, lr:6.250e-06> G_loss: 7.757e-04 
25-07-24 17:11:02.864 : <epoch: 50, iter: 810,000, lr:6.250e-06> G_loss: 8.135e-04 
25-07-24 17:17:21.550 : <epoch: 50, iter: 810,000, Val PSNR: 53.92dB, Val SSIM: 0.9968
25-07-24 17:17:21.551 : Training samples this epoch: 20000
25-07-24 17:17:21.551 : Validation samples this check: 3611
25-07-24 17:17:21.551 : Saving PSNR checkpoint.
25-07-24 17:22:45.577 : <epoch: 50, iter: 811,000, lr:6.250e-06> G_loss: 6.469e-04 
25-07-24 17:28:11.167 : <epoch: 50, iter: 812,000, lr:6.250e-06> G_loss: 7.162e-04 
25-07-24 17:33:36.141 : <epoch: 50, iter: 813,000, lr:6.250e-06> G_loss: 7.299e-04 
25-07-24 17:39:00.951 : <epoch: 50, iter: 814,000, lr:6.250e-06> G_loss: 6.341e-04 
25-07-24 17:44:25.644 : <epoch: 50, iter: 815,000, lr:6.250e-06> G_loss: 1.059e-03 
25-07-24 17:49:51.379 : <epoch: 50, iter: 816,000, lr:6.250e-06> G_loss: 6.527e-04 
25-07-24 17:55:18.427 : <epoch: 51, iter: 817,000, lr:6.250e-06> G_loss: 1.042e-03 
25-07-24 18:00:45.834 : <epoch: 51, iter: 818,000, lr:6.250e-06> G_loss: 7.422e-04 
25-07-24 18:06:13.305 : <epoch: 51, iter: 819,000, lr:6.250e-06> G_loss: 1.344e-03 
25-07-24 18:11:41.806 : <epoch: 51, iter: 820,000, lr:6.250e-06> G_loss: 6.979e-04 
25-07-24 18:11:41.807 : Saving the model.
25-07-24 18:17:11.976 : <epoch: 51, iter: 821,000, lr:6.250e-06> G_loss: 8.435e-04 
25-07-24 18:22:42.076 : <epoch: 51, iter: 822,000, lr:6.250e-06> G_loss: 6.570e-04 
25-07-24 18:28:13.205 : <epoch: 51, iter: 823,000, lr:6.250e-06> G_loss: 7.482e-04 
25-07-24 18:33:43.946 : <epoch: 51, iter: 824,000, lr:6.250e-06> G_loss: 7.395e-04 
25-07-24 18:39:16.324 : <epoch: 51, iter: 825,000, lr:6.250e-06> G_loss: 6.646e-04 
25-07-24 18:44:47.451 : <epoch: 51, iter: 826,000, lr:6.250e-06> G_loss: 7.895e-04 
25-07-24 18:50:19.381 : <epoch: 51, iter: 827,000, lr:6.250e-06> G_loss: 7.768e-04 
25-07-24 18:55:51.779 : <epoch: 51, iter: 828,000, lr:6.250e-06> G_loss: 5.566e-04 
25-07-24 19:01:24.542 : <epoch: 51, iter: 829,000, lr:6.250e-06> G_loss: 1.015e-03 
25-07-24 19:06:57.344 : <epoch: 51, iter: 830,000, lr:6.250e-06> G_loss: 6.635e-04 
25-07-24 19:12:30.468 : <epoch: 51, iter: 831,000, lr:6.250e-06> G_loss: 6.535e-04 
25-07-24 19:18:04.069 : <epoch: 51, iter: 832,000, lr:6.250e-06> G_loss: 8.895e-04 
25-07-24 19:23:38.487 : <epoch: 52, iter: 833,000, lr:6.250e-06> G_loss: 7.582e-04 
25-07-24 19:29:11.260 : <epoch: 52, iter: 834,000, lr:6.250e-06> G_loss: 9.155e-04 
25-07-24 19:34:43.251 : <epoch: 52, iter: 835,000, lr:6.250e-06> G_loss: 1.069e-03 
25-07-24 19:40:14.846 : <epoch: 52, iter: 836,000, lr:6.250e-06> G_loss: 7.975e-04 
25-07-24 19:45:45.801 : <epoch: 52, iter: 837,000, lr:6.250e-06> G_loss: 1.010e-03 
25-07-24 19:51:15.148 : <epoch: 52, iter: 838,000, lr:6.250e-06> G_loss: 9.362e-04 
25-07-24 19:56:43.189 : <epoch: 52, iter: 839,000, lr:6.250e-06> G_loss: 7.131e-04 
25-07-24 20:02:09.618 : <epoch: 52, iter: 840,000, lr:6.250e-06> G_loss: 1.265e-03 
25-07-24 20:02:09.619 : Saving the model.
25-07-24 20:08:19.128 : <epoch: 52, iter: 840,000, Val PSNR: 53.89dB, Val SSIM: 0.9967
25-07-24 20:08:19.129 : Training samples this epoch: 14992
25-07-24 20:08:19.129 : Validation samples this check: 3611
25-07-24 20:08:19.130 : Saving PSNR checkpoint.
25-07-24 20:13:44.006 : <epoch: 52, iter: 841,000, lr:6.250e-06> G_loss: 8.736e-04 
25-07-24 20:19:07.575 : <epoch: 52, iter: 842,000, lr:6.250e-06> G_loss: 9.683e-04 
25-07-24 20:24:31.662 : <epoch: 52, iter: 843,000, lr:6.250e-06> G_loss: 7.783e-04 
25-07-24 20:29:55.552 : <epoch: 52, iter: 844,000, lr:6.250e-06> G_loss: 1.027e-03 
25-07-24 20:35:19.631 : <epoch: 52, iter: 845,000, lr:6.250e-06> G_loss: 9.039e-04 
25-07-24 20:40:43.411 : <epoch: 52, iter: 846,000, lr:6.250e-06> G_loss: 6.191e-04 
25-07-24 20:46:07.525 : <epoch: 52, iter: 847,000, lr:6.250e-06> G_loss: 7.580e-04 
25-07-24 20:51:30.605 : <epoch: 52, iter: 848,000, lr:6.250e-06> G_loss: 8.158e-04 
25-07-24 20:56:52.245 : <epoch: 53, iter: 849,000, lr:6.250e-06> G_loss: 8.777e-04 
25-07-24 21:02:14.161 : <epoch: 53, iter: 850,000, lr:6.250e-06> G_loss: 6.587e-04 
25-07-24 21:07:36.845 : <epoch: 53, iter: 851,000, lr:6.250e-06> G_loss: 1.079e-03 
25-07-24 21:12:59.919 : <epoch: 53, iter: 852,000, lr:6.250e-06> G_loss: 7.674e-04 
25-07-24 21:18:23.329 : <epoch: 53, iter: 853,000, lr:6.250e-06> G_loss: 1.020e-03 
25-07-24 21:23:46.719 : <epoch: 53, iter: 854,000, lr:6.250e-06> G_loss: 6.922e-04 
25-07-24 21:29:10.276 : <epoch: 53, iter: 855,000, lr:6.250e-06> G_loss: 1.058e-03 
25-07-24 21:34:33.219 : <epoch: 53, iter: 856,000, lr:6.250e-06> G_loss: 7.255e-04 
25-07-24 21:39:57.160 : <epoch: 53, iter: 857,000, lr:6.250e-06> G_loss: 9.247e-04 
25-07-24 21:45:21.199 : <epoch: 53, iter: 858,000, lr:6.250e-06> G_loss: 7.308e-04 
25-07-24 21:50:44.541 : <epoch: 53, iter: 859,000, lr:6.250e-06> G_loss: 9.738e-04 
25-07-24 21:56:06.850 : <epoch: 53, iter: 860,000, lr:6.250e-06> G_loss: 7.058e-04 
25-07-24 21:56:06.850 : Saving the model.
25-07-24 22:01:28.963 : <epoch: 53, iter: 861,000, lr:6.250e-06> G_loss: 1.075e-03 
25-07-24 22:06:51.297 : <epoch: 53, iter: 862,000, lr:6.250e-06> G_loss: 7.137e-04 
25-07-24 22:12:14.517 : <epoch: 53, iter: 863,000, lr:6.250e-06> G_loss: 8.279e-04 
25-07-24 22:17:37.172 : <epoch: 53, iter: 864,000, lr:6.250e-06> G_loss: 8.627e-04 
25-07-24 22:22:59.495 : <epoch: 53, iter: 865,000, lr:6.250e-06> G_loss: 8.180e-04 
25-07-24 22:28:22.823 : <epoch: 54, iter: 866,000, lr:6.250e-06> G_loss: 7.745e-04 
25-07-24 22:33:46.549 : <epoch: 54, iter: 867,000, lr:6.250e-06> G_loss: 1.055e-03 
25-07-24 22:39:09.564 : <epoch: 54, iter: 868,000, lr:6.250e-06> G_loss: 8.178e-04 
25-07-24 22:44:33.087 : <epoch: 54, iter: 869,000, lr:6.250e-06> G_loss: 5.855e-04 
25-07-24 22:49:55.679 : <epoch: 54, iter: 870,000, lr:6.250e-06> G_loss: 8.635e-04 
25-07-24 22:56:03.887 : <epoch: 54, iter: 870,000, Val PSNR: 53.87dB, Val SSIM: 0.9967
25-07-24 22:56:03.888 : Training samples this epoch: 9984
25-07-24 22:56:03.888 : Validation samples this check: 3611
25-07-24 22:56:03.889 : Saving PSNR checkpoint.
25-07-24 23:01:26.774 : <epoch: 54, iter: 871,000, lr:6.250e-06> G_loss: 6.307e-04 
25-07-24 23:06:51.124 : <epoch: 54, iter: 872,000, lr:6.250e-06> G_loss: 7.548e-04 
25-07-24 23:12:15.451 : <epoch: 54, iter: 873,000, lr:6.250e-06> G_loss: 9.761e-04 
25-07-24 23:17:39.222 : <epoch: 54, iter: 874,000, lr:6.250e-06> G_loss: 8.895e-04 
25-07-24 23:23:04.032 : <epoch: 54, iter: 875,000, lr:6.250e-06> G_loss: 8.168e-04 
25-07-24 23:28:27.802 : <epoch: 54, iter: 876,000, lr:6.250e-06> G_loss: 1.213e-03 
25-07-24 23:33:51.320 : <epoch: 54, iter: 877,000, lr:6.250e-06> G_loss: 7.503e-04 
25-07-24 23:39:15.063 : <epoch: 54, iter: 878,000, lr:6.250e-06> G_loss: 1.144e-03 
25-07-24 23:44:38.978 : <epoch: 54, iter: 879,000, lr:6.250e-06> G_loss: 6.296e-04 
25-07-24 23:50:03.422 : <epoch: 54, iter: 880,000, lr:6.250e-06> G_loss: 1.141e-03 
25-07-24 23:50:03.423 : Saving the model.
25-07-24 23:55:26.737 : <epoch: 54, iter: 881,000, lr:6.250e-06> G_loss: 8.980e-04 
25-07-25 00:00:50.183 : <epoch: 55, iter: 882,000, lr:6.250e-06> G_loss: 5.938e-04 
25-07-25 00:06:13.502 : <epoch: 55, iter: 883,000, lr:6.250e-06> G_loss: 8.900e-04 
25-07-25 00:11:37.522 : <epoch: 55, iter: 884,000, lr:6.250e-06> G_loss: 7.089e-04 
25-07-25 00:17:01.083 : <epoch: 55, iter: 885,000, lr:6.250e-06> G_loss: 6.217e-04 
25-07-25 00:22:24.326 : <epoch: 55, iter: 886,000, lr:6.250e-06> G_loss: 8.015e-04 
25-07-25 00:27:48.169 : <epoch: 55, iter: 887,000, lr:6.250e-06> G_loss: 7.615e-04 
25-07-25 00:33:11.411 : <epoch: 55, iter: 888,000, lr:6.250e-06> G_loss: 9.745e-04 
25-07-25 00:38:35.544 : <epoch: 55, iter: 889,000, lr:6.250e-06> G_loss: 7.518e-04 
25-07-25 00:44:00.120 : <epoch: 55, iter: 890,000, lr:6.250e-06> G_loss: 7.475e-04 
25-07-25 00:49:25.221 : <epoch: 55, iter: 891,000, lr:6.250e-06> G_loss: 8.592e-04 
25-07-25 00:54:49.200 : <epoch: 55, iter: 892,000, lr:6.250e-06> G_loss: 7.910e-04 
25-07-25 01:00:12.242 : <epoch: 55, iter: 893,000, lr:6.250e-06> G_loss: 7.815e-04 
25-07-25 01:05:35.135 : <epoch: 55, iter: 894,000, lr:6.250e-06> G_loss: 6.564e-04 
25-07-25 01:10:58.574 : <epoch: 55, iter: 895,000, lr:6.250e-06> G_loss: 9.875e-04 
25-07-25 01:16:22.138 : <epoch: 55, iter: 896,000, lr:6.250e-06> G_loss: 7.330e-04 
25-07-25 01:21:46.559 : <epoch: 55, iter: 897,000, lr:6.250e-06> G_loss: 5.352e-04 
25-07-25 01:27:10.983 : <epoch: 56, iter: 898,000, lr:6.250e-06> G_loss: 7.970e-04 
25-07-25 01:32:35.733 : <epoch: 56, iter: 899,000, lr:6.250e-06> G_loss: 6.068e-04 
25-07-25 01:38:01.052 : <epoch: 56, iter: 900,000, lr:6.250e-06> G_loss: 1.270e-03 
25-07-25 01:38:01.053 : Saving the model.
25-07-25 01:44:04.509 : <epoch: 56, iter: 900,000, Val PSNR: 53.85dB, Val SSIM: 0.9967
25-07-25 01:44:04.509 : Training samples this epoch: 4976
25-07-25 01:44:04.509 : Validation samples this check: 3611
25-07-25 01:44:04.510 : Saving PSNR checkpoint.
25-07-25 01:49:28.198 : <epoch: 56, iter: 901,000, lr:6.250e-06> G_loss: 6.912e-04 
25-07-25 01:54:49.765 : <epoch: 56, iter: 902,000, lr:6.250e-06> G_loss: 7.339e-04 
25-07-25 02:00:11.378 : <epoch: 56, iter: 903,000, lr:6.250e-06> G_loss: 8.331e-04 
25-07-25 02:05:34.456 : <epoch: 56, iter: 904,000, lr:6.250e-06> G_loss: 6.904e-04 
25-07-25 02:10:57.113 : <epoch: 56, iter: 905,000, lr:6.250e-06> G_loss: 8.355e-04 
25-07-25 02:16:19.394 : <epoch: 56, iter: 906,000, lr:6.250e-06> G_loss: 1.079e-03 
25-07-25 02:21:42.034 : <epoch: 56, iter: 907,000, lr:6.250e-06> G_loss: 6.013e-04 
25-07-25 02:27:04.678 : <epoch: 56, iter: 908,000, lr:6.250e-06> G_loss: 1.041e-03 
25-07-25 02:32:28.489 : <epoch: 56, iter: 909,000, lr:6.250e-06> G_loss: 7.118e-04 
25-07-25 02:37:52.111 : <epoch: 56, iter: 910,000, lr:6.250e-06> G_loss: 5.973e-04 
25-07-25 02:43:16.113 : <epoch: 56, iter: 911,000, lr:6.250e-06> G_loss: 6.795e-04 
25-07-25 02:48:38.220 : <epoch: 56, iter: 912,000, lr:6.250e-06> G_loss: 7.321e-04 
25-07-25 02:54:00.547 : <epoch: 56, iter: 913,000, lr:6.250e-06> G_loss: 7.407e-04 
25-07-25 02:59:22.190 : <epoch: 57, iter: 914,000, lr:6.250e-06> G_loss: 5.935e-04 
25-07-25 03:04:44.963 : <epoch: 57, iter: 915,000, lr:6.250e-06> G_loss: 7.409e-04 
25-07-25 03:10:08.831 : <epoch: 57, iter: 916,000, lr:6.250e-06> G_loss: 1.051e-03 
25-07-25 03:15:32.815 : <epoch: 57, iter: 917,000, lr:6.250e-06> G_loss: 8.449e-04 
25-07-25 03:20:55.856 : <epoch: 57, iter: 918,000, lr:6.250e-06> G_loss: 8.664e-04 
25-07-25 03:26:18.743 : <epoch: 57, iter: 919,000, lr:6.250e-06> G_loss: 9.434e-04 
25-07-25 03:31:41.633 : <epoch: 57, iter: 920,000, lr:6.250e-06> G_loss: 7.086e-04 
25-07-25 03:31:41.633 : Saving the model.
25-07-25 03:37:03.952 : <epoch: 57, iter: 921,000, lr:6.250e-06> G_loss: 6.566e-04 
25-07-25 03:42:26.427 : <epoch: 57, iter: 922,000, lr:6.250e-06> G_loss: 4.970e-04 
25-07-25 03:47:49.188 : <epoch: 57, iter: 923,000, lr:6.250e-06> G_loss: 7.427e-04 
25-07-25 03:53:11.985 : <epoch: 57, iter: 924,000, lr:6.250e-06> G_loss: 7.848e-04 
25-07-25 03:58:33.506 : <epoch: 57, iter: 925,000, lr:6.250e-06> G_loss: 8.027e-04 
25-07-25 04:03:54.594 : <epoch: 57, iter: 926,000, lr:6.250e-06> G_loss: 1.002e-03 
25-07-25 04:09:16.704 : <epoch: 57, iter: 927,000, lr:6.250e-06> G_loss: 6.352e-04 
25-07-25 04:14:38.069 : <epoch: 57, iter: 928,000, lr:6.250e-06> G_loss: 6.457e-04 
25-07-25 04:19:59.980 : <epoch: 57, iter: 929,000, lr:6.250e-06> G_loss: 7.974e-04 
25-07-25 04:25:23.553 : <epoch: 57, iter: 930,000, lr:6.250e-06> G_loss: 9.181e-04 
25-07-25 04:31:27.535 : <epoch: 57, iter: 930,000, Val PSNR: 53.82dB, Val SSIM: 0.9967
25-07-25 04:31:27.535 : Training samples this epoch: 32472
25-07-25 04:31:27.535 : Validation samples this check: 3611
25-07-25 04:31:27.536 : Saving PSNR checkpoint.
25-07-25 04:36:50.751 : <epoch: 58, iter: 931,000, lr:6.250e-06> G_loss: 8.410e-04 
25-07-25 04:42:13.900 : <epoch: 58, iter: 932,000, lr:6.250e-06> G_loss: 6.915e-04 
25-07-25 04:47:36.364 : <epoch: 58, iter: 933,000, lr:6.250e-06> G_loss: 6.628e-04 
25-07-25 04:52:58.854 : <epoch: 58, iter: 934,000, lr:6.250e-06> G_loss: 6.719e-04 
25-07-25 04:58:20.848 : <epoch: 58, iter: 935,000, lr:6.250e-06> G_loss: 6.709e-04 
25-07-25 05:03:43.005 : <epoch: 58, iter: 936,000, lr:6.250e-06> G_loss: 1.273e-03 
25-07-25 05:09:04.999 : <epoch: 58, iter: 937,000, lr:6.250e-06> G_loss: 1.462e-03 
25-07-25 05:14:27.555 : <epoch: 58, iter: 938,000, lr:6.250e-06> G_loss: 7.736e-04 
25-07-25 05:19:49.442 : <epoch: 58, iter: 939,000, lr:6.250e-06> G_loss: 9.461e-04 
25-07-25 05:25:12.401 : <epoch: 58, iter: 940,000, lr:6.250e-06> G_loss: 6.387e-04 
25-07-25 05:25:12.401 : Saving the model.
25-07-25 05:30:33.099 : <epoch: 58, iter: 941,000, lr:6.250e-06> G_loss: 7.508e-04 
25-07-25 05:35:53.905 : <epoch: 58, iter: 942,000, lr:6.250e-06> G_loss: 6.389e-04 
25-07-25 05:41:15.103 : <epoch: 58, iter: 943,000, lr:6.250e-06> G_loss: 6.950e-04 
25-07-25 05:46:36.493 : <epoch: 58, iter: 944,000, lr:6.250e-06> G_loss: 8.076e-04 
25-07-25 05:51:56.729 : <epoch: 58, iter: 945,000, lr:6.250e-06> G_loss: 9.314e-04 
25-07-25 05:57:16.838 : <epoch: 58, iter: 946,000, lr:6.250e-06> G_loss: 1.027e-03 
25-07-25 06:02:39.552 : <epoch: 59, iter: 947,000, lr:6.250e-06> G_loss: 7.818e-04 
25-07-25 06:08:02.607 : <epoch: 59, iter: 948,000, lr:6.250e-06> G_loss: 8.558e-04 
25-07-25 06:13:25.988 : <epoch: 59, iter: 949,000, lr:6.250e-06> G_loss: 1.559e-03 
25-07-25 06:18:49.044 : <epoch: 59, iter: 950,000, lr:6.250e-06> G_loss: 6.240e-04 
25-07-25 06:24:12.314 : <epoch: 59, iter: 951,000, lr:6.250e-06> G_loss: 7.029e-04 
25-07-25 06:29:35.542 : <epoch: 59, iter: 952,000, lr:6.250e-06> G_loss: 8.379e-04 
25-07-25 06:34:58.514 : <epoch: 59, iter: 953,000, lr:6.250e-06> G_loss: 1.034e-03 
25-07-25 06:40:21.783 : <epoch: 59, iter: 954,000, lr:6.250e-06> G_loss: 7.272e-04 
25-07-25 06:45:44.922 : <epoch: 59, iter: 955,000, lr:6.250e-06> G_loss: 5.701e-04 
25-07-25 06:51:07.878 : <epoch: 59, iter: 956,000, lr:6.250e-06> G_loss: 6.480e-04 
25-07-25 06:56:30.338 : <epoch: 59, iter: 957,000, lr:6.250e-06> G_loss: 8.782e-04 
25-07-25 07:01:52.857 : <epoch: 59, iter: 958,000, lr:6.250e-06> G_loss: 6.943e-04 
25-07-25 07:07:15.427 : <epoch: 59, iter: 959,000, lr:6.250e-06> G_loss: 7.441e-04 
25-07-25 07:12:38.674 : <epoch: 59, iter: 960,000, lr:6.250e-06> G_loss: 7.732e-04 
25-07-25 07:12:38.674 : Saving the model.
25-07-25 07:18:31.933 : <epoch: 59, iter: 960,000, Val PSNR: 53.81dB, Val SSIM: 0.9967
25-07-25 07:18:31.933 : Training samples this epoch: 27464
25-07-25 07:18:31.933 : Validation samples this check: 3611
25-07-25 07:18:31.934 : Saving PSNR checkpoint.
25-07-25 07:23:52.650 : <epoch: 59, iter: 961,000, lr:6.250e-06> G_loss: 7.425e-04 
25-07-25 07:29:13.950 : <epoch: 59, iter: 962,000, lr:6.250e-06> G_loss: 9.944e-04 
25-07-25 07:34:37.935 : <epoch: 60, iter: 963,000, lr:6.250e-06> G_loss: 6.358e-04 
25-07-25 07:40:01.171 : <epoch: 60, iter: 964,000, lr:6.250e-06> G_loss: 9.068e-04 
25-07-25 07:45:23.652 : <epoch: 60, iter: 965,000, lr:6.250e-06> G_loss: 1.620e-03 
25-07-25 07:50:46.485 : <epoch: 60, iter: 966,000, lr:6.250e-06> G_loss: 9.528e-04 
25-07-25 07:56:07.936 : <epoch: 60, iter: 967,000, lr:6.250e-06> G_loss: 5.940e-04 
25-07-25 08:01:27.840 : <epoch: 60, iter: 968,000, lr:6.250e-06> G_loss: 7.413e-04 
25-07-25 08:06:47.173 : <epoch: 60, iter: 969,000, lr:6.250e-06> G_loss: 7.017e-04 
25-07-25 08:12:06.649 : <epoch: 60, iter: 970,000, lr:6.250e-06> G_loss: 8.057e-04 
25-07-25 08:17:25.477 : <epoch: 60, iter: 971,000, lr:6.250e-06> G_loss: 7.738e-04 
25-07-25 08:22:45.676 : <epoch: 60, iter: 972,000, lr:6.250e-06> G_loss: 1.033e-03 
25-07-25 08:28:04.717 : <epoch: 60, iter: 973,000, lr:6.250e-06> G_loss: 6.564e-04 
25-07-25 08:33:23.513 : <epoch: 60, iter: 974,000, lr:6.250e-06> G_loss: 8.322e-04 
25-07-25 08:38:42.930 : <epoch: 60, iter: 975,000, lr:6.250e-06> G_loss: 7.419e-04 
25-07-25 08:44:02.046 : <epoch: 60, iter: 976,000, lr:6.250e-06> G_loss: 1.179e-03 
25-07-25 08:49:21.062 : <epoch: 60, iter: 977,000, lr:6.250e-06> G_loss: 7.190e-04 
25-07-25 08:54:40.064 : <epoch: 60, iter: 978,000, lr:6.250e-06> G_loss: 8.255e-04 
25-07-25 08:59:58.509 : <epoch: 61, iter: 979,000, lr:6.250e-06> G_loss: 9.264e-04 
25-07-25 09:05:17.907 : <epoch: 61, iter: 980,000, lr:6.250e-06> G_loss: 7.575e-04 
25-07-25 09:05:17.908 : Saving the model.
25-07-25 09:10:37.039 : <epoch: 61, iter: 981,000, lr:6.250e-06> G_loss: 6.506e-04 
25-07-25 09:15:56.677 : <epoch: 61, iter: 982,000, lr:6.250e-06> G_loss: 7.170e-04 
25-07-25 09:21:16.903 : <epoch: 61, iter: 983,000, lr:6.250e-06> G_loss: 8.774e-04 
25-07-25 09:26:38.873 : <epoch: 61, iter: 984,000, lr:6.250e-06> G_loss: 1.107e-03 
25-07-25 09:32:01.516 : <epoch: 61, iter: 985,000, lr:6.250e-06> G_loss: 9.031e-04 
25-07-25 09:37:23.881 : <epoch: 61, iter: 986,000, lr:6.250e-06> G_loss: 9.469e-04 
25-07-25 09:42:46.202 : <epoch: 61, iter: 987,000, lr:6.250e-06> G_loss: 5.599e-04 
25-07-25 09:48:08.221 : <epoch: 61, iter: 988,000, lr:6.250e-06> G_loss: 6.885e-04 
25-07-25 09:53:29.824 : <epoch: 61, iter: 989,000, lr:6.250e-06> G_loss: 8.007e-04 
25-07-25 09:58:48.562 : <epoch: 61, iter: 990,000, lr:6.250e-06> G_loss: 6.910e-04 
25-07-25 10:04:43.312 : <epoch: 61, iter: 990,000, Val PSNR: 53.80dB, Val SSIM: 0.9967
25-07-25 10:04:43.312 : Training samples this epoch: 22456
25-07-25 10:04:43.312 : Validation samples this check: 3611
25-07-25 10:04:43.313 : Saving PSNR checkpoint.
25-07-25 10:10:05.577 : <epoch: 61, iter: 991,000, lr:6.250e-06> G_loss: 8.221e-04 
25-07-25 10:15:29.812 : <epoch: 61, iter: 992,000, lr:6.250e-06> G_loss: 7.600e-04 
25-07-25 10:20:53.090 : <epoch: 61, iter: 993,000, lr:6.250e-06> G_loss: 7.092e-04 
25-07-25 10:26:16.932 : <epoch: 61, iter: 994,000, lr:6.250e-06> G_loss: 6.353e-04 
25-07-25 10:31:39.970 : <epoch: 61, iter: 995,000, lr:6.250e-06> G_loss: 1.001e-03 
25-07-25 10:37:04.484 : <epoch: 62, iter: 996,000, lr:6.250e-06> G_loss: 6.119e-04 
25-07-25 10:42:28.425 : <epoch: 62, iter: 997,000, lr:6.250e-06> G_loss: 8.002e-04 
25-07-25 10:47:51.436 : <epoch: 62, iter: 998,000, lr:6.250e-06> G_loss: 9.559e-04 
25-07-25 10:53:15.719 : <epoch: 62, iter: 999,000, lr:6.250e-06> G_loss: 7.982e-04 
25-07-25 10:58:38.427 : <epoch: 62, iter:1,000,000, lr:1.563e-06> G_loss: 7.773e-04 
25-07-25 10:58:38.428 : Saving the model.
25-07-25 11:03:59.826 : <epoch: 62, iter:1,001,000, lr:3.125e-06> G_loss: 5.690e-04 
25-07-25 11:09:20.682 : <epoch: 62, iter:1,002,000, lr:3.125e-06> G_loss: 1.095e-03 
25-07-25 11:14:40.875 : <epoch: 62, iter:1,003,000, lr:3.125e-06> G_loss: 7.908e-04 
25-07-25 11:20:00.789 : <epoch: 62, iter:1,004,000, lr:3.125e-06> G_loss: 5.833e-04 
25-07-25 11:25:20.312 : <epoch: 62, iter:1,005,000, lr:3.125e-06> G_loss: 1.171e-03 
25-07-25 11:30:41.116 : <epoch: 62, iter:1,006,000, lr:3.125e-06> G_loss: 9.838e-04 
25-07-25 11:36:03.273 : <epoch: 62, iter:1,007,000, lr:3.125e-06> G_loss: 6.656e-04 
25-07-25 11:41:26.225 : <epoch: 62, iter:1,008,000, lr:3.125e-06> G_loss: 7.598e-04 
25-07-25 11:46:49.562 : <epoch: 62, iter:1,009,000, lr:3.125e-06> G_loss: 5.611e-04 
25-07-25 11:52:11.605 : <epoch: 62, iter:1,010,000, lr:3.125e-06> G_loss: 9.833e-04 
25-07-25 11:57:32.515 : <epoch: 62, iter:1,011,000, lr:3.125e-06> G_loss: 1.005e-03 
25-07-25 12:02:53.965 : <epoch: 63, iter:1,012,000, lr:3.125e-06> G_loss: 6.121e-04 
25-07-25 12:08:14.369 : <epoch: 63, iter:1,013,000, lr:3.125e-06> G_loss: 9.849e-04 
25-07-25 12:13:35.157 : <epoch: 63, iter:1,014,000, lr:3.125e-06> G_loss: 7.213e-04 
25-07-25 12:18:57.012 : <epoch: 63, iter:1,015,000, lr:3.125e-06> G_loss: 6.927e-04 
25-07-25 12:24:19.425 : <epoch: 63, iter:1,016,000, lr:3.125e-06> G_loss: 7.931e-04 
25-07-25 12:29:40.582 : <epoch: 63, iter:1,017,000, lr:3.125e-06> G_loss: 6.653e-04 
25-07-25 12:35:02.194 : <epoch: 63, iter:1,018,000, lr:3.125e-06> G_loss: 8.311e-04 
25-07-25 12:40:22.890 : <epoch: 63, iter:1,019,000, lr:3.125e-06> G_loss: 7.441e-04 
25-07-25 12:45:43.495 : <epoch: 63, iter:1,020,000, lr:3.125e-06> G_loss: 8.729e-04 
25-07-25 12:45:43.496 : Saving the model.
25-07-25 12:51:39.755 : <epoch: 63, iter:1,020,000, Val PSNR: 53.81dB, Val SSIM: 0.9967
25-07-25 12:51:39.756 : Training samples this epoch: 17448
25-07-25 12:51:39.756 : Validation samples this check: 3611
25-07-25 12:51:39.756 : Saving PSNR checkpoint.
25-07-25 12:57:05.297 : <epoch: 63, iter:1,021,000, lr:3.125e-06> G_loss: 7.927e-04 
25-07-25 13:02:30.013 : <epoch: 63, iter:1,022,000, lr:3.125e-06> G_loss: 6.544e-04 
25-07-25 13:07:54.704 : <epoch: 63, iter:1,023,000, lr:3.125e-06> G_loss: 7.470e-04 
25-07-25 13:13:18.753 : <epoch: 63, iter:1,024,000, lr:3.125e-06> G_loss: 7.159e-04 
25-07-25 13:18:42.671 : <epoch: 63, iter:1,025,000, lr:3.125e-06> G_loss: 7.034e-04 
25-07-25 13:24:07.047 : <epoch: 63, iter:1,026,000, lr:3.125e-06> G_loss: 1.592e-03 
25-07-25 13:29:31.941 : <epoch: 63, iter:1,027,000, lr:3.125e-06> G_loss: 8.751e-04 
25-07-25 13:34:58.048 : <epoch: 64, iter:1,028,000, lr:3.125e-06> G_loss: 1.010e-03 
25-07-25 13:40:24.972 : <epoch: 64, iter:1,029,000, lr:3.125e-06> G_loss: 8.290e-04 
25-07-25 13:45:53.326 : <epoch: 64, iter:1,030,000, lr:3.125e-06> G_loss: 8.246e-04 
25-07-25 13:51:20.909 : <epoch: 64, iter:1,031,000, lr:3.125e-06> G_loss: 1.045e-03 
25-07-25 13:56:46.822 : <epoch: 64, iter:1,032,000, lr:3.125e-06> G_loss: 7.076e-04 
25-07-25 14:02:11.601 : <epoch: 64, iter:1,033,000, lr:3.125e-06> G_loss: 8.383e-04 
25-07-25 14:07:36.517 : <epoch: 64, iter:1,034,000, lr:3.125e-06> G_loss: 9.051e-04 
25-07-25 14:13:02.470 : <epoch: 64, iter:1,035,000, lr:3.125e-06> G_loss: 7.886e-04 
25-07-25 14:18:27.577 : <epoch: 64, iter:1,036,000, lr:3.125e-06> G_loss: 6.910e-04 
25-07-25 14:23:52.380 : <epoch: 64, iter:1,037,000, lr:3.125e-06> G_loss: 8.676e-04 
25-07-25 14:29:17.129 : <epoch: 64, iter:1,038,000, lr:3.125e-06> G_loss: 5.769e-04 
25-07-25 14:34:43.165 : <epoch: 64, iter:1,039,000, lr:3.125e-06> G_loss: 1.149e-03 
25-07-25 14:40:10.456 : <epoch: 64, iter:1,040,000, lr:3.125e-06> G_loss: 7.149e-04 
25-07-25 14:40:10.457 : Saving the model.
25-07-25 14:45:35.081 : <epoch: 64, iter:1,041,000, lr:3.125e-06> G_loss: 5.788e-04 
25-07-25 14:50:58.914 : <epoch: 64, iter:1,042,000, lr:3.125e-06> G_loss: 7.499e-04 
25-07-25 14:56:22.972 : <epoch: 64, iter:1,043,000, lr:3.125e-06> G_loss: 5.785e-04 
25-07-25 15:01:48.345 : <epoch: 65, iter:1,044,000, lr:3.125e-06> G_loss: 6.811e-04 
25-07-25 15:07:14.661 : <epoch: 65, iter:1,045,000, lr:3.125e-06> G_loss: 7.498e-04 
25-07-25 15:12:41.196 : <epoch: 65, iter:1,046,000, lr:3.125e-06> G_loss: 9.532e-04 
25-07-25 15:18:07.494 : <epoch: 65, iter:1,047,000, lr:3.125e-06> G_loss: 5.706e-04 
25-07-25 15:23:33.016 : <epoch: 65, iter:1,048,000, lr:3.125e-06> G_loss: 8.795e-04 
25-07-25 15:28:57.369 : <epoch: 65, iter:1,049,000, lr:3.125e-06> G_loss: 6.608e-04 
25-07-25 15:34:22.141 : <epoch: 65, iter:1,050,000, lr:3.125e-06> G_loss: 6.363e-04 
25-07-25 15:40:29.621 : <epoch: 65, iter:1,050,000, Val PSNR: 53.81dB, Val SSIM: 0.9967
25-07-25 15:40:29.621 : Training samples this epoch: 12440
25-07-25 15:40:29.622 : Validation samples this check: 3611
25-07-25 15:40:29.622 : Saving PSNR checkpoint.
25-07-25 15:45:54.602 : <epoch: 65, iter:1,051,000, lr:3.125e-06> G_loss: 6.892e-04 
25-07-25 15:51:22.039 : <epoch: 65, iter:1,052,000, lr:3.125e-06> G_loss: 6.459e-04 
25-07-25 15:56:48.856 : <epoch: 65, iter:1,053,000, lr:3.125e-06> G_loss: 6.777e-04 
25-07-25 16:02:14.951 : <epoch: 65, iter:1,054,000, lr:3.125e-06> G_loss: 7.519e-04 
25-07-25 16:07:41.497 : <epoch: 65, iter:1,055,000, lr:3.125e-06> G_loss: 7.826e-04 
25-07-25 16:13:08.047 : <epoch: 65, iter:1,056,000, lr:3.125e-06> G_loss: 7.612e-04 
25-07-25 16:18:34.046 : <epoch: 65, iter:1,057,000, lr:3.125e-06> G_loss: 1.186e-03 
25-07-25 16:24:01.545 : <epoch: 65, iter:1,058,000, lr:3.125e-06> G_loss: 6.340e-04 
25-07-25 16:29:28.800 : <epoch: 65, iter:1,059,000, lr:3.125e-06> G_loss: 1.010e-03 
25-07-25 16:34:55.776 : <epoch: 65, iter:1,060,000, lr:3.125e-06> G_loss: 7.596e-04 
25-07-25 16:34:55.776 : Saving the model.
25-07-25 16:40:20.896 : <epoch: 66, iter:1,061,000, lr:3.125e-06> G_loss: 1.211e-03 
25-07-25 16:45:45.807 : <epoch: 66, iter:1,062,000, lr:3.125e-06> G_loss: 6.094e-04 
25-07-25 16:51:09.587 : <epoch: 66, iter:1,063,000, lr:3.125e-06> G_loss: 1.020e-03 
25-07-25 16:56:33.318 : <epoch: 66, iter:1,064,000, lr:3.125e-06> G_loss: 7.529e-04 
25-07-25 17:01:58.733 : <epoch: 66, iter:1,065,000, lr:3.125e-06> G_loss: 6.943e-04 
25-07-25 17:07:25.309 : <epoch: 66, iter:1,066,000, lr:3.125e-06> G_loss: 7.462e-04 
25-07-25 17:12:52.300 : <epoch: 66, iter:1,067,000, lr:3.125e-06> G_loss: 6.868e-04 
25-07-25 17:18:18.372 : <epoch: 66, iter:1,068,000, lr:3.125e-06> G_loss: 6.363e-04 
25-07-25 17:23:44.952 : <epoch: 66, iter:1,069,000, lr:3.125e-06> G_loss: 8.272e-04 
25-07-25 17:29:08.898 : <epoch: 66, iter:1,070,000, lr:3.125e-06> G_loss: 9.757e-04 
25-07-25 17:34:33.173 : <epoch: 66, iter:1,071,000, lr:3.125e-06> G_loss: 1.038e-03 
25-07-25 17:39:57.093 : <epoch: 66, iter:1,072,000, lr:3.125e-06> G_loss: 7.876e-04 
25-07-25 17:45:20.763 : <epoch: 66, iter:1,073,000, lr:3.125e-06> G_loss: 9.152e-04 
25-07-25 17:50:44.490 : <epoch: 66, iter:1,074,000, lr:3.125e-06> G_loss: 7.892e-04 
25-07-25 17:56:04.873 : <epoch: 66, iter:1,075,000, lr:3.125e-06> G_loss: 6.870e-04 
25-07-25 18:01:24.196 : <epoch: 66, iter:1,076,000, lr:3.125e-06> G_loss: 7.025e-04 
25-07-25 18:06:46.516 : <epoch: 67, iter:1,077,000, lr:3.125e-06> G_loss: 7.725e-04 
25-07-25 18:12:10.407 : <epoch: 67, iter:1,078,000, lr:3.125e-06> G_loss: 8.127e-04 
25-07-25 18:17:34.119 : <epoch: 67, iter:1,079,000, lr:3.125e-06> G_loss: 6.850e-04 
25-07-25 18:22:57.805 : <epoch: 67, iter:1,080,000, lr:3.125e-06> G_loss: 1.028e-03 
25-07-25 18:22:57.806 : Saving the model.
25-07-25 18:28:53.329 : <epoch: 67, iter:1,080,000, Val PSNR: 53.80dB, Val SSIM: 0.9967
25-07-25 18:28:53.330 : Training samples this epoch: 7432
25-07-25 18:28:53.330 : Validation samples this check: 3611
25-07-25 18:28:53.331 : Saving PSNR checkpoint.
25-07-25 18:34:16.250 : <epoch: 67, iter:1,081,000, lr:3.125e-06> G_loss: 7.157e-04 
25-07-25 18:39:39.347 : <epoch: 67, iter:1,082,000, lr:3.125e-06> G_loss: 9.269e-04 
25-07-25 18:45:02.166 : <epoch: 67, iter:1,083,000, lr:3.125e-06> G_loss: 9.235e-04 
25-07-25 18:50:26.162 : <epoch: 67, iter:1,084,000, lr:3.125e-06> G_loss: 7.081e-04 
25-07-25 18:55:50.433 : <epoch: 67, iter:1,085,000, lr:3.125e-06> G_loss: 9.369e-04 
25-07-25 19:01:12.033 : <epoch: 67, iter:1,086,000, lr:3.125e-06> G_loss: 9.347e-04 
25-07-25 19:06:32.808 : <epoch: 67, iter:1,087,000, lr:3.125e-06> G_loss: 9.353e-04 
25-07-25 19:11:53.370 : <epoch: 67, iter:1,088,000, lr:3.125e-06> G_loss: 6.230e-04 
25-07-25 19:17:14.987 : <epoch: 67, iter:1,089,000, lr:3.125e-06> G_loss: 1.129e-03 
25-07-25 19:22:36.762 : <epoch: 67, iter:1,090,000, lr:3.125e-06> G_loss: 6.505e-04 
25-07-25 19:27:58.832 : <epoch: 67, iter:1,091,000, lr:3.125e-06> G_loss: 1.015e-03 
25-07-25 19:33:19.567 : <epoch: 67, iter:1,092,000, lr:3.125e-06> G_loss: 6.773e-04 
25-07-25 19:38:42.407 : <epoch: 68, iter:1,093,000, lr:3.125e-06> G_loss: 8.595e-04 
25-07-25 19:44:06.311 : <epoch: 68, iter:1,094,000, lr:3.125e-06> G_loss: 6.762e-04 
25-07-25 19:49:29.251 : <epoch: 68, iter:1,095,000, lr:3.125e-06> G_loss: 7.186e-04 
25-07-25 19:54:52.539 : <epoch: 68, iter:1,096,000, lr:3.125e-06> G_loss: 7.890e-04 
25-07-25 20:00:15.317 : <epoch: 68, iter:1,097,000, lr:3.125e-06> G_loss: 5.897e-04 
25-07-25 20:05:38.745 : <epoch: 68, iter:1,098,000, lr:3.125e-06> G_loss: 7.142e-04 
25-07-25 20:11:02.003 : <epoch: 68, iter:1,099,000, lr:3.125e-06> G_loss: 6.613e-04 
25-07-25 20:16:26.536 : <epoch: 68, iter:1,100,000, lr:3.125e-06> G_loss: 8.040e-04 
25-07-25 20:16:26.537 : Saving the model.
25-07-25 20:21:48.219 : <epoch: 68, iter:1,101,000, lr:3.125e-06> G_loss: 6.441e-04 
25-07-25 20:27:09.909 : <epoch: 68, iter:1,102,000, lr:3.125e-06> G_loss: 9.585e-04 
25-07-25 20:32:31.450 : <epoch: 68, iter:1,103,000, lr:3.125e-06> G_loss: 7.460e-04 
25-07-25 20:37:53.259 : <epoch: 68, iter:1,104,000, lr:3.125e-06> G_loss: 8.693e-04 
25-07-25 20:43:14.152 : <epoch: 68, iter:1,105,000, lr:3.125e-06> G_loss: 7.224e-04 
25-07-25 20:48:35.680 : <epoch: 68, iter:1,106,000, lr:3.125e-06> G_loss: 7.369e-04 
25-07-25 20:53:57.040 : <epoch: 68, iter:1,107,000, lr:3.125e-06> G_loss: 1.037e-03 
25-07-25 20:59:17.827 : <epoch: 68, iter:1,108,000, lr:3.125e-06> G_loss: 7.759e-04 
25-07-25 21:04:38.949 : <epoch: 69, iter:1,109,000, lr:3.125e-06> G_loss: 6.894e-04 
25-07-25 21:10:00.674 : <epoch: 69, iter:1,110,000, lr:3.125e-06> G_loss: 6.838e-04 
25-07-25 21:15:55.960 : <epoch: 69, iter:1,110,000, Val PSNR: 53.79dB, Val SSIM: 0.9967
25-07-25 21:15:55.960 : Training samples this epoch: 2424
25-07-25 21:15:55.961 : Validation samples this check: 3611
25-07-25 21:15:55.961 : Saving PSNR checkpoint.
25-07-25 21:21:16.625 : <epoch: 69, iter:1,111,000, lr:3.125e-06> G_loss: 8.734e-04 
25-07-25 21:26:37.832 : <epoch: 69, iter:1,112,000, lr:3.125e-06> G_loss: 7.838e-04 
25-07-25 21:31:58.738 : <epoch: 69, iter:1,113,000, lr:3.125e-06> G_loss: 7.164e-04 
25-07-25 21:37:18.960 : <epoch: 69, iter:1,114,000, lr:3.125e-06> G_loss: 9.786e-04 
25-07-25 21:42:40.602 : <epoch: 69, iter:1,115,000, lr:3.125e-06> G_loss: 5.698e-04 
25-07-25 21:48:01.869 : <epoch: 69, iter:1,116,000, lr:3.125e-06> G_loss: 1.123e-03 
25-07-25 21:53:23.575 : <epoch: 69, iter:1,117,000, lr:3.125e-06> G_loss: 8.909e-04 
25-07-25 21:58:44.716 : <epoch: 69, iter:1,118,000, lr:3.125e-06> G_loss: 9.372e-04 
25-07-25 22:04:06.609 : <epoch: 69, iter:1,119,000, lr:3.125e-06> G_loss: 7.832e-04 
25-07-25 22:09:28.330 : <epoch: 69, iter:1,120,000, lr:3.125e-06> G_loss: 9.127e-04 
25-07-25 22:09:28.331 : Saving the model.
25-07-25 22:14:48.114 : <epoch: 69, iter:1,121,000, lr:3.125e-06> G_loss: 7.667e-04 
25-07-25 22:20:08.269 : <epoch: 69, iter:1,122,000, lr:3.125e-06> G_loss: 8.087e-04 
25-07-25 22:25:29.283 : <epoch: 69, iter:1,123,000, lr:3.125e-06> G_loss: 1.096e-03 
25-07-25 22:30:51.215 : <epoch: 69, iter:1,124,000, lr:3.125e-06> G_loss: 7.002e-04 
25-07-25 22:36:13.072 : <epoch: 69, iter:1,125,000, lr:3.125e-06> G_loss: 8.845e-04 
25-07-25 22:41:37.726 : <epoch: 70, iter:1,126,000, lr:3.125e-06> G_loss: 9.656e-04 
25-07-25 22:47:02.320 : <epoch: 70, iter:1,127,000, lr:3.125e-06> G_loss: 1.219e-03 
25-07-25 22:52:27.288 : <epoch: 70, iter:1,128,000, lr:3.125e-06> G_loss: 8.781e-04 
25-07-25 22:57:51.541 : <epoch: 70, iter:1,129,000, lr:3.125e-06> G_loss: 7.416e-04 
25-07-25 23:03:14.965 : <epoch: 70, iter:1,130,000, lr:3.125e-06> G_loss: 7.236e-04 
25-07-25 23:08:38.452 : <epoch: 70, iter:1,131,000, lr:3.125e-06> G_loss: 8.520e-04 
25-07-25 23:14:02.042 : <epoch: 70, iter:1,132,000, lr:3.125e-06> G_loss: 1.093e-03 
25-07-25 23:19:26.553 : <epoch: 70, iter:1,133,000, lr:3.125e-06> G_loss: 7.430e-04 
25-07-25 23:24:50.601 : <epoch: 70, iter:1,134,000, lr:3.125e-06> G_loss: 7.174e-04 
25-07-25 23:30:14.993 : <epoch: 70, iter:1,135,000, lr:3.125e-06> G_loss: 7.434e-04 
25-07-25 23:35:39.721 : <epoch: 70, iter:1,136,000, lr:3.125e-06> G_loss: 9.369e-04 
25-07-25 23:41:04.971 : <epoch: 70, iter:1,137,000, lr:3.125e-06> G_loss: 9.321e-04 
25-07-25 23:46:28.653 : <epoch: 70, iter:1,138,000, lr:3.125e-06> G_loss: 1.097e-03 
25-07-25 23:51:52.639 : <epoch: 70, iter:1,139,000, lr:3.125e-06> G_loss: 9.572e-04 
25-07-25 23:57:16.157 : <epoch: 70, iter:1,140,000, lr:3.125e-06> G_loss: 1.541e-03 
25-07-25 23:57:16.157 : Saving the model.
25-07-26 00:03:16.694 : <epoch: 70, iter:1,140,000, Val PSNR: 53.78dB, Val SSIM: 0.9967
25-07-26 00:03:16.694 : Training samples this epoch: 29920
25-07-26 00:03:16.694 : Validation samples this check: 3611
25-07-26 00:03:16.695 : Saving PSNR checkpoint.
25-07-26 00:08:39.641 : <epoch: 70, iter:1,141,000, lr:3.125e-06> G_loss: 7.922e-04 
25-07-26 00:14:02.191 : <epoch: 71, iter:1,142,000, lr:3.125e-06> G_loss: 7.157e-04 
25-07-26 00:19:25.016 : <epoch: 71, iter:1,143,000, lr:3.125e-06> G_loss: 7.576e-04 
25-07-26 00:24:47.328 : <epoch: 71, iter:1,144,000, lr:3.125e-06> G_loss: 1.206e-03 
25-07-26 00:30:08.856 : <epoch: 71, iter:1,145,000, lr:3.125e-06> G_loss: 7.311e-04 
25-07-26 00:35:30.087 : <epoch: 71, iter:1,146,000, lr:3.125e-06> G_loss: 5.727e-04 
25-07-26 00:40:51.493 : <epoch: 71, iter:1,147,000, lr:3.125e-06> G_loss: 7.132e-04 
25-07-26 00:46:12.605 : <epoch: 71, iter:1,148,000, lr:3.125e-06> G_loss: 1.055e-03 
25-07-26 00:51:33.843 : <epoch: 71, iter:1,149,000, lr:3.125e-06> G_loss: 9.809e-04 
25-07-26 00:56:55.506 : <epoch: 71, iter:1,150,000, lr:3.125e-06> G_loss: 6.168e-04 
25-07-26 01:02:15.654 : <epoch: 71, iter:1,151,000, lr:3.125e-06> G_loss: 1.131e-03 
25-07-26 01:07:35.808 : <epoch: 71, iter:1,152,000, lr:3.125e-06> G_loss: 9.062e-04 
25-07-26 01:12:55.724 : <epoch: 71, iter:1,153,000, lr:3.125e-06> G_loss: 8.231e-04 
25-07-26 01:18:16.593 : <epoch: 71, iter:1,154,000, lr:3.125e-06> G_loss: 8.603e-04 
25-07-26 01:23:36.876 : <epoch: 71, iter:1,155,000, lr:3.125e-06> G_loss: 7.008e-04 
25-07-26 01:28:56.564 : <epoch: 71, iter:1,156,000, lr:3.125e-06> G_loss: 7.610e-04 
25-07-26 01:34:15.170 : <epoch: 71, iter:1,157,000, lr:3.125e-06> G_loss: 9.522e-04 
25-07-26 01:39:36.518 : <epoch: 72, iter:1,158,000, lr:3.125e-06> G_loss: 9.855e-04 
25-07-26 01:44:58.908 : <epoch: 72, iter:1,159,000, lr:3.125e-06> G_loss: 7.278e-04 
25-07-26 01:50:22.208 : <epoch: 72, iter:1,160,000, lr:3.125e-06> G_loss: 8.089e-04 
25-07-26 01:50:22.209 : Saving the model.
25-07-26 01:55:42.805 : <epoch: 72, iter:1,161,000, lr:3.125e-06> G_loss: 7.432e-04 
25-07-26 02:01:01.639 : <epoch: 72, iter:1,162,000, lr:3.125e-06> G_loss: 7.493e-04 
25-07-26 02:06:20.411 : <epoch: 72, iter:1,163,000, lr:3.125e-06> G_loss: 7.501e-04 
25-07-26 02:11:39.072 : <epoch: 72, iter:1,164,000, lr:3.125e-06> G_loss: 5.959e-04 
25-07-26 02:16:57.875 : <epoch: 72, iter:1,165,000, lr:3.125e-06> G_loss: 8.155e-04 
25-07-26 02:22:17.305 : <epoch: 72, iter:1,166,000, lr:3.125e-06> G_loss: 6.910e-04 
25-07-26 02:27:37.719 : <epoch: 72, iter:1,167,000, lr:3.125e-06> G_loss: 8.146e-04 
25-07-26 02:32:56.813 : <epoch: 72, iter:1,168,000, lr:3.125e-06> G_loss: 8.239e-04 
25-07-26 02:38:16.469 : <epoch: 72, iter:1,169,000, lr:3.125e-06> G_loss: 7.689e-04 
25-07-26 02:43:35.656 : <epoch: 72, iter:1,170,000, lr:3.125e-06> G_loss: 7.152e-04 
25-07-26 02:49:27.688 : <epoch: 72, iter:1,170,000, Val PSNR: 53.78dB, Val SSIM: 0.9967
25-07-26 02:49:27.688 : Training samples this epoch: 24912
25-07-26 02:49:27.688 : Validation samples this check: 3611
25-07-26 02:49:27.689 : Saving PSNR checkpoint.
25-07-26 02:54:48.631 : <epoch: 72, iter:1,171,000, lr:3.125e-06> G_loss: 8.214e-04 
25-07-26 03:00:08.536 : <epoch: 72, iter:1,172,000, lr:3.125e-06> G_loss: 8.364e-04 
25-07-26 03:05:27.747 : <epoch: 72, iter:1,173,000, lr:3.125e-06> G_loss: 6.142e-04 
25-07-26 03:10:46.379 : <epoch: 73, iter:1,174,000, lr:3.125e-06> G_loss: 7.842e-04 
25-07-26 03:16:05.545 : <epoch: 73, iter:1,175,000, lr:3.125e-06> G_loss: 7.238e-04 
25-07-26 03:21:23.734 : <epoch: 73, iter:1,176,000, lr:3.125e-06> G_loss: 7.039e-04 
25-07-26 03:26:42.572 : <epoch: 73, iter:1,177,000, lr:3.125e-06> G_loss: 6.152e-04 
25-07-26 03:32:01.428 : <epoch: 73, iter:1,178,000, lr:3.125e-06> G_loss: 7.203e-04 
25-07-26 03:37:19.864 : <epoch: 73, iter:1,179,000, lr:3.125e-06> G_loss: 1.105e-03 
25-07-26 03:42:42.872 : <epoch: 73, iter:1,180,000, lr:3.125e-06> G_loss: 8.469e-04 
25-07-26 03:42:42.872 : Saving the model.
25-07-26 03:48:02.853 : <epoch: 73, iter:1,181,000, lr:3.125e-06> G_loss: 8.591e-04 
25-07-26 03:53:21.932 : <epoch: 73, iter:1,182,000, lr:3.125e-06> G_loss: 5.604e-04 
25-07-26 03:58:42.903 : <epoch: 73, iter:1,183,000, lr:3.125e-06> G_loss: 7.039e-04 
25-07-26 04:04:04.594 : <epoch: 73, iter:1,184,000, lr:3.125e-06> G_loss: 6.385e-04 
25-07-26 04:09:26.207 : <epoch: 73, iter:1,185,000, lr:3.125e-06> G_loss: 8.785e-04 
25-07-26 04:14:48.657 : <epoch: 73, iter:1,186,000, lr:3.125e-06> G_loss: 7.654e-04 
25-07-26 04:20:11.098 : <epoch: 73, iter:1,187,000, lr:3.125e-06> G_loss: 7.174e-04 
25-07-26 04:25:33.519 : <epoch: 73, iter:1,188,000, lr:3.125e-06> G_loss: 7.359e-04 
25-07-26 04:30:56.813 : <epoch: 73, iter:1,189,000, lr:3.125e-06> G_loss: 1.110e-03 
25-07-26 04:36:19.738 : <epoch: 73, iter:1,190,000, lr:3.125e-06> G_loss: 9.245e-04 
25-07-26 04:41:42.021 : <epoch: 74, iter:1,191,000, lr:3.125e-06> G_loss: 1.174e-03 
25-07-26 04:47:04.393 : <epoch: 74, iter:1,192,000, lr:3.125e-06> G_loss: 7.996e-04 
25-07-26 04:52:25.920 : <epoch: 74, iter:1,193,000, lr:3.125e-06> G_loss: 6.724e-04 
25-07-26 04:57:46.269 : <epoch: 74, iter:1,194,000, lr:3.125e-06> G_loss: 5.076e-04 
25-07-26 05:03:05.027 : <epoch: 74, iter:1,195,000, lr:3.125e-06> G_loss: 8.507e-04 
25-07-26 05:08:24.143 : <epoch: 74, iter:1,196,000, lr:3.125e-06> G_loss: 1.096e-03 
25-07-26 05:13:42.428 : <epoch: 74, iter:1,197,000, lr:3.125e-06> G_loss: 7.790e-04 
25-07-26 05:19:01.332 : <epoch: 74, iter:1,198,000, lr:3.125e-06> G_loss: 8.269e-04 
25-07-26 05:24:21.622 : <epoch: 74, iter:1,199,000, lr:3.125e-06> G_loss: 7.395e-04 
25-07-26 05:29:40.968 : <epoch: 74, iter:1,200,000, lr:7.813e-07> G_loss: 8.148e-04 
25-07-26 05:29:40.969 : Saving the model.
25-07-26 05:35:45.317 : <epoch: 74, iter:1,200,000, Val PSNR: 53.78dB, Val SSIM: 0.9967
25-07-26 05:35:45.317 : Training samples this epoch: 19904
25-07-26 05:35:45.317 : Validation samples this check: 3611
25-07-26 05:35:45.318 : Saving PSNR checkpoint.
25-07-26 05:41:07.581 : <epoch: 74, iter:1,201,000, lr:1.563e-06> G_loss: 6.806e-04 
25-07-26 05:46:30.427 : <epoch: 74, iter:1,202,000, lr:1.563e-06> G_loss: 5.853e-04 
25-07-26 05:51:54.529 : <epoch: 74, iter:1,203,000, lr:1.563e-06> G_loss: 7.196e-04 
25-07-26 05:57:17.796 : <epoch: 74, iter:1,204,000, lr:1.563e-06> G_loss: 1.033e-03 
25-07-26 06:02:41.285 : <epoch: 74, iter:1,205,000, lr:1.563e-06> G_loss: 9.750e-04 
25-07-26 06:08:04.645 : <epoch: 74, iter:1,206,000, lr:1.563e-06> G_loss: 8.368e-04 
25-07-26 06:13:28.130 : <epoch: 75, iter:1,207,000, lr:1.563e-06> G_loss: 8.640e-04 
25-07-26 06:18:51.336 : <epoch: 75, iter:1,208,000, lr:1.563e-06> G_loss: 1.336e-03 
25-07-26 06:24:14.617 : <epoch: 75, iter:1,209,000, lr:1.563e-06> G_loss: 8.022e-04 
25-07-26 06:29:38.135 : <epoch: 75, iter:1,210,000, lr:1.563e-06> G_loss: 7.214e-04 
25-07-26 06:35:01.230 : <epoch: 75, iter:1,211,000, lr:1.563e-06> G_loss: 6.408e-04 
25-07-26 06:40:24.391 : <epoch: 75, iter:1,212,000, lr:1.563e-06> G_loss: 8.540e-04 
25-07-26 06:45:47.001 : <epoch: 75, iter:1,213,000, lr:1.563e-06> G_loss: 6.495e-04 
25-07-26 06:51:10.022 : <epoch: 75, iter:1,214,000, lr:1.563e-06> G_loss: 7.670e-04 
25-07-26 06:56:34.043 : <epoch: 75, iter:1,215,000, lr:1.563e-06> G_loss: 7.929e-04 
25-07-26 07:01:56.464 : <epoch: 75, iter:1,216,000, lr:1.563e-06> G_loss: 1.468e-03 
25-07-26 07:07:19.836 : <epoch: 75, iter:1,217,000, lr:1.563e-06> G_loss: 6.459e-04 
25-07-26 07:12:43.102 : <epoch: 75, iter:1,218,000, lr:1.563e-06> G_loss: 6.914e-04 
25-07-26 07:18:05.954 : <epoch: 75, iter:1,219,000, lr:1.563e-06> G_loss: 7.880e-04 
25-07-26 07:23:29.616 : <epoch: 75, iter:1,220,000, lr:1.563e-06> G_loss: 5.818e-04 
25-07-26 07:23:29.616 : Saving the model.
25-07-26 07:28:52.429 : <epoch: 75, iter:1,221,000, lr:1.563e-06> G_loss: 9.390e-04 
25-07-26 07:34:15.312 : <epoch: 75, iter:1,222,000, lr:1.563e-06> G_loss: 8.379e-04 
25-07-26 07:39:38.470 : <epoch: 76, iter:1,223,000, lr:1.563e-06> G_loss: 7.243e-04 
25-07-26 07:45:01.911 : <epoch: 76, iter:1,224,000, lr:1.563e-06> G_loss: 1.222e-03 
25-07-26 07:50:24.350 : <epoch: 76, iter:1,225,000, lr:1.563e-06> G_loss: 8.159e-04 
25-07-26 07:55:47.279 : <epoch: 76, iter:1,226,000, lr:1.563e-06> G_loss: 7.367e-04 
25-07-26 08:01:08.704 : <epoch: 76, iter:1,227,000, lr:1.563e-06> G_loss: 7.015e-04 
25-07-26 08:06:31.193 : <epoch: 76, iter:1,228,000, lr:1.563e-06> G_loss: 7.332e-04 
25-07-26 08:11:53.089 : <epoch: 76, iter:1,229,000, lr:1.563e-06> G_loss: 7.711e-04 
25-07-26 08:17:15.093 : <epoch: 76, iter:1,230,000, lr:1.563e-06> G_loss: 1.088e-03 
25-07-26 08:23:19.503 : <epoch: 76, iter:1,230,000, Val PSNR: 53.78dB, Val SSIM: 0.9967
25-07-26 08:23:19.503 : Training samples this epoch: 14896
25-07-26 08:23:19.504 : Validation samples this check: 3611
25-07-26 08:23:19.505 : Saving PSNR checkpoint.
25-07-26 08:28:42.301 : <epoch: 76, iter:1,231,000, lr:1.563e-06> G_loss: 9.628e-04 
25-07-26 08:34:05.135 : <epoch: 76, iter:1,232,000, lr:1.563e-06> G_loss: 7.396e-04 
25-07-26 08:39:28.656 : <epoch: 76, iter:1,233,000, lr:1.563e-06> G_loss: 6.782e-04 
25-07-26 08:44:52.159 : <epoch: 76, iter:1,234,000, lr:1.563e-06> G_loss: 7.627e-04 
25-07-26 08:50:15.093 : <epoch: 76, iter:1,235,000, lr:1.563e-06> G_loss: 1.093e-03 
25-07-26 08:55:38.067 : <epoch: 76, iter:1,236,000, lr:1.563e-06> G_loss: 1.447e-03 
25-07-26 09:00:59.197 : <epoch: 76, iter:1,237,000, lr:1.563e-06> G_loss: 5.971e-04 
25-07-26 09:06:20.273 : <epoch: 76, iter:1,238,000, lr:1.563e-06> G_loss: 6.626e-04 
25-07-26 09:11:41.014 : <epoch: 77, iter:1,239,000, lr:1.563e-06> G_loss: 9.074e-04 
25-07-26 09:17:02.416 : <epoch: 77, iter:1,240,000, lr:1.563e-06> G_loss: 1.217e-03 
25-07-26 09:17:02.417 : Saving the model.
25-07-26 09:22:21.586 : <epoch: 77, iter:1,241,000, lr:1.563e-06> G_loss: 1.089e-03 
25-07-26 09:27:40.595 : <epoch: 77, iter:1,242,000, lr:1.563e-06> G_loss: 9.186e-04 
25-07-26 09:33:00.134 : <epoch: 77, iter:1,243,000, lr:1.563e-06> G_loss: 7.306e-04 
25-07-26 09:38:18.903 : <epoch: 77, iter:1,244,000, lr:1.563e-06> G_loss: 5.835e-04 
25-07-26 09:43:37.789 : <epoch: 77, iter:1,245,000, lr:1.563e-06> G_loss: 6.468e-04 
25-07-26 09:48:56.556 : <epoch: 77, iter:1,246,000, lr:1.563e-06> G_loss: 6.824e-04 
25-07-26 09:54:15.662 : <epoch: 77, iter:1,247,000, lr:1.563e-06> G_loss: 6.527e-04 
25-07-26 09:59:34.828 : <epoch: 77, iter:1,248,000, lr:1.563e-06> G_loss: 7.017e-04 
25-07-26 10:04:54.415 : <epoch: 77, iter:1,249,000, lr:1.563e-06> G_loss: 8.600e-04 
25-07-26 10:10:14.413 : <epoch: 77, iter:1,250,000, lr:1.563e-06> G_loss: 8.341e-04 
25-07-26 10:15:35.377 : <epoch: 77, iter:1,251,000, lr:1.563e-06> G_loss: 6.901e-04 
25-07-26 10:20:56.390 : <epoch: 77, iter:1,252,000, lr:1.563e-06> G_loss: 8.405e-04 
25-07-26 10:26:17.853 : <epoch: 77, iter:1,253,000, lr:1.563e-06> G_loss: 7.526e-04 
25-07-26 10:31:39.945 : <epoch: 77, iter:1,254,000, lr:1.563e-06> G_loss: 6.927e-04 
25-07-26 10:37:03.227 : <epoch: 77, iter:1,255,000, lr:1.563e-06> G_loss: 1.237e-03 
25-07-26 10:42:26.438 : <epoch: 78, iter:1,256,000, lr:1.563e-06> G_loss: 7.800e-04 
25-07-26 10:47:48.436 : <epoch: 78, iter:1,257,000, lr:1.563e-06> G_loss: 8.900e-04 
25-07-26 10:53:10.904 : <epoch: 78, iter:1,258,000, lr:1.563e-06> G_loss: 7.465e-04 
25-07-26 10:58:32.044 : <epoch: 78, iter:1,259,000, lr:1.563e-06> G_loss: 8.120e-04 
25-07-26 11:03:52.101 : <epoch: 78, iter:1,260,000, lr:1.563e-06> G_loss: 9.359e-04 
25-07-26 11:03:52.101 : Saving the model.
25-07-26 11:09:47.622 : <epoch: 78, iter:1,260,000, Val PSNR: 53.78dB, Val SSIM: 0.9967
25-07-26 11:09:47.622 : Training samples this epoch: 9888
25-07-26 11:09:47.623 : Validation samples this check: 3611
25-07-26 11:09:47.623 : Saving PSNR checkpoint.
25-07-26 11:15:10.955 : <epoch: 78, iter:1,261,000, lr:1.563e-06> G_loss: 5.585e-04 
25-07-26 11:20:34.259 : <epoch: 78, iter:1,262,000, lr:1.563e-06> G_loss: 6.643e-04 
25-07-26 11:25:57.689 : <epoch: 78, iter:1,263,000, lr:1.563e-06> G_loss: 8.586e-04 
25-07-26 11:31:21.297 : <epoch: 78, iter:1,264,000, lr:1.563e-06> G_loss: 6.739e-04 
25-07-26 11:36:45.072 : <epoch: 78, iter:1,265,000, lr:1.563e-06> G_loss: 1.028e-03 
25-07-26 11:42:09.263 : <epoch: 78, iter:1,266,000, lr:1.563e-06> G_loss: 1.124e-03 
25-07-26 11:47:33.614 : <epoch: 78, iter:1,267,000, lr:1.563e-06> G_loss: 1.193e-03 
25-07-26 11:52:57.509 : <epoch: 78, iter:1,268,000, lr:1.563e-06> G_loss: 9.500e-04 
25-07-26 11:58:20.980 : <epoch: 78, iter:1,269,000, lr:1.563e-06> G_loss: 7.334e-04 
25-07-26 12:03:43.727 : <epoch: 78, iter:1,270,000, lr:1.563e-06> G_loss: 7.401e-04 
25-07-26 12:09:07.884 : <epoch: 78, iter:1,271,000, lr:1.563e-06> G_loss: 7.070e-04 
25-07-26 12:14:31.417 : <epoch: 79, iter:1,272,000, lr:1.563e-06> G_loss: 9.203e-04 
25-07-26 12:19:55.386 : <epoch: 79, iter:1,273,000, lr:1.563e-06> G_loss: 8.357e-04 
25-07-26 12:25:19.170 : <epoch: 79, iter:1,274,000, lr:1.563e-06> G_loss: 6.509e-04 
25-07-26 12:30:42.964 : <epoch: 79, iter:1,275,000, lr:1.563e-06> G_loss: 1.002e-03 
25-07-26 12:36:07.131 : <epoch: 79, iter:1,276,000, lr:1.563e-06> G_loss: 1.060e-03 
25-07-26 12:41:31.339 : <epoch: 79, iter:1,277,000, lr:1.563e-06> G_loss: 6.759e-04 
25-07-26 12:46:55.531 : <epoch: 79, iter:1,278,000, lr:1.563e-06> G_loss: 8.024e-04 
25-07-26 12:52:20.073 : <epoch: 79, iter:1,279,000, lr:1.563e-06> G_loss: 8.007e-04 
25-07-26 12:57:43.638 : <epoch: 79, iter:1,280,000, lr:1.563e-06> G_loss: 1.015e-03 
25-07-26 12:57:43.638 : Saving the model.
25-07-26 13:03:04.622 : <epoch: 79, iter:1,281,000, lr:1.563e-06> G_loss: 8.345e-04 
25-07-26 13:08:26.717 : <epoch: 79, iter:1,282,000, lr:1.563e-06> G_loss: 8.089e-04 
25-07-26 13:13:45.986 : <epoch: 79, iter:1,283,000, lr:1.563e-06> G_loss: 7.897e-04 
25-07-26 13:19:05.129 : <epoch: 79, iter:1,284,000, lr:1.563e-06> G_loss: 6.996e-04 
25-07-26 13:24:24.402 : <epoch: 79, iter:1,285,000, lr:1.563e-06> G_loss: 8.941e-04 
25-07-26 13:29:44.364 : <epoch: 79, iter:1,286,000, lr:1.563e-06> G_loss: 6.766e-04 
25-07-26 13:35:03.333 : <epoch: 79, iter:1,287,000, lr:1.563e-06> G_loss: 6.328e-04 
25-07-26 13:40:23.765 : <epoch: 80, iter:1,288,000, lr:1.563e-06> G_loss: 1.140e-03 
25-07-26 13:45:46.119 : <epoch: 80, iter:1,289,000, lr:1.563e-06> G_loss: 8.327e-04 
25-07-26 13:51:07.552 : <epoch: 80, iter:1,290,000, lr:1.563e-06> G_loss: 8.786e-04 
25-07-26 13:57:01.101 : <epoch: 80, iter:1,290,000, Val PSNR: 53.77dB, Val SSIM: 0.9967
25-07-26 13:57:01.102 : Training samples this epoch: 4880
25-07-26 13:57:01.102 : Validation samples this check: 3611
25-07-26 13:57:01.103 : Saving PSNR checkpoint.
25-07-26 14:02:21.525 : <epoch: 80, iter:1,291,000, lr:1.563e-06> G_loss: 6.984e-04 
25-07-26 14:07:43.209 : <epoch: 80, iter:1,292,000, lr:1.563e-06> G_loss: 7.800e-04 
25-07-26 14:13:04.486 : <epoch: 80, iter:1,293,000, lr:1.563e-06> G_loss: 7.251e-04 
25-07-26 14:18:26.693 : <epoch: 80, iter:1,294,000, lr:1.563e-06> G_loss: 7.417e-04 
25-07-26 14:23:49.171 : <epoch: 80, iter:1,295,000, lr:1.563e-06> G_loss: 7.348e-04 
25-07-26 14:29:11.815 : <epoch: 80, iter:1,296,000, lr:1.563e-06> G_loss: 7.026e-04 
25-07-26 14:34:33.588 : <epoch: 80, iter:1,297,000, lr:1.563e-06> G_loss: 8.427e-04 
25-07-26 14:39:55.640 : <epoch: 80, iter:1,298,000, lr:1.563e-06> G_loss: 6.703e-04 
25-07-26 14:45:16.466 : <epoch: 80, iter:1,299,000, lr:1.563e-06> G_loss: 5.974e-04 
25-07-26 14:50:36.146 : <epoch: 80, iter:1,300,000, lr:1.563e-06> G_loss: 7.495e-04 
25-07-26 14:50:36.147 : Saving the model.
25-07-26 14:55:55.660 : <epoch: 80, iter:1,301,000, lr:1.563e-06> G_loss: 5.547e-04 
25-07-26 15:01:15.031 : <epoch: 80, iter:1,302,000, lr:1.563e-06> G_loss: 7.355e-04 
25-07-26 15:06:33.929 : <epoch: 80, iter:1,303,000, lr:1.563e-06> G_loss: 6.673e-04 
25-07-26 15:11:53.091 : <epoch: 81, iter:1,304,000, lr:1.563e-06> G_loss: 5.895e-04 
25-07-26 15:17:12.297 : <epoch: 81, iter:1,305,000, lr:1.563e-06> G_loss: 8.978e-04 
25-07-26 15:22:31.227 : <epoch: 81, iter:1,306,000, lr:1.563e-06> G_loss: 7.824e-04 
25-07-26 15:27:50.556 : <epoch: 81, iter:1,307,000, lr:1.563e-06> G_loss: 8.425e-04 
25-07-26 15:33:09.609 : <epoch: 81, iter:1,308,000, lr:1.563e-06> G_loss: 8.699e-04 
25-07-26 15:38:28.172 : <epoch: 81, iter:1,309,000, lr:1.563e-06> G_loss: 7.343e-04 
25-07-26 15:43:47.522 : <epoch: 81, iter:1,310,000, lr:1.563e-06> G_loss: 9.035e-04 
25-07-26 15:49:06.803 : <epoch: 81, iter:1,311,000, lr:1.563e-06> G_loss: 6.666e-04 
25-07-26 15:54:26.702 : <epoch: 81, iter:1,312,000, lr:1.563e-06> G_loss: 7.186e-04 
25-07-26 15:59:46.184 : <epoch: 81, iter:1,313,000, lr:1.563e-06> G_loss: 1.179e-03 
25-07-26 16:05:05.527 : <epoch: 81, iter:1,314,000, lr:1.563e-06> G_loss: 8.530e-04 
25-07-26 16:10:25.281 : <epoch: 81, iter:1,315,000, lr:1.563e-06> G_loss: 9.839e-04 
25-07-26 16:15:44.690 : <epoch: 81, iter:1,316,000, lr:1.563e-06> G_loss: 7.250e-04 
25-07-26 16:21:04.028 : <epoch: 81, iter:1,317,000, lr:1.563e-06> G_loss: 7.477e-04 
25-07-26 16:26:24.218 : <epoch: 81, iter:1,318,000, lr:1.563e-06> G_loss: 7.291e-04 
25-07-26 16:31:44.528 : <epoch: 81, iter:1,319,000, lr:1.563e-06> G_loss: 1.008e-03 
25-07-26 16:37:04.740 : <epoch: 81, iter:1,320,000, lr:1.563e-06> G_loss: 8.001e-04 
25-07-26 16:37:04.740 : Saving the model.
25-07-26 16:43:04.655 : <epoch: 81, iter:1,320,000, Val PSNR: 53.77dB, Val SSIM: 0.9967
25-07-26 16:43:04.655 : Training samples this epoch: 32376
25-07-26 16:43:04.655 : Validation samples this check: 3611
25-07-26 16:43:04.656 : Saving PSNR checkpoint.
25-07-26 16:48:26.277 : <epoch: 82, iter:1,321,000, lr:1.563e-06> G_loss: 5.839e-04 
25-07-26 16:53:48.509 : <epoch: 82, iter:1,322,000, lr:1.563e-06> G_loss: 4.985e-04 
25-07-26 16:59:09.569 : <epoch: 82, iter:1,323,000, lr:1.563e-06> G_loss: 6.648e-04 
25-07-26 17:04:29.961 : <epoch: 82, iter:1,324,000, lr:1.563e-06> G_loss: 8.058e-04 
25-07-26 17:09:51.623 : <epoch: 82, iter:1,325,000, lr:1.563e-06> G_loss: 8.858e-04 
25-07-26 17:15:12.012 : <epoch: 82, iter:1,326,000, lr:1.563e-06> G_loss: 7.301e-04 
25-07-26 17:20:32.541 : <epoch: 82, iter:1,327,000, lr:1.563e-06> G_loss: 6.900e-04 
25-07-26 17:25:52.949 : <epoch: 82, iter:1,328,000, lr:1.563e-06> G_loss: 1.047e-03 
25-07-26 17:31:12.254 : <epoch: 82, iter:1,329,000, lr:1.563e-06> G_loss: 8.158e-04 
25-07-26 17:36:32.108 : <epoch: 82, iter:1,330,000, lr:1.563e-06> G_loss: 1.130e-03 
25-07-26 17:41:54.330 : <epoch: 82, iter:1,331,000, lr:1.563e-06> G_loss: 6.327e-04 
25-07-26 17:47:16.682 : <epoch: 82, iter:1,332,000, lr:1.563e-06> G_loss: 7.221e-04 
25-07-26 17:52:39.197 : <epoch: 82, iter:1,333,000, lr:1.563e-06> G_loss: 6.127e-04 
25-07-26 17:57:59.879 : <epoch: 82, iter:1,334,000, lr:1.563e-06> G_loss: 7.427e-04 
25-07-26 18:03:21.188 : <epoch: 82, iter:1,335,000, lr:1.563e-06> G_loss: 7.771e-04 
25-07-26 18:08:41.598 : <epoch: 82, iter:1,336,000, lr:1.563e-06> G_loss: 8.255e-04 
25-07-26 18:14:04.364 : <epoch: 83, iter:1,337,000, lr:1.563e-06> G_loss: 1.020e-03 
25-07-26 18:19:27.423 : <epoch: 83, iter:1,338,000, lr:1.563e-06> G_loss: 1.081e-03 
25-07-26 18:24:50.345 : <epoch: 83, iter:1,339,000, lr:1.563e-06> G_loss: 7.844e-04 
25-07-26 18:30:14.331 : <epoch: 83, iter:1,340,000, lr:1.563e-06> G_loss: 8.992e-04 
25-07-26 18:30:14.331 : Saving the model.
25-07-26 18:35:36.468 : <epoch: 83, iter:1,341,000, lr:1.563e-06> G_loss: 8.146e-04 
25-07-26 18:40:57.924 : <epoch: 83, iter:1,342,000, lr:1.563e-06> G_loss: 6.937e-04 
25-07-26 18:46:19.982 : <epoch: 83, iter:1,343,000, lr:1.563e-06> G_loss: 7.927e-04 
25-07-26 18:51:41.999 : <epoch: 83, iter:1,344,000, lr:1.563e-06> G_loss: 7.791e-04 
25-07-26 18:57:03.212 : <epoch: 83, iter:1,345,000, lr:1.563e-06> G_loss: 8.319e-04 
25-07-26 19:02:24.614 : <epoch: 83, iter:1,346,000, lr:1.563e-06> G_loss: 5.730e-04 
25-07-26 19:07:46.799 : <epoch: 83, iter:1,347,000, lr:1.563e-06> G_loss: 7.754e-04 
25-07-26 19:13:07.754 : <epoch: 83, iter:1,348,000, lr:1.563e-06> G_loss: 7.982e-04 
25-07-26 19:18:28.269 : <epoch: 83, iter:1,349,000, lr:1.563e-06> G_loss: 6.605e-04 
25-07-26 19:23:48.382 : <epoch: 83, iter:1,350,000, lr:1.563e-06> G_loss: 6.932e-04 
25-07-26 19:29:42.884 : <epoch: 83, iter:1,350,000, Val PSNR: 53.77dB, Val SSIM: 0.9967
25-07-26 19:29:42.885 : Training samples this epoch: 27368
25-07-26 19:29:42.885 : Validation samples this check: 3611
25-07-26 19:29:42.886 : Saving PSNR checkpoint.
25-07-26 19:35:04.881 : <epoch: 83, iter:1,351,000, lr:1.563e-06> G_loss: 7.016e-04 
25-07-26 19:40:26.960 : <epoch: 83, iter:1,352,000, lr:1.563e-06> G_loss: 7.181e-04 
25-07-26 19:45:49.894 : <epoch: 84, iter:1,353,000, lr:1.563e-06> G_loss: 9.169e-04 
25-07-26 19:51:12.865 : <epoch: 84, iter:1,354,000, lr:1.563e-06> G_loss: 7.901e-04 
25-07-26 19:56:35.422 : <epoch: 84, iter:1,355,000, lr:1.563e-06> G_loss: 7.255e-04 
25-07-26 20:01:55.823 : <epoch: 84, iter:1,356,000, lr:1.563e-06> G_loss: 6.090e-04 
25-07-26 20:07:16.140 : <epoch: 84, iter:1,357,000, lr:1.563e-06> G_loss: 9.996e-04 
25-07-26 20:12:36.013 : <epoch: 84, iter:1,358,000, lr:1.563e-06> G_loss: 9.803e-04 
25-07-26 20:17:55.759 : <epoch: 84, iter:1,359,000, lr:1.563e-06> G_loss: 8.391e-04 
25-07-26 20:23:15.569 : <epoch: 84, iter:1,360,000, lr:1.563e-06> G_loss: 8.868e-04 
25-07-26 20:23:15.569 : Saving the model.
25-07-26 20:28:34.594 : <epoch: 84, iter:1,361,000, lr:1.563e-06> G_loss: 7.773e-04 
25-07-26 20:33:53.434 : <epoch: 84, iter:1,362,000, lr:1.563e-06> G_loss: 9.869e-04 
25-07-26 20:39:12.459 : <epoch: 84, iter:1,363,000, lr:1.563e-06> G_loss: 7.980e-04 
25-07-26 20:44:32.380 : <epoch: 84, iter:1,364,000, lr:1.563e-06> G_loss: 7.761e-04 
25-07-26 20:49:51.522 : <epoch: 84, iter:1,365,000, lr:1.563e-06> G_loss: 7.601e-04 
25-07-26 20:55:11.211 : <epoch: 84, iter:1,366,000, lr:1.563e-06> G_loss: 8.645e-04 
25-07-26 21:00:31.016 : <epoch: 84, iter:1,367,000, lr:1.563e-06> G_loss: 9.007e-04 
25-07-26 21:05:51.393 : <epoch: 84, iter:1,368,000, lr:1.563e-06> G_loss: 6.835e-04 
25-07-26 21:11:13.853 : <epoch: 85, iter:1,369,000, lr:1.563e-06> G_loss: 7.729e-04 
25-07-26 21:16:36.116 : <epoch: 85, iter:1,370,000, lr:1.563e-06> G_loss: 7.365e-04 
25-07-26 21:21:58.261 : <epoch: 85, iter:1,371,000, lr:1.563e-06> G_loss: 7.220e-04 
25-07-26 21:27:20.554 : <epoch: 85, iter:1,372,000, lr:1.563e-06> G_loss: 6.106e-04 
25-07-26 21:32:43.100 : <epoch: 85, iter:1,373,000, lr:1.563e-06> G_loss: 7.859e-04 
25-07-26 21:38:05.668 : <epoch: 85, iter:1,374,000, lr:1.563e-06> G_loss: 7.562e-04 
25-07-26 21:43:27.735 : <epoch: 85, iter:1,375,000, lr:1.563e-06> G_loss: 6.601e-04 
25-07-26 21:48:49.562 : <epoch: 85, iter:1,376,000, lr:1.563e-06> G_loss: 6.759e-04 
25-07-26 21:54:11.621 : <epoch: 85, iter:1,377,000, lr:1.563e-06> G_loss: 7.849e-04 
25-07-26 21:59:31.278 : <epoch: 85, iter:1,378,000, lr:1.563e-06> G_loss: 9.242e-04 
25-07-26 22:04:50.702 : <epoch: 85, iter:1,379,000, lr:1.563e-06> G_loss: 7.715e-04 
25-07-26 22:10:12.196 : <epoch: 85, iter:1,380,000, lr:1.563e-06> G_loss: 9.167e-04 
25-07-26 22:10:12.196 : Saving the model.
25-07-26 22:16:06.238 : <epoch: 85, iter:1,380,000, Val PSNR: 53.76dB, Val SSIM: 0.9967
25-07-26 22:16:06.238 : Training samples this epoch: 22360
25-07-26 22:16:06.238 : Validation samples this check: 3611
25-07-26 22:16:06.239 : Saving PSNR checkpoint.
25-07-26 22:21:25.612 : <epoch: 85, iter:1,381,000, lr:1.563e-06> G_loss: 9.747e-04 
25-07-26 22:26:45.218 : <epoch: 85, iter:1,382,000, lr:1.563e-06> G_loss: 6.921e-04 
25-07-26 22:32:05.503 : <epoch: 85, iter:1,383,000, lr:1.563e-06> G_loss: 8.236e-04 
25-07-26 22:37:25.700 : <epoch: 85, iter:1,384,000, lr:1.563e-06> G_loss: 7.197e-04 
25-07-26 22:42:47.346 : <epoch: 85, iter:1,385,000, lr:1.563e-06> G_loss: 8.016e-04 
25-07-26 22:48:09.802 : <epoch: 86, iter:1,386,000, lr:1.563e-06> G_loss: 9.261e-04 
25-07-26 22:53:32.294 : <epoch: 86, iter:1,387,000, lr:1.563e-06> G_loss: 5.238e-04 
25-07-26 22:58:52.664 : <epoch: 86, iter:1,388,000, lr:1.563e-06> G_loss: 7.365e-04 
25-07-26 23:04:11.220 : <epoch: 86, iter:1,389,000, lr:1.563e-06> G_loss: 6.973e-04 
25-07-26 23:09:30.133 : <epoch: 86, iter:1,390,000, lr:1.563e-06> G_loss: 7.695e-04 
25-07-26 23:14:48.785 : <epoch: 86, iter:1,391,000, lr:1.563e-06> G_loss: 1.231e-03 
25-07-26 23:20:07.352 : <epoch: 86, iter:1,392,000, lr:1.563e-06> G_loss: 9.773e-04 
25-07-26 23:25:27.781 : <epoch: 86, iter:1,393,000, lr:1.563e-06> G_loss: 7.259e-04 
25-07-26 23:30:48.339 : <epoch: 86, iter:1,394,000, lr:1.563e-06> G_loss: 8.245e-04 
25-07-26 23:36:07.599 : <epoch: 86, iter:1,395,000, lr:1.563e-06> G_loss: 8.460e-04 
25-07-26 23:41:27.584 : <epoch: 86, iter:1,396,000, lr:1.563e-06> G_loss: 8.690e-04 
25-07-26 23:46:47.497 : <epoch: 86, iter:1,397,000, lr:1.563e-06> G_loss: 1.105e-03 
25-07-26 23:52:06.965 : <epoch: 86, iter:1,398,000, lr:1.563e-06> G_loss: 7.243e-04 
25-07-26 23:57:25.731 : <epoch: 86, iter:1,399,000, lr:1.563e-06> G_loss: 7.317e-04 
25-07-27 00:02:45.597 : <epoch: 86, iter:1,400,000, lr:3.906e-07> G_loss: 6.779e-04 
25-07-27 00:02:45.597 : Saving the model.
25-07-27 00:08:04.439 : <epoch: 86, iter:1,401,000, lr:7.813e-07> G_loss: 6.063e-04 
25-07-27 00:13:23.458 : <epoch: 87, iter:1,402,000, lr:7.813e-07> G_loss: 7.162e-04 
25-07-27 00:18:41.638 : <epoch: 87, iter:1,403,000, lr:7.813e-07> G_loss: 6.300e-04 
25-07-27 00:24:00.155 : <epoch: 87, iter:1,404,000, lr:7.813e-07> G_loss: 8.727e-04 
25-07-27 00:29:18.956 : <epoch: 87, iter:1,405,000, lr:7.813e-07> G_loss: 6.965e-04 
25-07-27 00:34:37.626 : <epoch: 87, iter:1,406,000, lr:7.813e-07> G_loss: 8.960e-04 
25-07-27 00:39:55.875 : <epoch: 87, iter:1,407,000, lr:7.813e-07> G_loss: 7.048e-04 
25-07-27 00:45:14.765 : <epoch: 87, iter:1,408,000, lr:7.813e-07> G_loss: 7.661e-04 
25-07-27 00:50:33.156 : <epoch: 87, iter:1,409,000, lr:7.813e-07> G_loss: 6.708e-04 
25-07-27 00:55:51.289 : <epoch: 87, iter:1,410,000, lr:7.813e-07> G_loss: 5.987e-04 
25-07-27 01:01:45.859 : <epoch: 87, iter:1,410,000, Val PSNR: 53.76dB, Val SSIM: 0.9967
25-07-27 01:01:45.859 : Training samples this epoch: 17352
25-07-27 01:01:45.860 : Validation samples this check: 3611
25-07-27 01:01:45.860 : Saving PSNR checkpoint.
25-07-27 01:07:06.832 : <epoch: 87, iter:1,411,000, lr:7.813e-07> G_loss: 9.874e-04 
25-07-27 01:12:28.297 : <epoch: 87, iter:1,412,000, lr:7.813e-07> G_loss: 8.973e-04 
25-07-27 01:17:49.157 : <epoch: 87, iter:1,413,000, lr:7.813e-07> G_loss: 6.703e-04 
25-07-27 01:23:10.414 : <epoch: 87, iter:1,414,000, lr:7.813e-07> G_loss: 6.436e-04 
25-07-27 01:28:32.047 : <epoch: 87, iter:1,415,000, lr:7.813e-07> G_loss: 7.589e-04 
25-07-27 01:33:53.041 : <epoch: 87, iter:1,416,000, lr:7.813e-07> G_loss: 8.563e-04 
25-07-27 01:39:14.808 : <epoch: 87, iter:1,417,000, lr:7.813e-07> G_loss: 4.600e-04 
25-07-27 01:44:36.884 : <epoch: 88, iter:1,418,000, lr:7.813e-07> G_loss: 6.615e-04 
25-07-27 01:49:58.381 : <epoch: 88, iter:1,419,000, lr:7.813e-07> G_loss: 8.446e-04 
25-07-27 01:55:19.384 : <epoch: 88, iter:1,420,000, lr:7.813e-07> G_loss: 7.987e-04 
25-07-27 01:55:19.384 : Saving the model.
25-07-27 02:00:40.680 : <epoch: 88, iter:1,421,000, lr:7.813e-07> G_loss: 7.232e-04 
25-07-27 02:06:02.287 : <epoch: 88, iter:1,422,000, lr:7.813e-07> G_loss: 6.448e-04 
25-07-27 02:11:23.614 : <epoch: 88, iter:1,423,000, lr:7.813e-07> G_loss: 8.588e-04 
25-07-27 02:16:46.799 : <epoch: 88, iter:1,424,000, lr:7.813e-07> G_loss: 7.454e-04 
25-07-27 02:22:09.527 : <epoch: 88, iter:1,425,000, lr:7.813e-07> G_loss: 8.341e-04 
25-07-27 02:27:32.652 : <epoch: 88, iter:1,426,000, lr:7.813e-07> G_loss: 7.970e-04 
25-07-27 02:32:56.008 : <epoch: 88, iter:1,427,000, lr:7.813e-07> G_loss: 8.565e-04 
25-07-27 02:38:19.577 : <epoch: 88, iter:1,428,000, lr:7.813e-07> G_loss: 1.156e-03 
25-07-27 02:43:42.763 : <epoch: 88, iter:1,429,000, lr:7.813e-07> G_loss: 9.885e-04 
25-07-27 02:49:06.234 : <epoch: 88, iter:1,430,000, lr:7.813e-07> G_loss: 6.593e-04 
25-07-27 02:54:29.211 : <epoch: 88, iter:1,431,000, lr:7.813e-07> G_loss: 7.327e-04 
25-07-27 02:59:51.014 : <epoch: 88, iter:1,432,000, lr:7.813e-07> G_loss: 7.109e-04 
25-07-27 03:05:12.056 : <epoch: 88, iter:1,433,000, lr:7.813e-07> G_loss: 8.754e-04 
25-07-27 03:10:34.054 : <epoch: 89, iter:1,434,000, lr:7.813e-07> G_loss: 9.936e-04 
25-07-27 03:15:56.319 : <epoch: 89, iter:1,435,000, lr:7.813e-07> G_loss: 8.120e-04 
25-07-27 03:21:18.135 : <epoch: 89, iter:1,436,000, lr:7.813e-07> G_loss: 8.581e-04 
25-07-27 03:26:39.872 : <epoch: 89, iter:1,437,000, lr:7.813e-07> G_loss: 8.399e-04 
25-07-27 03:32:02.231 : <epoch: 89, iter:1,438,000, lr:7.813e-07> G_loss: 8.916e-04 
25-07-27 03:37:24.620 : <epoch: 89, iter:1,439,000, lr:7.813e-07> G_loss: 7.759e-04 
25-07-27 03:42:47.712 : <epoch: 89, iter:1,440,000, lr:7.813e-07> G_loss: 7.112e-04 
25-07-27 03:42:47.713 : Saving the model.
25-07-27 03:48:41.605 : <epoch: 89, iter:1,440,000, Val PSNR: 53.76dB, Val SSIM: 0.9967
25-07-27 03:48:41.605 : Training samples this epoch: 12344
25-07-27 03:48:41.605 : Validation samples this check: 3611
25-07-27 03:48:41.606 : Saving PSNR checkpoint.
25-07-27 03:54:04.058 : <epoch: 89, iter:1,441,000, lr:7.813e-07> G_loss: 6.701e-04 
25-07-27 03:59:24.620 : <epoch: 89, iter:1,442,000, lr:7.813e-07> G_loss: 7.113e-04 
25-07-27 04:04:44.718 : <epoch: 89, iter:1,443,000, lr:7.813e-07> G_loss: 7.954e-04 
25-07-27 04:10:06.630 : <epoch: 89, iter:1,444,000, lr:7.813e-07> G_loss: 9.027e-04 
25-07-27 04:15:29.788 : <epoch: 89, iter:1,445,000, lr:7.813e-07> G_loss: 8.126e-04 
25-07-27 04:20:51.956 : <epoch: 89, iter:1,446,000, lr:7.813e-07> G_loss: 6.719e-04 
25-07-27 04:26:14.112 : <epoch: 89, iter:1,447,000, lr:7.813e-07> G_loss: 1.090e-03 
25-07-27 04:31:36.661 : <epoch: 89, iter:1,448,000, lr:7.813e-07> G_loss: 7.629e-04 
25-07-27 04:36:59.464 : <epoch: 89, iter:1,449,000, lr:7.813e-07> G_loss: 1.074e-03 
25-07-27 04:42:21.639 : <epoch: 89, iter:1,450,000, lr:7.813e-07> G_loss: 8.374e-04 
25-07-27 04:47:45.252 : <epoch: 90, iter:1,451,000, lr:7.813e-07> G_loss: 8.276e-04 
25-07-27 04:53:06.027 : <epoch: 90, iter:1,452,000, lr:7.813e-07> G_loss: 7.400e-04 
25-07-27 04:58:24.719 : <epoch: 90, iter:1,453,000, lr:7.813e-07> G_loss: 8.091e-04 
25-07-27 05:03:44.749 : <epoch: 90, iter:1,454,000, lr:7.813e-07> G_loss: 6.576e-04 
25-07-27 05:09:06.124 : <epoch: 90, iter:1,455,000, lr:7.813e-07> G_loss: 6.803e-04 
25-07-27 05:14:27.405 : <epoch: 90, iter:1,456,000, lr:7.813e-07> G_loss: 7.132e-04 
25-07-27 05:19:49.882 : <epoch: 90, iter:1,457,000, lr:7.813e-07> G_loss: 7.614e-04 
25-07-27 05:25:12.116 : <epoch: 90, iter:1,458,000, lr:7.813e-07> G_loss: 8.706e-04 
25-07-27 05:30:35.512 : <epoch: 90, iter:1,459,000, lr:7.813e-07> G_loss: 6.738e-04 
25-07-27 05:35:59.080 : <epoch: 90, iter:1,460,000, lr:7.813e-07> G_loss: 8.134e-04 
25-07-27 05:35:59.081 : Saving the model.
25-07-27 05:41:20.676 : <epoch: 90, iter:1,461,000, lr:7.813e-07> G_loss: 8.934e-04 
25-07-27 05:46:41.936 : <epoch: 90, iter:1,462,000, lr:7.813e-07> G_loss: 7.427e-04 
25-07-27 05:52:02.343 : <epoch: 90, iter:1,463,000, lr:7.813e-07> G_loss: 7.470e-04 
25-07-27 05:57:22.271 : <epoch: 90, iter:1,464,000, lr:7.813e-07> G_loss: 5.055e-04 
25-07-27 06:02:42.046 : <epoch: 90, iter:1,465,000, lr:7.813e-07> G_loss: 6.284e-04 
25-07-27 06:08:02.148 : <epoch: 90, iter:1,466,000, lr:7.813e-07> G_loss: 6.969e-04 
25-07-27 06:13:24.695 : <epoch: 91, iter:1,467,000, lr:7.813e-07> G_loss: 8.583e-04 
25-07-27 06:18:47.434 : <epoch: 91, iter:1,468,000, lr:7.813e-07> G_loss: 7.890e-04 
25-07-27 06:24:09.841 : <epoch: 91, iter:1,469,000, lr:7.813e-07> G_loss: 1.090e-03 
25-07-27 06:29:32.435 : <epoch: 91, iter:1,470,000, lr:7.813e-07> G_loss: 6.920e-04 
25-07-27 06:35:23.421 : <epoch: 91, iter:1,470,000, Val PSNR: 53.76dB, Val SSIM: 0.9967
25-07-27 06:35:23.421 : Training samples this epoch: 7336
25-07-27 06:35:23.421 : Validation samples this check: 3611
25-07-27 06:35:23.422 : Saving PSNR checkpoint.
25-07-27 06:40:44.782 : <epoch: 91, iter:1,471,000, lr:7.813e-07> G_loss: 6.544e-04 
25-07-27 06:46:07.074 : <epoch: 91, iter:1,472,000, lr:7.813e-07> G_loss: 7.447e-04 
25-07-27 06:51:28.489 : <epoch: 91, iter:1,473,000, lr:7.813e-07> G_loss: 6.101e-04 
25-07-27 06:56:49.896 : <epoch: 91, iter:1,474,000, lr:7.813e-07> G_loss: 8.455e-04 
25-07-27 07:02:10.866 : <epoch: 91, iter:1,475,000, lr:7.813e-07> G_loss: 8.840e-04 
25-07-27 07:07:32.765 : <epoch: 91, iter:1,476,000, lr:7.813e-07> G_loss: 7.121e-04 
25-07-27 07:12:53.549 : <epoch: 91, iter:1,477,000, lr:7.813e-07> G_loss: 6.653e-04 
25-07-27 07:18:13.695 : <epoch: 91, iter:1,478,000, lr:7.813e-07> G_loss: 6.126e-04 
25-07-27 07:23:34.428 : <epoch: 91, iter:1,479,000, lr:7.813e-07> G_loss: 8.031e-04 
25-07-27 07:28:55.085 : <epoch: 91, iter:1,480,000, lr:7.813e-07> G_loss: 5.873e-04 
25-07-27 07:28:55.086 : Saving the model.
25-07-27 07:34:14.593 : <epoch: 91, iter:1,481,000, lr:7.813e-07> G_loss: 1.001e-03 
25-07-27 07:39:33.744 : <epoch: 91, iter:1,482,000, lr:7.813e-07> G_loss: 5.943e-04 
25-07-27 07:44:53.299 : <epoch: 92, iter:1,483,000, lr:7.813e-07> G_loss: 7.165e-04 
25-07-27 07:50:13.378 : <epoch: 92, iter:1,484,000, lr:7.813e-07> G_loss: 7.884e-04 
25-07-27 07:55:32.285 : <epoch: 92, iter:1,485,000, lr:7.813e-07> G_loss: 9.276e-04 
25-07-27 08:00:50.741 : <epoch: 92, iter:1,486,000, lr:7.813e-07> G_loss: 6.814e-04 
25-07-27 08:06:08.993 : <epoch: 92, iter:1,487,000, lr:7.813e-07> G_loss: 8.286e-04 
25-07-27 08:11:27.838 : <epoch: 92, iter:1,488,000, lr:7.813e-07> G_loss: 7.326e-04 
25-07-27 08:16:46.907 : <epoch: 92, iter:1,489,000, lr:7.813e-07> G_loss: 6.773e-04 
25-07-27 08:22:06.593 : <epoch: 92, iter:1,490,000, lr:7.813e-07> G_loss: 5.867e-04 
25-07-27 08:27:26.108 : <epoch: 92, iter:1,491,000, lr:7.813e-07> G_loss: 7.103e-04 
25-07-27 08:32:45.710 : <epoch: 92, iter:1,492,000, lr:7.813e-07> G_loss: 9.394e-04 
25-07-27 08:38:05.387 : <epoch: 92, iter:1,493,000, lr:7.813e-07> G_loss: 7.874e-04 
25-07-27 08:43:24.074 : <epoch: 92, iter:1,494,000, lr:7.813e-07> G_loss: 7.824e-04 
25-07-27 08:48:43.174 : <epoch: 92, iter:1,495,000, lr:7.813e-07> G_loss: 6.900e-04 
25-07-27 08:54:01.784 : <epoch: 92, iter:1,496,000, lr:7.813e-07> G_loss: 1.011e-03 
25-07-27 08:59:20.682 : <epoch: 92, iter:1,497,000, lr:7.813e-07> G_loss: 7.783e-04 
25-07-27 09:04:39.388 : <epoch: 92, iter:1,498,000, lr:7.813e-07> G_loss: 1.202e-03 
25-07-27 09:09:59.254 : <epoch: 93, iter:1,499,000, lr:7.813e-07> G_loss: 8.206e-04 
25-07-27 09:15:21.456 : <epoch: 93, iter:1,500,000, lr:7.813e-07> G_loss: 9.950e-04 
25-07-27 09:15:21.456 : Saving the model.
25-07-27 09:21:06.589 : <epoch: 93, iter:1,500,000, Val PSNR: 53.76dB, Val SSIM: 0.9967
25-07-27 09:21:06.589 : Training samples this epoch: 2328
25-07-27 09:21:06.589 : Validation samples this check: 3611
25-07-27 09:21:06.590 : Saving PSNR checkpoint.
25-07-27 09:26:27.990 : <epoch: 93, iter:1,501,000, lr:7.813e-07> G_loss: 9.651e-04 
25-07-27 09:31:49.418 : <epoch: 93, iter:1,502,000, lr:7.813e-07> G_loss: 1.001e-03 
25-07-27 09:37:10.718 : <epoch: 93, iter:1,503,000, lr:7.813e-07> G_loss: 8.711e-04 
25-07-27 09:42:32.745 : <epoch: 93, iter:1,504,000, lr:7.813e-07> G_loss: 8.479e-04 
25-07-27 09:47:54.362 : <epoch: 93, iter:1,505,000, lr:7.813e-07> G_loss: 6.334e-04 
25-07-27 09:53:14.860 : <epoch: 93, iter:1,506,000, lr:7.813e-07> G_loss: 1.097e-03 
25-07-27 09:58:34.492 : <epoch: 93, iter:1,507,000, lr:7.813e-07> G_loss: 7.518e-04 
25-07-27 10:03:53.867 : <epoch: 93, iter:1,508,000, lr:7.813e-07> G_loss: 5.509e-04 
25-07-27 10:09:13.233 : <epoch: 93, iter:1,509,000, lr:7.813e-07> G_loss: 7.452e-04 
25-07-27 10:14:32.578 : <epoch: 93, iter:1,510,000, lr:7.813e-07> G_loss: 5.425e-04 
25-07-27 10:19:51.782 : <epoch: 93, iter:1,511,000, lr:7.813e-07> G_loss: 8.967e-04 
25-07-27 10:25:11.026 : <epoch: 93, iter:1,512,000, lr:7.813e-07> G_loss: 7.696e-04 
25-07-27 10:30:30.405 : <epoch: 93, iter:1,513,000, lr:7.813e-07> G_loss: 6.593e-04 
25-07-27 10:35:49.118 : <epoch: 93, iter:1,514,000, lr:7.813e-07> G_loss: 9.171e-04 
25-07-27 10:41:08.062 : <epoch: 93, iter:1,515,000, lr:7.813e-07> G_loss: 9.260e-04 
25-07-27 10:46:27.780 : <epoch: 94, iter:1,516,000, lr:7.813e-07> G_loss: 1.006e-03 
25-07-27 10:51:46.863 : <epoch: 94, iter:1,517,000, lr:7.813e-07> G_loss: 7.253e-04 
25-07-27 10:57:05.558 : <epoch: 94, iter:1,518,000, lr:7.813e-07> G_loss: 6.760e-04 
25-07-27 11:02:23.518 : <epoch: 94, iter:1,519,000, lr:7.813e-07> G_loss: 7.687e-04 
25-07-27 11:07:41.707 : <epoch: 94, iter:1,520,000, lr:7.813e-07> G_loss: 8.314e-04 
25-07-27 11:07:41.707 : Saving the model.
25-07-27 11:12:59.778 : <epoch: 94, iter:1,521,000, lr:7.813e-07> G_loss: 7.803e-04 
25-07-27 11:18:19.773 : <epoch: 94, iter:1,522,000, lr:7.813e-07> G_loss: 1.012e-03 
25-07-27 11:23:40.808 : <epoch: 94, iter:1,523,000, lr:7.813e-07> G_loss: 1.361e-03 
25-07-27 11:29:01.872 : <epoch: 94, iter:1,524,000, lr:7.813e-07> G_loss: 9.058e-04 
25-07-27 11:34:22.140 : <epoch: 94, iter:1,525,000, lr:7.813e-07> G_loss: 6.032e-04 
25-07-27 11:39:40.966 : <epoch: 94, iter:1,526,000, lr:7.813e-07> G_loss: 7.564e-04 
25-07-27 11:44:59.236 : <epoch: 94, iter:1,527,000, lr:7.813e-07> G_loss: 6.965e-04 
25-07-27 11:50:17.398 : <epoch: 94, iter:1,528,000, lr:7.813e-07> G_loss: 6.012e-04 
25-07-27 11:55:35.350 : <epoch: 94, iter:1,529,000, lr:7.813e-07> G_loss: 5.997e-04 
25-07-27 12:00:54.136 : <epoch: 94, iter:1,530,000, lr:7.813e-07> G_loss: 8.499e-04 
25-07-27 12:06:54.463 : <epoch: 94, iter:1,530,000, Val PSNR: 53.76dB, Val SSIM: 0.9967
25-07-27 12:06:54.464 : Training samples this epoch: 29824
25-07-27 12:06:54.464 : Validation samples this check: 3611
25-07-27 12:06:54.465 : Saving PSNR checkpoint.
25-07-27 12:12:16.699 : <epoch: 94, iter:1,531,000, lr:7.813e-07> G_loss: 8.784e-04 
25-07-27 12:17:39.128 : <epoch: 95, iter:1,532,000, lr:7.813e-07> G_loss: 9.274e-04 
25-07-27 12:23:01.917 : <epoch: 95, iter:1,533,000, lr:7.813e-07> G_loss: 6.681e-04 
25-07-27 12:28:24.618 : <epoch: 95, iter:1,534,000, lr:7.813e-07> G_loss: 9.100e-04 
25-07-27 12:33:46.303 : <epoch: 95, iter:1,535,000, lr:7.813e-07> G_loss: 7.275e-04 
25-07-27 12:39:07.702 : <epoch: 95, iter:1,536,000, lr:7.813e-07> G_loss: 9.043e-04 
25-07-27 12:44:29.056 : <epoch: 95, iter:1,537,000, lr:7.813e-07> G_loss: 8.643e-04 
25-07-27 12:49:49.562 : <epoch: 95, iter:1,538,000, lr:7.813e-07> G_loss: 6.595e-04 
25-07-27 12:55:09.624 : <epoch: 95, iter:1,539,000, lr:7.813e-07> G_loss: 9.193e-04 
25-07-27 13:00:28.280 : <epoch: 95, iter:1,540,000, lr:7.813e-07> G_loss: 8.279e-04 
25-07-27 13:00:28.280 : Saving the model.
25-07-27 13:05:48.098 : <epoch: 95, iter:1,541,000, lr:7.813e-07> G_loss: 6.210e-04 
25-07-27 13:11:08.675 : <epoch: 95, iter:1,542,000, lr:7.813e-07> G_loss: 9.212e-04 
25-07-27 13:16:28.746 : <epoch: 95, iter:1,543,000, lr:7.813e-07> G_loss: 7.097e-04 
25-07-27 13:21:48.886 : <epoch: 95, iter:1,544,000, lr:7.813e-07> G_loss: 9.777e-04 
25-07-27 13:27:08.817 : <epoch: 95, iter:1,545,000, lr:7.813e-07> G_loss: 8.416e-04 
25-07-27 13:32:28.910 : <epoch: 95, iter:1,546,000, lr:7.813e-07> G_loss: 5.929e-04 
25-07-27 13:37:48.459 : <epoch: 95, iter:1,547,000, lr:7.813e-07> G_loss: 5.921e-04 
25-07-27 13:43:09.262 : <epoch: 96, iter:1,548,000, lr:7.813e-07> G_loss: 8.275e-04 
25-07-27 13:48:29.149 : <epoch: 96, iter:1,549,000, lr:7.813e-07> G_loss: 9.835e-04 
25-07-27 13:53:48.494 : <epoch: 96, iter:1,550,000, lr:7.813e-07> G_loss: 6.243e-04 
25-07-27 13:59:07.725 : <epoch: 96, iter:1,551,000, lr:7.813e-07> G_loss: 9.888e-04 
25-07-27 14:04:27.745 : <epoch: 96, iter:1,552,000, lr:7.813e-07> G_loss: 5.685e-04 
25-07-27 14:09:48.131 : <epoch: 96, iter:1,553,000, lr:7.813e-07> G_loss: 6.481e-04 
25-07-27 14:15:08.951 : <epoch: 96, iter:1,554,000, lr:7.813e-07> G_loss: 8.450e-04 
25-07-27 14:20:30.641 : <epoch: 96, iter:1,555,000, lr:7.813e-07> G_loss: 6.422e-04 
25-07-27 14:25:51.908 : <epoch: 96, iter:1,556,000, lr:7.813e-07> G_loss: 6.871e-04 
25-07-27 14:31:12.502 : <epoch: 96, iter:1,557,000, lr:7.813e-07> G_loss: 6.433e-04 
25-07-27 14:36:32.987 : <epoch: 96, iter:1,558,000, lr:7.813e-07> G_loss: 1.061e-03 
25-07-27 14:41:54.027 : <epoch: 96, iter:1,559,000, lr:7.813e-07> G_loss: 7.499e-04 
25-07-27 14:47:15.222 : <epoch: 96, iter:1,560,000, lr:7.813e-07> G_loss: 7.870e-04 
25-07-27 14:47:15.223 : Saving the model.
25-07-27 14:53:07.196 : <epoch: 96, iter:1,560,000, Val PSNR: 53.75dB, Val SSIM: 0.9967
25-07-27 14:53:07.196 : Training samples this epoch: 24816
25-07-27 14:53:07.196 : Validation samples this check: 3611
25-07-27 14:53:07.197 : Saving PSNR checkpoint.
25-07-27 14:58:28.610 : <epoch: 96, iter:1,561,000, lr:7.813e-07> G_loss: 8.064e-04 
25-07-27 15:03:50.202 : <epoch: 96, iter:1,562,000, lr:7.813e-07> G_loss: 6.181e-04 
25-07-27 15:09:11.835 : <epoch: 96, iter:1,563,000, lr:7.813e-07> G_loss: 1.018e-03 
25-07-27 15:14:33.853 : <epoch: 97, iter:1,564,000, lr:7.813e-07> G_loss: 1.035e-03 
25-07-27 15:19:55.618 : <epoch: 97, iter:1,565,000, lr:7.813e-07> G_loss: 7.528e-04 
25-07-27 15:25:17.783 : <epoch: 97, iter:1,566,000, lr:7.813e-07> G_loss: 6.544e-04 
25-07-27 15:30:39.896 : <epoch: 97, iter:1,567,000, lr:7.813e-07> G_loss: 5.936e-04 
25-07-27 15:36:01.794 : <epoch: 97, iter:1,568,000, lr:7.813e-07> G_loss: 7.227e-04 
25-07-27 15:41:22.854 : <epoch: 97, iter:1,569,000, lr:7.813e-07> G_loss: 6.276e-04 
25-07-27 15:46:44.469 : <epoch: 97, iter:1,570,000, lr:7.813e-07> G_loss: 7.586e-04 
25-07-27 15:52:03.931 : <epoch: 97, iter:1,571,000, lr:7.813e-07> G_loss: 7.396e-04 
25-07-27 15:57:23.248 : <epoch: 97, iter:1,572,000, lr:7.813e-07> G_loss: 9.266e-04 
25-07-27 16:02:42.963 : <epoch: 97, iter:1,573,000, lr:7.813e-07> G_loss: 6.655e-04 
25-07-27 16:08:02.988 : <epoch: 97, iter:1,574,000, lr:7.813e-07> G_loss: 6.986e-04 
25-07-27 16:13:23.060 : <epoch: 97, iter:1,575,000, lr:7.813e-07> G_loss: 6.799e-04 
25-07-27 16:18:43.955 : <epoch: 97, iter:1,576,000, lr:7.813e-07> G_loss: 1.003e-03 
25-07-27 16:24:04.146 : <epoch: 97, iter:1,577,000, lr:7.813e-07> G_loss: 7.455e-04 
25-07-27 16:29:23.928 : <epoch: 97, iter:1,578,000, lr:7.813e-07> G_loss: 8.332e-04 
25-07-27 16:34:43.827 : <epoch: 97, iter:1,579,000, lr:7.813e-07> G_loss: 8.429e-04 
25-07-27 16:40:03.927 : <epoch: 97, iter:1,580,000, lr:7.813e-07> G_loss: 6.759e-04 
25-07-27 16:40:03.928 : Saving the model.
25-07-27 16:45:24.735 : <epoch: 98, iter:1,581,000, lr:7.813e-07> G_loss: 9.402e-04 
25-07-27 16:50:44.377 : <epoch: 98, iter:1,582,000, lr:7.813e-07> G_loss: 1.011e-03 
25-07-27 16:56:03.425 : <epoch: 98, iter:1,583,000, lr:7.813e-07> G_loss: 8.227e-04 
25-07-27 17:01:21.558 : <epoch: 98, iter:1,584,000, lr:7.813e-07> G_loss: 6.172e-04 
25-07-27 17:06:40.633 : <epoch: 98, iter:1,585,000, lr:7.813e-07> G_loss: 7.302e-04 
25-07-27 17:11:59.485 : <epoch: 98, iter:1,586,000, lr:7.813e-07> G_loss: 6.081e-04 
25-07-27 17:17:19.416 : <epoch: 98, iter:1,587,000, lr:7.813e-07> G_loss: 5.979e-04 
25-07-27 17:22:39.298 : <epoch: 98, iter:1,588,000, lr:7.813e-07> G_loss: 5.483e-04 
25-07-27 17:27:58.945 : <epoch: 98, iter:1,589,000, lr:7.813e-07> G_loss: 7.299e-04 
25-07-27 17:33:18.239 : <epoch: 98, iter:1,590,000, lr:7.813e-07> G_loss: 6.494e-04 
25-07-27 17:39:16.173 : <epoch: 98, iter:1,590,000, Val PSNR: 53.75dB, Val SSIM: 0.9967
25-07-27 17:39:16.173 : Training samples this epoch: 19808
25-07-27 17:39:16.173 : Validation samples this check: 3611
25-07-27 17:39:16.174 : Saving PSNR checkpoint.
25-07-27 17:44:39.155 : <epoch: 98, iter:1,591,000, lr:7.813e-07> G_loss: 6.396e-04 
25-07-27 17:50:03.491 : <epoch: 98, iter:1,592,000, lr:7.813e-07> G_loss: 5.539e-04 
25-07-27 17:55:28.192 : <epoch: 98, iter:1,593,000, lr:7.813e-07> G_loss: 8.568e-04 
25-07-27 18:00:51.579 : <epoch: 98, iter:1,594,000, lr:7.813e-07> G_loss: 6.518e-04 
25-07-27 18:06:13.804 : <epoch: 98, iter:1,595,000, lr:7.813e-07> G_loss: 7.806e-04 
25-07-27 18:11:37.105 : <epoch: 98, iter:1,596,000, lr:7.813e-07> G_loss: 7.389e-04 
25-07-27 18:17:01.457 : <epoch: 99, iter:1,597,000, lr:7.813e-07> G_loss: 9.209e-04 
25-07-27 18:22:25.420 : <epoch: 99, iter:1,598,000, lr:7.813e-07> G_loss: 1.062e-03 
25-07-27 18:27:48.999 : <epoch: 99, iter:1,599,000, lr:7.813e-07> G_loss: 8.099e-04 
25-07-27 18:33:12.024 : <epoch: 99, iter:1,600,000, lr:1.953e-07> G_loss: 6.726e-04 
25-07-27 18:33:12.025 : Saving the model.
25-07-27 18:38:34.500 : <epoch: 99, iter:1,601,000, lr:3.906e-07> G_loss: 9.390e-04 
25-07-27 18:43:57.122 : <epoch: 99, iter:1,602,000, lr:3.906e-07> G_loss: 7.861e-04 
25-07-27 18:49:20.429 : <epoch: 99, iter:1,603,000, lr:3.906e-07> G_loss: 9.382e-04 
25-07-27 18:54:43.647 : <epoch: 99, iter:1,604,000, lr:3.906e-07> G_loss: 8.118e-04 
25-07-27 19:00:05.796 : <epoch: 99, iter:1,605,000, lr:3.906e-07> G_loss: 8.514e-04 
25-07-27 19:05:27.800 : <epoch: 99, iter:1,606,000, lr:3.906e-07> G_loss: 7.454e-04 
25-07-27 19:10:49.489 : <epoch: 99, iter:1,607,000, lr:3.906e-07> G_loss: 6.373e-04 
25-07-27 19:16:10.818 : <epoch: 99, iter:1,608,000, lr:3.906e-07> G_loss: 1.009e-03 
25-07-27 19:21:32.347 : <epoch: 99, iter:1,609,000, lr:3.906e-07> G_loss: 7.812e-04 
25-07-27 19:26:54.255 : <epoch: 99, iter:1,610,000, lr:3.906e-07> G_loss: 1.087e-03 
25-07-27 19:32:15.453 : <epoch: 99, iter:1,611,000, lr:3.906e-07> G_loss: 7.544e-04 
25-07-27 19:37:37.685 : <epoch: 99, iter:1,612,000, lr:3.906e-07> G_loss: 6.277e-04 
25-07-27 19:42:59.361 : <epoch:100, iter:1,613,000, lr:3.906e-07> G_loss: 7.915e-04 
25-07-27 19:48:20.504 : <epoch:100, iter:1,614,000, lr:3.906e-07> G_loss: 9.341e-04 
25-07-27 19:53:40.920 : <epoch:100, iter:1,615,000, lr:3.906e-07> G_loss: 7.724e-04 
25-07-27 19:59:00.490 : <epoch:100, iter:1,616,000, lr:3.906e-07> G_loss: 7.682e-04 
25-07-27 20:04:19.228 : <epoch:100, iter:1,617,000, lr:3.906e-07> G_loss: 7.717e-04 
25-07-27 20:09:38.425 : <epoch:100, iter:1,618,000, lr:3.906e-07> G_loss: 6.857e-04 
25-07-27 20:14:57.441 : <epoch:100, iter:1,619,000, lr:3.906e-07> G_loss: 9.199e-04 
25-07-27 20:20:14.216 : <epoch:100, iter:1,620,000, lr:3.906e-07> G_loss: 8.763e-04 
25-07-27 20:20:14.217 : Saving the model.
25-07-27 20:26:08.478 : <epoch:100, iter:1,620,000, Val PSNR: 53.75dB, Val SSIM: 0.9967
25-07-27 20:26:08.479 : Training samples this epoch: 14800
25-07-27 20:26:08.479 : Validation samples this check: 3611
25-07-27 20:26:08.479 : Saving PSNR checkpoint.
25-07-27 20:31:28.344 : <epoch:100, iter:1,621,000, lr:3.906e-07> G_loss: 8.975e-04 
25-07-27 20:36:48.594 : <epoch:100, iter:1,622,000, lr:3.906e-07> G_loss: 6.027e-04 
25-07-27 20:42:08.185 : <epoch:100, iter:1,623,000, lr:3.906e-07> G_loss: 8.897e-04 
25-07-27 20:47:28.893 : <epoch:100, iter:1,624,000, lr:3.906e-07> G_loss: 8.474e-04 
25-07-27 20:52:48.720 : <epoch:100, iter:1,625,000, lr:3.906e-07> G_loss: 8.859e-04 
25-07-27 20:58:07.816 : <epoch:100, iter:1,626,000, lr:3.906e-07> G_loss: 6.665e-04 
25-07-27 21:03:28.103 : <epoch:100, iter:1,627,000, lr:3.906e-07> G_loss: 9.787e-04 
25-07-27 21:08:48.266 : <epoch:100, iter:1,628,000, lr:3.906e-07> G_loss: 1.032e-03 
25-07-27 21:13:21.246 : Number of test images: 2000
25-07-27 21:13:21.246 : ================================================================================
25-07-27 21:13:21.246 : FINAL TEST EVALUATION - After 100 epochs completed
25-07-27 21:13:21.246 : ================================================================================
25-07-27 21:13:21.246 : Loading best PSNR checkpoint for final test evaluation...
25-07-27 21:13:21.246 : ------------------------------------------------------------
25-07-27 21:13:21.246 : Testing checkpoint: PSNR_E (psnr_E.pth)
25-07-27 21:13:21.246 : ------------------------------------------------------------
25-07-27 21:13:21.246 : Loading checkpoint: training_results/conv_trans_nstb/scunet_ngswin_conv_trans_nstb/models/psnr_E.pth
25-07-27 21:13:22.632 : Saved test image 10: training_results/conv_trans_nstb/scunet_ngswin_conv_trans_nstb/images/final_test_psnr_e/test_000010_PSNR_E_9.png | PSNR: 53.06dB | SSIM: 0.9969
25-07-27 21:13:23.610 : Saved test image 20: training_results/conv_trans_nstb/scunet_ngswin_conv_trans_nstb/images/final_test_psnr_e/test_000020_PSNR_E_9.png | PSNR: 52.76dB | SSIM: 0.9967
25-07-27 21:13:24.585 : Saved test image 30: training_results/conv_trans_nstb/scunet_ngswin_conv_trans_nstb/images/final_test_psnr_e/test_000030_PSNR_E_9.png | PSNR: 51.80dB | SSIM: 0.9963
25-07-27 21:13:25.555 : Saved test image 40: training_results/conv_trans_nstb/scunet_ngswin_conv_trans_nstb/images/final_test_psnr_e/test_000040_PSNR_E_9.png | PSNR: 53.44dB | SSIM: 0.9970
25-07-27 21:13:26.671 : Saved test image 50: training_results/conv_trans_nstb/scunet_ngswin_conv_trans_nstb/images/final_test_psnr_e/test_000050_PSNR_E_9.png | PSNR: 49.47dB | SSIM: 0.9951
25-07-27 21:13:27.633 : Saved test image 60: training_results/conv_trans_nstb/scunet_ngswin_conv_trans_nstb/images/final_test_psnr_e/test_000060_PSNR_E_9.png | PSNR: 50.28dB | SSIM: 0.9956
25-07-27 21:13:28.620 : Saved test image 70: training_results/conv_trans_nstb/scunet_ngswin_conv_trans_nstb/images/final_test_psnr_e/test_000070_PSNR_E_9.png | PSNR: 52.45dB | SSIM: 0.9961
25-07-27 21:13:29.595 : Saved test image 80: training_results/conv_trans_nstb/scunet_ngswin_conv_trans_nstb/images/final_test_psnr_e/test_000080_PSNR_E_9.png | PSNR: 51.88dB | SSIM: 0.9959
25-07-27 21:13:30.565 : Saved test image 90: training_results/conv_trans_nstb/scunet_ngswin_conv_trans_nstb/images/final_test_psnr_e/test_000090_PSNR_E_9.png | PSNR: 49.06dB | SSIM: 0.9947
25-07-27 21:13:31.531 : Saved test image 100: training_results/conv_trans_nstb/scunet_ngswin_conv_trans_nstb/images/final_test_psnr_e/test_000100_PSNR_E_9.png | PSNR: 48.58dB | SSIM: 0.9946
25-07-27 21:13:32.504 : Saved test image 110: training_results/conv_trans_nstb/scunet_ngswin_conv_trans_nstb/images/final_test_psnr_e/test_000110_PSNR_E_9.png | PSNR: 50.23dB | SSIM: 0.9955
25-07-27 21:13:33.480 : Saved test image 120: training_results/conv_trans_nstb/scunet_ngswin_conv_trans_nstb/images/final_test_psnr_e/test_000120_PSNR_E_9.png | PSNR: 49.52dB | SSIM: 0.9953
25-07-27 21:13:34.447 : Saved test image 130: training_results/conv_trans_nstb/scunet_ngswin_conv_trans_nstb/images/final_test_psnr_e/test_000130_PSNR_E_9.png | PSNR: 51.39dB | SSIM: 0.9960
25-07-27 21:13:35.401 : Saved test image 140: training_results/conv_trans_nstb/scunet_ngswin_conv_trans_nstb/images/final_test_psnr_e/test_000140_PSNR_E_9.png | PSNR: 51.58dB | SSIM: 0.9960
25-07-27 21:13:36.363 : Saved test image 150: training_results/conv_trans_nstb/scunet_ngswin_conv_trans_nstb/images/final_test_psnr_e/test_000150_PSNR_E_9.png | PSNR: 51.57dB | SSIM: 0.9961
25-07-27 21:13:37.324 : Saved test image 160: training_results/conv_trans_nstb/scunet_ngswin_conv_trans_nstb/images/final_test_psnr_e/test_000160_PSNR_E_9.png | PSNR: 53.95dB | SSIM: 0.9973
25-07-27 21:13:38.294 : Saved test image 170: training_results/conv_trans_nstb/scunet_ngswin_conv_trans_nstb/images/final_test_psnr_e/test_000170_PSNR_E_9.png | PSNR: 47.25dB | SSIM: 0.9941
25-07-27 21:13:39.263 : Saved test image 180: training_results/conv_trans_nstb/scunet_ngswin_conv_trans_nstb/images/final_test_psnr_e/test_000180_PSNR_E_9.png | PSNR: 47.71dB | SSIM: 0.9943
25-07-27 21:13:40.230 : Saved test image 190: training_results/conv_trans_nstb/scunet_ngswin_conv_trans_nstb/images/final_test_psnr_e/test_000190_PSNR_E_9.png | PSNR: 49.86dB | SSIM: 0.9953
25-07-27 21:13:41.309 : Saved test image 200: training_results/conv_trans_nstb/scunet_ngswin_conv_trans_nstb/images/final_test_psnr_e/test_000200_PSNR_E_9.png | PSNR: 49.81dB | SSIM: 0.9956
25-07-27 21:13:42.285 : Saved test image 210: training_results/conv_trans_nstb/scunet_ngswin_conv_trans_nstb/images/final_test_psnr_e/test_000210_PSNR_E_9.png | PSNR: 50.56dB | SSIM: 0.9958
25-07-27 21:13:43.273 : Saved test image 220: training_results/conv_trans_nstb/scunet_ngswin_conv_trans_nstb/images/final_test_psnr_e/test_000220_PSNR_E_9.png | PSNR: 52.00dB | SSIM: 0.9966
25-07-27 21:13:44.243 : Saved test image 230: training_results/conv_trans_nstb/scunet_ngswin_conv_trans_nstb/images/final_test_psnr_e/test_000230_PSNR_E_9.png | PSNR: 51.39dB | SSIM: 0.9965
25-07-27 21:13:45.238 : Saved test image 240: training_results/conv_trans_nstb/scunet_ngswin_conv_trans_nstb/images/final_test_psnr_e/test_000240_PSNR_E_9.png | PSNR: 50.28dB | SSIM: 0.9957
25-07-27 21:13:46.218 : Saved test image 250: training_results/conv_trans_nstb/scunet_ngswin_conv_trans_nstb/images/final_test_psnr_e/test_000250_PSNR_E_9.png | PSNR: 50.57dB | SSIM: 0.9963
25-07-27 21:13:47.210 : Saved test image 260: training_results/conv_trans_nstb/scunet_ngswin_conv_trans_nstb/images/final_test_psnr_e/test_000260_PSNR_E_9.png | PSNR: 50.10dB | SSIM: 0.9960
25-07-27 21:13:48.200 : Saved test image 270: training_results/conv_trans_nstb/scunet_ngswin_conv_trans_nstb/images/final_test_psnr_e/test_000270_PSNR_E_9.png | PSNR: 51.45dB | SSIM: 0.9967
25-07-27 21:13:49.180 : Saved test image 280: training_results/conv_trans_nstb/scunet_ngswin_conv_trans_nstb/images/final_test_psnr_e/test_000280_PSNR_E_9.png | PSNR: 50.63dB | SSIM: 0.9961
25-07-27 21:13:50.163 : Saved test image 290: training_results/conv_trans_nstb/scunet_ngswin_conv_trans_nstb/images/final_test_psnr_e/test_000290_PSNR_E_9.png | PSNR: 51.67dB | SSIM: 0.9965
25-07-27 21:13:51.141 : Saved test image 300: training_results/conv_trans_nstb/scunet_ngswin_conv_trans_nstb/images/final_test_psnr_e/test_000300_PSNR_E_9.png | PSNR: 50.34dB | SSIM: 0.9957
25-07-27 21:13:52.115 : Saved test image 310: training_results/conv_trans_nstb/scunet_ngswin_conv_trans_nstb/images/final_test_psnr_e/test_000310_PSNR_E_9.png | PSNR: 50.70dB | SSIM: 0.9961
25-07-27 21:13:53.089 : Saved test image 320: training_results/conv_trans_nstb/scunet_ngswin_conv_trans_nstb/images/final_test_psnr_e/test_000320_PSNR_E_9.png | PSNR: 51.27dB | SSIM: 0.9964
25-07-27 21:13:54.066 : Saved test image 330: training_results/conv_trans_nstb/scunet_ngswin_conv_trans_nstb/images/final_test_psnr_e/test_000330_PSNR_E_9.png | PSNR: 52.60dB | SSIM: 0.9967
25-07-27 21:13:55.041 : Saved test image 340: training_results/conv_trans_nstb/scunet_ngswin_conv_trans_nstb/images/final_test_psnr_e/test_000340_PSNR_E_9.png | PSNR: 51.38dB | SSIM: 0.9965
25-07-27 21:13:56.017 : Saved test image 350: training_results/conv_trans_nstb/scunet_ngswin_conv_trans_nstb/images/final_test_psnr_e/test_000350_PSNR_E_9.png | PSNR: 49.55dB | SSIM: 0.9950
25-07-27 21:13:57.006 : Saved test image 360: training_results/conv_trans_nstb/scunet_ngswin_conv_trans_nstb/images/final_test_psnr_e/test_000360_PSNR_E_9.png | PSNR: 49.56dB | SSIM: 0.9951
25-07-27 21:13:57.967 : Saved test image 370: training_results/conv_trans_nstb/scunet_ngswin_conv_trans_nstb/images/final_test_psnr_e/test_000370_PSNR_E_9.png | PSNR: 49.74dB | SSIM: 0.9950
25-07-27 21:13:58.919 : Saved test image 380: training_results/conv_trans_nstb/scunet_ngswin_conv_trans_nstb/images/final_test_psnr_e/test_000380_PSNR_E_9.png | PSNR: 49.54dB | SSIM: 0.9953
25-07-27 21:13:59.881 : Saved test image 390: training_results/conv_trans_nstb/scunet_ngswin_conv_trans_nstb/images/final_test_psnr_e/test_000390_PSNR_E_9.png | PSNR: 49.80dB | SSIM: 0.9954
25-07-27 21:14:00.832 : Saved test image 400: training_results/conv_trans_nstb/scunet_ngswin_conv_trans_nstb/images/final_test_psnr_e/test_000400_PSNR_E_9.png | PSNR: 51.26dB | SSIM: 0.9961
25-07-27 21:14:01.794 : Saved test image 410: training_results/conv_trans_nstb/scunet_ngswin_conv_trans_nstb/images/final_test_psnr_e/test_000410_PSNR_E_9.png | PSNR: 47.10dB | SSIM: 0.9897
25-07-27 21:14:02.744 : Saved test image 420: training_results/conv_trans_nstb/scunet_ngswin_conv_trans_nstb/images/final_test_psnr_e/test_000420_PSNR_E_9.png | PSNR: 45.79dB | SSIM: 0.9919
25-07-27 21:14:03.713 : Saved test image 430: training_results/conv_trans_nstb/scunet_ngswin_conv_trans_nstb/images/final_test_psnr_e/test_000430_PSNR_E_9.png | PSNR: 49.83dB | SSIM: 0.9950
25-07-27 21:14:04.693 : Saved test image 440: training_results/conv_trans_nstb/scunet_ngswin_conv_trans_nstb/images/final_test_psnr_e/test_000440_PSNR_E_9.png | PSNR: 48.50dB | SSIM: 0.9938
25-07-27 21:14:05.670 : Saved test image 450: training_results/conv_trans_nstb/scunet_ngswin_conv_trans_nstb/images/final_test_psnr_e/test_000450_PSNR_E_9.png | PSNR: 47.97dB | SSIM: 0.9920
25-07-27 21:14:06.640 : Saved test image 460: training_results/conv_trans_nstb/scunet_ngswin_conv_trans_nstb/images/final_test_psnr_e/test_000460_PSNR_E_9.png | PSNR: 44.55dB | SSIM: 0.9919
25-07-27 21:14:07.608 : Saved test image 470: training_results/conv_trans_nstb/scunet_ngswin_conv_trans_nstb/images/final_test_psnr_e/test_000470_PSNR_E_9.png | PSNR: 49.61dB | SSIM: 0.9942
25-07-27 21:14:08.571 : Saved test image 480: training_results/conv_trans_nstb/scunet_ngswin_conv_trans_nstb/images/final_test_psnr_e/test_000480_PSNR_E_9.png | PSNR: 46.70dB | SSIM: 0.9929
25-07-27 21:14:09.546 : Saved test image 490: training_results/conv_trans_nstb/scunet_ngswin_conv_trans_nstb/images/final_test_psnr_e/test_000490_PSNR_E_9.png | PSNR: 49.65dB | SSIM: 0.9938
25-07-27 21:14:10.527 : Saved test image 500: training_results/conv_trans_nstb/scunet_ngswin_conv_trans_nstb/images/final_test_psnr_e/test_000500_PSNR_E_9.png | PSNR: 50.07dB | SSIM: 0.9941
25-07-27 21:14:11.499 : Saved test image 510: training_results/conv_trans_nstb/scunet_ngswin_conv_trans_nstb/images/final_test_psnr_e/test_000510_PSNR_E_9.png | PSNR: 49.59dB | SSIM: 0.9959
25-07-27 21:14:12.470 : Saved test image 520: training_results/conv_trans_nstb/scunet_ngswin_conv_trans_nstb/images/final_test_psnr_e/test_000520_PSNR_E_9.png | PSNR: 51.82dB | SSIM: 0.9967
25-07-27 21:14:13.451 : Saved test image 530: training_results/conv_trans_nstb/scunet_ngswin_conv_trans_nstb/images/final_test_psnr_e/test_000530_PSNR_E_9.png | PSNR: 47.69dB | SSIM: 0.9921
25-07-27 21:14:14.448 : Saved test image 540: training_results/conv_trans_nstb/scunet_ngswin_conv_trans_nstb/images/final_test_psnr_e/test_000540_PSNR_E_9.png | PSNR: 49.16dB | SSIM: 0.9932
25-07-27 21:14:15.433 : Saved test image 550: training_results/conv_trans_nstb/scunet_ngswin_conv_trans_nstb/images/final_test_psnr_e/test_000550_PSNR_E_9.png | PSNR: 49.12dB | SSIM: 0.9955
25-07-27 21:14:16.414 : Saved test image 560: training_results/conv_trans_nstb/scunet_ngswin_conv_trans_nstb/images/final_test_psnr_e/test_000560_PSNR_E_9.png | PSNR: 45.79dB | SSIM: 0.9904
25-07-27 21:14:17.406 : Saved test image 570: training_results/conv_trans_nstb/scunet_ngswin_conv_trans_nstb/images/final_test_psnr_e/test_000570_PSNR_E_9.png | PSNR: 48.25dB | SSIM: 0.9938
25-07-27 21:14:18.399 : Saved test image 580: training_results/conv_trans_nstb/scunet_ngswin_conv_trans_nstb/images/final_test_psnr_e/test_000580_PSNR_E_9.png | PSNR: 48.87dB | SSIM: 0.9945
25-07-27 21:14:19.374 : Saved test image 590: training_results/conv_trans_nstb/scunet_ngswin_conv_trans_nstb/images/final_test_psnr_e/test_000590_PSNR_E_9.png | PSNR: 49.48dB | SSIM: 0.9950
25-07-27 21:14:20.356 : Saved test image 600: training_results/conv_trans_nstb/scunet_ngswin_conv_trans_nstb/images/final_test_psnr_e/test_000600_PSNR_E_9.png | PSNR: 50.97dB | SSIM: 0.9955
25-07-27 21:14:21.350 : Saved test image 610: training_results/conv_trans_nstb/scunet_ngswin_conv_trans_nstb/images/final_test_psnr_e/test_000610_PSNR_E_9.png | PSNR: 49.14dB | SSIM: 0.9951
25-07-27 21:14:22.334 : Saved test image 620: training_results/conv_trans_nstb/scunet_ngswin_conv_trans_nstb/images/final_test_psnr_e/test_000620_PSNR_E_9.png | PSNR: 50.30dB | SSIM: 0.9957
25-07-27 21:14:23.325 : Saved test image 630: training_results/conv_trans_nstb/scunet_ngswin_conv_trans_nstb/images/final_test_psnr_e/test_000630_PSNR_E_9.png | PSNR: 50.04dB | SSIM: 0.9961
25-07-27 21:14:24.323 : Saved test image 640: training_results/conv_trans_nstb/scunet_ngswin_conv_trans_nstb/images/final_test_psnr_e/test_000640_PSNR_E_9.png | PSNR: 48.31dB | SSIM: 0.9953
25-07-27 21:14:25.324 : Saved test image 650: training_results/conv_trans_nstb/scunet_ngswin_conv_trans_nstb/images/final_test_psnr_e/test_000650_PSNR_E_9.png | PSNR: 53.23dB | SSIM: 0.9964
25-07-27 21:14:26.425 : Saved test image 660: training_results/conv_trans_nstb/scunet_ngswin_conv_trans_nstb/images/final_test_psnr_e/test_000660_PSNR_E_9.png | PSNR: 52.39dB | SSIM: 0.9961
25-07-27 21:14:27.443 : Saved test image 670: training_results/conv_trans_nstb/scunet_ngswin_conv_trans_nstb/images/final_test_psnr_e/test_000670_PSNR_E_9.png | PSNR: 52.92dB | SSIM: 0.9964
25-07-27 21:14:28.442 : Saved test image 680: training_results/conv_trans_nstb/scunet_ngswin_conv_trans_nstb/images/final_test_psnr_e/test_000680_PSNR_E_9.png | PSNR: 52.67dB | SSIM: 0.9964
25-07-27 21:14:29.453 : Saved test image 690: training_results/conv_trans_nstb/scunet_ngswin_conv_trans_nstb/images/final_test_psnr_e/test_000690_PSNR_E_9.png | PSNR: 52.36dB | SSIM: 0.9963
25-07-27 21:14:30.438 : Saved test image 700: training_results/conv_trans_nstb/scunet_ngswin_conv_trans_nstb/images/final_test_psnr_e/test_000700_PSNR_E_9.png | PSNR: 52.24dB | SSIM: 0.9961
25-07-27 21:14:31.425 : Saved test image 710: training_results/conv_trans_nstb/scunet_ngswin_conv_trans_nstb/images/final_test_psnr_e/test_000710_PSNR_E_9.png | PSNR: 51.53dB | SSIM: 0.9960
25-07-27 21:14:32.403 : Saved test image 720: training_results/conv_trans_nstb/scunet_ngswin_conv_trans_nstb/images/final_test_psnr_e/test_000720_PSNR_E_9.png | PSNR: 53.93dB | SSIM: 0.9973
25-07-27 21:14:33.374 : Saved test image 730: training_results/conv_trans_nstb/scunet_ngswin_conv_trans_nstb/images/final_test_psnr_e/test_000730_PSNR_E_9.png | PSNR: 52.95dB | SSIM: 0.9971
25-07-27 21:14:34.347 : Saved test image 740: training_results/conv_trans_nstb/scunet_ngswin_conv_trans_nstb/images/final_test_psnr_e/test_000740_PSNR_E_9.png | PSNR: 50.07dB | SSIM: 0.9945
25-07-27 21:14:35.325 : Saved test image 750: training_results/conv_trans_nstb/scunet_ngswin_conv_trans_nstb/images/final_test_psnr_e/test_000750_PSNR_E_9.png | PSNR: 50.35dB | SSIM: 0.9936
25-07-27 21:14:36.319 : Saved test image 760: training_results/conv_trans_nstb/scunet_ngswin_conv_trans_nstb/images/final_test_psnr_e/test_000760_PSNR_E_9.png | PSNR: 50.17dB | SSIM: 0.9944
25-07-27 21:14:37.325 : Saved test image 770: training_results/conv_trans_nstb/scunet_ngswin_conv_trans_nstb/images/final_test_psnr_e/test_000770_PSNR_E_9.png | PSNR: 50.83dB | SSIM: 0.9950
25-07-27 21:14:38.334 : Saved test image 780: training_results/conv_trans_nstb/scunet_ngswin_conv_trans_nstb/images/final_test_psnr_e/test_000780_PSNR_E_9.png | PSNR: 50.35dB | SSIM: 0.9947
25-07-27 21:14:39.468 : Saved test image 790: training_results/conv_trans_nstb/scunet_ngswin_conv_trans_nstb/images/final_test_psnr_e/test_000790_PSNR_E_9.png | PSNR: 48.52dB | SSIM: 0.9937
25-07-27 21:14:40.490 : Saved test image 800: training_results/conv_trans_nstb/scunet_ngswin_conv_trans_nstb/images/final_test_psnr_e/test_000800_PSNR_E_9.png | PSNR: 50.56dB | SSIM: 0.9955
25-07-27 21:14:41.484 : Saved test image 810: training_results/conv_trans_nstb/scunet_ngswin_conv_trans_nstb/images/final_test_psnr_e/test_000810_PSNR_E_9.png | PSNR: 48.76dB | SSIM: 0.9951
25-07-27 21:14:42.534 : Saved test image 820: training_results/conv_trans_nstb/scunet_ngswin_conv_trans_nstb/images/final_test_psnr_e/test_000820_PSNR_E_9.png | PSNR: 48.53dB | SSIM: 0.9943
25-07-27 21:14:43.558 : Saved test image 830: training_results/conv_trans_nstb/scunet_ngswin_conv_trans_nstb/images/final_test_psnr_e/test_000830_PSNR_E_9.png | PSNR: 49.76dB | SSIM: 0.9935
25-07-27 21:14:44.560 : Saved test image 840: training_results/conv_trans_nstb/scunet_ngswin_conv_trans_nstb/images/final_test_psnr_e/test_000840_PSNR_E_9.png | PSNR: 48.20dB | SSIM: 0.9947
25-07-27 21:14:45.554 : Saved test image 850: training_results/conv_trans_nstb/scunet_ngswin_conv_trans_nstb/images/final_test_psnr_e/test_000850_PSNR_E_9.png | PSNR: 49.20dB | SSIM: 0.9952
25-07-27 21:14:46.552 : Saved test image 860: training_results/conv_trans_nstb/scunet_ngswin_conv_trans_nstb/images/final_test_psnr_e/test_000860_PSNR_E_9.png | PSNR: 49.83dB | SSIM: 0.9953
25-07-27 21:14:47.559 : Saved test image 870: training_results/conv_trans_nstb/scunet_ngswin_conv_trans_nstb/images/final_test_psnr_e/test_000870_PSNR_E_9.png | PSNR: 49.90dB | SSIM: 0.9945
25-07-27 21:14:48.673 : Saved test image 880: training_results/conv_trans_nstb/scunet_ngswin_conv_trans_nstb/images/final_test_psnr_e/test_000880_PSNR_E_9.png | PSNR: 46.55dB | SSIM: 0.9921
25-07-27 21:14:49.693 : Saved test image 890: training_results/conv_trans_nstb/scunet_ngswin_conv_trans_nstb/images/final_test_psnr_e/test_000890_PSNR_E_9.png | PSNR: 48.98dB | SSIM: 0.9929
25-07-27 21:14:50.693 : Saved test image 900: training_results/conv_trans_nstb/scunet_ngswin_conv_trans_nstb/images/final_test_psnr_e/test_000900_PSNR_E_9.png | PSNR: 46.85dB | SSIM: 0.9923
25-07-27 21:14:51.690 : Saved test image 910: training_results/conv_trans_nstb/scunet_ngswin_conv_trans_nstb/images/final_test_psnr_e/test_000910_PSNR_E_9.png | PSNR: 46.89dB | SSIM: 0.9932
25-07-27 21:14:52.676 : Saved test image 920: training_results/conv_trans_nstb/scunet_ngswin_conv_trans_nstb/images/final_test_psnr_e/test_000920_PSNR_E_9.png | PSNR: 48.35dB | SSIM: 0.9936
25-07-27 21:14:53.692 : Saved test image 930: training_results/conv_trans_nstb/scunet_ngswin_conv_trans_nstb/images/final_test_psnr_e/test_000930_PSNR_E_9.png | PSNR: 49.38dB | SSIM: 0.9935
25-07-27 21:14:54.716 : Saved test image 940: training_results/conv_trans_nstb/scunet_ngswin_conv_trans_nstb/images/final_test_psnr_e/test_000940_PSNR_E_9.png | PSNR: 47.13dB | SSIM: 0.9909
25-07-27 21:14:55.714 : Saved test image 950: training_results/conv_trans_nstb/scunet_ngswin_conv_trans_nstb/images/final_test_psnr_e/test_000950_PSNR_E_9.png | PSNR: 48.27dB | SSIM: 0.9931
25-07-27 21:14:56.718 : Saved test image 960: training_results/conv_trans_nstb/scunet_ngswin_conv_trans_nstb/images/final_test_psnr_e/test_000960_PSNR_E_9.png | PSNR: 47.97dB | SSIM: 0.9938
25-07-27 21:14:57.726 : Saved test image 970: training_results/conv_trans_nstb/scunet_ngswin_conv_trans_nstb/images/final_test_psnr_e/test_000970_PSNR_E_9.png | PSNR: 46.07dB | SSIM: 0.9929
25-07-27 21:14:58.740 : Saved test image 980: training_results/conv_trans_nstb/scunet_ngswin_conv_trans_nstb/images/final_test_psnr_e/test_000980_PSNR_E_9.png | PSNR: 49.46dB | SSIM: 0.9951
25-07-27 21:14:59.739 : Saved test image 990: training_results/conv_trans_nstb/scunet_ngswin_conv_trans_nstb/images/final_test_psnr_e/test_000990_PSNR_E_9.png | PSNR: 54.22dB | SSIM: 0.9970
25-07-27 21:15:00.738 : Saved test image 1000: training_results/conv_trans_nstb/scunet_ngswin_conv_trans_nstb/images/final_test_psnr_e/test_001000_PSNR_E_9.png | PSNR: 53.46dB | SSIM: 0.9966
25-07-27 21:15:01.741 : Saved test image 1010: training_results/conv_trans_nstb/scunet_ngswin_conv_trans_nstb/images/final_test_psnr_e/test_001010_PSNR_E_9.png | PSNR: 52.50dB | SSIM: 0.9961
25-07-27 21:15:02.727 : Saved test image 1020: training_results/conv_trans_nstb/scunet_ngswin_conv_trans_nstb/images/final_test_psnr_e/test_001020_PSNR_E_9.png | PSNR: 52.11dB | SSIM: 0.9959
25-07-27 21:15:03.853 : Saved test image 1030: training_results/conv_trans_nstb/scunet_ngswin_conv_trans_nstb/images/final_test_psnr_e/test_001030_PSNR_E_9.png | PSNR: 50.00dB | SSIM: 0.9955
25-07-27 21:15:04.840 : Saved test image 1040: training_results/conv_trans_nstb/scunet_ngswin_conv_trans_nstb/images/final_test_psnr_e/test_001040_PSNR_E_9.png | PSNR: 52.45dB | SSIM: 0.9962
25-07-27 21:15:05.845 : Saved test image 1050: training_results/conv_trans_nstb/scunet_ngswin_conv_trans_nstb/images/final_test_psnr_e/test_001050_PSNR_E_9.png | PSNR: 52.12dB | SSIM: 0.9960
25-07-27 21:15:06.853 : Saved test image 1060: training_results/conv_trans_nstb/scunet_ngswin_conv_trans_nstb/images/final_test_psnr_e/test_001060_PSNR_E_9.png | PSNR: 50.63dB | SSIM: 0.9954
25-07-27 21:15:07.863 : Saved test image 1070: training_results/conv_trans_nstb/scunet_ngswin_conv_trans_nstb/images/final_test_psnr_e/test_001070_PSNR_E_9.png | PSNR: 50.74dB | SSIM: 0.9954
25-07-27 21:15:08.879 : Saved test image 1080: training_results/conv_trans_nstb/scunet_ngswin_conv_trans_nstb/images/final_test_psnr_e/test_001080_PSNR_E_9.png | PSNR: 50.03dB | SSIM: 0.9951
25-07-27 21:15:09.875 : Saved test image 1090: training_results/conv_trans_nstb/scunet_ngswin_conv_trans_nstb/images/final_test_psnr_e/test_001090_PSNR_E_9.png | PSNR: 51.09dB | SSIM: 0.9956
25-07-27 21:15:10.869 : Saved test image 1100: training_results/conv_trans_nstb/scunet_ngswin_conv_trans_nstb/images/final_test_psnr_e/test_001100_PSNR_E_9.png | PSNR: 53.37dB | SSIM: 0.9964
25-07-27 21:15:11.873 : Saved test image 1110: training_results/conv_trans_nstb/scunet_ngswin_conv_trans_nstb/images/final_test_psnr_e/test_001110_PSNR_E_9.png | PSNR: 51.88dB | SSIM: 0.9960
25-07-27 21:15:12.882 : Saved test image 1120: training_results/conv_trans_nstb/scunet_ngswin_conv_trans_nstb/images/final_test_psnr_e/test_001120_PSNR_E_9.png | PSNR: 52.78dB | SSIM: 0.9964
25-07-27 21:15:13.880 : Saved test image 1130: training_results/conv_trans_nstb/scunet_ngswin_conv_trans_nstb/images/final_test_psnr_e/test_001130_PSNR_E_9.png | PSNR: 53.05dB | SSIM: 0.9966
25-07-27 21:15:14.864 : Saved test image 1140: training_results/conv_trans_nstb/scunet_ngswin_conv_trans_nstb/images/final_test_psnr_e/test_001140_PSNR_E_9.png | PSNR: 54.58dB | SSIM: 0.9973
25-07-27 21:15:15.865 : Saved test image 1150: training_results/conv_trans_nstb/scunet_ngswin_conv_trans_nstb/images/final_test_psnr_e/test_001150_PSNR_E_9.png | PSNR: 52.53dB | SSIM: 0.9964
25-07-27 21:15:16.870 : Saved test image 1160: training_results/conv_trans_nstb/scunet_ngswin_conv_trans_nstb/images/final_test_psnr_e/test_001160_PSNR_E_9.png | PSNR: 49.54dB | SSIM: 0.9954
25-07-27 21:15:17.867 : Saved test image 1170: training_results/conv_trans_nstb/scunet_ngswin_conv_trans_nstb/images/final_test_psnr_e/test_001170_PSNR_E_9.png | PSNR: 50.38dB | SSIM: 0.9954
25-07-27 21:15:18.962 : Saved test image 1180: training_results/conv_trans_nstb/scunet_ngswin_conv_trans_nstb/images/final_test_psnr_e/test_001180_PSNR_E_9.png | PSNR: 50.91dB | SSIM: 0.9955
25-07-27 21:15:19.969 : Saved test image 1190: training_results/conv_trans_nstb/scunet_ngswin_conv_trans_nstb/images/final_test_psnr_e/test_001190_PSNR_E_9.png | PSNR: 51.12dB | SSIM: 0.9967
25-07-27 21:15:20.964 : Saved test image 1200: training_results/conv_trans_nstb/scunet_ngswin_conv_trans_nstb/images/final_test_psnr_e/test_001200_PSNR_E_9.png | PSNR: 53.61dB | SSIM: 0.9971
25-07-27 21:15:21.955 : Saved test image 1210: training_results/conv_trans_nstb/scunet_ngswin_conv_trans_nstb/images/final_test_psnr_e/test_001210_PSNR_E_9.png | PSNR: 53.88dB | SSIM: 0.9970
25-07-27 21:15:22.944 : Saved test image 1220: training_results/conv_trans_nstb/scunet_ngswin_conv_trans_nstb/images/final_test_psnr_e/test_001220_PSNR_E_9.png | PSNR: 53.52dB | SSIM: 0.9967
25-07-27 21:15:23.942 : Saved test image 1230: training_results/conv_trans_nstb/scunet_ngswin_conv_trans_nstb/images/final_test_psnr_e/test_001230_PSNR_E_9.png | PSNR: 53.89dB | SSIM: 0.9969
25-07-27 21:15:24.937 : Saved test image 1240: training_results/conv_trans_nstb/scunet_ngswin_conv_trans_nstb/images/final_test_psnr_e/test_001240_PSNR_E_9.png | PSNR: 52.59dB | SSIM: 0.9965
25-07-27 21:15:25.920 : Saved test image 1250: training_results/conv_trans_nstb/scunet_ngswin_conv_trans_nstb/images/final_test_psnr_e/test_001250_PSNR_E_9.png | PSNR: 52.53dB | SSIM: 0.9966
25-07-27 21:15:26.898 : Saved test image 1260: training_results/conv_trans_nstb/scunet_ngswin_conv_trans_nstb/images/final_test_psnr_e/test_001260_PSNR_E_9.png | PSNR: 53.27dB | SSIM: 0.9968
25-07-27 21:15:27.911 : Saved test image 1270: training_results/conv_trans_nstb/scunet_ngswin_conv_trans_nstb/images/final_test_psnr_e/test_001270_PSNR_E_9.png | PSNR: 53.49dB | SSIM: 0.9969
25-07-27 21:15:28.916 : Saved test image 1280: training_results/conv_trans_nstb/scunet_ngswin_conv_trans_nstb/images/final_test_psnr_e/test_001280_PSNR_E_9.png | PSNR: 52.84dB | SSIM: 0.9966
25-07-27 21:15:29.926 : Saved test image 1290: training_results/conv_trans_nstb/scunet_ngswin_conv_trans_nstb/images/final_test_psnr_e/test_001290_PSNR_E_9.png | PSNR: 52.78dB | SSIM: 0.9966
25-07-27 21:15:30.930 : Saved test image 1300: training_results/conv_trans_nstb/scunet_ngswin_conv_trans_nstb/images/final_test_psnr_e/test_001300_PSNR_E_9.png | PSNR: 49.24dB | SSIM: 0.9921
25-07-27 21:15:31.925 : Saved test image 1310: training_results/conv_trans_nstb/scunet_ngswin_conv_trans_nstb/images/final_test_psnr_e/test_001310_PSNR_E_9.png | PSNR: 49.86dB | SSIM: 0.9954
25-07-27 21:15:32.939 : Saved test image 1320: training_results/conv_trans_nstb/scunet_ngswin_conv_trans_nstb/images/final_test_psnr_e/test_001320_PSNR_E_9.png | PSNR: 50.52dB | SSIM: 0.9947
25-07-27 21:15:33.966 : Saved test image 1330: training_results/conv_trans_nstb/scunet_ngswin_conv_trans_nstb/images/final_test_psnr_e/test_001330_PSNR_E_9.png | PSNR: 47.97dB | SSIM: 0.9938
25-07-27 21:15:35.075 : Saved test image 1340: training_results/conv_trans_nstb/scunet_ngswin_conv_trans_nstb/images/final_test_psnr_e/test_001340_PSNR_E_9.png | PSNR: 45.61dB | SSIM: 0.9938
25-07-27 21:15:36.067 : Saved test image 1350: training_results/conv_trans_nstb/scunet_ngswin_conv_trans_nstb/images/final_test_psnr_e/test_001350_PSNR_E_9.png | PSNR: 54.67dB | SSIM: 0.9971
25-07-27 21:15:37.060 : Saved test image 1360: training_results/conv_trans_nstb/scunet_ngswin_conv_trans_nstb/images/final_test_psnr_e/test_001360_PSNR_E_9.png | PSNR: 50.44dB | SSIM: 0.9953
25-07-27 21:15:38.036 : Saved test image 1370: training_results/conv_trans_nstb/scunet_ngswin_conv_trans_nstb/images/final_test_psnr_e/test_001370_PSNR_E_9.png | PSNR: 49.19dB | SSIM: 0.9952
25-07-27 21:15:39.013 : Saved test image 1380: training_results/conv_trans_nstb/scunet_ngswin_conv_trans_nstb/images/final_test_psnr_e/test_001380_PSNR_E_9.png | PSNR: 50.27dB | SSIM: 0.9962
25-07-27 21:15:40.010 : Saved test image 1390: training_results/conv_trans_nstb/scunet_ngswin_conv_trans_nstb/images/final_test_psnr_e/test_001390_PSNR_E_9.png | PSNR: 52.35dB | SSIM: 0.9966
25-07-27 21:15:41.008 : Saved test image 1400: training_results/conv_trans_nstb/scunet_ngswin_conv_trans_nstb/images/final_test_psnr_e/test_001400_PSNR_E_9.png | PSNR: 51.01dB | SSIM: 0.9958
25-07-27 21:15:41.977 : Saved test image 1410: training_results/conv_trans_nstb/scunet_ngswin_conv_trans_nstb/images/final_test_psnr_e/test_001410_PSNR_E_9.png | PSNR: 51.27dB | SSIM: 0.9957
25-07-27 21:15:42.952 : Saved test image 1420: training_results/conv_trans_nstb/scunet_ngswin_conv_trans_nstb/images/final_test_psnr_e/test_001420_PSNR_E_9.png | PSNR: 52.18dB | SSIM: 0.9961
25-07-27 21:15:43.928 : Saved test image 1430: training_results/conv_trans_nstb/scunet_ngswin_conv_trans_nstb/images/final_test_psnr_e/test_001430_PSNR_E_9.png | PSNR: 52.61dB | SSIM: 0.9959
25-07-27 21:15:44.913 : Saved test image 1440: training_results/conv_trans_nstb/scunet_ngswin_conv_trans_nstb/images/final_test_psnr_e/test_001440_PSNR_E_9.png | PSNR: 53.39dB | SSIM: 0.9966
25-07-27 21:15:45.881 : Saved test image 1450: training_results/conv_trans_nstb/scunet_ngswin_conv_trans_nstb/images/final_test_psnr_e/test_001450_PSNR_E_9.png | PSNR: 53.34dB | SSIM: 0.9965
25-07-27 21:15:46.852 : Saved test image 1460: training_results/conv_trans_nstb/scunet_ngswin_conv_trans_nstb/images/final_test_psnr_e/test_001460_PSNR_E_9.png | PSNR: 53.91dB | SSIM: 0.9966
25-07-27 21:15:47.818 : Saved test image 1470: training_results/conv_trans_nstb/scunet_ngswin_conv_trans_nstb/images/final_test_psnr_e/test_001470_PSNR_E_9.png | PSNR: 53.92dB | SSIM: 0.9966
25-07-27 21:15:48.786 : Saved test image 1480: training_results/conv_trans_nstb/scunet_ngswin_conv_trans_nstb/images/final_test_psnr_e/test_001480_PSNR_E_9.png | PSNR: 53.62dB | SSIM: 0.9965
25-07-27 21:15:49.750 : Saved test image 1490: training_results/conv_trans_nstb/scunet_ngswin_conv_trans_nstb/images/final_test_psnr_e/test_001490_PSNR_E_9.png | PSNR: 53.96dB | SSIM: 0.9966
25-07-27 21:15:50.719 : Saved test image 1500: training_results/conv_trans_nstb/scunet_ngswin_conv_trans_nstb/images/final_test_psnr_e/test_001500_PSNR_E_9.png | PSNR: 53.76dB | SSIM: 0.9973
25-07-27 21:15:51.798 : Saved test image 1510: training_results/conv_trans_nstb/scunet_ngswin_conv_trans_nstb/images/final_test_psnr_e/test_001510_PSNR_E_9.png | PSNR: 53.43dB | SSIM: 0.9971
25-07-27 21:15:52.785 : Saved test image 1520: training_results/conv_trans_nstb/scunet_ngswin_conv_trans_nstb/images/final_test_psnr_e/test_001520_PSNR_E_9.png | PSNR: 49.61dB | SSIM: 0.9951
25-07-27 21:15:53.766 : Saved test image 1530: training_results/conv_trans_nstb/scunet_ngswin_conv_trans_nstb/images/final_test_psnr_e/test_001530_PSNR_E_9.png | PSNR: 47.93dB | SSIM: 0.9929
25-07-27 21:15:54.754 : Saved test image 1540: training_results/conv_trans_nstb/scunet_ngswin_conv_trans_nstb/images/final_test_psnr_e/test_001540_PSNR_E_9.png | PSNR: 49.22dB | SSIM: 0.9942
25-07-27 21:15:55.748 : Saved test image 1550: training_results/conv_trans_nstb/scunet_ngswin_conv_trans_nstb/images/final_test_psnr_e/test_001550_PSNR_E_9.png | PSNR: 49.41dB | SSIM: 0.9954
25-07-27 21:15:56.728 : Saved test image 1560: training_results/conv_trans_nstb/scunet_ngswin_conv_trans_nstb/images/final_test_psnr_e/test_001560_PSNR_E_9.png | PSNR: 49.96dB | SSIM: 0.9954
25-07-27 21:15:57.720 : Saved test image 1570: training_results/conv_trans_nstb/scunet_ngswin_conv_trans_nstb/images/final_test_psnr_e/test_001570_PSNR_E_9.png | PSNR: 47.50dB | SSIM: 0.9919
25-07-27 21:15:58.718 : Saved test image 1580: training_results/conv_trans_nstb/scunet_ngswin_conv_trans_nstb/images/final_test_psnr_e/test_001580_PSNR_E_9.png | PSNR: 49.19dB | SSIM: 0.9952
25-07-27 21:15:59.720 : Saved test image 1590: training_results/conv_trans_nstb/scunet_ngswin_conv_trans_nstb/images/final_test_psnr_e/test_001590_PSNR_E_9.png | PSNR: 49.23dB | SSIM: 0.9956
25-07-27 21:16:00.729 : Saved test image 1600: training_results/conv_trans_nstb/scunet_ngswin_conv_trans_nstb/images/final_test_psnr_e/test_001600_PSNR_E_9.png | PSNR: 50.07dB | SSIM: 0.9959
25-07-27 21:16:01.736 : Saved test image 1610: training_results/conv_trans_nstb/scunet_ngswin_conv_trans_nstb/images/final_test_psnr_e/test_001610_PSNR_E_9.png | PSNR: 50.13dB | SSIM: 0.9950
25-07-27 21:16:02.735 : Saved test image 1620: training_results/conv_trans_nstb/scunet_ngswin_conv_trans_nstb/images/final_test_psnr_e/test_001620_PSNR_E_9.png | PSNR: 51.35dB | SSIM: 0.9960
25-07-27 21:16:03.722 : Saved test image 1630: training_results/conv_trans_nstb/scunet_ngswin_conv_trans_nstb/images/final_test_psnr_e/test_001630_PSNR_E_9.png | PSNR: 49.01dB | SSIM: 0.9943
25-07-27 21:16:04.704 : Saved test image 1640: training_results/conv_trans_nstb/scunet_ngswin_conv_trans_nstb/images/final_test_psnr_e/test_001640_PSNR_E_9.png | PSNR: 49.17dB | SSIM: 0.9942
25-07-27 21:16:05.788 : Saved test image 1650: training_results/conv_trans_nstb/scunet_ngswin_conv_trans_nstb/images/final_test_psnr_e/test_001650_PSNR_E_9.png | PSNR: 48.85dB | SSIM: 0.9945
25-07-27 21:16:06.775 : Saved test image 1660: training_results/conv_trans_nstb/scunet_ngswin_conv_trans_nstb/images/final_test_psnr_e/test_001660_PSNR_E_9.png | PSNR: 48.62dB | SSIM: 0.9946
25-07-27 21:16:07.759 : Saved test image 1670: training_results/conv_trans_nstb/scunet_ngswin_conv_trans_nstb/images/final_test_psnr_e/test_001670_PSNR_E_9.png | PSNR: 48.06dB | SSIM: 0.9946
25-07-27 21:16:08.750 : Saved test image 1680: training_results/conv_trans_nstb/scunet_ngswin_conv_trans_nstb/images/final_test_psnr_e/test_001680_PSNR_E_9.png | PSNR: 50.91dB | SSIM: 0.9962
25-07-27 21:16:09.722 : Saved test image 1690: training_results/conv_trans_nstb/scunet_ngswin_conv_trans_nstb/images/final_test_psnr_e/test_001690_PSNR_E_9.png | PSNR: 55.33dB | SSIM: 0.9979
25-07-27 21:16:10.712 : Saved test image 1700: training_results/conv_trans_nstb/scunet_ngswin_conv_trans_nstb/images/final_test_psnr_e/test_001700_PSNR_E_9.png | PSNR: 50.57dB | SSIM: 0.9943
25-07-27 21:16:11.679 : Saved test image 1710: training_results/conv_trans_nstb/scunet_ngswin_conv_trans_nstb/images/final_test_psnr_e/test_001710_PSNR_E_9.png | PSNR: 54.71dB | SSIM: 0.9967
25-07-27 21:16:12.661 : Saved test image 1720: training_results/conv_trans_nstb/scunet_ngswin_conv_trans_nstb/images/final_test_psnr_e/test_001720_PSNR_E_9.png | PSNR: 50.78dB | SSIM: 0.9957
25-07-27 21:16:13.621 : Saved test image 1730: training_results/conv_trans_nstb/scunet_ngswin_conv_trans_nstb/images/final_test_psnr_e/test_001730_PSNR_E_9.png | PSNR: 49.86dB | SSIM: 0.9952
25-07-27 21:16:14.618 : Saved test image 1740: training_results/conv_trans_nstb/scunet_ngswin_conv_trans_nstb/images/final_test_psnr_e/test_001740_PSNR_E_9.png | PSNR: 49.05dB | SSIM: 0.9945
25-07-27 21:16:15.590 : Saved test image 1750: training_results/conv_trans_nstb/scunet_ngswin_conv_trans_nstb/images/final_test_psnr_e/test_001750_PSNR_E_9.png | PSNR: 50.00dB | SSIM: 0.9953
25-07-27 21:16:16.556 : Saved test image 1760: training_results/conv_trans_nstb/scunet_ngswin_conv_trans_nstb/images/final_test_psnr_e/test_001760_PSNR_E_9.png | PSNR: 49.92dB | SSIM: 0.9944
25-07-27 21:16:17.523 : Saved test image 1770: training_results/conv_trans_nstb/scunet_ngswin_conv_trans_nstb/images/final_test_psnr_e/test_001770_PSNR_E_9.png | PSNR: 48.78dB | SSIM: 0.9942
25-07-27 21:16:18.492 : Saved test image 1780: training_results/conv_trans_nstb/scunet_ngswin_conv_trans_nstb/images/final_test_psnr_e/test_001780_PSNR_E_9.png | PSNR: 50.03dB | SSIM: 0.9946
25-07-27 21:16:19.461 : Saved test image 1790: training_results/conv_trans_nstb/scunet_ngswin_conv_trans_nstb/images/final_test_psnr_e/test_001790_PSNR_E_9.png | PSNR: 51.28dB | SSIM: 0.9966
25-07-27 21:16:20.438 : Saved test image 1800: training_results/conv_trans_nstb/scunet_ngswin_conv_trans_nstb/images/final_test_psnr_e/test_001800_PSNR_E_9.png | PSNR: 55.49dB | SSIM: 0.9981
25-07-27 21:16:21.416 : Saved test image 1810: training_results/conv_trans_nstb/scunet_ngswin_conv_trans_nstb/images/final_test_psnr_e/test_001810_PSNR_E_9.png | PSNR: 54.91dB | SSIM: 0.9977
25-07-27 21:16:22.389 : Saved test image 1820: training_results/conv_trans_nstb/scunet_ngswin_conv_trans_nstb/images/final_test_psnr_e/test_001820_PSNR_E_9.png | PSNR: 53.37dB | SSIM: 0.9969
25-07-27 21:16:23.373 : Saved test image 1830: training_results/conv_trans_nstb/scunet_ngswin_conv_trans_nstb/images/final_test_psnr_e/test_001830_PSNR_E_9.png | PSNR: 52.21dB | SSIM: 0.9969
25-07-27 21:16:24.346 : Saved test image 1840: training_results/conv_trans_nstb/scunet_ngswin_conv_trans_nstb/images/final_test_psnr_e/test_001840_PSNR_E_9.png | PSNR: 49.75dB | SSIM: 0.9948
25-07-27 21:16:25.326 : Saved test image 1850: training_results/conv_trans_nstb/scunet_ngswin_conv_trans_nstb/images/final_test_psnr_e/test_001850_PSNR_E_9.png | PSNR: 48.47dB | SSIM: 0.9940
25-07-27 21:16:26.296 : Saved test image 1860: training_results/conv_trans_nstb/scunet_ngswin_conv_trans_nstb/images/final_test_psnr_e/test_001860_PSNR_E_9.png | PSNR: 47.73dB | SSIM: 0.9931
25-07-27 21:16:27.267 : Saved test image 1870: training_results/conv_trans_nstb/scunet_ngswin_conv_trans_nstb/images/final_test_psnr_e/test_001870_PSNR_E_9.png | PSNR: 48.44dB | SSIM: 0.9939
25-07-27 21:16:28.238 : Saved test image 1880: training_results/conv_trans_nstb/scunet_ngswin_conv_trans_nstb/images/final_test_psnr_e/test_001880_PSNR_E_9.png | PSNR: 48.05dB | SSIM: 0.9938
25-07-27 21:16:29.218 : Saved test image 1890: training_results/conv_trans_nstb/scunet_ngswin_conv_trans_nstb/images/final_test_psnr_e/test_001890_PSNR_E_9.png | PSNR: 47.99dB | SSIM: 0.9938
25-07-27 21:16:30.198 : Saved test image 1900: training_results/conv_trans_nstb/scunet_ngswin_conv_trans_nstb/images/final_test_psnr_e/test_001900_PSNR_E_9.png | PSNR: 53.05dB | SSIM: 0.9970
25-07-27 21:16:31.175 : Saved test image 1910: training_results/conv_trans_nstb/scunet_ngswin_conv_trans_nstb/images/final_test_psnr_e/test_001910_PSNR_E_9.png | PSNR: 53.99dB | SSIM: 0.9971
25-07-27 21:16:32.151 : Saved test image 1920: training_results/conv_trans_nstb/scunet_ngswin_conv_trans_nstb/images/final_test_psnr_e/test_001920_PSNR_E_9.png | PSNR: 53.83dB | SSIM: 0.9968
25-07-27 21:16:33.135 : Saved test image 1930: training_results/conv_trans_nstb/scunet_ngswin_conv_trans_nstb/images/final_test_psnr_e/test_001930_PSNR_E_9.png | PSNR: 54.30dB | SSIM: 0.9968
25-07-27 21:16:34.120 : Saved test image 1940: training_results/conv_trans_nstb/scunet_ngswin_conv_trans_nstb/images/final_test_psnr_e/test_001940_PSNR_E_9.png | PSNR: 53.78dB | SSIM: 0.9966
25-07-27 21:16:35.100 : Saved test image 1950: training_results/conv_trans_nstb/scunet_ngswin_conv_trans_nstb/images/final_test_psnr_e/test_001950_PSNR_E_9.png | PSNR: 54.44dB | SSIM: 0.9968
25-07-27 21:16:36.087 : Saved test image 1960: training_results/conv_trans_nstb/scunet_ngswin_conv_trans_nstb/images/final_test_psnr_e/test_001960_PSNR_E_9.png | PSNR: 54.45dB | SSIM: 0.9967
25-07-27 21:16:37.077 : Saved test image 1970: training_results/conv_trans_nstb/scunet_ngswin_conv_trans_nstb/images/final_test_psnr_e/test_001970_PSNR_E_9.png | PSNR: 53.47dB | SSIM: 0.9963
25-07-27 21:16:38.054 : Saved test image 1980: training_results/conv_trans_nstb/scunet_ngswin_conv_trans_nstb/images/final_test_psnr_e/test_001980_PSNR_E_9.png | PSNR: 52.83dB | SSIM: 0.9962
25-07-27 21:16:39.035 : Saved test image 1990: training_results/conv_trans_nstb/scunet_ngswin_conv_trans_nstb/images/final_test_psnr_e/test_001990_PSNR_E_9.png | PSNR: 52.70dB | SSIM: 0.9964
25-07-27 21:16:40.015 : Saved test image 2000: training_results/conv_trans_nstb/scunet_ngswin_conv_trans_nstb/images/final_test_psnr_e/test_002000_PSNR_E_9.png | PSNR: 52.45dB | SSIM: 0.9962
25-07-27 21:16:40.040 : ------------------------------------------------------------
25-07-27 21:16:40.041 : PSNR_E RESULTS:
25-07-27 21:16:40.041 : Avg PSNR: 48.3577dB, Avg SSIM: 0.993134
25-07-27 21:16:40.041 : Images saved: 200 (every 10th)
25-07-27 21:16:40.041 : Test images directory: training_results/conv_trans_nstb/scunet_ngswin_conv_trans_nstb/images/final_test_psnr_e
25-07-27 21:16:40.041 : ------------------------------------------------------------
25-07-27 21:16:40.041 : ------------------------------------------------------------
25-07-27 21:16:40.041 : Testing checkpoint: PSNR_G (psnr_G.pth)
25-07-27 21:16:40.041 : ------------------------------------------------------------
25-07-27 21:16:40.041 : Loading checkpoint: training_results/conv_trans_nstb/scunet_ngswin_conv_trans_nstb/models/psnr_G.pth
25-07-27 21:16:41.126 : Saved test image 10: training_results/conv_trans_nstb/scunet_ngswin_conv_trans_nstb/images/final_test_psnr_g/test_000010_PSNR_G_9.png | PSNR: 53.06dB | SSIM: 0.9969
25-07-27 21:16:42.233 : Saved test image 20: training_results/conv_trans_nstb/scunet_ngswin_conv_trans_nstb/images/final_test_psnr_g/test_000020_PSNR_G_9.png | PSNR: 52.76dB | SSIM: 0.9967
25-07-27 21:16:43.227 : Saved test image 30: training_results/conv_trans_nstb/scunet_ngswin_conv_trans_nstb/images/final_test_psnr_g/test_000030_PSNR_G_9.png | PSNR: 51.81dB | SSIM: 0.9963
25-07-27 21:16:44.219 : Saved test image 40: training_results/conv_trans_nstb/scunet_ngswin_conv_trans_nstb/images/final_test_psnr_g/test_000040_PSNR_G_9.png | PSNR: 53.44dB | SSIM: 0.9970
25-07-27 21:16:45.202 : Saved test image 50: training_results/conv_trans_nstb/scunet_ngswin_conv_trans_nstb/images/final_test_psnr_g/test_000050_PSNR_G_9.png | PSNR: 49.47dB | SSIM: 0.9951
25-07-27 21:16:46.191 : Saved test image 60: training_results/conv_trans_nstb/scunet_ngswin_conv_trans_nstb/images/final_test_psnr_g/test_000060_PSNR_G_9.png | PSNR: 50.27dB | SSIM: 0.9956
25-07-27 21:16:47.189 : Saved test image 70: training_results/conv_trans_nstb/scunet_ngswin_conv_trans_nstb/images/final_test_psnr_g/test_000070_PSNR_G_9.png | PSNR: 52.45dB | SSIM: 0.9961
25-07-27 21:16:48.180 : Saved test image 80: training_results/conv_trans_nstb/scunet_ngswin_conv_trans_nstb/images/final_test_psnr_g/test_000080_PSNR_G_9.png | PSNR: 51.88dB | SSIM: 0.9959
25-07-27 21:16:49.192 : Saved test image 90: training_results/conv_trans_nstb/scunet_ngswin_conv_trans_nstb/images/final_test_psnr_g/test_000090_PSNR_G_9.png | PSNR: 49.06dB | SSIM: 0.9947
25-07-27 21:16:50.196 : Saved test image 100: training_results/conv_trans_nstb/scunet_ngswin_conv_trans_nstb/images/final_test_psnr_g/test_000100_PSNR_G_9.png | PSNR: 48.58dB | SSIM: 0.9946
25-07-27 21:16:51.211 : Saved test image 110: training_results/conv_trans_nstb/scunet_ngswin_conv_trans_nstb/images/final_test_psnr_g/test_000110_PSNR_G_9.png | PSNR: 50.24dB | SSIM: 0.9955
25-07-27 21:16:52.210 : Saved test image 120: training_results/conv_trans_nstb/scunet_ngswin_conv_trans_nstb/images/final_test_psnr_g/test_000120_PSNR_G_9.png | PSNR: 49.52dB | SSIM: 0.9953
25-07-27 21:16:53.215 : Saved test image 130: training_results/conv_trans_nstb/scunet_ngswin_conv_trans_nstb/images/final_test_psnr_g/test_000130_PSNR_G_9.png | PSNR: 51.38dB | SSIM: 0.9960
25-07-27 21:16:54.211 : Saved test image 140: training_results/conv_trans_nstb/scunet_ngswin_conv_trans_nstb/images/final_test_psnr_g/test_000140_PSNR_G_9.png | PSNR: 51.57dB | SSIM: 0.9960
25-07-27 21:16:55.316 : Saved test image 150: training_results/conv_trans_nstb/scunet_ngswin_conv_trans_nstb/images/final_test_psnr_g/test_000150_PSNR_G_9.png | PSNR: 51.56dB | SSIM: 0.9961
25-07-27 21:16:56.324 : Saved test image 160: training_results/conv_trans_nstb/scunet_ngswin_conv_trans_nstb/images/final_test_psnr_g/test_000160_PSNR_G_9.png | PSNR: 53.95dB | SSIM: 0.9973
25-07-27 21:16:57.331 : Saved test image 170: training_results/conv_trans_nstb/scunet_ngswin_conv_trans_nstb/images/final_test_psnr_g/test_000170_PSNR_G_9.png | PSNR: 47.24dB | SSIM: 0.9941
25-07-27 21:16:58.342 : Saved test image 180: training_results/conv_trans_nstb/scunet_ngswin_conv_trans_nstb/images/final_test_psnr_g/test_000180_PSNR_G_9.png | PSNR: 47.70dB | SSIM: 0.9943
25-07-27 21:16:59.331 : Saved test image 190: training_results/conv_trans_nstb/scunet_ngswin_conv_trans_nstb/images/final_test_psnr_g/test_000190_PSNR_G_9.png | PSNR: 49.86dB | SSIM: 0.9953
25-07-27 21:17:00.324 : Saved test image 200: training_results/conv_trans_nstb/scunet_ngswin_conv_trans_nstb/images/final_test_psnr_g/test_000200_PSNR_G_9.png | PSNR: 49.81dB | SSIM: 0.9956
25-07-27 21:17:01.316 : Saved test image 210: training_results/conv_trans_nstb/scunet_ngswin_conv_trans_nstb/images/final_test_psnr_g/test_000210_PSNR_G_9.png | PSNR: 50.56dB | SSIM: 0.9958
25-07-27 21:17:02.308 : Saved test image 220: training_results/conv_trans_nstb/scunet_ngswin_conv_trans_nstb/images/final_test_psnr_g/test_000220_PSNR_G_9.png | PSNR: 52.01dB | SSIM: 0.9966
25-07-27 21:17:03.291 : Saved test image 230: training_results/conv_trans_nstb/scunet_ngswin_conv_trans_nstb/images/final_test_psnr_g/test_000230_PSNR_G_9.png | PSNR: 51.39dB | SSIM: 0.9965
25-07-27 21:17:04.271 : Saved test image 240: training_results/conv_trans_nstb/scunet_ngswin_conv_trans_nstb/images/final_test_psnr_g/test_000240_PSNR_G_9.png | PSNR: 50.28dB | SSIM: 0.9957
25-07-27 21:17:05.239 : Saved test image 250: training_results/conv_trans_nstb/scunet_ngswin_conv_trans_nstb/images/final_test_psnr_g/test_000250_PSNR_G_9.png | PSNR: 50.56dB | SSIM: 0.9963
25-07-27 21:17:06.225 : Saved test image 260: training_results/conv_trans_nstb/scunet_ngswin_conv_trans_nstb/images/final_test_psnr_g/test_000260_PSNR_G_9.png | PSNR: 50.10dB | SSIM: 0.9960
25-07-27 21:17:07.205 : Saved test image 270: training_results/conv_trans_nstb/scunet_ngswin_conv_trans_nstb/images/final_test_psnr_g/test_000270_PSNR_G_9.png | PSNR: 51.44dB | SSIM: 0.9967
25-07-27 21:17:08.186 : Saved test image 280: training_results/conv_trans_nstb/scunet_ngswin_conv_trans_nstb/images/final_test_psnr_g/test_000280_PSNR_G_9.png | PSNR: 50.62dB | SSIM: 0.9961
25-07-27 21:17:09.166 : Saved test image 290: training_results/conv_trans_nstb/scunet_ngswin_conv_trans_nstb/images/final_test_psnr_g/test_000290_PSNR_G_9.png | PSNR: 51.66dB | SSIM: 0.9965
25-07-27 21:17:10.159 : Saved test image 300: training_results/conv_trans_nstb/scunet_ngswin_conv_trans_nstb/images/final_test_psnr_g/test_000300_PSNR_G_9.png | PSNR: 50.34dB | SSIM: 0.9957
25-07-27 21:17:11.154 : Saved test image 310: training_results/conv_trans_nstb/scunet_ngswin_conv_trans_nstb/images/final_test_psnr_g/test_000310_PSNR_G_9.png | PSNR: 50.70dB | SSIM: 0.9961
25-07-27 21:17:12.135 : Saved test image 320: training_results/conv_trans_nstb/scunet_ngswin_conv_trans_nstb/images/final_test_psnr_g/test_000320_PSNR_G_9.png | PSNR: 51.25dB | SSIM: 0.9964
25-07-27 21:17:13.120 : Saved test image 330: training_results/conv_trans_nstb/scunet_ngswin_conv_trans_nstb/images/final_test_psnr_g/test_000330_PSNR_G_9.png | PSNR: 52.60dB | SSIM: 0.9967
25-07-27 21:17:14.102 : Saved test image 340: training_results/conv_trans_nstb/scunet_ngswin_conv_trans_nstb/images/final_test_psnr_g/test_000340_PSNR_G_9.png | PSNR: 51.38dB | SSIM: 0.9965
25-07-27 21:17:15.090 : Saved test image 350: training_results/conv_trans_nstb/scunet_ngswin_conv_trans_nstb/images/final_test_psnr_g/test_000350_PSNR_G_9.png | PSNR: 49.56dB | SSIM: 0.9950
25-07-27 21:17:16.075 : Saved test image 360: training_results/conv_trans_nstb/scunet_ngswin_conv_trans_nstb/images/final_test_psnr_g/test_000360_PSNR_G_9.png | PSNR: 49.56dB | SSIM: 0.9951
25-07-27 21:17:17.058 : Saved test image 370: training_results/conv_trans_nstb/scunet_ngswin_conv_trans_nstb/images/final_test_psnr_g/test_000370_PSNR_G_9.png | PSNR: 49.76dB | SSIM: 0.9950
25-07-27 21:17:18.044 : Saved test image 380: training_results/conv_trans_nstb/scunet_ngswin_conv_trans_nstb/images/final_test_psnr_g/test_000380_PSNR_G_9.png | PSNR: 49.54dB | SSIM: 0.9953
25-07-27 21:17:19.033 : Saved test image 390: training_results/conv_trans_nstb/scunet_ngswin_conv_trans_nstb/images/final_test_psnr_g/test_000390_PSNR_G_9.png | PSNR: 49.80dB | SSIM: 0.9954
25-07-27 21:17:20.025 : Saved test image 400: training_results/conv_trans_nstb/scunet_ngswin_conv_trans_nstb/images/final_test_psnr_g/test_000400_PSNR_G_9.png | PSNR: 51.26dB | SSIM: 0.9961
25-07-27 21:17:21.008 : Saved test image 410: training_results/conv_trans_nstb/scunet_ngswin_conv_trans_nstb/images/final_test_psnr_g/test_000410_PSNR_G_9.png | PSNR: 47.10dB | SSIM: 0.9897
25-07-27 21:17:22.008 : Saved test image 420: training_results/conv_trans_nstb/scunet_ngswin_conv_trans_nstb/images/final_test_psnr_g/test_000420_PSNR_G_9.png | PSNR: 45.78dB | SSIM: 0.9919
25-07-27 21:17:22.999 : Saved test image 430: training_results/conv_trans_nstb/scunet_ngswin_conv_trans_nstb/images/final_test_psnr_g/test_000430_PSNR_G_9.png | PSNR: 49.85dB | SSIM: 0.9950
25-07-27 21:17:23.992 : Saved test image 440: training_results/conv_trans_nstb/scunet_ngswin_conv_trans_nstb/images/final_test_psnr_g/test_000440_PSNR_G_9.png | PSNR: 48.51dB | SSIM: 0.9938
25-07-27 21:17:24.994 : Saved test image 450: training_results/conv_trans_nstb/scunet_ngswin_conv_trans_nstb/images/final_test_psnr_g/test_000450_PSNR_G_9.png | PSNR: 47.97dB | SSIM: 0.9920
25-07-27 21:17:26.109 : Saved test image 460: training_results/conv_trans_nstb/scunet_ngswin_conv_trans_nstb/images/final_test_psnr_g/test_000460_PSNR_G_9.png | PSNR: 44.56dB | SSIM: 0.9919
25-07-27 21:17:27.106 : Saved test image 470: training_results/conv_trans_nstb/scunet_ngswin_conv_trans_nstb/images/final_test_psnr_g/test_000470_PSNR_G_9.png | PSNR: 49.61dB | SSIM: 0.9942
25-07-27 21:17:28.110 : Saved test image 480: training_results/conv_trans_nstb/scunet_ngswin_conv_trans_nstb/images/final_test_psnr_g/test_000480_PSNR_G_9.png | PSNR: 46.69dB | SSIM: 0.9929
25-07-27 21:17:29.109 : Saved test image 490: training_results/conv_trans_nstb/scunet_ngswin_conv_trans_nstb/images/final_test_psnr_g/test_000490_PSNR_G_9.png | PSNR: 49.67dB | SSIM: 0.9938
25-07-27 21:17:30.120 : Saved test image 500: training_results/conv_trans_nstb/scunet_ngswin_conv_trans_nstb/images/final_test_psnr_g/test_000500_PSNR_G_9.png | PSNR: 50.07dB | SSIM: 0.9941
25-07-27 21:17:31.132 : Saved test image 510: training_results/conv_trans_nstb/scunet_ngswin_conv_trans_nstb/images/final_test_psnr_g/test_000510_PSNR_G_9.png | PSNR: 49.59dB | SSIM: 0.9959
25-07-27 21:17:32.130 : Saved test image 520: training_results/conv_trans_nstb/scunet_ngswin_conv_trans_nstb/images/final_test_psnr_g/test_000520_PSNR_G_9.png | PSNR: 51.82dB | SSIM: 0.9967
25-07-27 21:17:33.130 : Saved test image 530: training_results/conv_trans_nstb/scunet_ngswin_conv_trans_nstb/images/final_test_psnr_g/test_000530_PSNR_G_9.png | PSNR: 47.69dB | SSIM: 0.9921
25-07-27 21:17:34.114 : Saved test image 540: training_results/conv_trans_nstb/scunet_ngswin_conv_trans_nstb/images/final_test_psnr_g/test_000540_PSNR_G_9.png | PSNR: 49.16dB | SSIM: 0.9932
25-07-27 21:17:35.111 : Saved test image 550: training_results/conv_trans_nstb/scunet_ngswin_conv_trans_nstb/images/final_test_psnr_g/test_000550_PSNR_G_9.png | PSNR: 49.12dB | SSIM: 0.9955
25-07-27 21:17:36.114 : Saved test image 560: training_results/conv_trans_nstb/scunet_ngswin_conv_trans_nstb/images/final_test_psnr_g/test_000560_PSNR_G_9.png | PSNR: 45.79dB | SSIM: 0.9904
25-07-27 21:17:37.104 : Saved test image 570: training_results/conv_trans_nstb/scunet_ngswin_conv_trans_nstb/images/final_test_psnr_g/test_000570_PSNR_G_9.png | PSNR: 48.24dB | SSIM: 0.9938
25-07-27 21:17:38.089 : Saved test image 580: training_results/conv_trans_nstb/scunet_ngswin_conv_trans_nstb/images/final_test_psnr_g/test_000580_PSNR_G_9.png | PSNR: 48.85dB | SSIM: 0.9944
25-07-27 21:17:39.072 : Saved test image 590: training_results/conv_trans_nstb/scunet_ngswin_conv_trans_nstb/images/final_test_psnr_g/test_000590_PSNR_G_9.png | PSNR: 49.47dB | SSIM: 0.9950
25-07-27 21:17:40.177 : Saved test image 600: training_results/conv_trans_nstb/scunet_ngswin_conv_trans_nstb/images/final_test_psnr_g/test_000600_PSNR_G_9.png | PSNR: 50.97dB | SSIM: 0.9955
25-07-27 21:17:41.164 : Saved test image 610: training_results/conv_trans_nstb/scunet_ngswin_conv_trans_nstb/images/final_test_psnr_g/test_000610_PSNR_G_9.png | PSNR: 49.13dB | SSIM: 0.9951
25-07-27 21:17:42.150 : Saved test image 620: training_results/conv_trans_nstb/scunet_ngswin_conv_trans_nstb/images/final_test_psnr_g/test_000620_PSNR_G_9.png | PSNR: 50.29dB | SSIM: 0.9957
25-07-27 21:17:43.145 : Saved test image 630: training_results/conv_trans_nstb/scunet_ngswin_conv_trans_nstb/images/final_test_psnr_g/test_000630_PSNR_G_9.png | PSNR: 50.04dB | SSIM: 0.9961
25-07-27 21:17:44.148 : Saved test image 640: training_results/conv_trans_nstb/scunet_ngswin_conv_trans_nstb/images/final_test_psnr_g/test_000640_PSNR_G_9.png | PSNR: 48.32dB | SSIM: 0.9953
25-07-27 21:17:45.142 : Saved test image 650: training_results/conv_trans_nstb/scunet_ngswin_conv_trans_nstb/images/final_test_psnr_g/test_000650_PSNR_G_9.png | PSNR: 53.23dB | SSIM: 0.9964
25-07-27 21:17:46.246 : Saved test image 660: training_results/conv_trans_nstb/scunet_ngswin_conv_trans_nstb/images/final_test_psnr_g/test_000660_PSNR_G_9.png | PSNR: 52.39dB | SSIM: 0.9960
25-07-27 21:17:47.228 : Saved test image 670: training_results/conv_trans_nstb/scunet_ngswin_conv_trans_nstb/images/final_test_psnr_g/test_000670_PSNR_G_9.png | PSNR: 52.92dB | SSIM: 0.9964
25-07-27 21:17:48.220 : Saved test image 680: training_results/conv_trans_nstb/scunet_ngswin_conv_trans_nstb/images/final_test_psnr_g/test_000680_PSNR_G_9.png | PSNR: 52.68dB | SSIM: 0.9964
25-07-27 21:17:49.213 : Saved test image 690: training_results/conv_trans_nstb/scunet_ngswin_conv_trans_nstb/images/final_test_psnr_g/test_000690_PSNR_G_9.png | PSNR: 52.37dB | SSIM: 0.9963
25-07-27 21:17:50.200 : Saved test image 700: training_results/conv_trans_nstb/scunet_ngswin_conv_trans_nstb/images/final_test_psnr_g/test_000700_PSNR_G_9.png | PSNR: 52.25dB | SSIM: 0.9961
25-07-27 21:17:51.206 : Saved test image 710: training_results/conv_trans_nstb/scunet_ngswin_conv_trans_nstb/images/final_test_psnr_g/test_000710_PSNR_G_9.png | PSNR: 51.54dB | SSIM: 0.9960
25-07-27 21:17:52.210 : Saved test image 720: training_results/conv_trans_nstb/scunet_ngswin_conv_trans_nstb/images/final_test_psnr_g/test_000720_PSNR_G_9.png | PSNR: 53.94dB | SSIM: 0.9973
25-07-27 21:17:53.195 : Saved test image 730: training_results/conv_trans_nstb/scunet_ngswin_conv_trans_nstb/images/final_test_psnr_g/test_000730_PSNR_G_9.png | PSNR: 52.96dB | SSIM: 0.9971
25-07-27 21:17:54.178 : Saved test image 740: training_results/conv_trans_nstb/scunet_ngswin_conv_trans_nstb/images/final_test_psnr_g/test_000740_PSNR_G_9.png | PSNR: 50.07dB | SSIM: 0.9945
25-07-27 21:17:55.189 : Saved test image 750: training_results/conv_trans_nstb/scunet_ngswin_conv_trans_nstb/images/final_test_psnr_g/test_000750_PSNR_G_9.png | PSNR: 50.36dB | SSIM: 0.9936
25-07-27 21:17:56.182 : Saved test image 760: training_results/conv_trans_nstb/scunet_ngswin_conv_trans_nstb/images/final_test_psnr_g/test_000760_PSNR_G_9.png | PSNR: 50.17dB | SSIM: 0.9944
25-07-27 21:17:57.241 : Saved test image 770: training_results/conv_trans_nstb/scunet_ngswin_conv_trans_nstb/images/final_test_psnr_g/test_000770_PSNR_G_9.png | PSNR: 50.82dB | SSIM: 0.9950
25-07-27 21:17:58.234 : Saved test image 780: training_results/conv_trans_nstb/scunet_ngswin_conv_trans_nstb/images/final_test_psnr_g/test_000780_PSNR_G_9.png | PSNR: 50.36dB | SSIM: 0.9947
25-07-27 21:17:59.225 : Saved test image 790: training_results/conv_trans_nstb/scunet_ngswin_conv_trans_nstb/images/final_test_psnr_g/test_000790_PSNR_G_9.png | PSNR: 48.51dB | SSIM: 0.9937
25-07-27 21:18:00.214 : Saved test image 800: training_results/conv_trans_nstb/scunet_ngswin_conv_trans_nstb/images/final_test_psnr_g/test_000800_PSNR_G_9.png | PSNR: 50.56dB | SSIM: 0.9955
25-07-27 21:18:01.199 : Saved test image 810: training_results/conv_trans_nstb/scunet_ngswin_conv_trans_nstb/images/final_test_psnr_g/test_000810_PSNR_G_9.png | PSNR: 48.77dB | SSIM: 0.9951
25-07-27 21:18:02.198 : Saved test image 820: training_results/conv_trans_nstb/scunet_ngswin_conv_trans_nstb/images/final_test_psnr_g/test_000820_PSNR_G_9.png | PSNR: 48.53dB | SSIM: 0.9943
25-07-27 21:18:03.196 : Saved test image 830: training_results/conv_trans_nstb/scunet_ngswin_conv_trans_nstb/images/final_test_psnr_g/test_000830_PSNR_G_9.png | PSNR: 49.77dB | SSIM: 0.9935
25-07-27 21:18:04.190 : Saved test image 840: training_results/conv_trans_nstb/scunet_ngswin_conv_trans_nstb/images/final_test_psnr_g/test_000840_PSNR_G_9.png | PSNR: 48.20dB | SSIM: 0.9947
25-07-27 21:18:05.180 : Saved test image 850: training_results/conv_trans_nstb/scunet_ngswin_conv_trans_nstb/images/final_test_psnr_g/test_000850_PSNR_G_9.png | PSNR: 49.20dB | SSIM: 0.9952
25-07-27 21:18:06.163 : Saved test image 860: training_results/conv_trans_nstb/scunet_ngswin_conv_trans_nstb/images/final_test_psnr_g/test_000860_PSNR_G_9.png | PSNR: 49.82dB | SSIM: 0.9953
25-07-27 21:18:07.152 : Saved test image 870: training_results/conv_trans_nstb/scunet_ngswin_conv_trans_nstb/images/final_test_psnr_g/test_000870_PSNR_G_9.png | PSNR: 49.90dB | SSIM: 0.9945
25-07-27 21:18:08.136 : Saved test image 880: training_results/conv_trans_nstb/scunet_ngswin_conv_trans_nstb/images/final_test_psnr_g/test_000880_PSNR_G_9.png | PSNR: 46.55dB | SSIM: 0.9921
25-07-27 21:18:09.118 : Saved test image 890: training_results/conv_trans_nstb/scunet_ngswin_conv_trans_nstb/images/final_test_psnr_g/test_000890_PSNR_G_9.png | PSNR: 48.98dB | SSIM: 0.9929
25-07-27 21:18:10.098 : Saved test image 900: training_results/conv_trans_nstb/scunet_ngswin_conv_trans_nstb/images/final_test_psnr_g/test_000900_PSNR_G_9.png | PSNR: 46.85dB | SSIM: 0.9923
25-07-27 21:18:11.149 : Saved test image 910: training_results/conv_trans_nstb/scunet_ngswin_conv_trans_nstb/images/final_test_psnr_g/test_000910_PSNR_G_9.png | PSNR: 46.90dB | SSIM: 0.9932
25-07-27 21:18:12.128 : Saved test image 920: training_results/conv_trans_nstb/scunet_ngswin_conv_trans_nstb/images/final_test_psnr_g/test_000920_PSNR_G_9.png | PSNR: 48.35dB | SSIM: 0.9937
25-07-27 21:18:13.106 : Saved test image 930: training_results/conv_trans_nstb/scunet_ngswin_conv_trans_nstb/images/final_test_psnr_g/test_000930_PSNR_G_9.png | PSNR: 49.38dB | SSIM: 0.9935
25-07-27 21:18:14.080 : Saved test image 940: training_results/conv_trans_nstb/scunet_ngswin_conv_trans_nstb/images/final_test_psnr_g/test_000940_PSNR_G_9.png | PSNR: 47.14dB | SSIM: 0.9909
25-07-27 21:18:15.048 : Saved test image 950: training_results/conv_trans_nstb/scunet_ngswin_conv_trans_nstb/images/final_test_psnr_g/test_000950_PSNR_G_9.png | PSNR: 48.27dB | SSIM: 0.9931
25-07-27 21:18:16.018 : Saved test image 960: training_results/conv_trans_nstb/scunet_ngswin_conv_trans_nstb/images/final_test_psnr_g/test_000960_PSNR_G_9.png | PSNR: 47.98dB | SSIM: 0.9938
25-07-27 21:18:16.990 : Saved test image 970: training_results/conv_trans_nstb/scunet_ngswin_conv_trans_nstb/images/final_test_psnr_g/test_000970_PSNR_G_9.png | PSNR: 46.07dB | SSIM: 0.9929
25-07-27 21:18:17.964 : Saved test image 980: training_results/conv_trans_nstb/scunet_ngswin_conv_trans_nstb/images/final_test_psnr_g/test_000980_PSNR_G_9.png | PSNR: 49.48dB | SSIM: 0.9951
25-07-27 21:18:18.936 : Saved test image 990: training_results/conv_trans_nstb/scunet_ngswin_conv_trans_nstb/images/final_test_psnr_g/test_000990_PSNR_G_9.png | PSNR: 54.24dB | SSIM: 0.9970
25-07-27 21:18:19.896 : Saved test image 1000: training_results/conv_trans_nstb/scunet_ngswin_conv_trans_nstb/images/final_test_psnr_g/test_001000_PSNR_G_9.png | PSNR: 53.47dB | SSIM: 0.9967
25-07-27 21:18:20.856 : Saved test image 1010: training_results/conv_trans_nstb/scunet_ngswin_conv_trans_nstb/images/final_test_psnr_g/test_001010_PSNR_G_9.png | PSNR: 52.51dB | SSIM: 0.9961
25-07-27 21:18:21.806 : Saved test image 1020: training_results/conv_trans_nstb/scunet_ngswin_conv_trans_nstb/images/final_test_psnr_g/test_001020_PSNR_G_9.png | PSNR: 52.11dB | SSIM: 0.9959
25-07-27 21:18:22.760 : Saved test image 1030: training_results/conv_trans_nstb/scunet_ngswin_conv_trans_nstb/images/final_test_psnr_g/test_001030_PSNR_G_9.png | PSNR: 50.00dB | SSIM: 0.9955
25-07-27 21:18:23.742 : Saved test image 1040: training_results/conv_trans_nstb/scunet_ngswin_conv_trans_nstb/images/final_test_psnr_g/test_001040_PSNR_G_9.png | PSNR: 52.46dB | SSIM: 0.9962
25-07-27 21:18:24.740 : Saved test image 1050: training_results/conv_trans_nstb/scunet_ngswin_conv_trans_nstb/images/final_test_psnr_g/test_001050_PSNR_G_9.png | PSNR: 52.13dB | SSIM: 0.9960
25-07-27 21:18:25.727 : Saved test image 1060: training_results/conv_trans_nstb/scunet_ngswin_conv_trans_nstb/images/final_test_psnr_g/test_001060_PSNR_G_9.png | PSNR: 50.63dB | SSIM: 0.9954
25-07-27 21:18:26.713 : Saved test image 1070: training_results/conv_trans_nstb/scunet_ngswin_conv_trans_nstb/images/final_test_psnr_g/test_001070_PSNR_G_9.png | PSNR: 50.74dB | SSIM: 0.9954
25-07-27 21:18:27.710 : Saved test image 1080: training_results/conv_trans_nstb/scunet_ngswin_conv_trans_nstb/images/final_test_psnr_g/test_001080_PSNR_G_9.png | PSNR: 50.03dB | SSIM: 0.9951
25-07-27 21:18:28.686 : Saved test image 1090: training_results/conv_trans_nstb/scunet_ngswin_conv_trans_nstb/images/final_test_psnr_g/test_001090_PSNR_G_9.png | PSNR: 51.08dB | SSIM: 0.9956
25-07-27 21:18:29.651 : Saved test image 1100: training_results/conv_trans_nstb/scunet_ngswin_conv_trans_nstb/images/final_test_psnr_g/test_001100_PSNR_G_9.png | PSNR: 53.37dB | SSIM: 0.9964
25-07-27 21:18:30.613 : Saved test image 1110: training_results/conv_trans_nstb/scunet_ngswin_conv_trans_nstb/images/final_test_psnr_g/test_001110_PSNR_G_9.png | PSNR: 51.89dB | SSIM: 0.9961
25-07-27 21:18:31.576 : Saved test image 1120: training_results/conv_trans_nstb/scunet_ngswin_conv_trans_nstb/images/final_test_psnr_g/test_001120_PSNR_G_9.png | PSNR: 52.78dB | SSIM: 0.9964
25-07-27 21:18:32.537 : Saved test image 1130: training_results/conv_trans_nstb/scunet_ngswin_conv_trans_nstb/images/final_test_psnr_g/test_001130_PSNR_G_9.png | PSNR: 53.06dB | SSIM: 0.9966
25-07-27 21:18:33.499 : Saved test image 1140: training_results/conv_trans_nstb/scunet_ngswin_conv_trans_nstb/images/final_test_psnr_g/test_001140_PSNR_G_9.png | PSNR: 54.58dB | SSIM: 0.9973
25-07-27 21:18:34.450 : Saved test image 1150: training_results/conv_trans_nstb/scunet_ngswin_conv_trans_nstb/images/final_test_psnr_g/test_001150_PSNR_G_9.png | PSNR: 52.53dB | SSIM: 0.9964
25-07-27 21:18:35.411 : Saved test image 1160: training_results/conv_trans_nstb/scunet_ngswin_conv_trans_nstb/images/final_test_psnr_g/test_001160_PSNR_G_9.png | PSNR: 49.54dB | SSIM: 0.9954
25-07-27 21:18:36.365 : Saved test image 1170: training_results/conv_trans_nstb/scunet_ngswin_conv_trans_nstb/images/final_test_psnr_g/test_001170_PSNR_G_9.png | PSNR: 50.39dB | SSIM: 0.9954
25-07-27 21:18:37.320 : Saved test image 1180: training_results/conv_trans_nstb/scunet_ngswin_conv_trans_nstb/images/final_test_psnr_g/test_001180_PSNR_G_9.png | PSNR: 50.92dB | SSIM: 0.9955
25-07-27 21:18:38.278 : Saved test image 1190: training_results/conv_trans_nstb/scunet_ngswin_conv_trans_nstb/images/final_test_psnr_g/test_001190_PSNR_G_9.png | PSNR: 51.12dB | SSIM: 0.9967
25-07-27 21:18:39.238 : Saved test image 1200: training_results/conv_trans_nstb/scunet_ngswin_conv_trans_nstb/images/final_test_psnr_g/test_001200_PSNR_G_9.png | PSNR: 53.62dB | SSIM: 0.9971
25-07-27 21:18:40.201 : Saved test image 1210: training_results/conv_trans_nstb/scunet_ngswin_conv_trans_nstb/images/final_test_psnr_g/test_001210_PSNR_G_9.png | PSNR: 53.89dB | SSIM: 0.9970
25-07-27 21:18:41.165 : Saved test image 1220: training_results/conv_trans_nstb/scunet_ngswin_conv_trans_nstb/images/final_test_psnr_g/test_001220_PSNR_G_9.png | PSNR: 53.53dB | SSIM: 0.9967
25-07-27 21:18:42.132 : Saved test image 1230: training_results/conv_trans_nstb/scunet_ngswin_conv_trans_nstb/images/final_test_psnr_g/test_001230_PSNR_G_9.png | PSNR: 53.89dB | SSIM: 0.9969
25-07-27 21:18:43.113 : Saved test image 1240: training_results/conv_trans_nstb/scunet_ngswin_conv_trans_nstb/images/final_test_psnr_g/test_001240_PSNR_G_9.png | PSNR: 52.59dB | SSIM: 0.9965
25-07-27 21:18:44.087 : Saved test image 1250: training_results/conv_trans_nstb/scunet_ngswin_conv_trans_nstb/images/final_test_psnr_g/test_001250_PSNR_G_9.png | PSNR: 52.53dB | SSIM: 0.9966
25-07-27 21:18:45.080 : Saved test image 1260: training_results/conv_trans_nstb/scunet_ngswin_conv_trans_nstb/images/final_test_psnr_g/test_001260_PSNR_G_9.png | PSNR: 53.28dB | SSIM: 0.9968
25-07-27 21:18:46.067 : Saved test image 1270: training_results/conv_trans_nstb/scunet_ngswin_conv_trans_nstb/images/final_test_psnr_g/test_001270_PSNR_G_9.png | PSNR: 53.50dB | SSIM: 0.9969
25-07-27 21:18:47.052 : Saved test image 1280: training_results/conv_trans_nstb/scunet_ngswin_conv_trans_nstb/images/final_test_psnr_g/test_001280_PSNR_G_9.png | PSNR: 52.85dB | SSIM: 0.9966
25-07-27 21:18:48.034 : Saved test image 1290: training_results/conv_trans_nstb/scunet_ngswin_conv_trans_nstb/images/final_test_psnr_g/test_001290_PSNR_G_9.png | PSNR: 52.78dB | SSIM: 0.9966
25-07-27 21:18:49.014 : Saved test image 1300: training_results/conv_trans_nstb/scunet_ngswin_conv_trans_nstb/images/final_test_psnr_g/test_001300_PSNR_G_9.png | PSNR: 49.24dB | SSIM: 0.9921
25-07-27 21:18:49.995 : Saved test image 1310: training_results/conv_trans_nstb/scunet_ngswin_conv_trans_nstb/images/final_test_psnr_g/test_001310_PSNR_G_9.png | PSNR: 49.85dB | SSIM: 0.9954
25-07-27 21:18:50.976 : Saved test image 1320: training_results/conv_trans_nstb/scunet_ngswin_conv_trans_nstb/images/final_test_psnr_g/test_001320_PSNR_G_9.png | PSNR: 50.52dB | SSIM: 0.9947
25-07-27 21:18:51.953 : Saved test image 1330: training_results/conv_trans_nstb/scunet_ngswin_conv_trans_nstb/images/final_test_psnr_g/test_001330_PSNR_G_9.png | PSNR: 47.97dB | SSIM: 0.9938
25-07-27 21:18:52.932 : Saved test image 1340: training_results/conv_trans_nstb/scunet_ngswin_conv_trans_nstb/images/final_test_psnr_g/test_001340_PSNR_G_9.png | PSNR: 45.60dB | SSIM: 0.9938
25-07-27 21:18:53.904 : Saved test image 1350: training_results/conv_trans_nstb/scunet_ngswin_conv_trans_nstb/images/final_test_psnr_g/test_001350_PSNR_G_9.png | PSNR: 54.67dB | SSIM: 0.9971
25-07-27 21:18:54.881 : Saved test image 1360: training_results/conv_trans_nstb/scunet_ngswin_conv_trans_nstb/images/final_test_psnr_g/test_001360_PSNR_G_9.png | PSNR: 50.45dB | SSIM: 0.9953
25-07-27 21:18:55.844 : Saved test image 1370: training_results/conv_trans_nstb/scunet_ngswin_conv_trans_nstb/images/final_test_psnr_g/test_001370_PSNR_G_9.png | PSNR: 49.19dB | SSIM: 0.9952
25-07-27 21:18:56.813 : Saved test image 1380: training_results/conv_trans_nstb/scunet_ngswin_conv_trans_nstb/images/final_test_psnr_g/test_001380_PSNR_G_9.png | PSNR: 50.28dB | SSIM: 0.9962
25-07-27 21:18:57.776 : Saved test image 1390: training_results/conv_trans_nstb/scunet_ngswin_conv_trans_nstb/images/final_test_psnr_g/test_001390_PSNR_G_9.png | PSNR: 52.36dB | SSIM: 0.9966
25-07-27 21:18:58.742 : Saved test image 1400: training_results/conv_trans_nstb/scunet_ngswin_conv_trans_nstb/images/final_test_psnr_g/test_001400_PSNR_G_9.png | PSNR: 51.01dB | SSIM: 0.9958
25-07-27 21:18:59.704 : Saved test image 1410: training_results/conv_trans_nstb/scunet_ngswin_conv_trans_nstb/images/final_test_psnr_g/test_001410_PSNR_G_9.png | PSNR: 51.27dB | SSIM: 0.9957
25-07-27 21:19:00.688 : Saved test image 1420: training_results/conv_trans_nstb/scunet_ngswin_conv_trans_nstb/images/final_test_psnr_g/test_001420_PSNR_G_9.png | PSNR: 52.18dB | SSIM: 0.9961
25-07-27 21:19:01.655 : Saved test image 1430: training_results/conv_trans_nstb/scunet_ngswin_conv_trans_nstb/images/final_test_psnr_g/test_001430_PSNR_G_9.png | PSNR: 52.61dB | SSIM: 0.9959
25-07-27 21:19:02.627 : Saved test image 1440: training_results/conv_trans_nstb/scunet_ngswin_conv_trans_nstb/images/final_test_psnr_g/test_001440_PSNR_G_9.png | PSNR: 53.39dB | SSIM: 0.9966
25-07-27 21:19:03.597 : Saved test image 1450: training_results/conv_trans_nstb/scunet_ngswin_conv_trans_nstb/images/final_test_psnr_g/test_001450_PSNR_G_9.png | PSNR: 53.34dB | SSIM: 0.9964
25-07-27 21:19:04.589 : Saved test image 1460: training_results/conv_trans_nstb/scunet_ngswin_conv_trans_nstb/images/final_test_psnr_g/test_001460_PSNR_G_9.png | PSNR: 53.92dB | SSIM: 0.9966
25-07-27 21:19:05.556 : Saved test image 1470: training_results/conv_trans_nstb/scunet_ngswin_conv_trans_nstb/images/final_test_psnr_g/test_001470_PSNR_G_9.png | PSNR: 53.92dB | SSIM: 0.9966
25-07-27 21:19:06.535 : Saved test image 1480: training_results/conv_trans_nstb/scunet_ngswin_conv_trans_nstb/images/final_test_psnr_g/test_001480_PSNR_G_9.png | PSNR: 53.62dB | SSIM: 0.9965
25-07-27 21:19:07.498 : Saved test image 1490: training_results/conv_trans_nstb/scunet_ngswin_conv_trans_nstb/images/final_test_psnr_g/test_001490_PSNR_G_9.png | PSNR: 53.96dB | SSIM: 0.9966
25-07-27 21:19:08.526 : Saved test image 1500: training_results/conv_trans_nstb/scunet_ngswin_conv_trans_nstb/images/final_test_psnr_g/test_001500_PSNR_G_9.png | PSNR: 53.77dB | SSIM: 0.9973
25-07-27 21:19:09.497 : Saved test image 1510: training_results/conv_trans_nstb/scunet_ngswin_conv_trans_nstb/images/final_test_psnr_g/test_001510_PSNR_G_9.png | PSNR: 53.43dB | SSIM: 0.9971
25-07-27 21:19:10.456 : Saved test image 1520: training_results/conv_trans_nstb/scunet_ngswin_conv_trans_nstb/images/final_test_psnr_g/test_001520_PSNR_G_9.png | PSNR: 49.61dB | SSIM: 0.9951
25-07-27 21:19:11.413 : Saved test image 1530: training_results/conv_trans_nstb/scunet_ngswin_conv_trans_nstb/images/final_test_psnr_g/test_001530_PSNR_G_9.png | PSNR: 47.93dB | SSIM: 0.9929
25-07-27 21:19:12.378 : Saved test image 1540: training_results/conv_trans_nstb/scunet_ngswin_conv_trans_nstb/images/final_test_psnr_g/test_001540_PSNR_G_9.png | PSNR: 49.23dB | SSIM: 0.9942
25-07-27 21:19:13.345 : Saved test image 1550: training_results/conv_trans_nstb/scunet_ngswin_conv_trans_nstb/images/final_test_psnr_g/test_001550_PSNR_G_9.png | PSNR: 49.40dB | SSIM: 0.9953
25-07-27 21:19:14.307 : Saved test image 1560: training_results/conv_trans_nstb/scunet_ngswin_conv_trans_nstb/images/final_test_psnr_g/test_001560_PSNR_G_9.png | PSNR: 49.96dB | SSIM: 0.9954
25-07-27 21:19:15.277 : Saved test image 1570: training_results/conv_trans_nstb/scunet_ngswin_conv_trans_nstb/images/final_test_psnr_g/test_001570_PSNR_G_9.png | PSNR: 47.51dB | SSIM: 0.9919
25-07-27 21:19:16.243 : Saved test image 1580: training_results/conv_trans_nstb/scunet_ngswin_conv_trans_nstb/images/final_test_psnr_g/test_001580_PSNR_G_9.png | PSNR: 49.19dB | SSIM: 0.9952
25-07-27 21:19:17.208 : Saved test image 1590: training_results/conv_trans_nstb/scunet_ngswin_conv_trans_nstb/images/final_test_psnr_g/test_001590_PSNR_G_9.png | PSNR: 49.22dB | SSIM: 0.9956
25-07-27 21:19:18.182 : Saved test image 1600: training_results/conv_trans_nstb/scunet_ngswin_conv_trans_nstb/images/final_test_psnr_g/test_001600_PSNR_G_9.png | PSNR: 50.06dB | SSIM: 0.9958
25-07-27 21:19:19.160 : Saved test image 1610: training_results/conv_trans_nstb/scunet_ngswin_conv_trans_nstb/images/final_test_psnr_g/test_001610_PSNR_G_9.png | PSNR: 50.14dB | SSIM: 0.9950
25-07-27 21:19:20.133 : Saved test image 1620: training_results/conv_trans_nstb/scunet_ngswin_conv_trans_nstb/images/final_test_psnr_g/test_001620_PSNR_G_9.png | PSNR: 51.35dB | SSIM: 0.9960
25-07-27 21:19:21.105 : Saved test image 1630: training_results/conv_trans_nstb/scunet_ngswin_conv_trans_nstb/images/final_test_psnr_g/test_001630_PSNR_G_9.png | PSNR: 49.01dB | SSIM: 0.9943
25-07-27 21:19:22.086 : Saved test image 1640: training_results/conv_trans_nstb/scunet_ngswin_conv_trans_nstb/images/final_test_psnr_g/test_001640_PSNR_G_9.png | PSNR: 49.17dB | SSIM: 0.9942
25-07-27 21:19:23.056 : Saved test image 1650: training_results/conv_trans_nstb/scunet_ngswin_conv_trans_nstb/images/final_test_psnr_g/test_001650_PSNR_G_9.png | PSNR: 48.85dB | SSIM: 0.9945
25-07-27 21:19:24.027 : Saved test image 1660: training_results/conv_trans_nstb/scunet_ngswin_conv_trans_nstb/images/final_test_psnr_g/test_001660_PSNR_G_9.png | PSNR: 48.62dB | SSIM: 0.9946
25-07-27 21:19:25.006 : Saved test image 1670: training_results/conv_trans_nstb/scunet_ngswin_conv_trans_nstb/images/final_test_psnr_g/test_001670_PSNR_G_9.png | PSNR: 48.05dB | SSIM: 0.9946
25-07-27 21:19:25.993 : Saved test image 1680: training_results/conv_trans_nstb/scunet_ngswin_conv_trans_nstb/images/final_test_psnr_g/test_001680_PSNR_G_9.png | PSNR: 50.91dB | SSIM: 0.9962
25-07-27 21:19:26.969 : Saved test image 1690: training_results/conv_trans_nstb/scunet_ngswin_conv_trans_nstb/images/final_test_psnr_g/test_001690_PSNR_G_9.png | PSNR: 55.34dB | SSIM: 0.9979
25-07-27 21:19:27.943 : Saved test image 1700: training_results/conv_trans_nstb/scunet_ngswin_conv_trans_nstb/images/final_test_psnr_g/test_001700_PSNR_G_9.png | PSNR: 50.58dB | SSIM: 0.9943
25-07-27 21:19:28.921 : Saved test image 1710: training_results/conv_trans_nstb/scunet_ngswin_conv_trans_nstb/images/final_test_psnr_g/test_001710_PSNR_G_9.png | PSNR: 54.72dB | SSIM: 0.9967
25-07-27 21:19:29.907 : Saved test image 1720: training_results/conv_trans_nstb/scunet_ngswin_conv_trans_nstb/images/final_test_psnr_g/test_001720_PSNR_G_9.png | PSNR: 50.78dB | SSIM: 0.9957
25-07-27 21:19:30.881 : Saved test image 1730: training_results/conv_trans_nstb/scunet_ngswin_conv_trans_nstb/images/final_test_psnr_g/test_001730_PSNR_G_9.png | PSNR: 49.87dB | SSIM: 0.9952
25-07-27 21:19:31.848 : Saved test image 1740: training_results/conv_trans_nstb/scunet_ngswin_conv_trans_nstb/images/final_test_psnr_g/test_001740_PSNR_G_9.png | PSNR: 49.04dB | SSIM: 0.9945
25-07-27 21:19:32.814 : Saved test image 1750: training_results/conv_trans_nstb/scunet_ngswin_conv_trans_nstb/images/final_test_psnr_g/test_001750_PSNR_G_9.png | PSNR: 49.99dB | SSIM: 0.9953
25-07-27 21:19:33.777 : Saved test image 1760: training_results/conv_trans_nstb/scunet_ngswin_conv_trans_nstb/images/final_test_psnr_g/test_001760_PSNR_G_9.png | PSNR: 49.91dB | SSIM: 0.9944
25-07-27 21:19:34.748 : Saved test image 1770: training_results/conv_trans_nstb/scunet_ngswin_conv_trans_nstb/images/final_test_psnr_g/test_001770_PSNR_G_9.png | PSNR: 48.77dB | SSIM: 0.9942
25-07-27 21:19:35.719 : Saved test image 1780: training_results/conv_trans_nstb/scunet_ngswin_conv_trans_nstb/images/final_test_psnr_g/test_001780_PSNR_G_9.png | PSNR: 50.03dB | SSIM: 0.9946
25-07-27 21:19:36.686 : Saved test image 1790: training_results/conv_trans_nstb/scunet_ngswin_conv_trans_nstb/images/final_test_psnr_g/test_001790_PSNR_G_9.png | PSNR: 51.26dB | SSIM: 0.9966
25-07-27 21:19:37.652 : Saved test image 1800: training_results/conv_trans_nstb/scunet_ngswin_conv_trans_nstb/images/final_test_psnr_g/test_001800_PSNR_G_9.png | PSNR: 55.49dB | SSIM: 0.9981
25-07-27 21:19:38.618 : Saved test image 1810: training_results/conv_trans_nstb/scunet_ngswin_conv_trans_nstb/images/final_test_psnr_g/test_001810_PSNR_G_9.png | PSNR: 54.90dB | SSIM: 0.9977
25-07-27 21:19:39.592 : Saved test image 1820: training_results/conv_trans_nstb/scunet_ngswin_conv_trans_nstb/images/final_test_psnr_g/test_001820_PSNR_G_9.png | PSNR: 53.37dB | SSIM: 0.9969
25-07-27 21:19:40.569 : Saved test image 1830: training_results/conv_trans_nstb/scunet_ngswin_conv_trans_nstb/images/final_test_psnr_g/test_001830_PSNR_G_9.png | PSNR: 52.19dB | SSIM: 0.9969
25-07-27 21:19:41.538 : Saved test image 1840: training_results/conv_trans_nstb/scunet_ngswin_conv_trans_nstb/images/final_test_psnr_g/test_001840_PSNR_G_9.png | PSNR: 49.75dB | SSIM: 0.9948
25-07-27 21:19:42.502 : Saved test image 1850: training_results/conv_trans_nstb/scunet_ngswin_conv_trans_nstb/images/final_test_psnr_g/test_001850_PSNR_G_9.png | PSNR: 48.47dB | SSIM: 0.9940
25-07-27 21:19:43.472 : Saved test image 1860: training_results/conv_trans_nstb/scunet_ngswin_conv_trans_nstb/images/final_test_psnr_g/test_001860_PSNR_G_9.png | PSNR: 47.73dB | SSIM: 0.9931
25-07-27 21:19:44.436 : Saved test image 1870: training_results/conv_trans_nstb/scunet_ngswin_conv_trans_nstb/images/final_test_psnr_g/test_001870_PSNR_G_9.png | PSNR: 48.45dB | SSIM: 0.9939
25-07-27 21:19:45.402 : Saved test image 1880: training_results/conv_trans_nstb/scunet_ngswin_conv_trans_nstb/images/final_test_psnr_g/test_001880_PSNR_G_9.png | PSNR: 48.05dB | SSIM: 0.9938
25-07-27 21:19:46.375 : Saved test image 1890: training_results/conv_trans_nstb/scunet_ngswin_conv_trans_nstb/images/final_test_psnr_g/test_001890_PSNR_G_9.png | PSNR: 48.00dB | SSIM: 0.9938
25-07-27 21:19:47.343 : Saved test image 1900: training_results/conv_trans_nstb/scunet_ngswin_conv_trans_nstb/images/final_test_psnr_g/test_001900_PSNR_G_9.png | PSNR: 53.05dB | SSIM: 0.9970
25-07-27 21:19:48.311 : Saved test image 1910: training_results/conv_trans_nstb/scunet_ngswin_conv_trans_nstb/images/final_test_psnr_g/test_001910_PSNR_G_9.png | PSNR: 53.99dB | SSIM: 0.9971
25-07-27 21:19:49.285 : Saved test image 1920: training_results/conv_trans_nstb/scunet_ngswin_conv_trans_nstb/images/final_test_psnr_g/test_001920_PSNR_G_9.png | PSNR: 53.82dB | SSIM: 0.9968
25-07-27 21:19:50.261 : Saved test image 1930: training_results/conv_trans_nstb/scunet_ngswin_conv_trans_nstb/images/final_test_psnr_g/test_001930_PSNR_G_9.png | PSNR: 54.29dB | SSIM: 0.9968
25-07-27 21:19:51.239 : Saved test image 1940: training_results/conv_trans_nstb/scunet_ngswin_conv_trans_nstb/images/final_test_psnr_g/test_001940_PSNR_G_9.png | PSNR: 53.77dB | SSIM: 0.9965
25-07-27 21:19:52.313 : Saved test image 1950: training_results/conv_trans_nstb/scunet_ngswin_conv_trans_nstb/images/final_test_psnr_g/test_001950_PSNR_G_9.png | PSNR: 54.43dB | SSIM: 0.9968
25-07-27 21:19:53.311 : Saved test image 1960: training_results/conv_trans_nstb/scunet_ngswin_conv_trans_nstb/images/final_test_psnr_g/test_001960_PSNR_G_9.png | PSNR: 54.45dB | SSIM: 0.9967
25-07-27 21:19:54.333 : Saved test image 1970: training_results/conv_trans_nstb/scunet_ngswin_conv_trans_nstb/images/final_test_psnr_g/test_001970_PSNR_G_9.png | PSNR: 53.47dB | SSIM: 0.9963
25-07-27 21:19:55.316 : Saved test image 1980: training_results/conv_trans_nstb/scunet_ngswin_conv_trans_nstb/images/final_test_psnr_g/test_001980_PSNR_G_9.png | PSNR: 52.82dB | SSIM: 0.9962
25-07-27 21:19:56.304 : Saved test image 1990: training_results/conv_trans_nstb/scunet_ngswin_conv_trans_nstb/images/final_test_psnr_g/test_001990_PSNR_G_9.png | PSNR: 52.70dB | SSIM: 0.9964
25-07-27 21:19:57.289 : Saved test image 2000: training_results/conv_trans_nstb/scunet_ngswin_conv_trans_nstb/images/final_test_psnr_g/test_002000_PSNR_G_9.png | PSNR: 52.45dB | SSIM: 0.9962
25-07-27 21:19:57.315 : ------------------------------------------------------------
25-07-27 21:19:57.315 : PSNR_G RESULTS:
25-07-27 21:19:57.315 : Avg PSNR: 48.3578dB, Avg SSIM: 0.993133
25-07-27 21:19:57.315 : Images saved: 200 (every 10th)
25-07-27 21:19:57.315 : Test images directory: training_results/conv_trans_nstb/scunet_ngswin_conv_trans_nstb/images/final_test_psnr_g
25-07-27 21:19:57.315 : ------------------------------------------------------------
25-07-27 21:19:57.315 : ================================================================================
25-07-27 21:19:57.315 : FINAL TEST SUMMARY - ALL CHECKPOINTS
25-07-27 21:19:57.315 : ================================================================================
25-07-27 21:19:57.315 : PSNR_E: PSNR=48.3577dB, SSIM=0.993134, Samples=2000, Images_Saved=200
25-07-27 21:19:57.315 : PSNR_G: PSNR=48.3578dB, SSIM=0.993133, Samples=2000, Images_Saved=200
25-07-27 21:19:57.315 : ------------------------------------------------------------
25-07-27 21:19:57.315 : CHECKPOINT COMPARISON:
25-07-27 21:19:57.315 : PSNR_G vs PSNR_E: +0.0001dB difference
25-07-27 21:19:57.315 : SSIM_G vs SSIM_E: -0.000002 difference
25-07-27 21:19:57.315 : Better checkpoint: PSNR_G
25-07-27 21:19:57.315 : ------------------------------------------------------------
25-07-27 21:19:57.316 : Total test samples evaluated: 2000
25-07-27 21:19:57.316 : ================================================================================
25-07-27 21:19:57.316 : Training completed. TensorBoard logs saved.
25-07-27 21:19:57.316 : Final test images saved to: training_results/conv_trans_nstb/scunet_ngswin_conv_trans_nstb/images/final_test_*
