25-07-04 19:27:38.550 :   task: scunet_ngswin_conv_nstb
  model: scunet_ngswin
  gpu_ids: [0]
  dist: False
  scale: 1
  n_channels: 1
  path:[
    root: training_results/conv_nstb
    pretrained_netG: None
    pretrained_netE: None
    task: training_results/conv_nstb/scunet_ngswin_conv_nstb
    log: training_results/conv_nstb/scunet_ngswin_conv_nstb
    options: training_results/conv_nstb/scunet_ngswin_conv_nstb/options
    models: training_results/conv_nstb/scunet_ngswin_conv_nstb/models
    images: training_results/conv_nstb/scunet_ngswin_conv_nstb/images
    pretrained_optimizerG: None
  ]
  datasets:[
    train:[
      name: syn_deeplesion_train_li_ct
      dataset_type: li_ct
      dataroot_H: /home/Drive-D/SynDeepLesion/train_640geo
      dataloader_shuffle: True
      dataloader_num_workers: 16
      dataloader_batch_size: 6
      phase: train
      scale: 1
      n_channels: 1
    ]
    test:[
      name: syn_deeplesion_test_li_ct
      dataset_type: li_ct
      dataroot_H: /home/Drive-D/SynDeepLesion/test_640geo
      phase: test
      scale: 1
      n_channels: 1
    ]
  ]
  netG:[
    net_type: scunet_ngswin
    in_nc: 1
    out_nc: 1
    config: [1, 1, 1, 1, 1, 1, 1]
    dim: 32
    drop_path_rate: 0.0
    input_resolution: 512
    block_variant: conv_nstb
    init_type: kaiming_normal
    init_bn_type: constant
    init_gain: 1.0
    scale: 1
  ]
  train:[
    G_lossfn_type: l1
    G_lossfn_weight: 1.0
    E_decay: 0.999
    G_optimizer_type: adam
    G_optimizer_lr: 0.0001
    G_optimizer_wd: 0
    G_scheduler_type: MultiStepLR
    G_scheduler_milestones: [200000, 400000, 600000, 800000]
    G_scheduler_gamma: 0.5
    G_param_strict: True
    E_param_strict: True
    checkpoint_test: 20000
    checkpoint_save: 10000
    checkpoint_print: 1000
    use_fp16: True
    F_feature_layer: 34
    F_weights: 1.0
    F_lossfn_type: l1
    F_use_input_norm: True
    F_use_range_norm: False
    G_optimizer_betas: [0.9, 0.999]
    G_scheduler_restart_weights: 1
    G_optimizer_reuse: False
  ]
  opt_path: options/train_scunet_ngswin_1.json
  is_train: True
  merge_bn: False
  merge_bn_startpoint: -1
  find_unused_parameters: False
  use_static_graph: False
  num_gpu: 1
  device: cuda

25-07-04 19:27:38.550 : Using device: cuda
25-07-04 19:27:38.818 : Total samples: 36,116 | Train: 32,505 (90.0%) | Validation: 3,611 (10.0%)
25-07-04 19:27:38.818 : Training iters per epoch: 5,418
25-07-04 19:27:38.893 : Test set samples: 2,000
25-07-04 19:27:39.890 : 
Networks name: SCUNet_NGSwin
Params number: 5348264
Net structure:
SCUNet_NGSwin(
  (m_head): Sequential(
    (0): Conv2d(1, 64, kernel_size=(3, 3), stride=(1, 1), padding=(1, 1), bias=False)
  )
  (m_down1): Sequential(
    (0): ConvNSTBBlock(
      (conv1_1): Conv2d(64, 64, kernel_size=(1, 1), stride=(1, 1))
      (conv_block): Sequential(
        (0): Conv2d(32, 32, kernel_size=(3, 3), stride=(1, 1), padding=(1, 1), bias=False)
        (1): ReLU(inplace=True)
        (2): Conv2d(32, 32, kernel_size=(3, 3), stride=(1, 1), padding=(1, 1), bias=False)
      )
      (nstb_block): NSTB(
        (ngram_window_partition): NGramWindowPartition(
          (ngram_context): NGramContext(
            (unigram_embed): Conv2d(32, 16, kernel_size=(8, 8), stride=(8, 8), groups=16)
            (ngram_attn): WindowAttention(
              (qkv): Linear(in_features=16, out_features=48, bias=True)
              (attn_drop): Dropout(p=0.0, inplace=False)
              (proj): Linear(in_features=16, out_features=16, bias=True)
              (proj_drop): Dropout(p=0.0, inplace=False)
              (softmax): Softmax(dim=-1)
            )
            (avg_pool): AvgPool2d(kernel_size=2, stride=2, padding=0)
            (merge): Conv2d(32, 32, kernel_size=(1, 1), stride=(1, 1))
          )
        )
        (attn): WindowAttention(
          (qkv): Linear(in_features=32, out_features=96, bias=True)
          (attn_drop): Dropout(p=0.0, inplace=False)
          (proj): Linear(in_features=32, out_features=32, bias=True)
          (proj_drop): Dropout(p=0.0, inplace=False)
          (softmax): Softmax(dim=-1)
        )
        (norm1): LayerNorm((32,), eps=1e-05, elementwise_affine=True)
        (drop_path): Identity()
        (ffn): Mlp(
          (fc1): Linear(in_features=32, out_features=64, bias=True)
          (act): GELU(approximate='none')
          (drop1): Dropout(p=0.0, inplace=False)
          (norm): Identity()
          (fc2): Linear(in_features=64, out_features=32, bias=True)
          (drop2): Dropout(p=0.0, inplace=False)
        )
        (norm2): LayerNorm((32,), eps=1e-05, elementwise_affine=True)
      )
      (conv1_2): Conv2d(64, 64, kernel_size=(1, 1), stride=(1, 1))
    )
    (1): Conv2d(64, 128, kernel_size=(2, 2), stride=(2, 2), bias=False)
  )
  (m_down2): Sequential(
    (0): ConvNSTBBlock(
      (conv1_1): Conv2d(128, 128, kernel_size=(1, 1), stride=(1, 1))
      (conv_block): Sequential(
        (0): Conv2d(64, 64, kernel_size=(3, 3), stride=(1, 1), padding=(1, 1), bias=False)
        (1): ReLU(inplace=True)
        (2): Conv2d(64, 64, kernel_size=(3, 3), stride=(1, 1), padding=(1, 1), bias=False)
      )
      (nstb_block): NSTB(
        (ngram_window_partition): NGramWindowPartition(
          (ngram_context): NGramContext(
            (unigram_embed): Conv2d(64, 32, kernel_size=(8, 8), stride=(8, 8), groups=32)
            (ngram_attn): WindowAttention(
              (qkv): Linear(in_features=32, out_features=96, bias=True)
              (attn_drop): Dropout(p=0.0, inplace=False)
              (proj): Linear(in_features=32, out_features=32, bias=True)
              (proj_drop): Dropout(p=0.0, inplace=False)
              (softmax): Softmax(dim=-1)
            )
            (avg_pool): AvgPool2d(kernel_size=2, stride=2, padding=0)
            (merge): Conv2d(64, 64, kernel_size=(1, 1), stride=(1, 1))
          )
        )
        (attn): WindowAttention(
          (qkv): Linear(in_features=64, out_features=192, bias=True)
          (attn_drop): Dropout(p=0.0, inplace=False)
          (proj): Linear(in_features=64, out_features=64, bias=True)
          (proj_drop): Dropout(p=0.0, inplace=False)
          (softmax): Softmax(dim=-1)
        )
        (norm1): LayerNorm((64,), eps=1e-05, elementwise_affine=True)
        (drop_path): Identity()
        (ffn): Mlp(
          (fc1): Linear(in_features=64, out_features=128, bias=True)
          (act): GELU(approximate='none')
          (drop1): Dropout(p=0.0, inplace=False)
          (norm): Identity()
          (fc2): Linear(in_features=128, out_features=64, bias=True)
          (drop2): Dropout(p=0.0, inplace=False)
        )
        (norm2): LayerNorm((64,), eps=1e-05, elementwise_affine=True)
      )
      (conv1_2): Conv2d(128, 128, kernel_size=(1, 1), stride=(1, 1))
    )
    (1): Conv2d(128, 256, kernel_size=(2, 2), stride=(2, 2), bias=False)
  )
  (m_down3): Sequential(
    (0): ConvNSTBBlock(
      (conv1_1): Conv2d(256, 256, kernel_size=(1, 1), stride=(1, 1))
      (conv_block): Sequential(
        (0): Conv2d(128, 128, kernel_size=(3, 3), stride=(1, 1), padding=(1, 1), bias=False)
        (1): ReLU(inplace=True)
        (2): Conv2d(128, 128, kernel_size=(3, 3), stride=(1, 1), padding=(1, 1), bias=False)
      )
      (nstb_block): NSTB(
        (ngram_window_partition): NGramWindowPartition(
          (ngram_context): NGramContext(
            (unigram_embed): Conv2d(128, 64, kernel_size=(8, 8), stride=(8, 8), groups=64)
            (ngram_attn): WindowAttention(
              (qkv): Linear(in_features=64, out_features=192, bias=True)
              (attn_drop): Dropout(p=0.0, inplace=False)
              (proj): Linear(in_features=64, out_features=64, bias=True)
              (proj_drop): Dropout(p=0.0, inplace=False)
              (softmax): Softmax(dim=-1)
            )
            (avg_pool): AvgPool2d(kernel_size=2, stride=2, padding=0)
            (merge): Conv2d(128, 128, kernel_size=(1, 1), stride=(1, 1))
          )
        )
        (attn): WindowAttention(
          (qkv): Linear(in_features=128, out_features=384, bias=True)
          (attn_drop): Dropout(p=0.0, inplace=False)
          (proj): Linear(in_features=128, out_features=128, bias=True)
          (proj_drop): Dropout(p=0.0, inplace=False)
          (softmax): Softmax(dim=-1)
        )
        (norm1): LayerNorm((128,), eps=1e-05, elementwise_affine=True)
        (drop_path): Identity()
        (ffn): Mlp(
          (fc1): Linear(in_features=128, out_features=256, bias=True)
          (act): GELU(approximate='none')
          (drop1): Dropout(p=0.0, inplace=False)
          (norm): Identity()
          (fc2): Linear(in_features=256, out_features=128, bias=True)
          (drop2): Dropout(p=0.0, inplace=False)
        )
        (norm2): LayerNorm((128,), eps=1e-05, elementwise_affine=True)
      )
      (conv1_2): Conv2d(256, 256, kernel_size=(1, 1), stride=(1, 1))
    )
    (1): Conv2d(256, 512, kernel_size=(2, 2), stride=(2, 2), bias=False)
  )
  (m_body): Sequential(
    (0): ConvNSTBBlock(
      (conv1_1): Conv2d(512, 512, kernel_size=(1, 1), stride=(1, 1))
      (conv_block): Sequential(
        (0): Conv2d(256, 256, kernel_size=(3, 3), stride=(1, 1), padding=(1, 1), bias=False)
        (1): ReLU(inplace=True)
        (2): Conv2d(256, 256, kernel_size=(3, 3), stride=(1, 1), padding=(1, 1), bias=False)
      )
      (nstb_block): NSTB(
        (ngram_window_partition): NGramWindowPartition(
          (ngram_context): NGramContext(
            (unigram_embed): Conv2d(256, 128, kernel_size=(8, 8), stride=(8, 8), groups=128)
            (ngram_attn): WindowAttention(
              (qkv): Linear(in_features=128, out_features=384, bias=True)
              (attn_drop): Dropout(p=0.0, inplace=False)
              (proj): Linear(in_features=128, out_features=128, bias=True)
              (proj_drop): Dropout(p=0.0, inplace=False)
              (softmax): Softmax(dim=-1)
            )
            (avg_pool): AvgPool2d(kernel_size=2, stride=2, padding=0)
            (merge): Conv2d(256, 256, kernel_size=(1, 1), stride=(1, 1))
          )
        )
        (attn): WindowAttention(
          (qkv): Linear(in_features=256, out_features=768, bias=True)
          (attn_drop): Dropout(p=0.0, inplace=False)
          (proj): Linear(in_features=256, out_features=256, bias=True)
          (proj_drop): Dropout(p=0.0, inplace=False)
          (softmax): Softmax(dim=-1)
        )
        (norm1): LayerNorm((256,), eps=1e-05, elementwise_affine=True)
        (drop_path): Identity()
        (ffn): Mlp(
          (fc1): Linear(in_features=256, out_features=512, bias=True)
          (act): GELU(approximate='none')
          (drop1): Dropout(p=0.0, inplace=False)
          (norm): Identity()
          (fc2): Linear(in_features=512, out_features=256, bias=True)
          (drop2): Dropout(p=0.0, inplace=False)
        )
        (norm2): LayerNorm((256,), eps=1e-05, elementwise_affine=True)
      )
      (conv1_2): Conv2d(512, 512, kernel_size=(1, 1), stride=(1, 1))
    )
  )
  (m_up3): Sequential(
    (0): ConvTranspose2d(512, 256, kernel_size=(2, 2), stride=(2, 2), bias=False)
    (1): ConvNSTBBlock(
      (conv1_1): Conv2d(256, 256, kernel_size=(1, 1), stride=(1, 1))
      (conv_block): Sequential(
        (0): Conv2d(128, 128, kernel_size=(3, 3), stride=(1, 1), padding=(1, 1), bias=False)
        (1): ReLU(inplace=True)
        (2): Conv2d(128, 128, kernel_size=(3, 3), stride=(1, 1), padding=(1, 1), bias=False)
      )
      (nstb_block): NSTB(
        (ngram_window_partition): NGramWindowPartition(
          (ngram_context): NGramContext(
            (unigram_embed): Conv2d(128, 64, kernel_size=(8, 8), stride=(8, 8), groups=64)
            (ngram_attn): WindowAttention(
              (qkv): Linear(in_features=64, out_features=192, bias=True)
              (attn_drop): Dropout(p=0.0, inplace=False)
              (proj): Linear(in_features=64, out_features=64, bias=True)
              (proj_drop): Dropout(p=0.0, inplace=False)
              (softmax): Softmax(dim=-1)
            )
            (avg_pool): AvgPool2d(kernel_size=2, stride=2, padding=0)
            (merge): Conv2d(128, 128, kernel_size=(1, 1), stride=(1, 1))
          )
        )
        (attn): WindowAttention(
          (qkv): Linear(in_features=128, out_features=384, bias=True)
          (attn_drop): Dropout(p=0.0, inplace=False)
          (proj): Linear(in_features=128, out_features=128, bias=True)
          (proj_drop): Dropout(p=0.0, inplace=False)
          (softmax): Softmax(dim=-1)
        )
        (norm1): LayerNorm((128,), eps=1e-05, elementwise_affine=True)
        (drop_path): Identity()
        (ffn): Mlp(
          (fc1): Linear(in_features=128, out_features=256, bias=True)
          (act): GELU(approximate='none')
          (drop1): Dropout(p=0.0, inplace=False)
          (norm): Identity()
          (fc2): Linear(in_features=256, out_features=128, bias=True)
          (drop2): Dropout(p=0.0, inplace=False)
        )
        (norm2): LayerNorm((128,), eps=1e-05, elementwise_affine=True)
      )
      (conv1_2): Conv2d(256, 256, kernel_size=(1, 1), stride=(1, 1))
    )
  )
  (m_up2): Sequential(
    (0): ConvTranspose2d(256, 128, kernel_size=(2, 2), stride=(2, 2), bias=False)
    (1): ConvNSTBBlock(
      (conv1_1): Conv2d(128, 128, kernel_size=(1, 1), stride=(1, 1))
      (conv_block): Sequential(
        (0): Conv2d(64, 64, kernel_size=(3, 3), stride=(1, 1), padding=(1, 1), bias=False)
        (1): ReLU(inplace=True)
        (2): Conv2d(64, 64, kernel_size=(3, 3), stride=(1, 1), padding=(1, 1), bias=False)
      )
      (nstb_block): NSTB(
        (ngram_window_partition): NGramWindowPartition(
          (ngram_context): NGramContext(
            (unigram_embed): Conv2d(64, 32, kernel_size=(8, 8), stride=(8, 8), groups=32)
            (ngram_attn): WindowAttention(
              (qkv): Linear(in_features=32, out_features=96, bias=True)
              (attn_drop): Dropout(p=0.0, inplace=False)
              (proj): Linear(in_features=32, out_features=32, bias=True)
              (proj_drop): Dropout(p=0.0, inplace=False)
              (softmax): Softmax(dim=-1)
            )
            (avg_pool): AvgPool2d(kernel_size=2, stride=2, padding=0)
            (merge): Conv2d(64, 64, kernel_size=(1, 1), stride=(1, 1))
          )
        )
        (attn): WindowAttention(
          (qkv): Linear(in_features=64, out_features=192, bias=True)
          (attn_drop): Dropout(p=0.0, inplace=False)
          (proj): Linear(in_features=64, out_features=64, bias=True)
          (proj_drop): Dropout(p=0.0, inplace=False)
          (softmax): Softmax(dim=-1)
        )
        (norm1): LayerNorm((64,), eps=1e-05, elementwise_affine=True)
        (drop_path): Identity()
        (ffn): Mlp(
          (fc1): Linear(in_features=64, out_features=128, bias=True)
          (act): GELU(approximate='none')
          (drop1): Dropout(p=0.0, inplace=False)
          (norm): Identity()
          (fc2): Linear(in_features=128, out_features=64, bias=True)
          (drop2): Dropout(p=0.0, inplace=False)
        )
        (norm2): LayerNorm((64,), eps=1e-05, elementwise_affine=True)
      )
      (conv1_2): Conv2d(128, 128, kernel_size=(1, 1), stride=(1, 1))
    )
  )
  (m_up1): Sequential(
    (0): ConvTranspose2d(128, 64, kernel_size=(2, 2), stride=(2, 2), bias=False)
    (1): ConvNSTBBlock(
      (conv1_1): Conv2d(64, 64, kernel_size=(1, 1), stride=(1, 1))
      (conv_block): Sequential(
        (0): Conv2d(32, 32, kernel_size=(3, 3), stride=(1, 1), padding=(1, 1), bias=False)
        (1): ReLU(inplace=True)
        (2): Conv2d(32, 32, kernel_size=(3, 3), stride=(1, 1), padding=(1, 1), bias=False)
      )
      (nstb_block): NSTB(
        (ngram_window_partition): NGramWindowPartition(
          (ngram_context): NGramContext(
            (unigram_embed): Conv2d(32, 16, kernel_size=(8, 8), stride=(8, 8), groups=16)
            (ngram_attn): WindowAttention(
              (qkv): Linear(in_features=16, out_features=48, bias=True)
              (attn_drop): Dropout(p=0.0, inplace=False)
              (proj): Linear(in_features=16, out_features=16, bias=True)
              (proj_drop): Dropout(p=0.0, inplace=False)
              (softmax): Softmax(dim=-1)
            )
            (avg_pool): AvgPool2d(kernel_size=2, stride=2, padding=0)
            (merge): Conv2d(32, 32, kernel_size=(1, 1), stride=(1, 1))
          )
        )
        (attn): WindowAttention(
          (qkv): Linear(in_features=32, out_features=96, bias=True)
          (attn_drop): Dropout(p=0.0, inplace=False)
          (proj): Linear(in_features=32, out_features=32, bias=True)
          (proj_drop): Dropout(p=0.0, inplace=False)
          (softmax): Softmax(dim=-1)
        )
        (norm1): LayerNorm((32,), eps=1e-05, elementwise_affine=True)
        (drop_path): Identity()
        (ffn): Mlp(
          (fc1): Linear(in_features=32, out_features=64, bias=True)
          (act): GELU(approximate='none')
          (drop1): Dropout(p=0.0, inplace=False)
          (norm): Identity()
          (fc2): Linear(in_features=64, out_features=32, bias=True)
          (drop2): Dropout(p=0.0, inplace=False)
        )
        (norm2): LayerNorm((32,), eps=1e-05, elementwise_affine=True)
      )
      (conv1_2): Conv2d(64, 64, kernel_size=(1, 1), stride=(1, 1))
    )
  )
  (m_tail): Sequential(
    (0): Conv2d(64, 1, kernel_size=(3, 3), stride=(1, 1), padding=(1, 1), bias=False)
  )
)

25-07-04 19:27:39.926 : 
 |  mean  |  min   |  max   |  std   || shape               
 |  0.006 | -0.333 |  0.333 |  0.192 | torch.Size([64, 1, 3, 3]) || m_head.0.weight
 | -0.000 | -0.125 |  0.125 |  0.073 | torch.Size([64, 64, 1, 1]) || m_down1.0.conv1_1.weight
 | -0.012 | -0.125 |  0.120 |  0.074 | torch.Size([64]) || m_down1.0.conv1_1.bias
 | -0.000 | -0.059 |  0.059 |  0.034 | torch.Size([32, 32, 3, 3]) || m_down1.0.conv_block.0.weight
 | -0.000 | -0.059 |  0.059 |  0.034 | torch.Size([32, 32, 3, 3]) || m_down1.0.conv_block.2.weight
 | -12.109 | -100.000 |  0.000 | 32.624 | torch.Size([64, 64, 64]) || m_down1.0.nstb_block.attn_mask
 | -0.000 | -0.088 |  0.088 |  0.050 | torch.Size([16, 2, 8, 8]) || m_down1.0.nstb_block.ngram_window_partition.ngram_context.unigram_embed.weight
 |  0.024 | -0.072 |  0.087 |  0.049 | torch.Size([16]) || m_down1.0.nstb_block.ngram_window_partition.ngram_context.unigram_embed.bias
 |  2.303 |  2.303 |  2.303 |    nan | torch.Size([1, 1, 1]) || m_down1.0.nstb_block.ngram_window_partition.ngram_context.ngram_attn.logit_scale
 | -0.003 | -0.031 |  0.032 |  0.022 | torch.Size([9, 1]) || m_down1.0.nstb_block.ngram_window_partition.ngram_context.ngram_attn.relative_position_bias_table
 |  4.000 |  0.000 |  8.000 |  2.309 | torch.Size([4, 4]) || m_down1.0.nstb_block.ngram_window_partition.ngram_context.ngram_attn.relative_position_index
 |  0.002 | -0.250 |  0.250 |  0.145 | torch.Size([48, 16]) || m_down1.0.nstb_block.ngram_window_partition.ngram_context.ngram_attn.qkv.weight
 | -0.019 | -0.226 |  0.226 |  0.150 | torch.Size([48]) || m_down1.0.nstb_block.ngram_window_partition.ngram_context.ngram_attn.qkv.bias
 |  0.017 | -0.250 |  0.242 |  0.139 | torch.Size([16, 16]) || m_down1.0.nstb_block.ngram_window_partition.ngram_context.ngram_attn.proj.weight
 | -0.013 | -0.243 |  0.167 |  0.136 | torch.Size([16]) || m_down1.0.nstb_block.ngram_window_partition.ngram_context.ngram_attn.proj.bias
 | -0.003 | -0.176 |  0.176 |  0.102 | torch.Size([32, 32, 1, 1]) || m_down1.0.nstb_block.ngram_window_partition.ngram_context.merge.weight
 | -0.008 | -0.175 |  0.176 |  0.099 | torch.Size([32]) || m_down1.0.nstb_block.ngram_window_partition.ngram_context.merge.bias
 |  2.303 |  2.303 |  2.303 |    nan | torch.Size([1, 1, 1]) || m_down1.0.nstb_block.attn.logit_scale
 | -0.001 | -0.056 |  0.041 |  0.018 | torch.Size([225, 1]) || m_down1.0.nstb_block.attn.relative_position_bias_table
 | 112.000 |  0.000 | 224.000 | 48.719 | torch.Size([64, 64]) || m_down1.0.nstb_block.attn.relative_position_index
 |  0.001 | -0.177 |  0.177 |  0.103 | torch.Size([96, 32]) || m_down1.0.nstb_block.attn.qkv.weight
 | -0.006 | -0.176 |  0.170 |  0.104 | torch.Size([96]) || m_down1.0.nstb_block.attn.qkv.bias
 | -0.002 | -0.177 |  0.176 |  0.102 | torch.Size([32, 32]) || m_down1.0.nstb_block.attn.proj.weight
 |  0.011 | -0.170 |  0.167 |  0.111 | torch.Size([32]) || m_down1.0.nstb_block.attn.proj.bias
 |  1.000 |  1.000 |  1.000 |  0.000 | torch.Size([32]) || m_down1.0.nstb_block.norm1.weight
 |  0.000 |  0.000 |  0.000 |  0.000 | torch.Size([32]) || m_down1.0.nstb_block.norm1.bias
 | -0.001 | -0.177 |  0.177 |  0.102 | torch.Size([64, 32]) || m_down1.0.nstb_block.ffn.fc1.weight
 |  0.005 | -0.157 |  0.176 |  0.089 | torch.Size([64]) || m_down1.0.nstb_block.ffn.fc1.bias
 | -0.003 | -0.125 |  0.125 |  0.072 | torch.Size([32, 64]) || m_down1.0.nstb_block.ffn.fc2.weight
 | -0.015 | -0.122 |  0.122 |  0.080 | torch.Size([32]) || m_down1.0.nstb_block.ffn.fc2.bias
 |  1.000 |  1.000 |  1.000 |  0.000 | torch.Size([32]) || m_down1.0.nstb_block.norm2.weight
 |  0.000 |  0.000 |  0.000 |  0.000 | torch.Size([32]) || m_down1.0.nstb_block.norm2.bias
 | -0.002 | -0.125 |  0.125 |  0.071 | torch.Size([64, 64, 1, 1]) || m_down1.0.conv1_2.weight
 |  0.006 | -0.122 |  0.122 |  0.073 | torch.Size([64]) || m_down1.0.conv1_2.bias
 |  0.000 | -0.062 |  0.062 |  0.036 | torch.Size([128, 64, 2, 2]) || m_down1.1.weight
 |  0.000 | -0.088 |  0.088 |  0.051 | torch.Size([128, 128, 1, 1]) || m_down2.0.conv1_1.weight
 | -0.006 | -0.088 |  0.088 |  0.052 | torch.Size([128]) || m_down2.0.conv1_1.bias
 |  0.000 | -0.042 |  0.042 |  0.024 | torch.Size([64, 64, 3, 3]) || m_down2.0.conv_block.0.weight
 |  0.000 | -0.042 |  0.042 |  0.024 | torch.Size([64, 64, 3, 3]) || m_down2.0.conv_block.2.weight
 | -23.438 | -100.000 |  0.000 | 42.361 | torch.Size([16, 64, 64]) || m_down2.0.nstb_block.attn_mask
 | -0.000 | -0.088 |  0.088 |  0.051 | torch.Size([32, 2, 8, 8]) || m_down2.0.nstb_block.ngram_window_partition.ngram_context.unigram_embed.weight
 |  0.002 | -0.086 |  0.081 |  0.051 | torch.Size([32]) || m_down2.0.nstb_block.ngram_window_partition.ngram_context.unigram_embed.bias
 |  2.303 |  2.303 |  2.303 |  0.000 | torch.Size([2, 1, 1]) || m_down2.0.nstb_block.ngram_window_partition.ngram_context.ngram_attn.logit_scale
 | -0.004 | -0.041 |  0.019 |  0.016 | torch.Size([9, 2]) || m_down2.0.nstb_block.ngram_window_partition.ngram_context.ngram_attn.relative_position_bias_table
 |  4.000 |  0.000 |  8.000 |  2.309 | torch.Size([4, 4]) || m_down2.0.nstb_block.ngram_window_partition.ngram_context.ngram_attn.relative_position_index
 |  0.002 | -0.177 |  0.177 |  0.101 | torch.Size([96, 32]) || m_down2.0.nstb_block.ngram_window_partition.ngram_context.ngram_attn.qkv.weight
 |  0.027 | -0.171 |  0.176 |  0.096 | torch.Size([96]) || m_down2.0.nstb_block.ngram_window_partition.ngram_context.ngram_attn.qkv.bias
 | -0.002 | -0.176 |  0.177 |  0.100 | torch.Size([32, 32]) || m_down2.0.nstb_block.ngram_window_partition.ngram_context.ngram_attn.proj.weight
 |  0.003 | -0.158 |  0.167 |  0.086 | torch.Size([32]) || m_down2.0.nstb_block.ngram_window_partition.ngram_context.ngram_attn.proj.bias
 |  0.000 | -0.125 |  0.125 |  0.071 | torch.Size([64, 64, 1, 1]) || m_down2.0.nstb_block.ngram_window_partition.ngram_context.merge.weight
 |  0.002 | -0.120 |  0.123 |  0.074 | torch.Size([64]) || m_down2.0.nstb_block.ngram_window_partition.ngram_context.merge.bias
 |  2.303 |  2.303 |  2.303 |  0.000 | torch.Size([2, 1, 1]) || m_down2.0.nstb_block.attn.logit_scale
 | -0.001 | -0.065 |  0.059 |  0.021 | torch.Size([225, 2]) || m_down2.0.nstb_block.attn.relative_position_bias_table
 | 112.000 |  0.000 | 224.000 | 48.719 | torch.Size([64, 64]) || m_down2.0.nstb_block.attn.relative_position_index
 |  0.001 | -0.125 |  0.125 |  0.071 | torch.Size([192, 64]) || m_down2.0.nstb_block.attn.qkv.weight
 | -0.008 | -0.123 |  0.123 |  0.075 | torch.Size([192]) || m_down2.0.nstb_block.attn.qkv.bias
 | -0.003 | -0.125 |  0.125 |  0.073 | torch.Size([64, 64]) || m_down2.0.nstb_block.attn.proj.weight
 |  0.000 | -0.115 |  0.123 |  0.071 | torch.Size([64]) || m_down2.0.nstb_block.attn.proj.bias
 |  1.000 |  1.000 |  1.000 |  0.000 | torch.Size([64]) || m_down2.0.nstb_block.norm1.weight
 |  0.000 |  0.000 |  0.000 |  0.000 | torch.Size([64]) || m_down2.0.nstb_block.norm1.bias
 |  0.000 | -0.125 |  0.125 |  0.072 | torch.Size([128, 64]) || m_down2.0.nstb_block.ffn.fc1.weight
 |  0.002 | -0.125 |  0.125 |  0.080 | torch.Size([128]) || m_down2.0.nstb_block.ffn.fc1.bias
 |  0.001 | -0.088 |  0.088 |  0.051 | torch.Size([64, 128]) || m_down2.0.nstb_block.ffn.fc2.weight
 | -0.003 | -0.084 |  0.085 |  0.051 | torch.Size([64]) || m_down2.0.nstb_block.ffn.fc2.bias
 |  1.000 |  1.000 |  1.000 |  0.000 | torch.Size([64]) || m_down2.0.nstb_block.norm2.weight
 |  0.000 |  0.000 |  0.000 |  0.000 | torch.Size([64]) || m_down2.0.nstb_block.norm2.bias
 |  0.000 | -0.088 |  0.088 |  0.051 | torch.Size([128, 128, 1, 1]) || m_down2.0.conv1_2.weight
 | -0.007 | -0.085 |  0.086 |  0.050 | torch.Size([128]) || m_down2.0.conv1_2.bias
 |  0.000 | -0.044 |  0.044 |  0.026 | torch.Size([256, 128, 2, 2]) || m_down2.1.weight
 |  0.000 | -0.062 |  0.062 |  0.036 | torch.Size([256, 256, 1, 1]) || m_down3.0.conv1_1.weight
 |  0.000 | -0.061 |  0.062 |  0.036 | torch.Size([256]) || m_down3.0.conv1_1.bias
 | -0.000 | -0.029 |  0.029 |  0.017 | torch.Size([128, 128, 3, 3]) || m_down3.0.conv_block.0.weight
 |  0.000 | -0.029 |  0.029 |  0.017 | torch.Size([128, 128, 3, 3]) || m_down3.0.conv_block.2.weight
 | -43.750 | -100.000 |  0.000 | 49.609 | torch.Size([4, 64, 64]) || m_down3.0.nstb_block.attn_mask
 |  0.000 | -0.088 |  0.088 |  0.051 | torch.Size([64, 2, 8, 8]) || m_down3.0.nstb_block.ngram_window_partition.ngram_context.unigram_embed.weight
 |  0.007 | -0.087 |  0.088 |  0.053 | torch.Size([64]) || m_down3.0.nstb_block.ngram_window_partition.ngram_context.unigram_embed.bias
 |  2.303 |  2.303 |  2.303 |  0.000 | torch.Size([4, 1, 1]) || m_down3.0.nstb_block.ngram_window_partition.ngram_context.ngram_attn.logit_scale
 |  0.002 | -0.034 |  0.046 |  0.018 | torch.Size([9, 4]) || m_down3.0.nstb_block.ngram_window_partition.ngram_context.ngram_attn.relative_position_bias_table
 |  4.000 |  0.000 |  8.000 |  2.309 | torch.Size([4, 4]) || m_down3.0.nstb_block.ngram_window_partition.ngram_context.ngram_attn.relative_position_index
 |  0.001 | -0.125 |  0.125 |  0.072 | torch.Size([192, 64]) || m_down3.0.nstb_block.ngram_window_partition.ngram_context.ngram_attn.qkv.weight
 | -0.003 | -0.124 |  0.123 |  0.073 | torch.Size([192]) || m_down3.0.nstb_block.ngram_window_partition.ngram_context.ngram_attn.qkv.bias
 |  0.001 | -0.125 |  0.125 |  0.072 | torch.Size([64, 64]) || m_down3.0.nstb_block.ngram_window_partition.ngram_context.ngram_attn.proj.weight
 | -0.004 | -0.122 |  0.125 |  0.078 | torch.Size([64]) || m_down3.0.nstb_block.ngram_window_partition.ngram_context.ngram_attn.proj.bias
 |  0.000 | -0.088 |  0.088 |  0.051 | torch.Size([128, 128, 1, 1]) || m_down3.0.nstb_block.ngram_window_partition.ngram_context.merge.weight
 | -0.001 | -0.088 |  0.086 |  0.054 | torch.Size([128]) || m_down3.0.nstb_block.ngram_window_partition.ngram_context.merge.bias
 |  2.303 |  2.303 |  2.303 |  0.000 | torch.Size([4, 1, 1]) || m_down3.0.nstb_block.attn.logit_scale
 |  0.000 | -0.057 |  0.063 |  0.019 | torch.Size([225, 4]) || m_down3.0.nstb_block.attn.relative_position_bias_table
 | 112.000 |  0.000 | 224.000 | 48.719 | torch.Size([64, 64]) || m_down3.0.nstb_block.attn.relative_position_index
 |  0.000 | -0.088 |  0.088 |  0.051 | torch.Size([384, 128]) || m_down3.0.nstb_block.attn.qkv.weight
 |  0.001 | -0.087 |  0.088 |  0.052 | torch.Size([384]) || m_down3.0.nstb_block.attn.qkv.bias
 | -0.000 | -0.088 |  0.088 |  0.051 | torch.Size([128, 128]) || m_down3.0.nstb_block.attn.proj.weight
 | -0.004 | -0.088 |  0.085 |  0.052 | torch.Size([128]) || m_down3.0.nstb_block.attn.proj.bias
 |  1.000 |  1.000 |  1.000 |  0.000 | torch.Size([128]) || m_down3.0.nstb_block.norm1.weight
 |  0.000 |  0.000 |  0.000 |  0.000 | torch.Size([128]) || m_down3.0.nstb_block.norm1.bias
 |  0.001 | -0.088 |  0.088 |  0.051 | torch.Size([256, 128]) || m_down3.0.nstb_block.ffn.fc1.weight
 |  0.001 | -0.088 |  0.088 |  0.051 | torch.Size([256]) || m_down3.0.nstb_block.ffn.fc1.bias
 | -0.000 | -0.062 |  0.062 |  0.036 | torch.Size([128, 256]) || m_down3.0.nstb_block.ffn.fc2.weight
 |  0.006 | -0.062 |  0.062 |  0.034 | torch.Size([128]) || m_down3.0.nstb_block.ffn.fc2.bias
 |  1.000 |  1.000 |  1.000 |  0.000 | torch.Size([128]) || m_down3.0.nstb_block.norm2.weight
 |  0.000 |  0.000 |  0.000 |  0.000 | torch.Size([128]) || m_down3.0.nstb_block.norm2.bias
 | -0.000 | -0.062 |  0.062 |  0.036 | torch.Size([256, 256, 1, 1]) || m_down3.0.conv1_2.weight
 |  0.002 | -0.061 |  0.062 |  0.036 | torch.Size([256]) || m_down3.0.conv1_2.bias
 |  0.000 | -0.031 |  0.031 |  0.018 | torch.Size([512, 256, 2, 2]) || m_down3.1.weight
 |  0.000 | -0.044 |  0.044 |  0.026 | torch.Size([512, 512, 1, 1]) || m_body.0.conv1_1.weight
 |  0.002 | -0.044 |  0.044 |  0.025 | torch.Size([512]) || m_body.0.conv1_1.bias
 | -0.000 | -0.021 |  0.021 |  0.012 | torch.Size([256, 256, 3, 3]) || m_body.0.conv_block.0.weight
 | -0.000 | -0.021 |  0.021 |  0.012 | torch.Size([256, 256, 3, 3]) || m_body.0.conv_block.2.weight
 | -75.000 | -100.000 |  0.000 | 43.307 | torch.Size([1, 64, 64]) || m_body.0.nstb_block.attn_mask
 |  0.000 | -0.088 |  0.088 |  0.051 | torch.Size([128, 2, 8, 8]) || m_body.0.nstb_block.ngram_window_partition.ngram_context.unigram_embed.weight
 | -0.002 | -0.087 |  0.087 |  0.050 | torch.Size([128]) || m_body.0.nstb_block.ngram_window_partition.ngram_context.unigram_embed.bias
 |  2.303 |  2.303 |  2.303 |  0.000 | torch.Size([8, 1, 1]) || m_body.0.nstb_block.ngram_window_partition.ngram_context.ngram_attn.logit_scale
 | -0.001 | -0.043 |  0.036 |  0.020 | torch.Size([9, 8]) || m_body.0.nstb_block.ngram_window_partition.ngram_context.ngram_attn.relative_position_bias_table
 |  4.000 |  0.000 |  8.000 |  2.309 | torch.Size([4, 4]) || m_body.0.nstb_block.ngram_window_partition.ngram_context.ngram_attn.relative_position_index
 |  0.000 | -0.088 |  0.088 |  0.051 | torch.Size([384, 128]) || m_body.0.nstb_block.ngram_window_partition.ngram_context.ngram_attn.qkv.weight
 | -0.003 | -0.088 |  0.088 |  0.051 | torch.Size([384]) || m_body.0.nstb_block.ngram_window_partition.ngram_context.ngram_attn.qkv.bias
 | -0.000 | -0.088 |  0.088 |  0.051 | torch.Size([128, 128]) || m_body.0.nstb_block.ngram_window_partition.ngram_context.ngram_attn.proj.weight
 | -0.005 | -0.088 |  0.085 |  0.048 | torch.Size([128]) || m_body.0.nstb_block.ngram_window_partition.ngram_context.ngram_attn.proj.bias
 |  0.000 | -0.062 |  0.062 |  0.036 | torch.Size([256, 256, 1, 1]) || m_body.0.nstb_block.ngram_window_partition.ngram_context.merge.weight
 |  0.004 | -0.062 |  0.062 |  0.033 | torch.Size([256]) || m_body.0.nstb_block.ngram_window_partition.ngram_context.merge.bias
 |  2.303 |  2.303 |  2.303 |  0.000 | torch.Size([8, 1, 1]) || m_body.0.nstb_block.attn.logit_scale
 | -0.000 | -0.064 |  0.079 |  0.020 | torch.Size([225, 8]) || m_body.0.nstb_block.attn.relative_position_bias_table
 | 112.000 |  0.000 | 224.000 | 48.719 | torch.Size([64, 64]) || m_body.0.nstb_block.attn.relative_position_index
 | -0.000 | -0.062 |  0.062 |  0.036 | torch.Size([768, 256]) || m_body.0.nstb_block.attn.qkv.weight
 |  0.002 | -0.062 |  0.062 |  0.036 | torch.Size([768]) || m_body.0.nstb_block.attn.qkv.bias
 | -0.000 | -0.062 |  0.062 |  0.036 | torch.Size([256, 256]) || m_body.0.nstb_block.attn.proj.weight
 | -0.000 | -0.062 |  0.062 |  0.035 | torch.Size([256]) || m_body.0.nstb_block.attn.proj.bias
 |  1.000 |  1.000 |  1.000 |  0.000 | torch.Size([256]) || m_body.0.nstb_block.norm1.weight
 |  0.000 |  0.000 |  0.000 |  0.000 | torch.Size([256]) || m_body.0.nstb_block.norm1.bias
 |  0.000 | -0.062 |  0.062 |  0.036 | torch.Size([512, 256]) || m_body.0.nstb_block.ffn.fc1.weight
 | -0.001 | -0.061 |  0.062 |  0.036 | torch.Size([512]) || m_body.0.nstb_block.ffn.fc1.bias
 |  0.000 | -0.044 |  0.044 |  0.026 | torch.Size([256, 512]) || m_body.0.nstb_block.ffn.fc2.weight
 |  0.000 | -0.044 |  0.044 |  0.028 | torch.Size([256]) || m_body.0.nstb_block.ffn.fc2.bias
 |  1.000 |  1.000 |  1.000 |  0.000 | torch.Size([256]) || m_body.0.nstb_block.norm2.weight
 |  0.000 |  0.000 |  0.000 |  0.000 | torch.Size([256]) || m_body.0.nstb_block.norm2.bias
 | -0.000 | -0.044 |  0.044 |  0.026 | torch.Size([512, 512, 1, 1]) || m_body.0.conv1_2.weight
 | -0.001 | -0.044 |  0.044 |  0.026 | torch.Size([512]) || m_body.0.conv1_2.bias
 | -0.000 | -0.031 |  0.031 |  0.018 | torch.Size([512, 256, 2, 2]) || m_up3.0.weight
 |  0.000 | -0.062 |  0.062 |  0.036 | torch.Size([256, 256, 1, 1]) || m_up3.1.conv1_1.weight
 | -0.002 | -0.062 |  0.062 |  0.036 | torch.Size([256]) || m_up3.1.conv1_1.bias
 |  0.000 | -0.029 |  0.029 |  0.017 | torch.Size([128, 128, 3, 3]) || m_up3.1.conv_block.0.weight
 | -0.000 | -0.029 |  0.029 |  0.017 | torch.Size([128, 128, 3, 3]) || m_up3.1.conv_block.2.weight
 | -43.750 | -100.000 |  0.000 | 49.609 | torch.Size([4, 64, 64]) || m_up3.1.nstb_block.attn_mask
 |  0.001 | -0.088 |  0.088 |  0.051 | torch.Size([64, 2, 8, 8]) || m_up3.1.nstb_block.ngram_window_partition.ngram_context.unigram_embed.weight
 | -0.005 | -0.083 |  0.086 |  0.052 | torch.Size([64]) || m_up3.1.nstb_block.ngram_window_partition.ngram_context.unigram_embed.bias
 |  2.303 |  2.303 |  2.303 |  0.000 | torch.Size([4, 1, 1]) || m_up3.1.nstb_block.ngram_window_partition.ngram_context.ngram_attn.logit_scale
 | -0.000 | -0.041 |  0.048 |  0.021 | torch.Size([9, 4]) || m_up3.1.nstb_block.ngram_window_partition.ngram_context.ngram_attn.relative_position_bias_table
 |  4.000 |  0.000 |  8.000 |  2.309 | torch.Size([4, 4]) || m_up3.1.nstb_block.ngram_window_partition.ngram_context.ngram_attn.relative_position_index
 | -0.002 | -0.125 |  0.125 |  0.072 | torch.Size([192, 64]) || m_up3.1.nstb_block.ngram_window_partition.ngram_context.ngram_attn.qkv.weight
 |  0.001 | -0.124 |  0.124 |  0.073 | torch.Size([192]) || m_up3.1.nstb_block.ngram_window_partition.ngram_context.ngram_attn.qkv.bias
 |  0.001 | -0.125 |  0.125 |  0.073 | torch.Size([64, 64]) || m_up3.1.nstb_block.ngram_window_partition.ngram_context.ngram_attn.proj.weight
 |  0.006 | -0.124 |  0.121 |  0.080 | torch.Size([64]) || m_up3.1.nstb_block.ngram_window_partition.ngram_context.ngram_attn.proj.bias
 |  0.000 | -0.088 |  0.088 |  0.051 | torch.Size([128, 128, 1, 1]) || m_up3.1.nstb_block.ngram_window_partition.ngram_context.merge.weight
 |  0.003 | -0.086 |  0.088 |  0.047 | torch.Size([128]) || m_up3.1.nstb_block.ngram_window_partition.ngram_context.merge.bias
 |  2.303 |  2.303 |  2.303 |  0.000 | torch.Size([4, 1, 1]) || m_up3.1.nstb_block.attn.logit_scale
 | -0.002 | -0.079 |  0.078 |  0.019 | torch.Size([225, 4]) || m_up3.1.nstb_block.attn.relative_position_bias_table
 | 112.000 |  0.000 | 224.000 | 48.719 | torch.Size([64, 64]) || m_up3.1.nstb_block.attn.relative_position_index
 |  0.000 | -0.088 |  0.088 |  0.051 | torch.Size([384, 128]) || m_up3.1.nstb_block.attn.qkv.weight
 |  0.000 | -0.088 |  0.088 |  0.052 | torch.Size([384]) || m_up3.1.nstb_block.attn.qkv.bias
 | -0.000 | -0.088 |  0.088 |  0.051 | torch.Size([128, 128]) || m_up3.1.nstb_block.attn.proj.weight
 |  0.000 | -0.088 |  0.088 |  0.053 | torch.Size([128]) || m_up3.1.nstb_block.attn.proj.bias
 |  1.000 |  1.000 |  1.000 |  0.000 | torch.Size([128]) || m_up3.1.nstb_block.norm1.weight
 |  0.000 |  0.000 |  0.000 |  0.000 | torch.Size([128]) || m_up3.1.nstb_block.norm1.bias
 |  0.000 | -0.088 |  0.088 |  0.051 | torch.Size([256, 128]) || m_up3.1.nstb_block.ffn.fc1.weight
 |  0.005 | -0.085 |  0.087 |  0.051 | torch.Size([256]) || m_up3.1.nstb_block.ffn.fc1.bias
 | -0.000 | -0.062 |  0.062 |  0.036 | torch.Size([128, 256]) || m_up3.1.nstb_block.ffn.fc2.weight
 |  0.003 | -0.062 |  0.062 |  0.036 | torch.Size([128]) || m_up3.1.nstb_block.ffn.fc2.bias
 |  1.000 |  1.000 |  1.000 |  0.000 | torch.Size([128]) || m_up3.1.nstb_block.norm2.weight
 |  0.000 |  0.000 |  0.000 |  0.000 | torch.Size([128]) || m_up3.1.nstb_block.norm2.bias
 |  0.000 | -0.062 |  0.062 |  0.036 | torch.Size([256, 256, 1, 1]) || m_up3.1.conv1_2.weight
 | -0.000 | -0.062 |  0.062 |  0.037 | torch.Size([256]) || m_up3.1.conv1_2.bias
 | -0.000 | -0.044 |  0.044 |  0.026 | torch.Size([256, 128, 2, 2]) || m_up2.0.weight
 | -0.001 | -0.088 |  0.088 |  0.051 | torch.Size([128, 128, 1, 1]) || m_up2.1.conv1_1.weight
 | -0.008 | -0.087 |  0.088 |  0.054 | torch.Size([128]) || m_up2.1.conv1_1.bias
 |  0.000 | -0.042 |  0.042 |  0.024 | torch.Size([64, 64, 3, 3]) || m_up2.1.conv_block.0.weight
 | -0.000 | -0.042 |  0.042 |  0.024 | torch.Size([64, 64, 3, 3]) || m_up2.1.conv_block.2.weight
 | -23.438 | -100.000 |  0.000 | 42.361 | torch.Size([16, 64, 64]) || m_up2.1.nstb_block.attn_mask
 |  0.001 | -0.088 |  0.088 |  0.050 | torch.Size([32, 2, 8, 8]) || m_up2.1.nstb_block.ngram_window_partition.ngram_context.unigram_embed.weight
 | -0.003 | -0.074 |  0.079 |  0.046 | torch.Size([32]) || m_up2.1.nstb_block.ngram_window_partition.ngram_context.unigram_embed.bias
 |  2.303 |  2.303 |  2.303 |  0.000 | torch.Size([2, 1, 1]) || m_up2.1.nstb_block.ngram_window_partition.ngram_context.ngram_attn.logit_scale
 |  0.002 | -0.059 |  0.058 |  0.033 | torch.Size([9, 2]) || m_up2.1.nstb_block.ngram_window_partition.ngram_context.ngram_attn.relative_position_bias_table
 |  4.000 |  0.000 |  8.000 |  2.309 | torch.Size([4, 4]) || m_up2.1.nstb_block.ngram_window_partition.ngram_context.ngram_attn.relative_position_index
 |  0.001 | -0.177 |  0.177 |  0.102 | torch.Size([96, 32]) || m_up2.1.nstb_block.ngram_window_partition.ngram_context.ngram_attn.qkv.weight
 | -0.011 | -0.173 |  0.173 |  0.094 | torch.Size([96]) || m_up2.1.nstb_block.ngram_window_partition.ngram_context.ngram_attn.qkv.bias
 |  0.001 | -0.176 |  0.176 |  0.103 | torch.Size([32, 32]) || m_up2.1.nstb_block.ngram_window_partition.ngram_context.ngram_attn.proj.weight
 |  0.000 | -0.170 |  0.157 |  0.101 | torch.Size([32]) || m_up2.1.nstb_block.ngram_window_partition.ngram_context.ngram_attn.proj.bias
 |  0.000 | -0.125 |  0.125 |  0.071 | torch.Size([64, 64, 1, 1]) || m_up2.1.nstb_block.ngram_window_partition.ngram_context.merge.weight
 | -0.012 | -0.124 |  0.125 |  0.072 | torch.Size([64]) || m_up2.1.nstb_block.ngram_window_partition.ngram_context.merge.bias
 |  2.303 |  2.303 |  2.303 |  0.000 | torch.Size([2, 1, 1]) || m_up2.1.nstb_block.attn.logit_scale
 |  0.001 | -0.063 |  0.057 |  0.021 | torch.Size([225, 2]) || m_up2.1.nstb_block.attn.relative_position_bias_table
 | 112.000 |  0.000 | 224.000 | 48.719 | torch.Size([64, 64]) || m_up2.1.nstb_block.attn.relative_position_index
 | -0.000 | -0.125 |  0.125 |  0.072 | torch.Size([192, 64]) || m_up2.1.nstb_block.attn.qkv.weight
 |  0.007 | -0.125 |  0.125 |  0.079 | torch.Size([192]) || m_up2.1.nstb_block.attn.qkv.bias
 |  0.000 | -0.125 |  0.125 |  0.072 | torch.Size([64, 64]) || m_up2.1.nstb_block.attn.proj.weight
 | -0.008 | -0.123 |  0.119 |  0.079 | torch.Size([64]) || m_up2.1.nstb_block.attn.proj.bias
 |  1.000 |  1.000 |  1.000 |  0.000 | torch.Size([64]) || m_up2.1.nstb_block.norm1.weight
 |  0.000 |  0.000 |  0.000 |  0.000 | torch.Size([64]) || m_up2.1.nstb_block.norm1.bias
 | -0.000 | -0.125 |  0.125 |  0.072 | torch.Size([128, 64]) || m_up2.1.nstb_block.ffn.fc1.weight
 | -0.006 | -0.124 |  0.124 |  0.073 | torch.Size([128]) || m_up2.1.nstb_block.ffn.fc1.bias
 |  0.000 | -0.088 |  0.088 |  0.051 | torch.Size([64, 128]) || m_up2.1.nstb_block.ffn.fc2.weight
 | -0.007 | -0.085 |  0.088 |  0.049 | torch.Size([64]) || m_up2.1.nstb_block.ffn.fc2.bias
 |  1.000 |  1.000 |  1.000 |  0.000 | torch.Size([64]) || m_up2.1.nstb_block.norm2.weight
 |  0.000 |  0.000 |  0.000 |  0.000 | torch.Size([64]) || m_up2.1.nstb_block.norm2.bias
 |  0.000 | -0.088 |  0.088 |  0.051 | torch.Size([128, 128, 1, 1]) || m_up2.1.conv1_2.weight
 |  0.005 | -0.087 |  0.088 |  0.051 | torch.Size([128]) || m_up2.1.conv1_2.bias
 |  0.000 | -0.062 |  0.062 |  0.036 | torch.Size([128, 64, 2, 2]) || m_up1.0.weight
 | -0.001 | -0.125 |  0.125 |  0.072 | torch.Size([64, 64, 1, 1]) || m_up1.1.conv1_1.weight
 |  0.007 | -0.124 |  0.119 |  0.075 | torch.Size([64]) || m_up1.1.conv1_1.bias
 |  0.000 | -0.059 |  0.059 |  0.034 | torch.Size([32, 32, 3, 3]) || m_up1.1.conv_block.0.weight
 | -0.001 | -0.059 |  0.059 |  0.034 | torch.Size([32, 32, 3, 3]) || m_up1.1.conv_block.2.weight
 | -12.109 | -100.000 |  0.000 | 32.624 | torch.Size([64, 64, 64]) || m_up1.1.nstb_block.attn_mask
 |  0.000 | -0.088 |  0.088 |  0.052 | torch.Size([16, 2, 8, 8]) || m_up1.1.nstb_block.ngram_window_partition.ngram_context.unigram_embed.weight
 | -0.006 | -0.088 |  0.087 |  0.047 | torch.Size([16]) || m_up1.1.nstb_block.ngram_window_partition.ngram_context.unigram_embed.bias
 |  2.303 |  2.303 |  2.303 |    nan | torch.Size([1, 1, 1]) || m_up1.1.nstb_block.ngram_window_partition.ngram_context.ngram_attn.logit_scale
 |  0.002 | -0.027 |  0.022 |  0.015 | torch.Size([9, 1]) || m_up1.1.nstb_block.ngram_window_partition.ngram_context.ngram_attn.relative_position_bias_table
 |  4.000 |  0.000 |  8.000 |  2.309 | torch.Size([4, 4]) || m_up1.1.nstb_block.ngram_window_partition.ngram_context.ngram_attn.relative_position_index
 | -0.003 | -0.250 |  0.249 |  0.145 | torch.Size([48, 16]) || m_up1.1.nstb_block.ngram_window_partition.ngram_context.ngram_attn.qkv.weight
 | -0.000 | -0.240 |  0.242 |  0.139 | torch.Size([48]) || m_up1.1.nstb_block.ngram_window_partition.ngram_context.ngram_attn.qkv.bias
 |  0.002 | -0.246 |  0.248 |  0.143 | torch.Size([16, 16]) || m_up1.1.nstb_block.ngram_window_partition.ngram_context.ngram_attn.proj.weight
 | -0.016 | -0.222 |  0.176 |  0.121 | torch.Size([16]) || m_up1.1.nstb_block.ngram_window_partition.ngram_context.ngram_attn.proj.bias
 |  0.003 | -0.177 |  0.176 |  0.102 | torch.Size([32, 32, 1, 1]) || m_up1.1.nstb_block.ngram_window_partition.ngram_context.merge.weight
 |  0.023 | -0.160 |  0.168 |  0.104 | torch.Size([32]) || m_up1.1.nstb_block.ngram_window_partition.ngram_context.merge.bias
 |  2.303 |  2.303 |  2.303 |    nan | torch.Size([1, 1, 1]) || m_up1.1.nstb_block.attn.logit_scale
 |  0.001 | -0.054 |  0.060 |  0.020 | torch.Size([225, 1]) || m_up1.1.nstb_block.attn.relative_position_bias_table
 | 112.000 |  0.000 | 224.000 | 48.719 | torch.Size([64, 64]) || m_up1.1.nstb_block.attn.relative_position_index
 |  0.001 | -0.177 |  0.177 |  0.103 | torch.Size([96, 32]) || m_up1.1.nstb_block.attn.qkv.weight
 | -0.006 | -0.157 |  0.169 |  0.098 | torch.Size([96]) || m_up1.1.nstb_block.attn.qkv.bias
 | -0.001 | -0.177 |  0.177 |  0.101 | torch.Size([32, 32]) || m_up1.1.nstb_block.attn.proj.weight
 |  0.010 | -0.162 |  0.176 |  0.096 | torch.Size([32]) || m_up1.1.nstb_block.attn.proj.bias
 |  1.000 |  1.000 |  1.000 |  0.000 | torch.Size([32]) || m_up1.1.nstb_block.norm1.weight
 |  0.000 |  0.000 |  0.000 |  0.000 | torch.Size([32]) || m_up1.1.nstb_block.norm1.bias
 | -0.000 | -0.177 |  0.177 |  0.102 | torch.Size([64, 32]) || m_up1.1.nstb_block.ffn.fc1.weight
 |  0.002 | -0.176 |  0.169 |  0.100 | torch.Size([64]) || m_up1.1.nstb_block.ffn.fc1.bias
 | -0.002 | -0.125 |  0.125 |  0.072 | torch.Size([32, 64]) || m_up1.1.nstb_block.ffn.fc2.weight
 |  0.009 | -0.121 |  0.103 |  0.069 | torch.Size([32]) || m_up1.1.nstb_block.ffn.fc2.bias
 |  1.000 |  1.000 |  1.000 |  0.000 | torch.Size([32]) || m_up1.1.nstb_block.norm2.weight
 |  0.000 |  0.000 |  0.000 |  0.000 | torch.Size([32]) || m_up1.1.nstb_block.norm2.bias
 | -0.002 | -0.125 |  0.125 |  0.071 | torch.Size([64, 64, 1, 1]) || m_up1.1.conv1_2.weight
 |  0.007 | -0.122 |  0.125 |  0.072 | torch.Size([64]) || m_up1.1.conv1_2.bias
 |  0.001 | -0.042 |  0.042 |  0.024 | torch.Size([1, 64, 3, 3]) || m_tail.0.weight

25-07-04 19:27:39.927 : TensorBoard logging to: training_results/conv_nstb/scunet_ngswin_conv_nstb/tensorboard/SCUNet_conv_nstb_li_ct_val0.1
25-07-04 19:27:39.927 : Experiment name: SCUNet_conv_nstb_li_ct_val0.1
25-07-04 19:27:39.927 : Validation split: 10.0% of training data
25-07-04 19:27:39.927 : Early stopping is disabled. Training will run for full 100 epochs.
25-07-04 19:37:02.602 : <epoch:  1, iter:   1,000, lr:1.000e-04> G_loss: 7.551e-03 
25-07-04 19:46:27.882 : <epoch:  1, iter:   2,000, lr:1.000e-04> G_loss: 4.709e-03 
25-07-04 19:55:53.895 : <epoch:  1, iter:   3,000, lr:1.000e-04> G_loss: 9.345e-03 
25-07-04 20:05:19.555 : <epoch:  1, iter:   4,000, lr:1.000e-04> G_loss: 4.471e-03 
25-07-04 20:14:46.350 : <epoch:  1, iter:   5,000, lr:1.000e-04> G_loss: 4.891e-03 
25-07-04 20:24:12.246 : <epoch:  2, iter:   6,000, lr:1.000e-04> G_loss: 3.678e-03 
25-07-04 20:33:37.540 : <epoch:  2, iter:   7,000, lr:1.000e-04> G_loss: 3.830e-03 
25-07-04 20:43:03.614 : <epoch:  2, iter:   8,000, lr:1.000e-04> G_loss: 4.210e-03 
25-07-04 20:52:29.603 : <epoch:  2, iter:   9,000, lr:1.000e-04> G_loss: 2.931e-03 
25-07-04 21:01:56.781 : <epoch:  2, iter:  10,000, lr:1.000e-04> G_loss: 3.616e-03 
25-07-04 21:01:56.781 : Saving the model.
25-07-04 21:11:23.934 : <epoch:  3, iter:  11,000, lr:1.000e-04> G_loss: 2.573e-03 
25-07-04 21:20:50.219 : <epoch:  3, iter:  12,000, lr:1.000e-04> G_loss: 3.091e-03 
25-07-04 21:30:14.959 : <epoch:  3, iter:  13,000, lr:1.000e-04> G_loss: 2.559e-03 
25-07-04 21:39:38.119 : <epoch:  3, iter:  14,000, lr:1.000e-04> G_loss: 1.683e-03 
25-07-04 21:49:01.348 : <epoch:  3, iter:  15,000, lr:1.000e-04> G_loss: 3.025e-03 
25-07-04 21:58:24.999 : <epoch:  3, iter:  16,000, lr:1.000e-04> G_loss: 1.990e-03 
25-07-04 22:07:49.425 : <epoch:  4, iter:  17,000, lr:1.000e-04> G_loss: 1.875e-03 
25-07-04 22:17:13.159 : <epoch:  4, iter:  18,000, lr:1.000e-04> G_loss: 1.646e-03 
25-07-04 22:26:37.090 : <epoch:  4, iter:  19,000, lr:1.000e-04> G_loss: 1.643e-03 
25-07-04 22:36:01.010 : <epoch:  4, iter:  20,000, lr:1.000e-04> G_loss: 1.877e-03 
25-07-04 22:36:01.010 : Saving the model.
25-07-04 22:40:48.520 : <epoch:  4, iter:  20,000, Val PSNR: 48.38dB, Val SSIM: 0.9914
25-07-04 22:40:48.521 : Training samples this epoch: 22494
25-07-04 22:40:48.521 : Validation samples this check: 3611
25-07-04 22:40:48.522 : Saving PSNR checkpoint.
25-07-04 22:50:10.543 : <epoch:  4, iter:  21,000, lr:1.000e-04> G_loss: 2.060e-03 
25-07-04 22:59:33.529 : <epoch:  5, iter:  22,000, lr:1.000e-04> G_loss: 2.150e-03 
25-07-04 23:08:56.168 : <epoch:  5, iter:  23,000, lr:1.000e-04> G_loss: 1.957e-03 
25-07-04 23:18:18.273 : <epoch:  5, iter:  24,000, lr:1.000e-04> G_loss: 1.671e-03 
25-07-04 23:27:40.230 : <epoch:  5, iter:  25,000, lr:1.000e-04> G_loss: 1.918e-03 
25-07-04 23:37:02.693 : <epoch:  5, iter:  26,000, lr:1.000e-04> G_loss: 1.059e-03 
25-07-04 23:46:25.266 : <epoch:  5, iter:  27,000, lr:1.000e-04> G_loss: 1.867e-03 
25-07-04 23:55:48.520 : <epoch:  6, iter:  28,000, lr:1.000e-04> G_loss: 1.310e-03 
25-07-05 00:05:11.641 : <epoch:  6, iter:  29,000, lr:1.000e-04> G_loss: 1.458e-03 
25-07-05 00:14:35.264 : <epoch:  6, iter:  30,000, lr:1.000e-04> G_loss: 1.436e-03 
25-07-05 00:14:35.264 : Saving the model.
25-07-05 00:23:58.754 : <epoch:  6, iter:  31,000, lr:1.000e-04> G_loss: 1.684e-03 
25-07-05 00:33:21.637 : <epoch:  6, iter:  32,000, lr:1.000e-04> G_loss: 2.244e-03 
25-07-05 00:42:44.779 : <epoch:  7, iter:  33,000, lr:1.000e-04> G_loss: 1.170e-03 
25-07-05 00:52:07.525 : <epoch:  7, iter:  34,000, lr:1.000e-04> G_loss: 1.758e-03 
25-07-05 01:01:30.191 : <epoch:  7, iter:  35,000, lr:1.000e-04> G_loss: 1.352e-03 
25-07-05 01:10:52.673 : <epoch:  7, iter:  36,000, lr:1.000e-04> G_loss: 1.800e-03 
25-07-05 01:20:15.750 : <epoch:  7, iter:  37,000, lr:1.000e-04> G_loss: 1.144e-03 
25-07-05 01:29:40.077 : <epoch:  8, iter:  38,000, lr:1.000e-04> G_loss: 1.026e-03 
25-07-05 01:39:04.263 : <epoch:  8, iter:  39,000, lr:1.000e-04> G_loss: 1.231e-03 
25-07-05 01:48:28.057 : <epoch:  8, iter:  40,000, lr:1.000e-04> G_loss: 1.178e-03 
25-07-05 01:48:28.058 : Saving the model.
25-07-05 01:52:51.670 : <epoch:  8, iter:  40,000, Val PSNR: 49.75dB, Val SSIM: 0.9936
25-07-05 01:52:51.670 : Training samples this epoch: 12486
25-07-05 01:52:51.671 : Validation samples this check: 3611
25-07-05 01:52:51.671 : Saving PSNR checkpoint.
25-07-05 02:02:14.125 : <epoch:  8, iter:  41,000, lr:1.000e-04> G_loss: 1.258e-03 
25-07-05 02:11:37.987 : <epoch:  8, iter:  42,000, lr:1.000e-04> G_loss: 1.364e-03 
25-07-05 02:21:01.682 : <epoch:  8, iter:  43,000, lr:1.000e-04> G_loss: 1.381e-03 
25-07-05 02:30:25.751 : <epoch:  9, iter:  44,000, lr:1.000e-04> G_loss: 1.372e-03 
25-07-05 02:39:50.268 : <epoch:  9, iter:  45,000, lr:1.000e-04> G_loss: 1.298e-03 
25-07-05 02:49:13.674 : <epoch:  9, iter:  46,000, lr:1.000e-04> G_loss: 1.248e-03 
25-07-05 02:58:37.355 : <epoch:  9, iter:  47,000, lr:1.000e-04> G_loss: 1.490e-03 
25-07-05 03:08:00.646 : <epoch:  9, iter:  48,000, lr:1.000e-04> G_loss: 1.449e-03 
25-07-05 03:17:24.220 : <epoch: 10, iter:  49,000, lr:1.000e-04> G_loss: 1.475e-03 
25-07-05 03:26:47.294 : <epoch: 10, iter:  50,000, lr:1.000e-04> G_loss: 1.194e-03 
25-07-05 03:26:47.295 : Saving the model.
25-07-05 03:36:10.551 : <epoch: 10, iter:  51,000, lr:1.000e-04> G_loss: 1.347e-03 
25-07-05 03:45:33.338 : <epoch: 10, iter:  52,000, lr:1.000e-04> G_loss: 1.429e-03 
25-07-05 03:54:55.882 : <epoch: 10, iter:  53,000, lr:1.000e-04> G_loss: 1.268e-03 
25-07-05 04:04:18.570 : <epoch: 10, iter:  54,000, lr:1.000e-04> G_loss: 1.230e-03 
25-07-05 04:13:42.877 : <epoch: 11, iter:  55,000, lr:1.000e-04> G_loss: 1.207e-03 
25-07-05 04:23:07.029 : <epoch: 11, iter:  56,000, lr:1.000e-04> G_loss: 1.472e-03 
25-07-05 04:32:30.300 : <epoch: 11, iter:  57,000, lr:1.000e-04> G_loss: 1.585e-03 
25-07-05 04:41:53.788 : <epoch: 11, iter:  58,000, lr:1.000e-04> G_loss: 1.398e-03 
25-07-05 04:51:17.268 : <epoch: 11, iter:  59,000, lr:1.000e-04> G_loss: 1.196e-03 
25-07-05 05:00:40.947 : <epoch: 12, iter:  60,000, lr:1.000e-04> G_loss: 1.316e-03 
25-07-05 05:00:40.948 : Saving the model.
25-07-05 05:05:28.461 : <epoch: 12, iter:  60,000, Val PSNR: 50.51dB, Val SSIM: 0.9945
25-07-05 05:05:28.461 : Training samples this epoch: 2478
25-07-05 05:05:28.462 : Validation samples this check: 3611
25-07-05 05:05:28.462 : Saving PSNR checkpoint.
25-07-05 05:14:51.958 : <epoch: 12, iter:  61,000, lr:1.000e-04> G_loss: 1.037e-03 
25-07-05 05:24:16.182 : <epoch: 12, iter:  62,000, lr:1.000e-04> G_loss: 1.334e-03 
25-07-05 05:33:39.928 : <epoch: 12, iter:  63,000, lr:1.000e-04> G_loss: 1.030e-03 
25-07-05 05:43:03.224 : <epoch: 12, iter:  64,000, lr:1.000e-04> G_loss: 1.319e-03 
25-07-05 05:52:26.919 : <epoch: 12, iter:  65,000, lr:1.000e-04> G_loss: 1.279e-03 
25-07-05 06:01:52.003 : <epoch: 13, iter:  66,000, lr:1.000e-04> G_loss: 1.148e-03 
25-07-05 06:11:16.144 : <epoch: 13, iter:  67,000, lr:1.000e-04> G_loss: 1.484e-03 
25-07-05 06:20:40.295 : <epoch: 13, iter:  68,000, lr:1.000e-04> G_loss: 1.394e-03 
25-07-05 06:30:04.817 : <epoch: 13, iter:  69,000, lr:1.000e-04> G_loss: 1.121e-03 
25-07-05 06:39:29.095 : <epoch: 13, iter:  70,000, lr:1.000e-04> G_loss: 1.174e-03 
25-07-05 06:39:29.095 : Saving the model.
25-07-05 06:48:53.955 : <epoch: 14, iter:  71,000, lr:1.000e-04> G_loss: 1.348e-03 
25-07-05 06:58:19.471 : <epoch: 14, iter:  72,000, lr:1.000e-04> G_loss: 1.273e-03 
25-07-05 07:07:44.417 : <epoch: 14, iter:  73,000, lr:1.000e-04> G_loss: 1.505e-03 
25-07-05 07:17:09.959 : <epoch: 14, iter:  74,000, lr:1.000e-04> G_loss: 1.337e-03 
25-07-05 07:26:38.290 : <epoch: 14, iter:  75,000, lr:1.000e-04> G_loss: 9.381e-04 
25-07-05 07:36:02.274 : <epoch: 15, iter:  76,000, lr:1.000e-04> G_loss: 1.059e-03 
25-07-05 07:45:25.272 : <epoch: 15, iter:  77,000, lr:1.000e-04> G_loss: 1.124e-03 
25-07-05 07:54:47.497 : <epoch: 15, iter:  78,000, lr:1.000e-04> G_loss: 1.285e-03 
25-07-05 08:04:10.532 : <epoch: 15, iter:  79,000, lr:1.000e-04> G_loss: 1.164e-03 
25-07-05 08:13:35.105 : <epoch: 15, iter:  80,000, lr:1.000e-04> G_loss: 1.346e-03 
25-07-05 08:13:35.105 : Saving the model.
25-07-05 08:18:21.614 : <epoch: 15, iter:  80,000, Val PSNR: 50.98dB, Val SSIM: 0.9949
25-07-05 08:18:21.615 : Training samples this epoch: 24972
25-07-05 08:18:21.615 : Validation samples this check: 3611
25-07-05 08:18:21.615 : Saving PSNR checkpoint.
25-07-05 08:27:42.491 : <epoch: 15, iter:  81,000, lr:1.000e-04> G_loss: 1.041e-03 
25-07-05 08:37:05.881 : <epoch: 16, iter:  82,000, lr:1.000e-04> G_loss: 1.158e-03 
25-07-05 08:46:27.752 : <epoch: 16, iter:  83,000, lr:1.000e-04> G_loss: 1.139e-03 
25-07-05 08:55:49.171 : <epoch: 16, iter:  84,000, lr:1.000e-04> G_loss: 1.256e-03 
25-07-05 09:05:10.706 : <epoch: 16, iter:  85,000, lr:1.000e-04> G_loss: 1.237e-03 
25-07-05 09:14:31.699 : <epoch: 16, iter:  86,000, lr:1.000e-04> G_loss: 1.005e-03 
25-07-05 09:23:52.978 : <epoch: 17, iter:  87,000, lr:1.000e-04> G_loss: 1.267e-03 
25-07-05 09:33:13.671 : <epoch: 17, iter:  88,000, lr:1.000e-04> G_loss: 1.046e-03 
25-07-05 09:42:33.784 : <epoch: 17, iter:  89,000, lr:1.000e-04> G_loss: 1.336e-03 
25-07-05 09:51:53.980 : <epoch: 17, iter:  90,000, lr:1.000e-04> G_loss: 9.897e-04 
25-07-05 09:51:53.980 : Saving the model.
25-07-05 10:01:14.617 : <epoch: 17, iter:  91,000, lr:1.000e-04> G_loss: 1.797e-03 
25-07-05 10:10:35.468 : <epoch: 17, iter:  92,000, lr:1.000e-04> G_loss: 1.013e-03 
25-07-05 10:19:56.933 : <epoch: 18, iter:  93,000, lr:1.000e-04> G_loss: 1.395e-03 
25-07-05 10:29:19.578 : <epoch: 18, iter:  94,000, lr:1.000e-04> G_loss: 1.018e-03 
25-07-05 10:38:42.246 : <epoch: 18, iter:  95,000, lr:1.000e-04> G_loss: 1.117e-03 
25-07-05 10:48:04.927 : <epoch: 18, iter:  96,000, lr:1.000e-04> G_loss: 1.336e-03 
25-07-05 10:57:27.695 : <epoch: 18, iter:  97,000, lr:1.000e-04> G_loss: 9.251e-04 
25-07-05 11:06:51.582 : <epoch: 19, iter:  98,000, lr:1.000e-04> G_loss: 1.003e-03 
25-07-05 11:16:14.533 : <epoch: 19, iter:  99,000, lr:1.000e-04> G_loss: 1.216e-03 
25-07-05 11:25:37.220 : <epoch: 19, iter: 100,000, lr:1.000e-04> G_loss: 8.581e-04 
25-07-05 11:25:37.220 : Saving the model.
25-07-05 11:30:05.764 : <epoch: 19, iter: 100,000, Val PSNR: 51.25dB, Val SSIM: 0.9950
25-07-05 11:30:05.764 : Training samples this epoch: 14964
25-07-05 11:30:05.764 : Validation samples this check: 3611
25-07-05 11:30:05.765 : Saving PSNR checkpoint.
25-07-05 11:39:25.468 : <epoch: 19, iter: 101,000, lr:1.000e-04> G_loss: 9.586e-04 
25-07-05 11:48:46.950 : <epoch: 19, iter: 102,000, lr:1.000e-04> G_loss: 1.006e-03 
25-07-05 11:58:09.150 : <epoch: 20, iter: 103,000, lr:1.000e-04> G_loss: 1.194e-03 
25-07-05 12:07:31.221 : <epoch: 20, iter: 104,000, lr:1.000e-04> G_loss: 1.054e-03 
25-07-05 12:16:52.981 : <epoch: 20, iter: 105,000, lr:1.000e-04> G_loss: 1.175e-03 
25-07-05 12:26:14.817 : <epoch: 20, iter: 106,000, lr:1.000e-04> G_loss: 8.670e-04 
25-07-05 12:35:37.138 : <epoch: 20, iter: 107,000, lr:1.000e-04> G_loss: 1.026e-03 
25-07-05 12:44:59.188 : <epoch: 20, iter: 108,000, lr:1.000e-04> G_loss: 1.095e-03 
25-07-05 12:54:22.383 : <epoch: 21, iter: 109,000, lr:1.000e-04> G_loss: 9.460e-04 
25-07-05 13:03:44.621 : <epoch: 21, iter: 110,000, lr:1.000e-04> G_loss: 1.080e-03 
25-07-05 13:03:44.621 : Saving the model.
25-07-05 13:13:06.480 : <epoch: 21, iter: 111,000, lr:1.000e-04> G_loss: 1.258e-03 
25-07-05 13:22:28.325 : <epoch: 21, iter: 112,000, lr:1.000e-04> G_loss: 1.055e-03 
25-07-05 13:31:50.611 : <epoch: 21, iter: 113,000, lr:1.000e-04> G_loss: 9.502e-04 
25-07-05 13:41:12.732 : <epoch: 22, iter: 114,000, lr:1.000e-04> G_loss: 1.191e-03 
25-07-05 13:50:35.374 : <epoch: 22, iter: 115,000, lr:1.000e-04> G_loss: 9.902e-04 
25-07-05 13:59:57.543 : <epoch: 22, iter: 116,000, lr:1.000e-04> G_loss: 1.110e-03 
25-07-05 14:09:20.060 : <epoch: 22, iter: 117,000, lr:1.000e-04> G_loss: 1.229e-03 
25-07-05 14:18:42.731 : <epoch: 22, iter: 118,000, lr:1.000e-04> G_loss: 1.237e-03 
25-07-05 14:28:04.525 : <epoch: 22, iter: 119,000, lr:1.000e-04> G_loss: 1.023e-03 
25-07-05 14:37:27.773 : <epoch: 23, iter: 120,000, lr:1.000e-04> G_loss: 1.058e-03 
25-07-05 14:37:27.774 : Saving the model.
25-07-05 14:42:12.928 : <epoch: 23, iter: 120,000, Val PSNR: 51.53dB, Val SSIM: 0.9953
25-07-05 14:42:12.928 : Training samples this epoch: 4956
25-07-05 14:42:12.929 : Validation samples this check: 3611
25-07-05 14:42:12.929 : Saving PSNR checkpoint.
25-07-05 14:51:32.352 : <epoch: 23, iter: 121,000, lr:1.000e-04> G_loss: 1.102e-03 
25-07-05 15:00:53.497 : <epoch: 23, iter: 122,000, lr:1.000e-04> G_loss: 1.233e-03 
25-07-05 15:10:14.606 : <epoch: 23, iter: 123,000, lr:1.000e-04> G_loss: 9.983e-04 
25-07-05 15:19:35.597 : <epoch: 23, iter: 124,000, lr:1.000e-04> G_loss: 8.777e-04 
25-07-05 15:28:56.291 : <epoch: 24, iter: 125,000, lr:1.000e-04> G_loss: 1.171e-03 
25-07-05 15:38:17.385 : <epoch: 24, iter: 126,000, lr:1.000e-04> G_loss: 1.079e-03 
25-07-05 15:47:38.179 : <epoch: 24, iter: 127,000, lr:1.000e-04> G_loss: 9.354e-04 
25-07-05 15:56:58.742 : <epoch: 24, iter: 128,000, lr:1.000e-04> G_loss: 9.738e-04 
25-07-05 16:06:19.771 : <epoch: 24, iter: 129,000, lr:1.000e-04> G_loss: 8.715e-04 
25-07-05 16:15:40.972 : <epoch: 24, iter: 130,000, lr:1.000e-04> G_loss: 8.797e-04 
25-07-05 16:15:40.972 : Saving the model.
25-07-05 16:25:02.548 : <epoch: 25, iter: 131,000, lr:1.000e-04> G_loss: 1.242e-03 
25-07-05 16:34:22.641 : <epoch: 25, iter: 132,000, lr:1.000e-04> G_loss: 8.747e-04 
25-07-05 16:43:43.282 : <epoch: 25, iter: 133,000, lr:1.000e-04> G_loss: 9.799e-04 
25-07-05 16:53:03.668 : <epoch: 25, iter: 134,000, lr:1.000e-04> G_loss: 8.598e-04 
25-07-05 17:02:25.236 : <epoch: 25, iter: 135,000, lr:1.000e-04> G_loss: 1.219e-03 
25-07-05 17:11:46.763 : <epoch: 26, iter: 136,000, lr:1.000e-04> G_loss: 1.152e-03 
25-07-05 17:21:08.192 : <epoch: 26, iter: 137,000, lr:1.000e-04> G_loss: 1.124e-03 
25-07-05 17:30:30.177 : <epoch: 26, iter: 138,000, lr:1.000e-04> G_loss: 1.190e-03 
25-07-05 17:39:50.950 : <epoch: 26, iter: 139,000, lr:1.000e-04> G_loss: 9.965e-04 
25-07-05 17:49:12.170 : <epoch: 26, iter: 140,000, lr:1.000e-04> G_loss: 1.009e-03 
25-07-05 17:49:12.170 : Saving the model.
25-07-05 17:53:39.941 : <epoch: 26, iter: 140,000, Val PSNR: 51.70dB, Val SSIM: 0.9954
25-07-05 17:53:39.941 : Training samples this epoch: 27450
25-07-05 17:53:39.942 : Validation samples this check: 3611
25-07-05 17:53:39.942 : Saving PSNR checkpoint.
25-07-05 18:03:00.925 : <epoch: 27, iter: 141,000, lr:1.000e-04> G_loss: 1.031e-03 
25-07-05 18:12:22.705 : <epoch: 27, iter: 142,000, lr:1.000e-04> G_loss: 1.003e-03 
25-07-05 18:21:43.571 : <epoch: 27, iter: 143,000, lr:1.000e-04> G_loss: 9.825e-04 
25-07-05 18:31:03.765 : <epoch: 27, iter: 144,000, lr:1.000e-04> G_loss: 1.287e-03 
25-07-05 18:40:24.615 : <epoch: 27, iter: 145,000, lr:1.000e-04> G_loss: 1.216e-03 
25-07-05 18:49:44.990 : <epoch: 27, iter: 146,000, lr:1.000e-04> G_loss: 8.889e-04 
25-07-05 18:59:05.816 : <epoch: 28, iter: 147,000, lr:1.000e-04> G_loss: 8.227e-04 
25-07-05 19:08:25.647 : <epoch: 28, iter: 148,000, lr:1.000e-04> G_loss: 1.014e-03 
25-07-05 19:17:45.851 : <epoch: 28, iter: 149,000, lr:1.000e-04> G_loss: 9.090e-04 
25-07-05 19:27:06.343 : <epoch: 28, iter: 150,000, lr:1.000e-04> G_loss: 1.228e-03 
25-07-05 19:27:06.343 : Saving the model.
25-07-05 19:36:26.393 : <epoch: 28, iter: 151,000, lr:1.000e-04> G_loss: 1.049e-03 
25-07-05 19:45:47.232 : <epoch: 29, iter: 152,000, lr:1.000e-04> G_loss: 9.473e-04 
25-07-05 19:55:06.444 : <epoch: 29, iter: 153,000, lr:1.000e-04> G_loss: 9.732e-04 
25-07-05 20:04:25.651 : <epoch: 29, iter: 154,000, lr:1.000e-04> G_loss: 1.166e-03 
25-07-05 20:13:45.863 : <epoch: 29, iter: 155,000, lr:1.000e-04> G_loss: 8.819e-04 
25-07-05 20:23:05.328 : <epoch: 29, iter: 156,000, lr:1.000e-04> G_loss: 1.099e-03 
25-07-05 20:32:24.775 : <epoch: 29, iter: 157,000, lr:1.000e-04> G_loss: 9.703e-04 
25-07-05 20:41:45.748 : <epoch: 30, iter: 158,000, lr:1.000e-04> G_loss: 1.244e-03 
25-07-05 20:51:06.734 : <epoch: 30, iter: 159,000, lr:1.000e-04> G_loss: 1.023e-03 
25-07-05 21:00:26.820 : <epoch: 30, iter: 160,000, lr:1.000e-04> G_loss: 9.324e-04 
25-07-05 21:00:26.820 : Saving the model.
25-07-05 21:04:51.628 : <epoch: 30, iter: 160,000, Val PSNR: 51.89dB, Val SSIM: 0.9956
25-07-05 21:04:51.628 : Training samples this epoch: 17442
25-07-05 21:04:51.628 : Validation samples this check: 3611
25-07-05 21:04:51.629 : Saving PSNR checkpoint.
25-07-05 21:14:10.879 : <epoch: 30, iter: 161,000, lr:1.000e-04> G_loss: 7.543e-04 
25-07-05 21:23:30.042 : <epoch: 30, iter: 162,000, lr:1.000e-04> G_loss: 8.148e-04 
25-07-05 21:32:49.216 : <epoch: 31, iter: 163,000, lr:1.000e-04> G_loss: 1.069e-03 
25-07-05 21:42:08.665 : <epoch: 31, iter: 164,000, lr:1.000e-04> G_loss: 9.926e-04 
25-07-05 21:51:27.643 : <epoch: 31, iter: 165,000, lr:1.000e-04> G_loss: 1.100e-03 
25-07-05 22:00:46.037 : <epoch: 31, iter: 166,000, lr:1.000e-04> G_loss: 8.982e-04 
25-07-05 22:10:03.884 : <epoch: 31, iter: 167,000, lr:1.000e-04> G_loss: 9.298e-04 
25-07-05 22:19:22.333 : <epoch: 32, iter: 168,000, lr:1.000e-04> G_loss: 9.792e-04 
25-07-05 22:28:40.899 : <epoch: 32, iter: 169,000, lr:1.000e-04> G_loss: 9.302e-04 
25-07-05 22:37:59.437 : <epoch: 32, iter: 170,000, lr:1.000e-04> G_loss: 9.775e-04 
25-07-05 22:37:59.437 : Saving the model.
25-07-05 22:47:17.185 : <epoch: 32, iter: 171,000, lr:1.000e-04> G_loss: 9.959e-04 
25-07-05 22:56:35.242 : <epoch: 32, iter: 172,000, lr:1.000e-04> G_loss: 9.041e-04 
25-07-05 23:05:53.419 : <epoch: 32, iter: 173,000, lr:1.000e-04> G_loss: 1.098e-03 
25-07-05 23:15:11.331 : <epoch: 33, iter: 174,000, lr:1.000e-04> G_loss: 1.022e-03 
25-07-05 23:24:29.133 : <epoch: 33, iter: 175,000, lr:1.000e-04> G_loss: 8.560e-04 
25-07-05 23:33:46.791 : <epoch: 33, iter: 176,000, lr:1.000e-04> G_loss: 1.098e-03 
25-07-05 23:43:04.231 : <epoch: 33, iter: 177,000, lr:1.000e-04> G_loss: 1.264e-03 
25-07-05 23:52:21.859 : <epoch: 33, iter: 178,000, lr:1.000e-04> G_loss: 1.175e-03 
25-07-06 00:01:40.360 : <epoch: 34, iter: 179,000, lr:1.000e-04> G_loss: 9.023e-04 
25-07-06 00:10:58.373 : <epoch: 34, iter: 180,000, lr:1.000e-04> G_loss: 1.013e-03 
25-07-06 00:10:58.374 : Saving the model.
25-07-06 00:15:18.080 : <epoch: 34, iter: 180,000, Val PSNR: 51.98dB, Val SSIM: 0.9956
25-07-06 00:15:18.080 : Training samples this epoch: 7434
25-07-06 00:15:18.081 : Validation samples this check: 3611
25-07-06 00:15:18.081 : Saving PSNR checkpoint.
25-07-06 00:24:35.341 : <epoch: 34, iter: 181,000, lr:1.000e-04> G_loss: 1.035e-03 
25-07-06 00:33:53.820 : <epoch: 34, iter: 182,000, lr:1.000e-04> G_loss: 1.137e-03 
25-07-06 00:43:12.080 : <epoch: 34, iter: 183,000, lr:1.000e-04> G_loss: 7.495e-04 
25-07-06 00:52:30.930 : <epoch: 34, iter: 184,000, lr:1.000e-04> G_loss: 9.034e-04 
25-07-06 01:01:50.749 : <epoch: 35, iter: 185,000, lr:1.000e-04> G_loss: 1.019e-03 
25-07-06 01:11:09.372 : <epoch: 35, iter: 186,000, lr:1.000e-04> G_loss: 8.788e-04 
25-07-06 01:20:28.269 : <epoch: 35, iter: 187,000, lr:1.000e-04> G_loss: 7.821e-04 
25-07-06 01:29:45.580 : <epoch: 35, iter: 188,000, lr:1.000e-04> G_loss: 9.461e-04 
25-07-06 01:39:04.487 : <epoch: 35, iter: 189,000, lr:1.000e-04> G_loss: 9.391e-04 
25-07-06 01:48:23.050 : <epoch: 36, iter: 190,000, lr:1.000e-04> G_loss: 1.025e-03 
25-07-06 01:48:23.050 : Saving the model.
25-07-06 01:57:40.962 : <epoch: 36, iter: 191,000, lr:1.000e-04> G_loss: 1.241e-03 
25-07-06 02:06:59.421 : <epoch: 36, iter: 192,000, lr:1.000e-04> G_loss: 8.032e-04 
25-07-06 02:16:17.709 : <epoch: 36, iter: 193,000, lr:1.000e-04> G_loss: 1.163e-03 
25-07-06 02:25:37.017 : <epoch: 36, iter: 194,000, lr:1.000e-04> G_loss: 9.374e-04 
25-07-06 02:34:55.775 : <epoch: 36, iter: 195,000, lr:1.000e-04> G_loss: 9.807e-04 
25-07-06 02:44:14.787 : <epoch: 37, iter: 196,000, lr:1.000e-04> G_loss: 9.089e-04 
25-07-06 02:53:33.088 : <epoch: 37, iter: 197,000, lr:1.000e-04> G_loss: 8.752e-04 
25-07-06 03:02:51.466 : <epoch: 37, iter: 198,000, lr:1.000e-04> G_loss: 9.856e-04 
25-07-06 03:12:10.190 : <epoch: 37, iter: 199,000, lr:1.000e-04> G_loss: 8.436e-04 
25-07-06 03:21:27.429 : <epoch: 37, iter: 200,000, lr:2.500e-05> G_loss: 1.047e-03 
25-07-06 03:21:27.429 : Saving the model.
25-07-06 03:25:48.332 : <epoch: 37, iter: 200,000, Val PSNR: 52.10dB, Val SSIM: 0.9957
25-07-06 03:25:48.333 : Training samples this epoch: 29928
25-07-06 03:25:48.333 : Validation samples this check: 3611
25-07-06 03:25:48.333 : Saving PSNR checkpoint.
25-07-06 03:35:06.547 : <epoch: 38, iter: 201,000, lr:5.000e-05> G_loss: 8.478e-04 
25-07-06 03:44:24.459 : <epoch: 38, iter: 202,000, lr:5.000e-05> G_loss: 1.128e-03 
25-07-06 03:53:43.686 : <epoch: 38, iter: 203,000, lr:5.000e-05> G_loss: 8.632e-04 
25-07-06 04:03:02.078 : <epoch: 38, iter: 204,000, lr:5.000e-05> G_loss: 7.784e-04 
25-07-06 04:12:20.496 : <epoch: 38, iter: 205,000, lr:5.000e-05> G_loss: 6.641e-04 
25-07-06 04:21:39.636 : <epoch: 39, iter: 206,000, lr:5.000e-05> G_loss: 1.131e-03 
25-07-06 04:30:57.414 : <epoch: 39, iter: 207,000, lr:5.000e-05> G_loss: 1.001e-03 
25-07-06 04:40:15.983 : <epoch: 39, iter: 208,000, lr:5.000e-05> G_loss: 1.023e-03 
25-07-06 04:49:34.373 : <epoch: 39, iter: 209,000, lr:5.000e-05> G_loss: 1.108e-03 
25-07-06 04:58:52.897 : <epoch: 39, iter: 210,000, lr:5.000e-05> G_loss: 8.593e-04 
25-07-06 04:58:52.897 : Saving the model.
25-07-06 05:08:11.018 : <epoch: 39, iter: 211,000, lr:5.000e-05> G_loss: 9.341e-04 
25-07-06 05:17:30.975 : <epoch: 40, iter: 212,000, lr:5.000e-05> G_loss: 9.718e-04 
25-07-06 05:26:49.274 : <epoch: 40, iter: 213,000, lr:5.000e-05> G_loss: 8.727e-04 
25-07-06 05:36:07.618 : <epoch: 40, iter: 214,000, lr:5.000e-05> G_loss: 7.145e-04 
25-07-06 05:45:25.463 : <epoch: 40, iter: 215,000, lr:5.000e-05> G_loss: 9.922e-04 
25-07-06 05:54:43.522 : <epoch: 40, iter: 216,000, lr:5.000e-05> G_loss: 9.722e-04 
25-07-06 06:04:02.618 : <epoch: 41, iter: 217,000, lr:5.000e-05> G_loss: 9.435e-04 
25-07-06 06:13:20.054 : <epoch: 41, iter: 218,000, lr:5.000e-05> G_loss: 9.355e-04 
25-07-06 06:22:38.131 : <epoch: 41, iter: 219,000, lr:5.000e-05> G_loss: 8.315e-04 
25-07-06 06:31:56.281 : <epoch: 41, iter: 220,000, lr:5.000e-05> G_loss: 1.355e-03 
25-07-06 06:31:56.282 : Saving the model.
25-07-06 06:36:14.947 : <epoch: 41, iter: 220,000, Val PSNR: 52.33dB, Val SSIM: 0.9959
25-07-06 06:36:14.947 : Training samples this epoch: 19920
25-07-06 06:36:14.947 : Validation samples this check: 3611
25-07-06 06:36:14.948 : Saving PSNR checkpoint.
25-07-06 06:45:32.632 : <epoch: 41, iter: 221,000, lr:5.000e-05> G_loss: 9.655e-04 
25-07-06 06:54:49.739 : <epoch: 41, iter: 222,000, lr:5.000e-05> G_loss: 6.985e-04 
25-07-06 07:04:07.497 : <epoch: 42, iter: 223,000, lr:5.000e-05> G_loss: 9.907e-04 
25-07-06 07:13:25.691 : <epoch: 42, iter: 224,000, lr:5.000e-05> G_loss: 8.128e-04 
25-07-06 07:22:42.870 : <epoch: 42, iter: 225,000, lr:5.000e-05> G_loss: 8.861e-04 
25-07-06 07:32:00.426 : <epoch: 42, iter: 226,000, lr:5.000e-05> G_loss: 1.042e-03 
25-07-06 07:41:19.302 : <epoch: 42, iter: 227,000, lr:5.000e-05> G_loss: 7.461e-04 
25-07-06 07:50:37.657 : <epoch: 43, iter: 228,000, lr:5.000e-05> G_loss: 8.541e-04 
25-07-06 07:59:56.492 : <epoch: 43, iter: 229,000, lr:5.000e-05> G_loss: 8.854e-04 
25-07-06 08:09:19.351 : <epoch: 43, iter: 230,000, lr:5.000e-05> G_loss: 9.237e-04 
25-07-06 08:09:19.351 : Saving the model.
25-07-06 08:18:36.908 : <epoch: 43, iter: 231,000, lr:5.000e-05> G_loss: 8.544e-04 
25-07-06 08:27:55.297 : <epoch: 43, iter: 232,000, lr:5.000e-05> G_loss: 1.099e-03 
25-07-06 08:37:13.036 : <epoch: 44, iter: 233,000, lr:5.000e-05> G_loss: 8.798e-04 
25-07-06 08:46:31.375 : <epoch: 44, iter: 234,000, lr:5.000e-05> G_loss: 8.166e-04 
25-07-06 08:55:49.997 : <epoch: 44, iter: 235,000, lr:5.000e-05> G_loss: 7.821e-04 
25-07-06 09:05:07.768 : <epoch: 44, iter: 236,000, lr:5.000e-05> G_loss: 7.759e-04 
25-07-06 09:14:25.904 : <epoch: 44, iter: 237,000, lr:5.000e-05> G_loss: 9.577e-04 
25-07-06 09:23:45.141 : <epoch: 44, iter: 238,000, lr:5.000e-05> G_loss: 9.051e-04 
25-07-06 09:33:03.791 : <epoch: 45, iter: 239,000, lr:5.000e-05> G_loss: 1.011e-03 
25-07-06 09:42:21.679 : <epoch: 45, iter: 240,000, lr:5.000e-05> G_loss: 1.294e-03 
25-07-06 09:42:21.679 : Saving the model.
25-07-06 09:46:41.633 : <epoch: 45, iter: 240,000, Val PSNR: 52.43dB, Val SSIM: 0.9959
25-07-06 09:46:41.634 : Training samples this epoch: 9912
25-07-06 09:46:41.634 : Validation samples this check: 3611
25-07-06 09:46:41.635 : Saving PSNR checkpoint.
25-07-06 09:55:58.499 : <epoch: 45, iter: 241,000, lr:5.000e-05> G_loss: 8.220e-04 
25-07-06 10:05:17.476 : <epoch: 45, iter: 242,000, lr:5.000e-05> G_loss: 7.744e-04 
25-07-06 10:14:35.946 : <epoch: 45, iter: 243,000, lr:5.000e-05> G_loss: 1.059e-03 
25-07-06 10:23:56.623 : <epoch: 46, iter: 244,000, lr:5.000e-05> G_loss: 7.444e-04 
25-07-06 10:33:20.225 : <epoch: 46, iter: 245,000, lr:5.000e-05> G_loss: 8.310e-04 
25-07-06 10:42:43.525 : <epoch: 46, iter: 246,000, lr:5.000e-05> G_loss: 7.325e-04 
25-07-06 10:52:07.091 : <epoch: 46, iter: 247,000, lr:5.000e-05> G_loss: 8.932e-04 
25-07-06 11:01:30.422 : <epoch: 46, iter: 248,000, lr:5.000e-05> G_loss: 7.433e-04 
25-07-06 11:10:54.359 : <epoch: 46, iter: 249,000, lr:5.000e-05> G_loss: 1.039e-03 
25-07-06 11:20:19.261 : <epoch: 47, iter: 250,000, lr:5.000e-05> G_loss: 1.046e-03 
25-07-06 11:20:19.261 : Saving the model.
25-07-06 11:29:42.684 : <epoch: 47, iter: 251,000, lr:5.000e-05> G_loss: 1.151e-03 
25-07-06 11:39:05.627 : <epoch: 47, iter: 252,000, lr:5.000e-05> G_loss: 1.000e-03 
25-07-06 11:48:29.427 : <epoch: 47, iter: 253,000, lr:5.000e-05> G_loss: 8.361e-04 
25-07-06 11:57:53.511 : <epoch: 47, iter: 254,000, lr:5.000e-05> G_loss: 7.805e-04 
25-07-06 12:07:17.265 : <epoch: 48, iter: 255,000, lr:5.000e-05> G_loss: 9.878e-04 
25-07-06 12:16:41.728 : <epoch: 48, iter: 256,000, lr:5.000e-05> G_loss: 7.778e-04 
25-07-06 12:26:05.592 : <epoch: 48, iter: 257,000, lr:5.000e-05> G_loss: 1.162e-03 
25-07-06 12:35:29.176 : <epoch: 48, iter: 258,000, lr:5.000e-05> G_loss: 9.136e-04 
25-07-06 12:44:53.345 : <epoch: 48, iter: 259,000, lr:5.000e-05> G_loss: 8.179e-04 
25-07-06 12:54:17.959 : <epoch: 48, iter: 260,000, lr:5.000e-05> G_loss: 8.111e-04 
25-07-06 12:54:17.959 : Saving the model.
25-07-06 12:59:11.536 : <epoch: 48, iter: 260,000, Val PSNR: 52.44dB, Val SSIM: 0.9959
25-07-06 12:59:11.536 : Training samples this epoch: 32406
25-07-06 12:59:11.536 : Validation samples this check: 3611
25-07-06 12:59:11.537 : Saving PSNR checkpoint.
25-07-06 13:08:36.206 : <epoch: 49, iter: 261,000, lr:5.000e-05> G_loss: 9.172e-04 
25-07-06 13:18:01.710 : <epoch: 49, iter: 262,000, lr:5.000e-05> G_loss: 8.224e-04 
25-07-06 13:27:26.700 : <epoch: 49, iter: 263,000, lr:5.000e-05> G_loss: 7.501e-04 
25-07-06 13:36:51.158 : <epoch: 49, iter: 264,000, lr:5.000e-05> G_loss: 7.234e-04 
25-07-06 13:46:15.414 : <epoch: 49, iter: 265,000, lr:5.000e-05> G_loss: 1.090e-03 
25-07-06 13:55:41.072 : <epoch: 50, iter: 266,000, lr:5.000e-05> G_loss: 9.237e-04 
25-07-06 14:05:06.482 : <epoch: 50, iter: 267,000, lr:5.000e-05> G_loss: 7.422e-04 
25-07-06 14:14:31.254 : <epoch: 50, iter: 268,000, lr:5.000e-05> G_loss: 9.131e-04 
25-07-06 14:23:56.955 : <epoch: 50, iter: 269,000, lr:5.000e-05> G_loss: 9.915e-04 
25-07-06 14:33:22.065 : <epoch: 50, iter: 270,000, lr:5.000e-05> G_loss: 8.730e-04 
25-07-06 14:33:22.066 : Saving the model.
25-07-06 14:42:48.003 : <epoch: 51, iter: 271,000, lr:5.000e-05> G_loss: 8.331e-04 
25-07-06 14:52:13.290 : <epoch: 51, iter: 272,000, lr:5.000e-05> G_loss: 1.019e-03 
25-07-06 15:01:38.868 : <epoch: 51, iter: 273,000, lr:5.000e-05> G_loss: 9.557e-04 
25-07-06 15:11:03.743 : <epoch: 51, iter: 274,000, lr:5.000e-05> G_loss: 7.781e-04 
25-07-06 15:20:28.859 : <epoch: 51, iter: 275,000, lr:5.000e-05> G_loss: 7.963e-04 
25-07-06 15:29:54.324 : <epoch: 51, iter: 276,000, lr:5.000e-05> G_loss: 9.111e-04 
25-07-06 15:39:20.613 : <epoch: 52, iter: 277,000, lr:5.000e-05> G_loss: 8.187e-04 
25-07-06 15:48:46.669 : <epoch: 52, iter: 278,000, lr:5.000e-05> G_loss: 8.500e-04 
25-07-06 15:58:12.294 : <epoch: 52, iter: 279,000, lr:5.000e-05> G_loss: 7.602e-04 
25-07-06 16:07:38.105 : <epoch: 52, iter: 280,000, lr:5.000e-05> G_loss: 1.077e-03 
25-07-06 16:07:38.106 : Saving the model.
25-07-06 16:12:33.494 : <epoch: 52, iter: 280,000, Val PSNR: 52.48dB, Val SSIM: 0.9960
25-07-06 16:12:33.494 : Training samples this epoch: 22398
25-07-06 16:12:33.495 : Validation samples this check: 3611
25-07-06 16:12:33.495 : Saving PSNR checkpoint.
25-07-06 16:21:57.450 : <epoch: 52, iter: 281,000, lr:5.000e-05> G_loss: 7.148e-04 
25-07-06 16:31:23.045 : <epoch: 53, iter: 282,000, lr:5.000e-05> G_loss: 9.179e-04 
25-07-06 16:40:48.661 : <epoch: 53, iter: 283,000, lr:5.000e-05> G_loss: 1.080e-03 
25-07-06 16:50:13.890 : <epoch: 53, iter: 284,000, lr:5.000e-05> G_loss: 7.408e-04 
25-07-06 16:59:38.734 : <epoch: 53, iter: 285,000, lr:5.000e-05> G_loss: 7.294e-04 
25-07-06 17:09:03.208 : <epoch: 53, iter: 286,000, lr:5.000e-05> G_loss: 9.976e-04 
25-07-06 17:18:28.095 : <epoch: 53, iter: 287,000, lr:5.000e-05> G_loss: 7.938e-04 
25-07-06 17:27:53.670 : <epoch: 54, iter: 288,000, lr:5.000e-05> G_loss: 9.184e-04 
25-07-06 17:37:18.963 : <epoch: 54, iter: 289,000, lr:5.000e-05> G_loss: 8.131e-04 
25-07-06 17:46:43.850 : <epoch: 54, iter: 290,000, lr:5.000e-05> G_loss: 1.020e-03 
25-07-06 17:46:43.850 : Saving the model.
25-07-06 17:56:08.662 : <epoch: 54, iter: 291,000, lr:5.000e-05> G_loss: 8.722e-04 
25-07-06 18:05:33.597 : <epoch: 54, iter: 292,000, lr:5.000e-05> G_loss: 7.839e-04 
25-07-06 18:14:58.905 : <epoch: 55, iter: 293,000, lr:5.000e-05> G_loss: 1.122e-03 
25-07-06 18:24:23.820 : <epoch: 55, iter: 294,000, lr:5.000e-05> G_loss: 8.813e-04 
25-07-06 18:33:49.060 : <epoch: 55, iter: 295,000, lr:5.000e-05> G_loss: 7.491e-04 
25-07-06 18:43:13.866 : <epoch: 55, iter: 296,000, lr:5.000e-05> G_loss: 8.009e-04 
25-07-06 18:52:37.980 : <epoch: 55, iter: 297,000, lr:5.000e-05> G_loss: 1.015e-03 
25-07-06 19:02:02.819 : <epoch: 56, iter: 298,000, lr:5.000e-05> G_loss: 7.763e-04 
25-07-06 19:11:26.424 : <epoch: 56, iter: 299,000, lr:5.000e-05> G_loss: 1.083e-03 
25-07-06 19:20:49.812 : <epoch: 56, iter: 300,000, lr:5.000e-05> G_loss: 8.475e-04 
25-07-06 19:20:49.813 : Saving the model.
25-07-06 19:25:45.036 : <epoch: 56, iter: 300,000, Val PSNR: 52.53dB, Val SSIM: 0.9960
25-07-06 19:25:45.036 : Training samples this epoch: 12390
25-07-06 19:25:45.036 : Validation samples this check: 3611
25-07-06 19:25:45.037 : Saving PSNR checkpoint.
25-07-06 19:35:05.892 : <epoch: 56, iter: 301,000, lr:5.000e-05> G_loss: 9.323e-04 
25-07-06 19:44:27.919 : <epoch: 56, iter: 302,000, lr:5.000e-05> G_loss: 1.001e-03 
25-07-06 19:53:50.036 : <epoch: 56, iter: 303,000, lr:5.000e-05> G_loss: 1.055e-03 
25-07-06 20:03:12.371 : <epoch: 57, iter: 304,000, lr:5.000e-05> G_loss: 7.837e-04 
25-07-06 20:12:34.887 : <epoch: 57, iter: 305,000, lr:5.000e-05> G_loss: 8.143e-04 
25-07-06 20:21:57.025 : <epoch: 57, iter: 306,000, lr:5.000e-05> G_loss: 7.053e-04 
25-07-06 20:31:19.187 : <epoch: 57, iter: 307,000, lr:5.000e-05> G_loss: 7.568e-04 
25-07-06 20:40:40.907 : <epoch: 57, iter: 308,000, lr:5.000e-05> G_loss: 1.009e-03 
25-07-06 20:50:02.477 : <epoch: 58, iter: 309,000, lr:5.000e-05> G_loss: 8.126e-04 
25-07-06 20:59:23.533 : <epoch: 58, iter: 310,000, lr:5.000e-05> G_loss: 9.523e-04 
25-07-06 20:59:23.534 : Saving the model.
25-07-06 21:08:45.231 : <epoch: 58, iter: 311,000, lr:5.000e-05> G_loss: 8.414e-04 
25-07-06 21:18:06.009 : <epoch: 58, iter: 312,000, lr:5.000e-05> G_loss: 1.095e-03 
25-07-06 21:27:27.116 : <epoch: 58, iter: 313,000, lr:5.000e-05> G_loss: 8.487e-04 
25-07-06 21:36:47.629 : <epoch: 58, iter: 314,000, lr:5.000e-05> G_loss: 8.005e-04 
25-07-06 21:46:09.942 : <epoch: 59, iter: 315,000, lr:5.000e-05> G_loss: 8.408e-04 
25-07-06 21:55:31.408 : <epoch: 59, iter: 316,000, lr:5.000e-05> G_loss: 1.182e-03 
25-07-06 22:04:51.019 : <epoch: 59, iter: 317,000, lr:5.000e-05> G_loss: 9.257e-04 
25-07-06 22:14:11.178 : <epoch: 59, iter: 318,000, lr:5.000e-05> G_loss: 9.760e-04 
25-07-06 22:23:30.686 : <epoch: 59, iter: 319,000, lr:5.000e-05> G_loss: 6.982e-04 
25-07-06 22:32:50.820 : <epoch: 60, iter: 320,000, lr:5.000e-05> G_loss: 7.450e-04 
25-07-06 22:32:50.821 : Saving the model.
25-07-06 22:37:40.801 : <epoch: 60, iter: 320,000, Val PSNR: 52.55dB, Val SSIM: 0.9960
25-07-06 22:37:40.802 : Training samples this epoch: 2382
25-07-06 22:37:40.802 : Validation samples this check: 3611
25-07-06 22:37:40.802 : Saving PSNR checkpoint.
25-07-06 22:47:00.137 : <epoch: 60, iter: 321,000, lr:5.000e-05> G_loss: 7.848e-04 
25-07-06 22:56:20.167 : <epoch: 60, iter: 322,000, lr:5.000e-05> G_loss: 8.468e-04 
25-07-06 23:05:39.965 : <epoch: 60, iter: 323,000, lr:5.000e-05> G_loss: 8.917e-04 
25-07-06 23:14:59.496 : <epoch: 60, iter: 324,000, lr:5.000e-05> G_loss: 9.588e-04 
25-07-06 23:24:18.747 : <epoch: 60, iter: 325,000, lr:5.000e-05> G_loss: 8.143e-04 
25-07-06 23:33:38.710 : <epoch: 61, iter: 326,000, lr:5.000e-05> G_loss: 8.287e-04 
25-07-06 23:42:58.087 : <epoch: 61, iter: 327,000, lr:5.000e-05> G_loss: 8.384e-04 
25-07-06 23:52:17.659 : <epoch: 61, iter: 328,000, lr:5.000e-05> G_loss: 7.385e-04 
25-07-07 00:01:37.421 : <epoch: 61, iter: 329,000, lr:5.000e-05> G_loss: 7.393e-04 
25-07-07 00:10:56.992 : <epoch: 61, iter: 330,000, lr:5.000e-05> G_loss: 6.794e-04 
25-07-07 00:10:56.992 : Saving the model.
25-07-07 00:20:17.697 : <epoch: 62, iter: 331,000, lr:5.000e-05> G_loss: 1.015e-03 
25-07-07 00:29:38.284 : <epoch: 62, iter: 332,000, lr:5.000e-05> G_loss: 7.971e-04 
25-07-07 00:38:58.590 : <epoch: 62, iter: 333,000, lr:5.000e-05> G_loss: 7.818e-04 
25-07-07 00:48:19.273 : <epoch: 62, iter: 334,000, lr:5.000e-05> G_loss: 1.020e-03 
25-07-07 00:57:39.836 : <epoch: 62, iter: 335,000, lr:5.000e-05> G_loss: 9.311e-04 
25-07-07 01:07:00.832 : <epoch: 63, iter: 336,000, lr:5.000e-05> G_loss: 7.512e-04 
25-07-07 01:16:20.245 : <epoch: 63, iter: 337,000, lr:5.000e-05> G_loss: 9.373e-04 
25-07-07 01:25:39.958 : <epoch: 63, iter: 338,000, lr:5.000e-05> G_loss: 9.283e-04 
25-07-07 01:34:59.650 : <epoch: 63, iter: 339,000, lr:5.000e-05> G_loss: 8.661e-04 
25-07-07 01:44:20.038 : <epoch: 63, iter: 340,000, lr:5.000e-05> G_loss: 9.414e-04 
25-07-07 01:44:20.038 : Saving the model.
25-07-07 01:49:10.194 : <epoch: 63, iter: 340,000, Val PSNR: 52.58dB, Val SSIM: 0.9960
25-07-07 01:49:10.194 : Training samples this epoch: 24876
25-07-07 01:49:10.194 : Validation samples this check: 3611
25-07-07 01:49:10.195 : Saving PSNR checkpoint.
25-07-07 01:58:30.837 : <epoch: 63, iter: 341,000, lr:5.000e-05> G_loss: 8.749e-04 
25-07-07 02:07:51.805 : <epoch: 64, iter: 342,000, lr:5.000e-05> G_loss: 9.682e-04 
25-07-07 02:17:12.534 : <epoch: 64, iter: 343,000, lr:5.000e-05> G_loss: 9.097e-04 
25-07-07 02:26:33.064 : <epoch: 64, iter: 344,000, lr:5.000e-05> G_loss: 7.676e-04 
25-07-07 02:35:53.621 : <epoch: 64, iter: 345,000, lr:5.000e-05> G_loss: 8.678e-04 
25-07-07 02:45:13.593 : <epoch: 64, iter: 346,000, lr:5.000e-05> G_loss: 8.430e-04 
25-07-07 02:54:34.106 : <epoch: 65, iter: 347,000, lr:5.000e-05> G_loss: 7.816e-04 
25-07-07 03:03:55.563 : <epoch: 65, iter: 348,000, lr:5.000e-05> G_loss: 7.670e-04 
25-07-07 03:13:16.606 : <epoch: 65, iter: 349,000, lr:5.000e-05> G_loss: 9.918e-04 
25-07-07 03:22:38.017 : <epoch: 65, iter: 350,000, lr:5.000e-05> G_loss: 7.697e-04 
25-07-07 03:22:38.017 : Saving the model.
25-07-07 03:31:58.343 : <epoch: 65, iter: 351,000, lr:5.000e-05> G_loss: 8.934e-04 
25-07-07 03:41:19.326 : <epoch: 65, iter: 352,000, lr:5.000e-05> G_loss: 9.231e-04 
25-07-07 03:50:41.059 : <epoch: 66, iter: 353,000, lr:5.000e-05> G_loss: 8.401e-04 
25-07-07 04:00:02.675 : <epoch: 66, iter: 354,000, lr:5.000e-05> G_loss: 9.374e-04 
25-07-07 04:09:23.944 : <epoch: 66, iter: 355,000, lr:5.000e-05> G_loss: 1.043e-03 
25-07-07 04:18:45.053 : <epoch: 66, iter: 356,000, lr:5.000e-05> G_loss: 7.771e-04 
25-07-07 04:28:05.784 : <epoch: 66, iter: 357,000, lr:5.000e-05> G_loss: 7.550e-04 
25-07-07 04:37:27.898 : <epoch: 67, iter: 358,000, lr:5.000e-05> G_loss: 9.258e-04 
25-07-07 04:46:48.942 : <epoch: 67, iter: 359,000, lr:5.000e-05> G_loss: 1.194e-03 
25-07-07 04:56:10.471 : <epoch: 67, iter: 360,000, lr:5.000e-05> G_loss: 9.482e-04 
25-07-07 04:56:10.471 : Saving the model.
25-07-07 05:00:54.777 : <epoch: 67, iter: 360,000, Val PSNR: 52.54dB, Val SSIM: 0.9960
25-07-07 05:00:54.777 : Training samples this epoch: 14868
25-07-07 05:00:54.777 : Validation samples this check: 3611
25-07-07 05:00:54.778 : Saving PSNR checkpoint.
25-07-07 05:10:15.604 : <epoch: 67, iter: 361,000, lr:5.000e-05> G_loss: 6.865e-04 
25-07-07 05:19:37.054 : <epoch: 67, iter: 362,000, lr:5.000e-05> G_loss: 9.316e-04 
25-07-07 05:28:58.569 : <epoch: 68, iter: 363,000, lr:5.000e-05> G_loss: 7.723e-04 
25-07-07 05:38:20.401 : <epoch: 68, iter: 364,000, lr:5.000e-05> G_loss: 7.619e-04 
25-07-07 05:47:42.157 : <epoch: 68, iter: 365,000, lr:5.000e-05> G_loss: 8.936e-04 
25-07-07 05:57:03.235 : <epoch: 68, iter: 366,000, lr:5.000e-05> G_loss: 9.616e-04 
25-07-07 06:06:24.423 : <epoch: 68, iter: 367,000, lr:5.000e-05> G_loss: 8.586e-04 
25-07-07 06:15:45.568 : <epoch: 68, iter: 368,000, lr:5.000e-05> G_loss: 9.946e-04 
25-07-07 06:25:07.070 : <epoch: 69, iter: 369,000, lr:5.000e-05> G_loss: 9.961e-04 
25-07-07 06:34:27.736 : <epoch: 69, iter: 370,000, lr:5.000e-05> G_loss: 7.741e-04 
25-07-07 06:34:27.736 : Saving the model.
25-07-07 06:43:49.140 : <epoch: 69, iter: 371,000, lr:5.000e-05> G_loss: 8.461e-04 
25-07-07 06:53:10.569 : <epoch: 69, iter: 372,000, lr:5.000e-05> G_loss: 9.690e-04 
25-07-07 07:02:31.976 : <epoch: 69, iter: 373,000, lr:5.000e-05> G_loss: 7.488e-04 
25-07-07 07:11:53.862 : <epoch: 70, iter: 374,000, lr:5.000e-05> G_loss: 7.163e-04 
25-07-07 07:21:15.351 : <epoch: 70, iter: 375,000, lr:5.000e-05> G_loss: 7.333e-04 
25-07-07 07:30:36.691 : <epoch: 70, iter: 376,000, lr:5.000e-05> G_loss: 1.002e-03 
25-07-07 07:39:58.396 : <epoch: 70, iter: 377,000, lr:5.000e-05> G_loss: 7.866e-04 
25-07-07 07:49:19.879 : <epoch: 70, iter: 378,000, lr:5.000e-05> G_loss: 9.840e-04 
25-07-07 07:58:41.057 : <epoch: 70, iter: 379,000, lr:5.000e-05> G_loss: 7.168e-04 
25-07-07 08:08:03.343 : <epoch: 71, iter: 380,000, lr:5.000e-05> G_loss: 1.088e-03 
25-07-07 08:08:03.343 : Saving the model.
25-07-07 08:12:51.706 : <epoch: 71, iter: 380,000, Val PSNR: 52.65dB, Val SSIM: 0.9961
25-07-07 08:12:51.707 : Training samples this epoch: 4860
25-07-07 08:12:51.707 : Validation samples this check: 3611
25-07-07 08:12:51.707 : Saving PSNR checkpoint.
25-07-07 08:22:12.521 : <epoch: 71, iter: 381,000, lr:5.000e-05> G_loss: 8.683e-04 
25-07-07 08:31:33.750 : <epoch: 71, iter: 382,000, lr:5.000e-05> G_loss: 7.000e-04 
25-07-07 08:40:54.302 : <epoch: 71, iter: 383,000, lr:5.000e-05> G_loss: 8.800e-04 
25-07-07 08:50:15.975 : <epoch: 71, iter: 384,000, lr:5.000e-05> G_loss: 1.002e-03 
25-07-07 08:59:38.258 : <epoch: 72, iter: 385,000, lr:5.000e-05> G_loss: 7.673e-04 
25-07-07 09:09:01.167 : <epoch: 72, iter: 386,000, lr:5.000e-05> G_loss: 9.006e-04 
25-07-07 09:18:22.744 : <epoch: 72, iter: 387,000, lr:5.000e-05> G_loss: 9.388e-04 
25-07-07 09:27:44.703 : <epoch: 72, iter: 388,000, lr:5.000e-05> G_loss: 7.629e-04 
25-07-07 09:37:06.663 : <epoch: 72, iter: 389,000, lr:5.000e-05> G_loss: 8.420e-04 
25-07-07 09:46:28.780 : <epoch: 72, iter: 390,000, lr:5.000e-05> G_loss: 8.476e-04 
25-07-07 09:46:28.780 : Saving the model.
25-07-07 09:55:50.933 : <epoch: 73, iter: 391,000, lr:5.000e-05> G_loss: 7.561e-04 
25-07-07 10:05:12.452 : <epoch: 73, iter: 392,000, lr:5.000e-05> G_loss: 1.137e-03 
25-07-07 10:14:34.253 : <epoch: 73, iter: 393,000, lr:5.000e-05> G_loss: 8.582e-04 
25-07-07 10:23:56.322 : <epoch: 73, iter: 394,000, lr:5.000e-05> G_loss: 7.865e-04 
25-07-07 10:33:17.753 : <epoch: 73, iter: 395,000, lr:5.000e-05> G_loss: 7.432e-04 
25-07-07 10:42:39.720 : <epoch: 74, iter: 396,000, lr:5.000e-05> G_loss: 7.955e-04 
25-07-07 10:52:01.760 : <epoch: 74, iter: 397,000, lr:5.000e-05> G_loss: 8.534e-04 
25-07-07 11:01:23.318 : <epoch: 74, iter: 398,000, lr:5.000e-05> G_loss: 8.262e-04 
25-07-07 11:10:44.819 : <epoch: 74, iter: 399,000, lr:5.000e-05> G_loss: 7.583e-04 
25-07-07 11:20:06.244 : <epoch: 74, iter: 400,000, lr:1.250e-05> G_loss: 1.020e-03 
25-07-07 11:20:06.244 : Saving the model.
25-07-07 11:24:56.287 : <epoch: 74, iter: 400,000, Val PSNR: 52.59dB, Val SSIM: 0.9961
25-07-07 11:24:56.287 : Training samples this epoch: 27354
25-07-07 11:24:56.288 : Validation samples this check: 3611
25-07-07 11:24:56.289 : Saving PSNR checkpoint.
25-07-07 11:34:17.561 : <epoch: 75, iter: 401,000, lr:2.500e-05> G_loss: 8.154e-04 
25-07-07 11:43:40.082 : <epoch: 75, iter: 402,000, lr:2.500e-05> G_loss: 6.948e-04 
25-07-07 11:53:02.371 : <epoch: 75, iter: 403,000, lr:2.500e-05> G_loss: 7.583e-04 
25-07-07 12:02:25.037 : <epoch: 75, iter: 404,000, lr:2.500e-05> G_loss: 7.989e-04 
25-07-07 12:11:48.280 : <epoch: 75, iter: 405,000, lr:2.500e-05> G_loss: 1.011e-03 
25-07-07 12:21:11.473 : <epoch: 75, iter: 406,000, lr:2.500e-05> G_loss: 9.019e-04 
25-07-07 12:30:34.275 : <epoch: 76, iter: 407,000, lr:2.500e-05> G_loss: 8.056e-04 
25-07-07 12:39:57.604 : <epoch: 76, iter: 408,000, lr:2.500e-05> G_loss: 9.554e-04 
25-07-07 12:49:20.484 : <epoch: 76, iter: 409,000, lr:2.500e-05> G_loss: 8.568e-04 
25-07-07 12:58:43.615 : <epoch: 76, iter: 410,000, lr:2.500e-05> G_loss: 9.432e-04 
25-07-07 12:58:43.615 : Saving the model.
25-07-07 13:08:05.519 : <epoch: 76, iter: 411,000, lr:2.500e-05> G_loss: 7.327e-04 
25-07-07 13:17:27.577 : <epoch: 77, iter: 412,000, lr:2.500e-05> G_loss: 7.239e-04 
25-07-07 13:26:49.457 : <epoch: 77, iter: 413,000, lr:2.500e-05> G_loss: 7.663e-04 
25-07-07 13:36:11.288 : <epoch: 77, iter: 414,000, lr:2.500e-05> G_loss: 8.407e-04 
25-07-07 13:45:34.110 : <epoch: 77, iter: 415,000, lr:2.500e-05> G_loss: 8.251e-04 
25-07-07 13:54:57.413 : <epoch: 77, iter: 416,000, lr:2.500e-05> G_loss: 8.612e-04 
25-07-07 14:04:20.572 : <epoch: 77, iter: 417,000, lr:2.500e-05> G_loss: 1.102e-03 
25-07-07 14:13:44.616 : <epoch: 78, iter: 418,000, lr:2.500e-05> G_loss: 8.122e-04 
25-07-07 14:23:08.444 : <epoch: 78, iter: 419,000, lr:2.500e-05> G_loss: 9.224e-04 
25-07-07 14:32:31.573 : <epoch: 78, iter: 420,000, lr:2.500e-05> G_loss: 8.311e-04 
25-07-07 14:32:31.573 : Saving the model.
25-07-07 14:37:16.793 : <epoch: 78, iter: 420,000, Val PSNR: 52.77dB, Val SSIM: 0.9962
25-07-07 14:37:16.793 : Training samples this epoch: 17346
25-07-07 14:37:16.794 : Validation samples this check: 3611
25-07-07 14:37:16.794 : Saving PSNR checkpoint.
25-07-07 14:46:38.777 : <epoch: 78, iter: 421,000, lr:2.500e-05> G_loss: 7.168e-04 
25-07-07 14:56:02.327 : <epoch: 78, iter: 422,000, lr:2.500e-05> G_loss: 8.508e-04 
25-07-07 15:05:26.923 : <epoch: 79, iter: 423,000, lr:2.500e-05> G_loss: 7.549e-04 
25-07-07 15:14:50.615 : <epoch: 79, iter: 424,000, lr:2.500e-05> G_loss: 9.714e-04 
25-07-07 15:24:12.924 : <epoch: 79, iter: 425,000, lr:2.500e-05> G_loss: 9.212e-04 
25-07-07 15:33:35.167 : <epoch: 79, iter: 426,000, lr:2.500e-05> G_loss: 8.166e-04 
25-07-07 15:42:56.528 : <epoch: 79, iter: 427,000, lr:2.500e-05> G_loss: 1.019e-03 
25-07-07 15:52:18.935 : <epoch: 80, iter: 428,000, lr:2.500e-05> G_loss: 7.526e-04 
25-07-07 16:01:40.726 : <epoch: 80, iter: 429,000, lr:2.500e-05> G_loss: 8.695e-04 
25-07-07 16:11:02.197 : <epoch: 80, iter: 430,000, lr:2.500e-05> G_loss: 7.876e-04 
25-07-07 16:11:02.198 : Saving the model.
25-07-07 16:20:24.131 : <epoch: 80, iter: 431,000, lr:2.500e-05> G_loss: 7.171e-04 
25-07-07 16:29:45.231 : <epoch: 80, iter: 432,000, lr:2.500e-05> G_loss: 7.875e-04 
25-07-07 16:39:06.936 : <epoch: 80, iter: 433,000, lr:2.500e-05> G_loss: 9.309e-04 
25-07-07 16:48:29.686 : <epoch: 81, iter: 434,000, lr:2.500e-05> G_loss: 6.998e-04 
25-07-07 16:57:52.109 : <epoch: 81, iter: 435,000, lr:2.500e-05> G_loss: 8.721e-04 
25-07-07 17:07:14.673 : <epoch: 81, iter: 436,000, lr:2.500e-05> G_loss: 7.896e-04 
25-07-07 17:16:37.407 : <epoch: 81, iter: 437,000, lr:2.500e-05> G_loss: 9.935e-04 
25-07-07 17:26:01.343 : <epoch: 81, iter: 438,000, lr:2.500e-05> G_loss: 8.766e-04 
25-07-07 17:35:26.394 : <epoch: 82, iter: 439,000, lr:2.500e-05> G_loss: 8.485e-04 
25-07-07 17:44:51.556 : <epoch: 82, iter: 440,000, lr:2.500e-05> G_loss: 8.654e-04 
25-07-07 17:44:51.557 : Saving the model.
25-07-07 17:49:37.818 : <epoch: 82, iter: 440,000, Val PSNR: 52.77dB, Val SSIM: 0.9961
25-07-07 17:49:37.818 : Training samples this epoch: 7338
25-07-07 17:49:37.818 : Validation samples this check: 3611
25-07-07 17:49:37.819 : Saving PSNR checkpoint.
25-07-07 17:59:00.729 : <epoch: 82, iter: 441,000, lr:2.500e-05> G_loss: 8.698e-04 
25-07-07 18:08:25.918 : <epoch: 82, iter: 442,000, lr:2.500e-05> G_loss: 7.892e-04 
25-07-07 18:17:51.456 : <epoch: 82, iter: 443,000, lr:2.500e-05> G_loss: 7.419e-04 
25-07-07 18:27:17.438 : <epoch: 82, iter: 444,000, lr:2.500e-05> G_loss: 8.754e-04 
25-07-07 18:36:44.173 : <epoch: 83, iter: 445,000, lr:2.500e-05> G_loss: 7.957e-04 
25-07-07 18:46:10.593 : <epoch: 83, iter: 446,000, lr:2.500e-05> G_loss: 8.684e-04 
25-07-07 18:55:35.141 : <epoch: 83, iter: 447,000, lr:2.500e-05> G_loss: 7.516e-04 
25-07-07 19:04:57.803 : <epoch: 83, iter: 448,000, lr:2.500e-05> G_loss: 8.845e-04 
25-07-07 19:14:19.069 : <epoch: 83, iter: 449,000, lr:2.500e-05> G_loss: 9.161e-04 
25-07-07 19:23:39.606 : <epoch: 84, iter: 450,000, lr:2.500e-05> G_loss: 7.629e-04 
25-07-07 19:23:39.607 : Saving the model.
25-07-07 19:33:01.534 : <epoch: 84, iter: 451,000, lr:2.500e-05> G_loss: 8.316e-04 
25-07-07 19:42:22.219 : <epoch: 84, iter: 452,000, lr:2.500e-05> G_loss: 8.175e-04 
25-07-07 19:51:43.671 : <epoch: 84, iter: 453,000, lr:2.500e-05> G_loss: 8.087e-04 
25-07-07 20:01:05.102 : <epoch: 84, iter: 454,000, lr:2.500e-05> G_loss: 9.186e-04 
25-07-07 20:10:25.590 : <epoch: 84, iter: 455,000, lr:2.500e-05> G_loss: 9.682e-04 
25-07-07 20:19:46.451 : <epoch: 85, iter: 456,000, lr:2.500e-05> G_loss: 7.628e-04 
25-07-07 20:29:06.605 : <epoch: 85, iter: 457,000, lr:2.500e-05> G_loss: 1.042e-03 
25-07-07 20:38:26.762 : <epoch: 85, iter: 458,000, lr:2.500e-05> G_loss: 7.703e-04 
25-07-07 20:47:46.661 : <epoch: 85, iter: 459,000, lr:2.500e-05> G_loss: 9.891e-04 
25-07-07 20:57:06.564 : <epoch: 85, iter: 460,000, lr:2.500e-05> G_loss: 8.947e-04 
25-07-07 20:57:06.564 : Saving the model.
25-07-07 21:01:45.656 : <epoch: 85, iter: 460,000, Val PSNR: 52.75dB, Val SSIM: 0.9961
25-07-07 21:01:45.657 : Training samples this epoch: 29832
25-07-07 21:01:45.657 : Validation samples this check: 3611
25-07-07 21:01:45.658 : Saving PSNR checkpoint.
25-07-07 21:11:05.933 : <epoch: 86, iter: 461,000, lr:2.500e-05> G_loss: 9.961e-04 
25-07-07 21:20:27.269 : <epoch: 86, iter: 462,000, lr:2.500e-05> G_loss: 8.488e-04 
25-07-07 21:29:47.595 : <epoch: 86, iter: 463,000, lr:2.500e-05> G_loss: 7.973e-04 
25-07-07 21:39:07.204 : <epoch: 86, iter: 464,000, lr:2.500e-05> G_loss: 8.225e-04 
25-07-07 21:48:27.360 : <epoch: 86, iter: 465,000, lr:2.500e-05> G_loss: 7.507e-04 
25-07-07 21:57:47.581 : <epoch: 87, iter: 466,000, lr:2.500e-05> G_loss: 8.043e-04 
25-07-07 22:07:07.365 : <epoch: 87, iter: 467,000, lr:2.500e-05> G_loss: 1.097e-03 
25-07-07 22:16:27.088 : <epoch: 87, iter: 468,000, lr:2.500e-05> G_loss: 1.057e-03 
25-07-07 22:25:46.832 : <epoch: 87, iter: 469,000, lr:2.500e-05> G_loss: 8.206e-04 
25-07-07 22:35:06.149 : <epoch: 87, iter: 470,000, lr:2.500e-05> G_loss: 6.911e-04 
25-07-07 22:35:06.149 : Saving the model.
25-07-07 22:44:25.526 : <epoch: 87, iter: 471,000, lr:2.500e-05> G_loss: 8.971e-04 
25-07-07 22:53:45.579 : <epoch: 88, iter: 472,000, lr:2.500e-05> G_loss: 8.519e-04 
25-07-07 23:03:04.942 : <epoch: 88, iter: 473,000, lr:2.500e-05> G_loss: 7.818e-04 
25-07-07 23:12:24.583 : <epoch: 88, iter: 474,000, lr:2.500e-05> G_loss: 7.567e-04 
25-07-07 23:21:44.054 : <epoch: 88, iter: 475,000, lr:2.500e-05> G_loss: 8.571e-04 
25-07-07 23:31:03.432 : <epoch: 88, iter: 476,000, lr:2.500e-05> G_loss: 9.124e-04 
25-07-07 23:40:23.144 : <epoch: 89, iter: 477,000, lr:2.500e-05> G_loss: 8.908e-04 
25-07-07 23:49:43.124 : <epoch: 89, iter: 478,000, lr:2.500e-05> G_loss: 9.067e-04 
25-07-07 23:59:03.713 : <epoch: 89, iter: 479,000, lr:2.500e-05> G_loss: 8.848e-04 
25-07-08 00:08:24.425 : <epoch: 89, iter: 480,000, lr:2.500e-05> G_loss: 9.019e-04 
25-07-08 00:08:24.425 : Saving the model.
25-07-08 00:13:15.778 : <epoch: 89, iter: 480,000, Val PSNR: 52.80dB, Val SSIM: 0.9962
25-07-08 00:13:15.778 : Training samples this epoch: 19824
25-07-08 00:13:15.779 : Validation samples this check: 3611
25-07-08 00:13:15.779 : Saving PSNR checkpoint.
25-07-08 00:22:34.911 : <epoch: 89, iter: 481,000, lr:2.500e-05> G_loss: 8.170e-04 
25-07-08 00:31:54.818 : <epoch: 89, iter: 482,000, lr:2.500e-05> G_loss: 8.559e-04 
25-07-08 00:41:14.665 : <epoch: 90, iter: 483,000, lr:2.500e-05> G_loss: 8.959e-04 
25-07-08 00:50:33.691 : <epoch: 90, iter: 484,000, lr:2.500e-05> G_loss: 8.866e-04 
25-07-08 00:59:53.048 : <epoch: 90, iter: 485,000, lr:2.500e-05> G_loss: 9.818e-04 
25-07-08 01:09:12.659 : <epoch: 90, iter: 486,000, lr:2.500e-05> G_loss: 9.684e-04 
25-07-08 01:18:32.254 : <epoch: 90, iter: 487,000, lr:2.500e-05> G_loss: 9.271e-04 
25-07-08 01:27:52.374 : <epoch: 91, iter: 488,000, lr:2.500e-05> G_loss: 1.039e-03 
25-07-08 01:37:11.993 : <epoch: 91, iter: 489,000, lr:2.500e-05> G_loss: 8.259e-04 
25-07-08 01:46:31.664 : <epoch: 91, iter: 490,000, lr:2.500e-05> G_loss: 6.906e-04 
25-07-08 01:46:31.664 : Saving the model.
25-07-08 01:55:50.491 : <epoch: 91, iter: 491,000, lr:2.500e-05> G_loss: 7.598e-04 
25-07-08 02:05:09.697 : <epoch: 91, iter: 492,000, lr:2.500e-05> G_loss: 6.483e-04 
25-07-08 02:14:29.474 : <epoch: 92, iter: 493,000, lr:2.500e-05> G_loss: 8.218e-04 
25-07-08 02:23:49.158 : <epoch: 92, iter: 494,000, lr:2.500e-05> G_loss: 8.142e-04 
25-07-08 02:33:08.060 : <epoch: 92, iter: 495,000, lr:2.500e-05> G_loss: 9.410e-04 
25-07-08 02:42:27.728 : <epoch: 92, iter: 496,000, lr:2.500e-05> G_loss: 7.586e-04 
25-07-08 02:51:47.174 : <epoch: 92, iter: 497,000, lr:2.500e-05> G_loss: 7.391e-04 
25-07-08 03:01:05.995 : <epoch: 92, iter: 498,000, lr:2.500e-05> G_loss: 1.113e-03 
25-07-08 03:10:25.961 : <epoch: 93, iter: 499,000, lr:2.500e-05> G_loss: 1.035e-03 
25-07-08 03:19:45.492 : <epoch: 93, iter: 500,000, lr:2.500e-05> G_loss: 7.676e-04 
25-07-08 03:19:45.493 : Saving the model.
25-07-08 03:24:18.251 : <epoch: 93, iter: 500,000, Val PSNR: 52.79dB, Val SSIM: 0.9962
25-07-08 03:24:18.251 : Training samples this epoch: 9816
25-07-08 03:24:18.252 : Validation samples this check: 3611
25-07-08 03:24:18.252 : Saving PSNR checkpoint.
25-07-08 03:33:37.611 : <epoch: 93, iter: 501,000, lr:2.500e-05> G_loss: 8.375e-04 
25-07-08 03:42:57.227 : <epoch: 93, iter: 502,000, lr:2.500e-05> G_loss: 1.095e-03 
25-07-08 03:52:17.264 : <epoch: 93, iter: 503,000, lr:2.500e-05> G_loss: 6.995e-04 
25-07-08 04:01:37.786 : <epoch: 94, iter: 504,000, lr:2.500e-05> G_loss: 8.858e-04 
25-07-08 04:10:58.225 : <epoch: 94, iter: 505,000, lr:2.500e-05> G_loss: 7.683e-04 
25-07-08 04:20:18.596 : <epoch: 94, iter: 506,000, lr:2.500e-05> G_loss: 8.506e-04 
25-07-08 04:29:39.298 : <epoch: 94, iter: 507,000, lr:2.500e-05> G_loss: 7.547e-04 
25-07-08 04:38:58.663 : <epoch: 94, iter: 508,000, lr:2.500e-05> G_loss: 7.796e-04 
25-07-08 04:48:17.847 : <epoch: 94, iter: 509,000, lr:2.500e-05> G_loss: 7.196e-04 
25-07-08 04:57:38.443 : <epoch: 95, iter: 510,000, lr:2.500e-05> G_loss: 8.646e-04 
25-07-08 04:57:38.443 : Saving the model.
25-07-08 05:06:57.659 : <epoch: 95, iter: 511,000, lr:2.500e-05> G_loss: 9.688e-04 
25-07-08 05:16:16.827 : <epoch: 95, iter: 512,000, lr:2.500e-05> G_loss: 9.596e-04 
25-07-08 05:25:36.406 : <epoch: 95, iter: 513,000, lr:2.500e-05> G_loss: 1.022e-03 
25-07-08 05:34:56.293 : <epoch: 95, iter: 514,000, lr:2.500e-05> G_loss: 9.796e-04 
25-07-08 05:44:16.729 : <epoch: 96, iter: 515,000, lr:2.500e-05> G_loss: 9.597e-04 
25-07-08 05:53:36.587 : <epoch: 96, iter: 516,000, lr:2.500e-05> G_loss: 7.181e-04 
25-07-08 06:02:56.371 : <epoch: 96, iter: 517,000, lr:2.500e-05> G_loss: 1.059e-03 
25-07-08 06:12:16.095 : <epoch: 96, iter: 518,000, lr:2.500e-05> G_loss: 7.022e-04 
25-07-08 06:21:36.310 : <epoch: 96, iter: 519,000, lr:2.500e-05> G_loss: 7.290e-04 
25-07-08 06:30:56.664 : <epoch: 96, iter: 520,000, lr:2.500e-05> G_loss: 8.105e-04 
25-07-08 06:30:56.664 : Saving the model.
25-07-08 06:35:37.077 : <epoch: 96, iter: 520,000, Val PSNR: 52.80dB, Val SSIM: 0.9962
25-07-08 06:35:37.077 : Training samples this epoch: 32310
25-07-08 06:35:37.078 : Validation samples this check: 3611
25-07-08 06:35:37.078 : Saving PSNR checkpoint.
25-07-08 06:44:56.914 : <epoch: 97, iter: 521,000, lr:2.500e-05> G_loss: 7.828e-04 
25-07-08 06:54:17.472 : <epoch: 97, iter: 522,000, lr:2.500e-05> G_loss: 7.395e-04 
25-07-08 07:03:37.211 : <epoch: 97, iter: 523,000, lr:2.500e-05> G_loss: 9.487e-04 
25-07-08 07:12:57.528 : <epoch: 97, iter: 524,000, lr:2.500e-05> G_loss: 7.468e-04 
25-07-08 07:22:18.124 : <epoch: 97, iter: 525,000, lr:2.500e-05> G_loss: 8.966e-04 
25-07-08 07:31:38.876 : <epoch: 98, iter: 526,000, lr:2.500e-05> G_loss: 6.737e-04 
25-07-08 07:40:59.281 : <epoch: 98, iter: 527,000, lr:2.500e-05> G_loss: 8.389e-04 
25-07-08 07:50:19.429 : <epoch: 98, iter: 528,000, lr:2.500e-05> G_loss: 8.708e-04 
25-07-08 07:59:39.908 : <epoch: 98, iter: 529,000, lr:2.500e-05> G_loss: 8.038e-04 
25-07-08 08:09:00.165 : <epoch: 98, iter: 530,000, lr:2.500e-05> G_loss: 8.807e-04 
25-07-08 08:09:00.165 : Saving the model.
25-07-08 08:18:19.992 : <epoch: 99, iter: 531,000, lr:2.500e-05> G_loss: 7.935e-04 
25-07-08 08:27:40.121 : <epoch: 99, iter: 532,000, lr:2.500e-05> G_loss: 8.170e-04 
25-07-08 08:37:01.152 : <epoch: 99, iter: 533,000, lr:2.500e-05> G_loss: 6.216e-04 
25-07-08 08:46:21.251 : <epoch: 99, iter: 534,000, lr:2.500e-05> G_loss: 7.392e-04 
25-07-08 08:55:41.143 : <epoch: 99, iter: 535,000, lr:2.500e-05> G_loss: 1.021e-03 
25-07-08 09:05:00.508 : <epoch: 99, iter: 536,000, lr:2.500e-05> G_loss: 9.030e-04 
25-07-08 09:14:21.450 : <epoch:100, iter: 537,000, lr:2.500e-05> G_loss: 8.906e-04 
25-07-08 09:23:41.130 : <epoch:100, iter: 538,000, lr:2.500e-05> G_loss: 8.010e-04 
25-07-08 09:33:01.032 : <epoch:100, iter: 539,000, lr:2.500e-05> G_loss: 8.391e-04 
25-07-08 09:42:21.727 : <epoch:100, iter: 540,000, lr:2.500e-05> G_loss: 7.566e-04 
25-07-08 09:42:21.727 : Saving the model.
25-07-08 09:47:01.402 : <epoch:100, iter: 540,000, Val PSNR: 52.82dB, Val SSIM: 0.9962
25-07-08 09:47:01.402 : Training samples this epoch: 22302
25-07-08 09:47:01.402 : Validation samples this check: 3611
25-07-08 09:47:01.403 : Saving PSNR checkpoint.
25-07-08 09:56:20.807 : <epoch:100, iter: 541,000, lr:2.500e-05> G_loss: 8.284e-04 
25-07-08 10:02:52.388 : ================================================================================
25-07-08 10:02:52.388 : FINAL TEST EVALUATION - After 100 epochs completed
25-07-08 10:02:52.388 : ================================================================================
25-07-08 10:02:52.388 : Loading best PSNR checkpoint for final test evaluation...
25-07-08 10:02:52.391 : Loading PSNR checkpoint for final evaluation...
25-07-08 14:19:09.036 :   task: scunet_ngswin_conv_nstb
  model: scunet_ngswin
  gpu_ids: [0]
  dist: False
  scale: 1
  n_channels: 1
  path:[
    root: training_results/conv_nstb
    pretrained_netG: training_results/conv_nstb/scunet_ngswin_conv_nstb/models/540000_G.pth
    pretrained_netE: training_results/conv_nstb/scunet_ngswin_conv_nstb/models/540000_E.pth
    task: training_results/conv_nstb/scunet_ngswin_conv_nstb
    log: training_results/conv_nstb/scunet_ngswin_conv_nstb
    options: training_results/conv_nstb/scunet_ngswin_conv_nstb/options
    models: training_results/conv_nstb/scunet_ngswin_conv_nstb/models
    images: training_results/conv_nstb/scunet_ngswin_conv_nstb/images
    pretrained_optimizerG: None
  ]
  datasets:[
    train:[
      name: syn_deeplesion_train_li_ct
      dataset_type: li_ct
      dataroot_H: /home/Drive-D/SynDeepLesion/train_640geo
      dataloader_shuffle: True
      dataloader_num_workers: 16
      dataloader_batch_size: 6
      phase: train
      scale: 1
      n_channels: 1
    ]
    test:[
      name: syn_deeplesion_test_li_ct
      dataset_type: li_ct
      dataroot_H: /home/Drive-D/SynDeepLesion/test_640geo
      phase: test
      scale: 1
      n_channels: 1
    ]
  ]
  netG:[
    net_type: scunet_ngswin
    in_nc: 1
    out_nc: 1
    config: [1, 1, 1, 1, 1, 1, 1]
    dim: 32
    drop_path_rate: 0.0
    input_resolution: 512
    block_variant: conv_nstb
    init_type: kaiming_normal
    init_bn_type: constant
    init_gain: 1.0
    scale: 1
  ]
  train:[
    G_lossfn_type: l1
    G_lossfn_weight: 1.0
    E_decay: 0.999
    G_optimizer_type: adam
    G_optimizer_lr: 0.0001
    G_optimizer_wd: 0
    G_scheduler_type: MultiStepLR
    G_scheduler_milestones: [200000, 400000, 600000, 800000]
    G_scheduler_gamma: 0.5
    G_param_strict: True
    E_param_strict: True
    checkpoint_test: 20000
    checkpoint_save: 10000
    checkpoint_print: 1000
    use_fp16: True
    test_both_checkpoints: True
    test_save_every_nth: 250
    F_feature_layer: 34
    F_weights: 1.0
    F_lossfn_type: l1
    F_use_input_norm: True
    F_use_range_norm: False
    G_optimizer_betas: [0.9, 0.999]
    G_scheduler_restart_weights: 1
    G_optimizer_reuse: False
  ]
  opt_path: options/train_scunet_ngswin_1.json
  is_train: True
  merge_bn: False
  merge_bn_startpoint: -1
  find_unused_parameters: False
  use_static_graph: False
  num_gpu: 1
  device: cuda

25-07-08 14:19:09.036 : Using device: cuda
25-07-08 14:19:09.610 : Number of train samples: 36,116, iters per epoch: 6,020
25-07-08 14:19:09.610 : No validation split - using all training data for training
25-07-08 14:19:09.651 : Test set samples: 2,000
25-07-08 14:19:10.678 : 
Networks name: SCUNet_NGSwin
Params number: 5348264
Net structure:
SCUNet_NGSwin(
  (m_head): Sequential(
    (0): Conv2d(1, 64, kernel_size=(3, 3), stride=(1, 1), padding=(1, 1), bias=False)
  )
  (m_down1): Sequential(
    (0): ConvNSTBBlock(
      (conv1_1): Conv2d(64, 64, kernel_size=(1, 1), stride=(1, 1))
      (conv_block): Sequential(
        (0): Conv2d(32, 32, kernel_size=(3, 3), stride=(1, 1), padding=(1, 1), bias=False)
        (1): ReLU(inplace=True)
        (2): Conv2d(32, 32, kernel_size=(3, 3), stride=(1, 1), padding=(1, 1), bias=False)
      )
      (nstb_block): NSTB(
        (ngram_window_partition): NGramWindowPartition(
          (ngram_context): NGramContext(
            (unigram_embed): Conv2d(32, 16, kernel_size=(8, 8), stride=(8, 8), groups=16)
            (ngram_attn): WindowAttention(
              (qkv): Linear(in_features=16, out_features=48, bias=True)
              (attn_drop): Dropout(p=0.0, inplace=False)
              (proj): Linear(in_features=16, out_features=16, bias=True)
              (proj_drop): Dropout(p=0.0, inplace=False)
              (softmax): Softmax(dim=-1)
            )
            (avg_pool): AvgPool2d(kernel_size=2, stride=2, padding=0)
            (merge): Conv2d(32, 32, kernel_size=(1, 1), stride=(1, 1))
          )
        )
        (attn): WindowAttention(
          (qkv): Linear(in_features=32, out_features=96, bias=True)
          (attn_drop): Dropout(p=0.0, inplace=False)
          (proj): Linear(in_features=32, out_features=32, bias=True)
          (proj_drop): Dropout(p=0.0, inplace=False)
          (softmax): Softmax(dim=-1)
        )
        (norm1): LayerNorm((32,), eps=1e-05, elementwise_affine=True)
        (drop_path): Identity()
        (ffn): Mlp(
          (fc1): Linear(in_features=32, out_features=64, bias=True)
          (act): GELU(approximate='none')
          (drop1): Dropout(p=0.0, inplace=False)
          (norm): Identity()
          (fc2): Linear(in_features=64, out_features=32, bias=True)
          (drop2): Dropout(p=0.0, inplace=False)
        )
        (norm2): LayerNorm((32,), eps=1e-05, elementwise_affine=True)
      )
      (conv1_2): Conv2d(64, 64, kernel_size=(1, 1), stride=(1, 1))
    )
    (1): Conv2d(64, 128, kernel_size=(2, 2), stride=(2, 2), bias=False)
  )
  (m_down2): Sequential(
    (0): ConvNSTBBlock(
      (conv1_1): Conv2d(128, 128, kernel_size=(1, 1), stride=(1, 1))
      (conv_block): Sequential(
        (0): Conv2d(64, 64, kernel_size=(3, 3), stride=(1, 1), padding=(1, 1), bias=False)
        (1): ReLU(inplace=True)
        (2): Conv2d(64, 64, kernel_size=(3, 3), stride=(1, 1), padding=(1, 1), bias=False)
      )
      (nstb_block): NSTB(
        (ngram_window_partition): NGramWindowPartition(
          (ngram_context): NGramContext(
            (unigram_embed): Conv2d(64, 32, kernel_size=(8, 8), stride=(8, 8), groups=32)
            (ngram_attn): WindowAttention(
              (qkv): Linear(in_features=32, out_features=96, bias=True)
              (attn_drop): Dropout(p=0.0, inplace=False)
              (proj): Linear(in_features=32, out_features=32, bias=True)
              (proj_drop): Dropout(p=0.0, inplace=False)
              (softmax): Softmax(dim=-1)
            )
            (avg_pool): AvgPool2d(kernel_size=2, stride=2, padding=0)
            (merge): Conv2d(64, 64, kernel_size=(1, 1), stride=(1, 1))
          )
        )
        (attn): WindowAttention(
          (qkv): Linear(in_features=64, out_features=192, bias=True)
          (attn_drop): Dropout(p=0.0, inplace=False)
          (proj): Linear(in_features=64, out_features=64, bias=True)
          (proj_drop): Dropout(p=0.0, inplace=False)
          (softmax): Softmax(dim=-1)
        )
        (norm1): LayerNorm((64,), eps=1e-05, elementwise_affine=True)
        (drop_path): Identity()
        (ffn): Mlp(
          (fc1): Linear(in_features=64, out_features=128, bias=True)
          (act): GELU(approximate='none')
          (drop1): Dropout(p=0.0, inplace=False)
          (norm): Identity()
          (fc2): Linear(in_features=128, out_features=64, bias=True)
          (drop2): Dropout(p=0.0, inplace=False)
        )
        (norm2): LayerNorm((64,), eps=1e-05, elementwise_affine=True)
      )
      (conv1_2): Conv2d(128, 128, kernel_size=(1, 1), stride=(1, 1))
    )
    (1): Conv2d(128, 256, kernel_size=(2, 2), stride=(2, 2), bias=False)
  )
  (m_down3): Sequential(
    (0): ConvNSTBBlock(
      (conv1_1): Conv2d(256, 256, kernel_size=(1, 1), stride=(1, 1))
      (conv_block): Sequential(
        (0): Conv2d(128, 128, kernel_size=(3, 3), stride=(1, 1), padding=(1, 1), bias=False)
        (1): ReLU(inplace=True)
        (2): Conv2d(128, 128, kernel_size=(3, 3), stride=(1, 1), padding=(1, 1), bias=False)
      )
      (nstb_block): NSTB(
        (ngram_window_partition): NGramWindowPartition(
          (ngram_context): NGramContext(
            (unigram_embed): Conv2d(128, 64, kernel_size=(8, 8), stride=(8, 8), groups=64)
            (ngram_attn): WindowAttention(
              (qkv): Linear(in_features=64, out_features=192, bias=True)
              (attn_drop): Dropout(p=0.0, inplace=False)
              (proj): Linear(in_features=64, out_features=64, bias=True)
              (proj_drop): Dropout(p=0.0, inplace=False)
              (softmax): Softmax(dim=-1)
            )
            (avg_pool): AvgPool2d(kernel_size=2, stride=2, padding=0)
            (merge): Conv2d(128, 128, kernel_size=(1, 1), stride=(1, 1))
          )
        )
        (attn): WindowAttention(
          (qkv): Linear(in_features=128, out_features=384, bias=True)
          (attn_drop): Dropout(p=0.0, inplace=False)
          (proj): Linear(in_features=128, out_features=128, bias=True)
          (proj_drop): Dropout(p=0.0, inplace=False)
          (softmax): Softmax(dim=-1)
        )
        (norm1): LayerNorm((128,), eps=1e-05, elementwise_affine=True)
        (drop_path): Identity()
        (ffn): Mlp(
          (fc1): Linear(in_features=128, out_features=256, bias=True)
          (act): GELU(approximate='none')
          (drop1): Dropout(p=0.0, inplace=False)
          (norm): Identity()
          (fc2): Linear(in_features=256, out_features=128, bias=True)
          (drop2): Dropout(p=0.0, inplace=False)
        )
        (norm2): LayerNorm((128,), eps=1e-05, elementwise_affine=True)
      )
      (conv1_2): Conv2d(256, 256, kernel_size=(1, 1), stride=(1, 1))
    )
    (1): Conv2d(256, 512, kernel_size=(2, 2), stride=(2, 2), bias=False)
  )
  (m_body): Sequential(
    (0): ConvNSTBBlock(
      (conv1_1): Conv2d(512, 512, kernel_size=(1, 1), stride=(1, 1))
      (conv_block): Sequential(
        (0): Conv2d(256, 256, kernel_size=(3, 3), stride=(1, 1), padding=(1, 1), bias=False)
        (1): ReLU(inplace=True)
        (2): Conv2d(256, 256, kernel_size=(3, 3), stride=(1, 1), padding=(1, 1), bias=False)
      )
      (nstb_block): NSTB(
        (ngram_window_partition): NGramWindowPartition(
          (ngram_context): NGramContext(
            (unigram_embed): Conv2d(256, 128, kernel_size=(8, 8), stride=(8, 8), groups=128)
            (ngram_attn): WindowAttention(
              (qkv): Linear(in_features=128, out_features=384, bias=True)
              (attn_drop): Dropout(p=0.0, inplace=False)
              (proj): Linear(in_features=128, out_features=128, bias=True)
              (proj_drop): Dropout(p=0.0, inplace=False)
              (softmax): Softmax(dim=-1)
            )
            (avg_pool): AvgPool2d(kernel_size=2, stride=2, padding=0)
            (merge): Conv2d(256, 256, kernel_size=(1, 1), stride=(1, 1))
          )
        )
        (attn): WindowAttention(
          (qkv): Linear(in_features=256, out_features=768, bias=True)
          (attn_drop): Dropout(p=0.0, inplace=False)
          (proj): Linear(in_features=256, out_features=256, bias=True)
          (proj_drop): Dropout(p=0.0, inplace=False)
          (softmax): Softmax(dim=-1)
        )
        (norm1): LayerNorm((256,), eps=1e-05, elementwise_affine=True)
        (drop_path): Identity()
        (ffn): Mlp(
          (fc1): Linear(in_features=256, out_features=512, bias=True)
          (act): GELU(approximate='none')
          (drop1): Dropout(p=0.0, inplace=False)
          (norm): Identity()
          (fc2): Linear(in_features=512, out_features=256, bias=True)
          (drop2): Dropout(p=0.0, inplace=False)
        )
        (norm2): LayerNorm((256,), eps=1e-05, elementwise_affine=True)
      )
      (conv1_2): Conv2d(512, 512, kernel_size=(1, 1), stride=(1, 1))
    )
  )
  (m_up3): Sequential(
    (0): ConvTranspose2d(512, 256, kernel_size=(2, 2), stride=(2, 2), bias=False)
    (1): ConvNSTBBlock(
      (conv1_1): Conv2d(256, 256, kernel_size=(1, 1), stride=(1, 1))
      (conv_block): Sequential(
        (0): Conv2d(128, 128, kernel_size=(3, 3), stride=(1, 1), padding=(1, 1), bias=False)
        (1): ReLU(inplace=True)
        (2): Conv2d(128, 128, kernel_size=(3, 3), stride=(1, 1), padding=(1, 1), bias=False)
      )
      (nstb_block): NSTB(
        (ngram_window_partition): NGramWindowPartition(
          (ngram_context): NGramContext(
            (unigram_embed): Conv2d(128, 64, kernel_size=(8, 8), stride=(8, 8), groups=64)
            (ngram_attn): WindowAttention(
              (qkv): Linear(in_features=64, out_features=192, bias=True)
              (attn_drop): Dropout(p=0.0, inplace=False)
              (proj): Linear(in_features=64, out_features=64, bias=True)
              (proj_drop): Dropout(p=0.0, inplace=False)
              (softmax): Softmax(dim=-1)
            )
            (avg_pool): AvgPool2d(kernel_size=2, stride=2, padding=0)
            (merge): Conv2d(128, 128, kernel_size=(1, 1), stride=(1, 1))
          )
        )
        (attn): WindowAttention(
          (qkv): Linear(in_features=128, out_features=384, bias=True)
          (attn_drop): Dropout(p=0.0, inplace=False)
          (proj): Linear(in_features=128, out_features=128, bias=True)
          (proj_drop): Dropout(p=0.0, inplace=False)
          (softmax): Softmax(dim=-1)
        )
        (norm1): LayerNorm((128,), eps=1e-05, elementwise_affine=True)
        (drop_path): Identity()
        (ffn): Mlp(
          (fc1): Linear(in_features=128, out_features=256, bias=True)
          (act): GELU(approximate='none')
          (drop1): Dropout(p=0.0, inplace=False)
          (norm): Identity()
          (fc2): Linear(in_features=256, out_features=128, bias=True)
          (drop2): Dropout(p=0.0, inplace=False)
        )
        (norm2): LayerNorm((128,), eps=1e-05, elementwise_affine=True)
      )
      (conv1_2): Conv2d(256, 256, kernel_size=(1, 1), stride=(1, 1))
    )
  )
  (m_up2): Sequential(
    (0): ConvTranspose2d(256, 128, kernel_size=(2, 2), stride=(2, 2), bias=False)
    (1): ConvNSTBBlock(
      (conv1_1): Conv2d(128, 128, kernel_size=(1, 1), stride=(1, 1))
      (conv_block): Sequential(
        (0): Conv2d(64, 64, kernel_size=(3, 3), stride=(1, 1), padding=(1, 1), bias=False)
        (1): ReLU(inplace=True)
        (2): Conv2d(64, 64, kernel_size=(3, 3), stride=(1, 1), padding=(1, 1), bias=False)
      )
      (nstb_block): NSTB(
        (ngram_window_partition): NGramWindowPartition(
          (ngram_context): NGramContext(
            (unigram_embed): Conv2d(64, 32, kernel_size=(8, 8), stride=(8, 8), groups=32)
            (ngram_attn): WindowAttention(
              (qkv): Linear(in_features=32, out_features=96, bias=True)
              (attn_drop): Dropout(p=0.0, inplace=False)
              (proj): Linear(in_features=32, out_features=32, bias=True)
              (proj_drop): Dropout(p=0.0, inplace=False)
              (softmax): Softmax(dim=-1)
            )
            (avg_pool): AvgPool2d(kernel_size=2, stride=2, padding=0)
            (merge): Conv2d(64, 64, kernel_size=(1, 1), stride=(1, 1))
          )
        )
        (attn): WindowAttention(
          (qkv): Linear(in_features=64, out_features=192, bias=True)
          (attn_drop): Dropout(p=0.0, inplace=False)
          (proj): Linear(in_features=64, out_features=64, bias=True)
          (proj_drop): Dropout(p=0.0, inplace=False)
          (softmax): Softmax(dim=-1)
        )
        (norm1): LayerNorm((64,), eps=1e-05, elementwise_affine=True)
        (drop_path): Identity()
        (ffn): Mlp(
          (fc1): Linear(in_features=64, out_features=128, bias=True)
          (act): GELU(approximate='none')
          (drop1): Dropout(p=0.0, inplace=False)
          (norm): Identity()
          (fc2): Linear(in_features=128, out_features=64, bias=True)
          (drop2): Dropout(p=0.0, inplace=False)
        )
        (norm2): LayerNorm((64,), eps=1e-05, elementwise_affine=True)
      )
      (conv1_2): Conv2d(128, 128, kernel_size=(1, 1), stride=(1, 1))
    )
  )
  (m_up1): Sequential(
    (0): ConvTranspose2d(128, 64, kernel_size=(2, 2), stride=(2, 2), bias=False)
    (1): ConvNSTBBlock(
      (conv1_1): Conv2d(64, 64, kernel_size=(1, 1), stride=(1, 1))
      (conv_block): Sequential(
        (0): Conv2d(32, 32, kernel_size=(3, 3), stride=(1, 1), padding=(1, 1), bias=False)
        (1): ReLU(inplace=True)
        (2): Conv2d(32, 32, kernel_size=(3, 3), stride=(1, 1), padding=(1, 1), bias=False)
      )
      (nstb_block): NSTB(
        (ngram_window_partition): NGramWindowPartition(
          (ngram_context): NGramContext(
            (unigram_embed): Conv2d(32, 16, kernel_size=(8, 8), stride=(8, 8), groups=16)
            (ngram_attn): WindowAttention(
              (qkv): Linear(in_features=16, out_features=48, bias=True)
              (attn_drop): Dropout(p=0.0, inplace=False)
              (proj): Linear(in_features=16, out_features=16, bias=True)
              (proj_drop): Dropout(p=0.0, inplace=False)
              (softmax): Softmax(dim=-1)
            )
            (avg_pool): AvgPool2d(kernel_size=2, stride=2, padding=0)
            (merge): Conv2d(32, 32, kernel_size=(1, 1), stride=(1, 1))
          )
        )
        (attn): WindowAttention(
          (qkv): Linear(in_features=32, out_features=96, bias=True)
          (attn_drop): Dropout(p=0.0, inplace=False)
          (proj): Linear(in_features=32, out_features=32, bias=True)
          (proj_drop): Dropout(p=0.0, inplace=False)
          (softmax): Softmax(dim=-1)
        )
        (norm1): LayerNorm((32,), eps=1e-05, elementwise_affine=True)
        (drop_path): Identity()
        (ffn): Mlp(
          (fc1): Linear(in_features=32, out_features=64, bias=True)
          (act): GELU(approximate='none')
          (drop1): Dropout(p=0.0, inplace=False)
          (norm): Identity()
          (fc2): Linear(in_features=64, out_features=32, bias=True)
          (drop2): Dropout(p=0.0, inplace=False)
        )
        (norm2): LayerNorm((32,), eps=1e-05, elementwise_affine=True)
      )
      (conv1_2): Conv2d(64, 64, kernel_size=(1, 1), stride=(1, 1))
    )
  )
  (m_tail): Sequential(
    (0): Conv2d(64, 1, kernel_size=(3, 3), stride=(1, 1), padding=(1, 1), bias=False)
  )
)

25-07-08 14:19:10.716 : 
 |  mean  |  min   |  max   |  std   || shape               
 |  0.006 | -0.457 |  0.432 |  0.201 | torch.Size([64, 1, 3, 3]) || m_head.0.weight
 | -0.005 | -1.429 |  2.076 |  0.179 | torch.Size([64, 64, 1, 1]) || m_down1.0.conv1_1.weight
 | -0.012 | -0.131 |  0.130 |  0.067 | torch.Size([64]) || m_down1.0.conv1_1.bias
 |  0.001 | -0.872 |  0.929 |  0.077 | torch.Size([32, 32, 3, 3]) || m_down1.0.conv_block.0.weight
 | -0.000 | -0.347 |  0.371 |  0.065 | torch.Size([32, 32, 3, 3]) || m_down1.0.conv_block.2.weight
 | -12.109 | -100.000 |  0.000 | 32.624 | torch.Size([64, 64, 64]) || m_down1.0.nstb_block.attn_mask
 | -0.002 | -0.203 |  0.214 |  0.062 | torch.Size([16, 2, 8, 8]) || m_down1.0.nstb_block.ngram_window_partition.ngram_context.unigram_embed.weight
 |  0.025 | -0.077 |  0.113 |  0.050 | torch.Size([16]) || m_down1.0.nstb_block.ngram_window_partition.ngram_context.unigram_embed.bias
 |  2.377 |  2.377 |  2.377 |    nan | torch.Size([1, 1, 1]) || m_down1.0.nstb_block.ngram_window_partition.ngram_context.ngram_attn.logit_scale
 | -0.004 | -0.186 |  0.243 |  0.150 | torch.Size([9, 1]) || m_down1.0.nstb_block.ngram_window_partition.ngram_context.ngram_attn.relative_position_bias_table
 |  4.000 |  0.000 |  8.000 |  2.309 | torch.Size([4, 4]) || m_down1.0.nstb_block.ngram_window_partition.ngram_context.ngram_attn.relative_position_index
 |  0.006 | -0.430 |  0.479 |  0.159 | torch.Size([48, 16]) || m_down1.0.nstb_block.ngram_window_partition.ngram_context.ngram_attn.qkv.weight
 | -0.023 | -0.214 |  0.191 |  0.115 | torch.Size([48]) || m_down1.0.nstb_block.ngram_window_partition.ngram_context.ngram_attn.qkv.bias
 |  0.013 | -0.256 |  0.273 |  0.134 | torch.Size([16, 16]) || m_down1.0.nstb_block.ngram_window_partition.ngram_context.ngram_attn.proj.weight
 | -0.011 | -0.196 |  0.142 |  0.107 | torch.Size([16]) || m_down1.0.nstb_block.ngram_window_partition.ngram_context.ngram_attn.proj.bias
 | -0.001 | -0.299 |  0.229 |  0.102 | torch.Size([32, 32, 1, 1]) || m_down1.0.nstb_block.ngram_window_partition.ngram_context.merge.weight
 | -0.006 | -0.145 |  0.165 |  0.088 | torch.Size([32]) || m_down1.0.nstb_block.ngram_window_partition.ngram_context.merge.bias
 |  3.644 |  3.644 |  3.644 |    nan | torch.Size([1, 1, 1]) || m_down1.0.nstb_block.attn.logit_scale
 | -0.248 | -0.805 |  0.980 |  0.378 | torch.Size([225, 1]) || m_down1.0.nstb_block.attn.relative_position_bias_table
 | 112.000 |  0.000 | 224.000 | 48.719 | torch.Size([64, 64]) || m_down1.0.nstb_block.attn.relative_position_index
 |  0.001 | -0.694 |  0.564 |  0.132 | torch.Size([96, 32]) || m_down1.0.nstb_block.attn.qkv.weight
 | -0.006 | -0.188 |  0.167 |  0.082 | torch.Size([96]) || m_down1.0.nstb_block.attn.qkv.bias
 | -0.003 | -0.326 |  0.270 |  0.109 | torch.Size([32, 32]) || m_down1.0.nstb_block.attn.proj.weight
 |  0.011 | -0.225 |  0.194 |  0.117 | torch.Size([32]) || m_down1.0.nstb_block.attn.proj.bias
 |  0.979 |  0.893 |  1.069 |  0.035 | torch.Size([32]) || m_down1.0.nstb_block.norm1.weight
 |  0.010 | -0.009 |  0.036 |  0.011 | torch.Size([32]) || m_down1.0.nstb_block.norm1.bias
 |  0.001 | -0.487 |  0.653 |  0.135 | torch.Size([64, 32]) || m_down1.0.nstb_block.ffn.fc1.weight
 | -0.000 | -0.199 |  0.164 |  0.094 | torch.Size([64]) || m_down1.0.nstb_block.ffn.fc1.bias
 | -0.003 | -0.221 |  0.253 |  0.081 | torch.Size([32, 64]) || m_down1.0.nstb_block.ffn.fc2.weight
 | -0.016 | -0.124 |  0.153 |  0.082 | torch.Size([32]) || m_down1.0.nstb_block.ffn.fc2.bias
 |  0.962 |  0.790 |  1.003 |  0.042 | torch.Size([32]) || m_down1.0.nstb_block.norm2.weight
 |  0.010 | -0.014 |  0.042 |  0.012 | torch.Size([32]) || m_down1.0.nstb_block.norm2.bias
 | -0.002 | -0.398 |  0.545 |  0.087 | torch.Size([64, 64, 1, 1]) || m_down1.0.conv1_2.weight
 |  0.006 | -0.104 |  0.131 |  0.065 | torch.Size([64]) || m_down1.0.conv1_2.bias
 |  0.000 | -0.329 |  0.276 |  0.051 | torch.Size([128, 64, 2, 2]) || m_down1.1.weight
 |  0.000 | -0.352 |  0.366 |  0.076 | torch.Size([128, 128, 1, 1]) || m_down2.0.conv1_1.weight
 | -0.006 | -0.107 |  0.091 |  0.045 | torch.Size([128]) || m_down2.0.conv1_1.bias
 |  0.002 | -0.371 |  0.360 |  0.055 | torch.Size([64, 64, 3, 3]) || m_down2.0.conv_block.0.weight
 |  0.000 | -0.351 |  0.427 |  0.056 | torch.Size([64, 64, 3, 3]) || m_down2.0.conv_block.2.weight
 | -23.438 | -100.000 |  0.000 | 42.361 | torch.Size([16, 64, 64]) || m_down2.0.nstb_block.attn_mask
 | -0.002 | -0.272 |  0.309 |  0.068 | torch.Size([32, 2, 8, 8]) || m_down2.0.nstb_block.ngram_window_partition.ngram_context.unigram_embed.weight
 |  0.003 | -0.066 |  0.077 |  0.046 | torch.Size([32]) || m_down2.0.nstb_block.ngram_window_partition.ngram_context.unigram_embed.bias
 |  2.287 |  2.182 |  2.392 |  0.149 | torch.Size([2, 1, 1]) || m_down2.0.nstb_block.ngram_window_partition.ngram_context.ngram_attn.logit_scale
 | -0.013 | -0.395 |  0.468 |  0.255 | torch.Size([9, 2]) || m_down2.0.nstb_block.ngram_window_partition.ngram_context.ngram_attn.relative_position_bias_table
 |  4.000 |  0.000 |  8.000 |  2.309 | torch.Size([4, 4]) || m_down2.0.nstb_block.ngram_window_partition.ngram_context.ngram_attn.relative_position_index
 |  0.002 | -0.368 |  0.387 |  0.115 | torch.Size([96, 32]) || m_down2.0.nstb_block.ngram_window_partition.ngram_context.ngram_attn.qkv.weight
 |  0.025 | -0.195 |  0.229 |  0.101 | torch.Size([96]) || m_down2.0.nstb_block.ngram_window_partition.ngram_context.ngram_attn.qkv.bias
 | -0.001 | -0.248 |  0.244 |  0.103 | torch.Size([32, 32]) || m_down2.0.nstb_block.ngram_window_partition.ngram_context.ngram_attn.proj.weight
 |  0.002 | -0.126 |  0.144 |  0.063 | torch.Size([32]) || m_down2.0.nstb_block.ngram_window_partition.ngram_context.ngram_attn.proj.bias
 |  0.001 | -0.249 |  0.216 |  0.077 | torch.Size([64, 64, 1, 1]) || m_down2.0.nstb_block.ngram_window_partition.ngram_context.merge.weight
 |  0.002 | -0.102 |  0.116 |  0.058 | torch.Size([64]) || m_down2.0.nstb_block.ngram_window_partition.ngram_context.merge.bias
 |  2.817 |  2.595 |  3.039 |  0.314 | torch.Size([2, 1, 1]) || m_down2.0.nstb_block.attn.logit_scale
 | -0.331 | -1.011 |  1.407 |  0.399 | torch.Size([225, 2]) || m_down2.0.nstb_block.attn.relative_position_bias_table
 | 112.000 |  0.000 | 224.000 | 48.719 | torch.Size([64, 64]) || m_down2.0.nstb_block.attn.relative_position_index
 |  0.001 | -0.304 |  0.357 |  0.089 | torch.Size([192, 64]) || m_down2.0.nstb_block.attn.qkv.weight
 | -0.011 | -0.222 |  0.156 |  0.070 | torch.Size([192]) || m_down2.0.nstb_block.attn.qkv.bias
 | -0.003 | -0.209 |  0.233 |  0.082 | torch.Size([64, 64]) || m_down2.0.nstb_block.attn.proj.weight
 |  0.000 | -0.188 |  0.197 |  0.091 | torch.Size([64]) || m_down2.0.nstb_block.attn.proj.bias
 |  0.953 |  0.868 |  1.011 |  0.036 | torch.Size([64]) || m_down2.0.nstb_block.norm1.weight
 |  0.002 | -0.023 |  0.034 |  0.012 | torch.Size([64]) || m_down2.0.nstb_block.norm1.bias
 |  0.001 | -0.386 |  0.402 |  0.102 | torch.Size([128, 64]) || m_down2.0.nstb_block.ffn.fc1.weight
 | -0.006 | -0.160 |  0.126 |  0.079 | torch.Size([128]) || m_down2.0.nstb_block.ffn.fc1.bias
 |  0.001 | -0.237 |  0.256 |  0.066 | torch.Size([64, 128]) || m_down2.0.nstb_block.ffn.fc2.weight
 | -0.003 | -0.163 |  0.140 |  0.070 | torch.Size([64]) || m_down2.0.nstb_block.ffn.fc2.bias
 |  0.963 |  0.881 |  1.030 |  0.026 | torch.Size([64]) || m_down2.0.nstb_block.norm2.weight
 | -0.000 | -0.043 |  0.033 |  0.018 | torch.Size([64]) || m_down2.0.nstb_block.norm2.bias
 | -0.000 | -0.196 |  0.180 |  0.057 | torch.Size([128, 128, 1, 1]) || m_down2.0.conv1_2.weight
 | -0.007 | -0.076 |  0.072 |  0.036 | torch.Size([128]) || m_down2.0.conv1_2.bias
 | -0.000 | -0.173 |  0.220 |  0.044 | torch.Size([256, 128, 2, 2]) || m_down2.1.weight
 |  0.000 | -0.219 |  0.200 |  0.052 | torch.Size([256, 256, 1, 1]) || m_down3.0.conv1_1.weight
 | -0.000 | -0.122 |  0.083 |  0.030 | torch.Size([256]) || m_down3.0.conv1_1.bias
 |  0.000 | -0.453 |  0.393 |  0.049 | torch.Size([128, 128, 3, 3]) || m_down3.0.conv_block.0.weight
 |  0.000 | -0.337 |  0.397 |  0.049 | torch.Size([128, 128, 3, 3]) || m_down3.0.conv_block.2.weight
 | -43.750 | -100.000 |  0.000 | 49.609 | torch.Size([4, 64, 64]) || m_down3.0.nstb_block.attn_mask
 |  0.002 | -0.255 |  0.292 |  0.072 | torch.Size([64, 2, 8, 8]) || m_down3.0.nstb_block.ngram_window_partition.ngram_context.unigram_embed.weight
 |  0.009 | -0.089 |  0.104 |  0.047 | torch.Size([64]) || m_down3.0.nstb_block.ngram_window_partition.ngram_context.unigram_embed.bias
 |  2.348 |  2.267 |  2.393 |  0.058 | torch.Size([4, 1, 1]) || m_down3.0.nstb_block.ngram_window_partition.ngram_context.ngram_attn.logit_scale
 | -0.006 | -0.505 |  0.556 |  0.245 | torch.Size([9, 4]) || m_down3.0.nstb_block.ngram_window_partition.ngram_context.ngram_attn.relative_position_bias_table
 |  4.000 |  0.000 |  8.000 |  2.309 | torch.Size([4, 4]) || m_down3.0.nstb_block.ngram_window_partition.ngram_context.ngram_attn.relative_position_index
 |  0.001 | -0.299 |  0.323 |  0.088 | torch.Size([192, 64]) || m_down3.0.nstb_block.ngram_window_partition.ngram_context.ngram_attn.qkv.weight
 | -0.009 | -0.236 |  0.286 |  0.102 | torch.Size([192]) || m_down3.0.nstb_block.ngram_window_partition.ngram_context.ngram_attn.qkv.bias
 |  0.001 | -0.234 |  0.225 |  0.086 | torch.Size([64, 64]) || m_down3.0.nstb_block.ngram_window_partition.ngram_context.ngram_attn.proj.weight
 | -0.001 | -0.095 |  0.097 |  0.055 | torch.Size([64]) || m_down3.0.nstb_block.ngram_window_partition.ngram_context.ngram_attn.proj.bias
 | -0.000 | -0.217 |  0.214 |  0.067 | torch.Size([128, 128, 1, 1]) || m_down3.0.nstb_block.ngram_window_partition.ngram_context.merge.weight
 |  0.001 | -0.101 |  0.096 |  0.043 | torch.Size([128]) || m_down3.0.nstb_block.ngram_window_partition.ngram_context.merge.bias
 |  2.460 |  2.342 |  2.742 |  0.190 | torch.Size([4, 1, 1]) || m_down3.0.nstb_block.attn.logit_scale
 | -0.071 | -0.705 |  0.820 |  0.226 | torch.Size([225, 4]) || m_down3.0.nstb_block.attn.relative_position_bias_table
 | 112.000 |  0.000 | 224.000 | 48.719 | torch.Size([64, 64]) || m_down3.0.nstb_block.attn.relative_position_index
 | -0.000 | -0.322 |  0.283 |  0.069 | torch.Size([384, 128]) || m_down3.0.nstb_block.attn.qkv.weight
 | -0.000 | -0.206 |  0.273 |  0.069 | torch.Size([384]) || m_down3.0.nstb_block.attn.qkv.bias
 | -0.000 | -0.200 |  0.212 |  0.066 | torch.Size([128, 128]) || m_down3.0.nstb_block.attn.proj.weight
 | -0.004 | -0.185 |  0.206 |  0.079 | torch.Size([128]) || m_down3.0.nstb_block.attn.proj.bias
 |  0.932 |  0.843 |  0.995 |  0.035 | torch.Size([128]) || m_down3.0.nstb_block.norm1.weight
 | -0.000 | -0.026 |  0.024 |  0.010 | torch.Size([128]) || m_down3.0.nstb_block.norm1.bias
 |  0.001 | -0.412 |  0.468 |  0.089 | torch.Size([256, 128]) || m_down3.0.nstb_block.ffn.fc1.weight
 | -0.006 | -0.140 |  0.105 |  0.053 | torch.Size([256]) || m_down3.0.nstb_block.ffn.fc1.bias
 | -0.000 | -0.383 |  0.314 |  0.057 | torch.Size([128, 256]) || m_down3.0.nstb_block.ffn.fc2.weight
 |  0.005 | -0.115 |  0.093 |  0.046 | torch.Size([128]) || m_down3.0.nstb_block.ffn.fc2.bias
 |  0.928 |  0.706 |  0.976 |  0.047 | torch.Size([128]) || m_down3.0.nstb_block.norm2.weight
 |  0.001 | -0.047 |  0.042 |  0.019 | torch.Size([128]) || m_down3.0.nstb_block.norm2.bias
 | -0.000 | -0.184 |  0.157 |  0.043 | torch.Size([256, 256, 1, 1]) || m_down3.0.conv1_2.weight
 | -0.001 | -0.059 |  0.049 |  0.024 | torch.Size([256]) || m_down3.0.conv1_2.bias
 |  0.000 | -0.177 |  0.219 |  0.039 | torch.Size([512, 256, 2, 2]) || m_down3.1.weight
 |  0.000 | -0.219 |  0.215 |  0.048 | torch.Size([512, 512, 1, 1]) || m_body.0.conv1_1.weight
 |  0.002 | -0.125 |  0.165 |  0.047 | torch.Size([512]) || m_body.0.conv1_1.bias
 |  0.000 | -0.269 |  0.258 |  0.048 | torch.Size([256, 256, 3, 3]) || m_body.0.conv_block.0.weight
 |  0.000 | -0.266 |  0.268 |  0.047 | torch.Size([256, 256, 3, 3]) || m_body.0.conv_block.2.weight
 | -75.000 | -100.000 |  0.000 | 43.307 | torch.Size([1, 64, 64]) || m_body.0.nstb_block.attn_mask
 | -0.000 | -0.260 |  0.288 |  0.071 | torch.Size([128, 2, 8, 8]) || m_body.0.nstb_block.ngram_window_partition.ngram_context.unigram_embed.weight
 | -0.003 | -0.109 |  0.101 |  0.050 | torch.Size([128]) || m_body.0.nstb_block.ngram_window_partition.ngram_context.unigram_embed.bias
 |  2.207 |  1.948 |  2.333 |  0.157 | torch.Size([8, 1, 1]) || m_body.0.nstb_block.ngram_window_partition.ngram_context.ngram_attn.logit_scale
 | -0.020 | -0.956 |  1.610 |  0.388 | torch.Size([9, 8]) || m_body.0.nstb_block.ngram_window_partition.ngram_context.ngram_attn.relative_position_bias_table
 |  4.000 |  0.000 |  8.000 |  2.309 | torch.Size([4, 4]) || m_body.0.nstb_block.ngram_window_partition.ngram_context.ngram_attn.relative_position_index
 |  0.000 | -0.271 |  0.288 |  0.070 | torch.Size([384, 128]) || m_body.0.nstb_block.ngram_window_partition.ngram_context.ngram_attn.qkv.weight
 | -0.003 | -0.306 |  0.230 |  0.087 | torch.Size([384]) || m_body.0.nstb_block.ngram_window_partition.ngram_context.ngram_attn.qkv.bias
 | -0.001 | -0.235 |  0.230 |  0.070 | torch.Size([128, 128]) || m_body.0.nstb_block.ngram_window_partition.ngram_context.ngram_attn.proj.weight
 | -0.003 | -0.080 |  0.072 |  0.037 | torch.Size([128]) || m_body.0.nstb_block.ngram_window_partition.ngram_context.ngram_attn.proj.bias
 | -0.000 | -0.229 |  0.231 |  0.058 | torch.Size([256, 256, 1, 1]) || m_body.0.nstb_block.ngram_window_partition.ngram_context.merge.weight
 |  0.003 | -0.131 |  0.118 |  0.047 | torch.Size([256]) || m_body.0.nstb_block.ngram_window_partition.ngram_context.merge.bias
 |  2.588 |  2.467 |  2.791 |  0.109 | torch.Size([8, 1, 1]) || m_body.0.nstb_block.attn.logit_scale
 | -0.164 | -1.361 |  1.011 |  0.435 | torch.Size([225, 8]) || m_body.0.nstb_block.attn.relative_position_bias_table
 | 112.000 |  0.000 | 224.000 | 48.719 | torch.Size([64, 64]) || m_body.0.nstb_block.attn.relative_position_index
 | -0.000 | -0.277 |  0.258 |  0.058 | torch.Size([768, 256]) || m_body.0.nstb_block.attn.qkv.weight
 | -0.001 | -0.289 |  0.273 |  0.080 | torch.Size([768]) || m_body.0.nstb_block.attn.qkv.bias
 | -0.000 | -0.290 |  0.268 |  0.056 | torch.Size([256, 256]) || m_body.0.nstb_block.attn.proj.weight
 | -0.001 | -0.325 |  0.284 |  0.071 | torch.Size([256]) || m_body.0.nstb_block.attn.proj.bias
 |  0.910 |  0.822 |  0.986 |  0.028 | torch.Size([256]) || m_body.0.nstb_block.norm1.weight
 | -0.003 | -0.094 |  0.081 |  0.024 | torch.Size([256]) || m_body.0.nstb_block.norm1.bias
 |  0.000 | -0.321 |  0.294 |  0.065 | torch.Size([512, 256]) || m_body.0.nstb_block.ffn.fc1.weight
 | -0.021 | -0.114 |  0.112 |  0.040 | torch.Size([512]) || m_body.0.nstb_block.ffn.fc1.bias
 |  0.000 | -0.350 |  0.321 |  0.052 | torch.Size([256, 512]) || m_body.0.nstb_block.ffn.fc2.weight
 |  0.000 | -0.207 |  0.240 |  0.046 | torch.Size([256]) || m_body.0.nstb_block.ffn.fc2.bias
 |  0.953 |  0.813 |  1.049 |  0.034 | torch.Size([256]) || m_body.0.nstb_block.norm2.weight
 | -0.002 | -0.090 |  0.084 |  0.031 | torch.Size([256]) || m_body.0.nstb_block.norm2.bias
 | -0.000 | -0.171 |  0.180 |  0.040 | torch.Size([512, 512, 1, 1]) || m_body.0.conv1_2.weight
 | -0.002 | -0.155 |  0.113 |  0.049 | torch.Size([512]) || m_body.0.conv1_2.bias
 |  0.000 | -0.152 |  0.150 |  0.033 | torch.Size([512, 256, 2, 2]) || m_up3.0.weight
 |  0.001 | -0.206 |  0.197 |  0.052 | torch.Size([256, 256, 1, 1]) || m_up3.1.conv1_1.weight
 | -0.002 | -0.111 |  0.125 |  0.053 | torch.Size([256]) || m_up3.1.conv1_1.bias
 | -0.001 | -0.309 |  0.239 |  0.044 | torch.Size([128, 128, 3, 3]) || m_up3.1.conv_block.0.weight
 | -0.000 | -0.264 |  0.283 |  0.043 | torch.Size([128, 128, 3, 3]) || m_up3.1.conv_block.2.weight
 | -43.750 | -100.000 |  0.000 | 49.609 | torch.Size([4, 64, 64]) || m_up3.1.nstb_block.attn_mask
 |  0.002 | -0.291 |  0.220 |  0.064 | torch.Size([64, 2, 8, 8]) || m_up3.1.nstb_block.ngram_window_partition.ngram_context.unigram_embed.weight
 | -0.006 | -0.102 |  0.095 |  0.056 | torch.Size([64]) || m_up3.1.nstb_block.ngram_window_partition.ngram_context.unigram_embed.bias
 |  1.994 |  1.935 |  2.035 |  0.045 | torch.Size([4, 1, 1]) || m_up3.1.nstb_block.ngram_window_partition.ngram_context.ngram_attn.logit_scale
 | -0.020 | -0.866 |  1.563 |  0.546 | torch.Size([9, 4]) || m_up3.1.nstb_block.ngram_window_partition.ngram_context.ngram_attn.relative_position_bias_table
 |  4.000 |  0.000 |  8.000 |  2.309 | torch.Size([4, 4]) || m_up3.1.nstb_block.ngram_window_partition.ngram_context.ngram_attn.relative_position_index
 | -0.002 | -0.285 |  0.297 |  0.084 | torch.Size([192, 64]) || m_up3.1.nstb_block.ngram_window_partition.ngram_context.ngram_attn.qkv.weight
 | -0.006 | -0.392 |  0.346 |  0.136 | torch.Size([192]) || m_up3.1.nstb_block.ngram_window_partition.ngram_context.ngram_attn.qkv.bias
 |  0.001 | -0.216 |  0.218 |  0.082 | torch.Size([64, 64]) || m_up3.1.nstb_block.ngram_window_partition.ngram_context.ngram_attn.proj.weight
 |  0.005 | -0.116 |  0.103 |  0.067 | torch.Size([64]) || m_up3.1.nstb_block.ngram_window_partition.ngram_context.ngram_attn.proj.bias
 |  0.001 | -0.210 |  0.221 |  0.063 | torch.Size([128, 128, 1, 1]) || m_up3.1.nstb_block.ngram_window_partition.ngram_context.merge.weight
 |  0.002 | -0.128 |  0.130 |  0.055 | torch.Size([128]) || m_up3.1.nstb_block.ngram_window_partition.ngram_context.merge.bias
 |  2.500 |  2.375 |  2.652 |  0.115 | torch.Size([4, 1, 1]) || m_up3.1.nstb_block.attn.logit_scale
 | -0.372 | -1.452 |  1.124 |  0.486 | torch.Size([225, 4]) || m_up3.1.nstb_block.attn.relative_position_bias_table
 | 112.000 |  0.000 | 224.000 | 48.719 | torch.Size([64, 64]) || m_up3.1.nstb_block.attn.relative_position_index
 |  0.000 | -0.280 |  0.249 |  0.066 | torch.Size([384, 128]) || m_up3.1.nstb_block.attn.qkv.weight
 |  0.001 | -0.253 |  0.251 |  0.080 | torch.Size([384]) || m_up3.1.nstb_block.attn.qkv.bias
 | -0.000 | -0.211 |  0.238 |  0.062 | torch.Size([128, 128]) || m_up3.1.nstb_block.attn.proj.weight
 |  0.000 | -0.183 |  0.164 |  0.074 | torch.Size([128]) || m_up3.1.nstb_block.attn.proj.bias
 |  0.977 |  0.873 |  1.036 |  0.023 | torch.Size([128]) || m_up3.1.nstb_block.norm1.weight
 |  0.001 | -0.054 |  0.055 |  0.019 | torch.Size([128]) || m_up3.1.nstb_block.norm1.bias
 | -0.000 | -0.297 |  0.303 |  0.070 | torch.Size([256, 128]) || m_up3.1.nstb_block.ffn.fc1.weight
 | -0.030 | -0.178 |  0.107 |  0.061 | torch.Size([256]) || m_up3.1.nstb_block.ffn.fc1.bias
 | -0.000 | -0.226 |  0.240 |  0.053 | torch.Size([128, 256]) || m_up3.1.nstb_block.ffn.fc2.weight
 |  0.004 | -0.100 |  0.159 |  0.047 | torch.Size([128]) || m_up3.1.nstb_block.ffn.fc2.bias
 |  1.007 |  0.897 |  1.105 |  0.034 | torch.Size([128]) || m_up3.1.nstb_block.norm2.weight
 |  0.003 | -0.034 |  0.033 |  0.014 | torch.Size([128]) || m_up3.1.nstb_block.norm2.bias
 | -0.000 | -0.199 |  0.188 |  0.048 | torch.Size([256, 256, 1, 1]) || m_up3.1.conv1_2.weight
 | -0.002 | -0.134 |  0.112 |  0.051 | torch.Size([256]) || m_up3.1.conv1_2.bias
 |  0.000 | -0.114 |  0.107 |  0.024 | torch.Size([256, 128, 2, 2]) || m_up2.0.weight
 | -0.000 | -0.267 |  0.264 |  0.071 | torch.Size([128, 128, 1, 1]) || m_up2.1.conv1_1.weight
 | -0.009 | -0.101 |  0.081 |  0.047 | torch.Size([128]) || m_up2.1.conv1_1.bias
 |  0.000 | -0.290 |  0.306 |  0.048 | torch.Size([64, 64, 3, 3]) || m_up2.1.conv_block.0.weight
 |  0.001 | -0.406 |  0.446 |  0.052 | torch.Size([64, 64, 3, 3]) || m_up2.1.conv_block.2.weight
 | -23.438 | -100.000 |  0.000 | 42.361 | torch.Size([16, 64, 64]) || m_up2.1.nstb_block.attn_mask
 |  0.001 | -0.273 |  0.284 |  0.067 | torch.Size([32, 2, 8, 8]) || m_up2.1.nstb_block.ngram_window_partition.ngram_context.unigram_embed.weight
 | -0.007 | -0.094 |  0.088 |  0.046 | torch.Size([32]) || m_up2.1.nstb_block.ngram_window_partition.ngram_context.unigram_embed.bias
 |  1.705 |  1.548 |  1.861 |  0.221 | torch.Size([2, 1, 1]) || m_up2.1.nstb_block.ngram_window_partition.ngram_context.ngram_attn.logit_scale
 | -0.157 | -1.731 |  1.752 |  1.100 | torch.Size([9, 2]) || m_up2.1.nstb_block.ngram_window_partition.ngram_context.ngram_attn.relative_position_bias_table
 |  4.000 |  0.000 |  8.000 |  2.309 | torch.Size([4, 4]) || m_up2.1.nstb_block.ngram_window_partition.ngram_context.ngram_attn.relative_position_index
 |  0.001 | -0.315 |  0.330 |  0.111 | torch.Size([96, 32]) || m_up2.1.nstb_block.ngram_window_partition.ngram_context.ngram_attn.qkv.weight
 | -0.012 | -0.317 |  0.410 |  0.139 | torch.Size([96]) || m_up2.1.nstb_block.ngram_window_partition.ngram_context.ngram_attn.qkv.bias
 |  0.000 | -0.270 |  0.251 |  0.111 | torch.Size([32, 32]) || m_up2.1.nstb_block.ngram_window_partition.ngram_context.ngram_attn.proj.weight
 |  0.001 | -0.168 |  0.132 |  0.091 | torch.Size([32]) || m_up2.1.nstb_block.ngram_window_partition.ngram_context.ngram_attn.proj.bias
 | -0.000 | -0.303 |  0.284 |  0.079 | torch.Size([64, 64, 1, 1]) || m_up2.1.nstb_block.ngram_window_partition.ngram_context.merge.weight
 | -0.012 | -0.136 |  0.143 |  0.069 | torch.Size([64]) || m_up2.1.nstb_block.ngram_window_partition.ngram_context.merge.bias
 |  2.433 |  2.336 |  2.529 |  0.136 | torch.Size([2, 1, 1]) || m_up2.1.nstb_block.attn.logit_scale
 | -0.237 | -1.133 |  0.996 |  0.473 | torch.Size([225, 2]) || m_up2.1.nstb_block.attn.relative_position_bias_table
 | 112.000 |  0.000 | 224.000 | 48.719 | torch.Size([64, 64]) || m_up2.1.nstb_block.attn.relative_position_index
 | -0.000 | -0.398 |  0.321 |  0.081 | torch.Size([192, 64]) || m_up2.1.nstb_block.attn.qkv.weight
 |  0.007 | -0.150 |  0.186 |  0.085 | torch.Size([192]) || m_up2.1.nstb_block.attn.qkv.bias
 |  0.000 | -0.266 |  0.251 |  0.075 | torch.Size([64, 64]) || m_up2.1.nstb_block.attn.proj.weight
 | -0.010 | -0.226 |  0.175 |  0.086 | torch.Size([64]) || m_up2.1.nstb_block.attn.proj.bias
 |  0.958 |  0.718 |  0.998 |  0.055 | torch.Size([64]) || m_up2.1.nstb_block.norm1.weight
 | -0.002 | -0.020 |  0.011 |  0.007 | torch.Size([64]) || m_up2.1.nstb_block.norm1.bias
 |  0.000 | -0.418 |  0.381 |  0.089 | torch.Size([128, 64]) || m_up2.1.nstb_block.ffn.fc1.weight
 | -0.011 | -0.167 |  0.161 |  0.076 | torch.Size([128]) || m_up2.1.nstb_block.ffn.fc1.bias
 |  0.000 | -0.188 |  0.206 |  0.057 | torch.Size([64, 128]) || m_up2.1.nstb_block.ffn.fc2.weight
 | -0.006 | -0.129 |  0.108 |  0.058 | torch.Size([64]) || m_up2.1.nstb_block.ffn.fc2.bias
 |  0.945 |  0.541 |  1.004 |  0.084 | torch.Size([64]) || m_up2.1.nstb_block.norm2.weight
 | -0.002 | -0.014 |  0.013 |  0.007 | torch.Size([64]) || m_up2.1.nstb_block.norm2.bias
 |  0.000 | -0.271 |  0.245 |  0.063 | torch.Size([128, 128, 1, 1]) || m_up2.1.conv1_2.weight
 |  0.006 | -0.099 |  0.116 |  0.051 | torch.Size([128]) || m_up2.1.conv1_2.bias
 |  0.000 | -0.153 |  0.141 |  0.036 | torch.Size([128, 64, 2, 2]) || m_up1.0.weight
 | -0.002 | -0.266 |  0.288 |  0.085 | torch.Size([64, 64, 1, 1]) || m_up1.1.conv1_1.weight
 |  0.008 | -0.129 |  0.121 |  0.066 | torch.Size([64]) || m_up1.1.conv1_1.bias
 |  0.001 | -0.221 |  0.288 |  0.049 | torch.Size([32, 32, 3, 3]) || m_up1.1.conv_block.0.weight
 | -0.002 | -0.260 |  0.337 |  0.050 | torch.Size([32, 32, 3, 3]) || m_up1.1.conv_block.2.weight
 | -12.109 | -100.000 |  0.000 | 32.624 | torch.Size([64, 64, 64]) || m_up1.1.nstb_block.attn_mask
 |  0.002 | -0.358 |  0.403 |  0.078 | torch.Size([16, 2, 8, 8]) || m_up1.1.nstb_block.ngram_window_partition.ngram_context.unigram_embed.weight
 | -0.012 | -0.083 |  0.075 |  0.045 | torch.Size([16]) || m_up1.1.nstb_block.ngram_window_partition.ngram_context.unigram_embed.bias
 |  2.011 |  2.011 |  2.011 |    nan | torch.Size([1, 1, 1]) || m_up1.1.nstb_block.ngram_window_partition.ngram_context.ngram_attn.logit_scale
 |  0.002 | -0.269 |  0.461 |  0.228 | torch.Size([9, 1]) || m_up1.1.nstb_block.ngram_window_partition.ngram_context.ngram_attn.relative_position_bias_table
 |  4.000 |  0.000 |  8.000 |  2.309 | torch.Size([4, 4]) || m_up1.1.nstb_block.ngram_window_partition.ngram_context.ngram_attn.relative_position_index
 | -0.002 | -0.472 |  0.557 |  0.174 | torch.Size([48, 16]) || m_up1.1.nstb_block.ngram_window_partition.ngram_context.ngram_attn.qkv.weight
 | -0.005 | -0.199 |  0.231 |  0.111 | torch.Size([48]) || m_up1.1.nstb_block.ngram_window_partition.ngram_context.ngram_attn.qkv.bias
 | -0.003 | -0.555 |  0.400 |  0.159 | torch.Size([16, 16]) || m_up1.1.nstb_block.ngram_window_partition.ngram_context.ngram_attn.proj.weight
 | -0.012 | -0.204 |  0.161 |  0.110 | torch.Size([16]) || m_up1.1.nstb_block.ngram_window_partition.ngram_context.ngram_attn.proj.bias
 |  0.003 | -0.340 |  0.276 |  0.105 | torch.Size([32, 32, 1, 1]) || m_up1.1.nstb_block.ngram_window_partition.ngram_context.merge.weight
 |  0.023 | -0.154 |  0.172 |  0.102 | torch.Size([32]) || m_up1.1.nstb_block.ngram_window_partition.ngram_context.merge.bias
 |  2.640 |  2.640 |  2.640 |    nan | torch.Size([1, 1, 1]) || m_up1.1.nstb_block.attn.logit_scale
 | -0.478 | -1.606 |  1.187 |  0.770 | torch.Size([225, 1]) || m_up1.1.nstb_block.attn.relative_position_bias_table
 | 112.000 |  0.000 | 224.000 | 48.719 | torch.Size([64, 64]) || m_up1.1.nstb_block.attn.relative_position_index
 |  0.004 | -0.395 |  0.424 |  0.117 | torch.Size([96, 32]) || m_up1.1.nstb_block.attn.qkv.weight
 | -0.002 | -0.176 |  0.187 |  0.087 | torch.Size([96]) || m_up1.1.nstb_block.attn.qkv.bias
 | -0.001 | -0.279 |  0.266 |  0.104 | torch.Size([32, 32]) || m_up1.1.nstb_block.attn.proj.weight
 |  0.011 | -0.177 |  0.179 |  0.096 | torch.Size([32]) || m_up1.1.nstb_block.attn.proj.bias
 |  0.965 |  0.656 |  1.026 |  0.075 | torch.Size([32]) || m_up1.1.nstb_block.norm1.weight
 |  0.001 | -0.053 |  0.035 |  0.016 | torch.Size([32]) || m_up1.1.nstb_block.norm1.bias
 | -0.001 | -0.536 |  0.351 |  0.111 | torch.Size([64, 32]) || m_up1.1.nstb_block.ffn.fc1.weight
 | -0.004 | -0.195 |  0.187 |  0.104 | torch.Size([64]) || m_up1.1.nstb_block.ffn.fc1.bias
 | -0.002 | -0.178 |  0.234 |  0.076 | torch.Size([32, 64]) || m_up1.1.nstb_block.ffn.fc2.weight
 |  0.007 | -0.130 |  0.119 |  0.077 | torch.Size([32]) || m_up1.1.nstb_block.ffn.fc2.bias
 |  0.967 |  0.820 |  1.018 |  0.057 | torch.Size([32]) || m_up1.1.nstb_block.norm2.weight
 | -0.000 | -0.032 |  0.036 |  0.014 | torch.Size([32]) || m_up1.1.nstb_block.norm2.bias
 | -0.001 | -0.228 |  0.211 |  0.074 | torch.Size([64, 64, 1, 1]) || m_up1.1.conv1_2.weight
 |  0.008 | -0.100 |  0.113 |  0.056 | torch.Size([64]) || m_up1.1.conv1_2.bias
 | -0.000 | -0.036 |  0.040 |  0.013 | torch.Size([1, 64, 3, 3]) || m_tail.0.weight

25-07-08 14:19:10.717 : TensorBoard logging to: training_results/conv_nstb/scunet_ngswin_conv_nstb/tensorboard/SCUNet_conv_nstb_li_ct_noval
25-07-08 14:19:10.717 : Experiment name: SCUNet_conv_nstb_li_ct_noval
25-07-08 14:19:10.717 : Validation split: 0.0% of training data
25-07-08 14:19:10.717 : Early stopping is disabled. Training will run for full 100 epochs.
25-07-08 14:26:14.750 :   task: scunet_ngswin_conv_nstb
  model: scunet_ngswin
  gpu_ids: [0]
  dist: False
  scale: 1
  n_channels: 1
  path:[
    root: training_results/conv_nstb
    pretrained_netG: training_results/conv_nstb/scunet_ngswin_conv_nstb/models/540000_G.pth
    pretrained_netE: training_results/conv_nstb/scunet_ngswin_conv_nstb/models/540000_E.pth
    task: training_results/conv_nstb/scunet_ngswin_conv_nstb
    log: training_results/conv_nstb/scunet_ngswin_conv_nstb
    options: training_results/conv_nstb/scunet_ngswin_conv_nstb/options
    models: training_results/conv_nstb/scunet_ngswin_conv_nstb/models
    images: training_results/conv_nstb/scunet_ngswin_conv_nstb/images
    pretrained_optimizerG: None
  ]
  datasets:[
    train:[
      name: syn_deeplesion_train_li_ct
      dataset_type: li_ct
      dataroot_H: /home/Drive-D/SynDeepLesion/train_640geo
      dataloader_shuffle: True
      dataloader_num_workers: 16
      dataloader_batch_size: 6
      phase: train
      scale: 1
      n_channels: 1
    ]
    test:[
      name: syn_deeplesion_test_li_ct
      dataset_type: li_ct
      dataroot_H: /home/Drive-D/SynDeepLesion/test_640geo
      phase: test
      scale: 1
      n_channels: 1
    ]
  ]
  netG:[
    net_type: scunet_ngswin
    in_nc: 1
    out_nc: 1
    config: [1, 1, 1, 1, 1, 1, 1]
    dim: 32
    drop_path_rate: 0.0
    input_resolution: 512
    block_variant: conv_nstb
    init_type: kaiming_normal
    init_bn_type: constant
    init_gain: 1.0
    scale: 1
  ]
  train:[
    G_lossfn_type: l1
    G_lossfn_weight: 1.0
    E_decay: 0.999
    G_optimizer_type: adam
    G_optimizer_lr: 0.0001
    G_optimizer_wd: 0
    G_scheduler_type: MultiStepLR
    G_scheduler_milestones: [200000, 400000, 600000, 800000]
    G_scheduler_gamma: 0.5
    G_param_strict: True
    E_param_strict: True
    checkpoint_test: 20000
    checkpoint_save: 10000
    checkpoint_print: 1000
    use_fp16: True
    test_both_checkpoints: True
    test_save_every_nth: 250
    F_feature_layer: 34
    F_weights: 1.0
    F_lossfn_type: l1
    F_use_input_norm: True
    F_use_range_norm: False
    G_optimizer_betas: [0.9, 0.999]
    G_scheduler_restart_weights: 1
    G_optimizer_reuse: False
  ]
  opt_path: options/train_scunet_ngswin_1.json
  is_train: True
  merge_bn: False
  merge_bn_startpoint: -1
  find_unused_parameters: False
  use_static_graph: False
  num_gpu: 1
  device: cuda

25-07-08 14:26:14.751 : Using device: cuda
25-07-08 14:26:15.011 : Total samples: 36,116 | Train: 32,505 (90.0%) | Validation: 3,611 (10.0%)
25-07-08 14:26:15.011 : Training iters per epoch: 5,418
25-07-08 14:26:15.034 : Test set samples: 2,000
25-07-08 14:26:16.023 : 
Networks name: SCUNet_NGSwin
Params number: 5348264
Net structure:
SCUNet_NGSwin(
  (m_head): Sequential(
    (0): Conv2d(1, 64, kernel_size=(3, 3), stride=(1, 1), padding=(1, 1), bias=False)
  )
  (m_down1): Sequential(
    (0): ConvNSTBBlock(
      (conv1_1): Conv2d(64, 64, kernel_size=(1, 1), stride=(1, 1))
      (conv_block): Sequential(
        (0): Conv2d(32, 32, kernel_size=(3, 3), stride=(1, 1), padding=(1, 1), bias=False)
        (1): ReLU(inplace=True)
        (2): Conv2d(32, 32, kernel_size=(3, 3), stride=(1, 1), padding=(1, 1), bias=False)
      )
      (nstb_block): NSTB(
        (ngram_window_partition): NGramWindowPartition(
          (ngram_context): NGramContext(
            (unigram_embed): Conv2d(32, 16, kernel_size=(8, 8), stride=(8, 8), groups=16)
            (ngram_attn): WindowAttention(
              (qkv): Linear(in_features=16, out_features=48, bias=True)
              (attn_drop): Dropout(p=0.0, inplace=False)
              (proj): Linear(in_features=16, out_features=16, bias=True)
              (proj_drop): Dropout(p=0.0, inplace=False)
              (softmax): Softmax(dim=-1)
            )
            (avg_pool): AvgPool2d(kernel_size=2, stride=2, padding=0)
            (merge): Conv2d(32, 32, kernel_size=(1, 1), stride=(1, 1))
          )
        )
        (attn): WindowAttention(
          (qkv): Linear(in_features=32, out_features=96, bias=True)
          (attn_drop): Dropout(p=0.0, inplace=False)
          (proj): Linear(in_features=32, out_features=32, bias=True)
          (proj_drop): Dropout(p=0.0, inplace=False)
          (softmax): Softmax(dim=-1)
        )
        (norm1): LayerNorm((32,), eps=1e-05, elementwise_affine=True)
        (drop_path): Identity()
        (ffn): Mlp(
          (fc1): Linear(in_features=32, out_features=64, bias=True)
          (act): GELU(approximate='none')
          (drop1): Dropout(p=0.0, inplace=False)
          (norm): Identity()
          (fc2): Linear(in_features=64, out_features=32, bias=True)
          (drop2): Dropout(p=0.0, inplace=False)
        )
        (norm2): LayerNorm((32,), eps=1e-05, elementwise_affine=True)
      )
      (conv1_2): Conv2d(64, 64, kernel_size=(1, 1), stride=(1, 1))
    )
    (1): Conv2d(64, 128, kernel_size=(2, 2), stride=(2, 2), bias=False)
  )
  (m_down2): Sequential(
    (0): ConvNSTBBlock(
      (conv1_1): Conv2d(128, 128, kernel_size=(1, 1), stride=(1, 1))
      (conv_block): Sequential(
        (0): Conv2d(64, 64, kernel_size=(3, 3), stride=(1, 1), padding=(1, 1), bias=False)
        (1): ReLU(inplace=True)
        (2): Conv2d(64, 64, kernel_size=(3, 3), stride=(1, 1), padding=(1, 1), bias=False)
      )
      (nstb_block): NSTB(
        (ngram_window_partition): NGramWindowPartition(
          (ngram_context): NGramContext(
            (unigram_embed): Conv2d(64, 32, kernel_size=(8, 8), stride=(8, 8), groups=32)
            (ngram_attn): WindowAttention(
              (qkv): Linear(in_features=32, out_features=96, bias=True)
              (attn_drop): Dropout(p=0.0, inplace=False)
              (proj): Linear(in_features=32, out_features=32, bias=True)
              (proj_drop): Dropout(p=0.0, inplace=False)
              (softmax): Softmax(dim=-1)
            )
            (avg_pool): AvgPool2d(kernel_size=2, stride=2, padding=0)
            (merge): Conv2d(64, 64, kernel_size=(1, 1), stride=(1, 1))
          )
        )
        (attn): WindowAttention(
          (qkv): Linear(in_features=64, out_features=192, bias=True)
          (attn_drop): Dropout(p=0.0, inplace=False)
          (proj): Linear(in_features=64, out_features=64, bias=True)
          (proj_drop): Dropout(p=0.0, inplace=False)
          (softmax): Softmax(dim=-1)
        )
        (norm1): LayerNorm((64,), eps=1e-05, elementwise_affine=True)
        (drop_path): Identity()
        (ffn): Mlp(
          (fc1): Linear(in_features=64, out_features=128, bias=True)
          (act): GELU(approximate='none')
          (drop1): Dropout(p=0.0, inplace=False)
          (norm): Identity()
          (fc2): Linear(in_features=128, out_features=64, bias=True)
          (drop2): Dropout(p=0.0, inplace=False)
        )
        (norm2): LayerNorm((64,), eps=1e-05, elementwise_affine=True)
      )
      (conv1_2): Conv2d(128, 128, kernel_size=(1, 1), stride=(1, 1))
    )
    (1): Conv2d(128, 256, kernel_size=(2, 2), stride=(2, 2), bias=False)
  )
  (m_down3): Sequential(
    (0): ConvNSTBBlock(
      (conv1_1): Conv2d(256, 256, kernel_size=(1, 1), stride=(1, 1))
      (conv_block): Sequential(
        (0): Conv2d(128, 128, kernel_size=(3, 3), stride=(1, 1), padding=(1, 1), bias=False)
        (1): ReLU(inplace=True)
        (2): Conv2d(128, 128, kernel_size=(3, 3), stride=(1, 1), padding=(1, 1), bias=False)
      )
      (nstb_block): NSTB(
        (ngram_window_partition): NGramWindowPartition(
          (ngram_context): NGramContext(
            (unigram_embed): Conv2d(128, 64, kernel_size=(8, 8), stride=(8, 8), groups=64)
            (ngram_attn): WindowAttention(
              (qkv): Linear(in_features=64, out_features=192, bias=True)
              (attn_drop): Dropout(p=0.0, inplace=False)
              (proj): Linear(in_features=64, out_features=64, bias=True)
              (proj_drop): Dropout(p=0.0, inplace=False)
              (softmax): Softmax(dim=-1)
            )
            (avg_pool): AvgPool2d(kernel_size=2, stride=2, padding=0)
            (merge): Conv2d(128, 128, kernel_size=(1, 1), stride=(1, 1))
          )
        )
        (attn): WindowAttention(
          (qkv): Linear(in_features=128, out_features=384, bias=True)
          (attn_drop): Dropout(p=0.0, inplace=False)
          (proj): Linear(in_features=128, out_features=128, bias=True)
          (proj_drop): Dropout(p=0.0, inplace=False)
          (softmax): Softmax(dim=-1)
        )
        (norm1): LayerNorm((128,), eps=1e-05, elementwise_affine=True)
        (drop_path): Identity()
        (ffn): Mlp(
          (fc1): Linear(in_features=128, out_features=256, bias=True)
          (act): GELU(approximate='none')
          (drop1): Dropout(p=0.0, inplace=False)
          (norm): Identity()
          (fc2): Linear(in_features=256, out_features=128, bias=True)
          (drop2): Dropout(p=0.0, inplace=False)
        )
        (norm2): LayerNorm((128,), eps=1e-05, elementwise_affine=True)
      )
      (conv1_2): Conv2d(256, 256, kernel_size=(1, 1), stride=(1, 1))
    )
    (1): Conv2d(256, 512, kernel_size=(2, 2), stride=(2, 2), bias=False)
  )
  (m_body): Sequential(
    (0): ConvNSTBBlock(
      (conv1_1): Conv2d(512, 512, kernel_size=(1, 1), stride=(1, 1))
      (conv_block): Sequential(
        (0): Conv2d(256, 256, kernel_size=(3, 3), stride=(1, 1), padding=(1, 1), bias=False)
        (1): ReLU(inplace=True)
        (2): Conv2d(256, 256, kernel_size=(3, 3), stride=(1, 1), padding=(1, 1), bias=False)
      )
      (nstb_block): NSTB(
        (ngram_window_partition): NGramWindowPartition(
          (ngram_context): NGramContext(
            (unigram_embed): Conv2d(256, 128, kernel_size=(8, 8), stride=(8, 8), groups=128)
            (ngram_attn): WindowAttention(
              (qkv): Linear(in_features=128, out_features=384, bias=True)
              (attn_drop): Dropout(p=0.0, inplace=False)
              (proj): Linear(in_features=128, out_features=128, bias=True)
              (proj_drop): Dropout(p=0.0, inplace=False)
              (softmax): Softmax(dim=-1)
            )
            (avg_pool): AvgPool2d(kernel_size=2, stride=2, padding=0)
            (merge): Conv2d(256, 256, kernel_size=(1, 1), stride=(1, 1))
          )
        )
        (attn): WindowAttention(
          (qkv): Linear(in_features=256, out_features=768, bias=True)
          (attn_drop): Dropout(p=0.0, inplace=False)
          (proj): Linear(in_features=256, out_features=256, bias=True)
          (proj_drop): Dropout(p=0.0, inplace=False)
          (softmax): Softmax(dim=-1)
        )
        (norm1): LayerNorm((256,), eps=1e-05, elementwise_affine=True)
        (drop_path): Identity()
        (ffn): Mlp(
          (fc1): Linear(in_features=256, out_features=512, bias=True)
          (act): GELU(approximate='none')
          (drop1): Dropout(p=0.0, inplace=False)
          (norm): Identity()
          (fc2): Linear(in_features=512, out_features=256, bias=True)
          (drop2): Dropout(p=0.0, inplace=False)
        )
        (norm2): LayerNorm((256,), eps=1e-05, elementwise_affine=True)
      )
      (conv1_2): Conv2d(512, 512, kernel_size=(1, 1), stride=(1, 1))
    )
  )
  (m_up3): Sequential(
    (0): ConvTranspose2d(512, 256, kernel_size=(2, 2), stride=(2, 2), bias=False)
    (1): ConvNSTBBlock(
      (conv1_1): Conv2d(256, 256, kernel_size=(1, 1), stride=(1, 1))
      (conv_block): Sequential(
        (0): Conv2d(128, 128, kernel_size=(3, 3), stride=(1, 1), padding=(1, 1), bias=False)
        (1): ReLU(inplace=True)
        (2): Conv2d(128, 128, kernel_size=(3, 3), stride=(1, 1), padding=(1, 1), bias=False)
      )
      (nstb_block): NSTB(
        (ngram_window_partition): NGramWindowPartition(
          (ngram_context): NGramContext(
            (unigram_embed): Conv2d(128, 64, kernel_size=(8, 8), stride=(8, 8), groups=64)
            (ngram_attn): WindowAttention(
              (qkv): Linear(in_features=64, out_features=192, bias=True)
              (attn_drop): Dropout(p=0.0, inplace=False)
              (proj): Linear(in_features=64, out_features=64, bias=True)
              (proj_drop): Dropout(p=0.0, inplace=False)
              (softmax): Softmax(dim=-1)
            )
            (avg_pool): AvgPool2d(kernel_size=2, stride=2, padding=0)
            (merge): Conv2d(128, 128, kernel_size=(1, 1), stride=(1, 1))
          )
        )
        (attn): WindowAttention(
          (qkv): Linear(in_features=128, out_features=384, bias=True)
          (attn_drop): Dropout(p=0.0, inplace=False)
          (proj): Linear(in_features=128, out_features=128, bias=True)
          (proj_drop): Dropout(p=0.0, inplace=False)
          (softmax): Softmax(dim=-1)
        )
        (norm1): LayerNorm((128,), eps=1e-05, elementwise_affine=True)
        (drop_path): Identity()
        (ffn): Mlp(
          (fc1): Linear(in_features=128, out_features=256, bias=True)
          (act): GELU(approximate='none')
          (drop1): Dropout(p=0.0, inplace=False)
          (norm): Identity()
          (fc2): Linear(in_features=256, out_features=128, bias=True)
          (drop2): Dropout(p=0.0, inplace=False)
        )
        (norm2): LayerNorm((128,), eps=1e-05, elementwise_affine=True)
      )
      (conv1_2): Conv2d(256, 256, kernel_size=(1, 1), stride=(1, 1))
    )
  )
  (m_up2): Sequential(
    (0): ConvTranspose2d(256, 128, kernel_size=(2, 2), stride=(2, 2), bias=False)
    (1): ConvNSTBBlock(
      (conv1_1): Conv2d(128, 128, kernel_size=(1, 1), stride=(1, 1))
      (conv_block): Sequential(
        (0): Conv2d(64, 64, kernel_size=(3, 3), stride=(1, 1), padding=(1, 1), bias=False)
        (1): ReLU(inplace=True)
        (2): Conv2d(64, 64, kernel_size=(3, 3), stride=(1, 1), padding=(1, 1), bias=False)
      )
      (nstb_block): NSTB(
        (ngram_window_partition): NGramWindowPartition(
          (ngram_context): NGramContext(
            (unigram_embed): Conv2d(64, 32, kernel_size=(8, 8), stride=(8, 8), groups=32)
            (ngram_attn): WindowAttention(
              (qkv): Linear(in_features=32, out_features=96, bias=True)
              (attn_drop): Dropout(p=0.0, inplace=False)
              (proj): Linear(in_features=32, out_features=32, bias=True)
              (proj_drop): Dropout(p=0.0, inplace=False)
              (softmax): Softmax(dim=-1)
            )
            (avg_pool): AvgPool2d(kernel_size=2, stride=2, padding=0)
            (merge): Conv2d(64, 64, kernel_size=(1, 1), stride=(1, 1))
          )
        )
        (attn): WindowAttention(
          (qkv): Linear(in_features=64, out_features=192, bias=True)
          (attn_drop): Dropout(p=0.0, inplace=False)
          (proj): Linear(in_features=64, out_features=64, bias=True)
          (proj_drop): Dropout(p=0.0, inplace=False)
          (softmax): Softmax(dim=-1)
        )
        (norm1): LayerNorm((64,), eps=1e-05, elementwise_affine=True)
        (drop_path): Identity()
        (ffn): Mlp(
          (fc1): Linear(in_features=64, out_features=128, bias=True)
          (act): GELU(approximate='none')
          (drop1): Dropout(p=0.0, inplace=False)
          (norm): Identity()
          (fc2): Linear(in_features=128, out_features=64, bias=True)
          (drop2): Dropout(p=0.0, inplace=False)
        )
        (norm2): LayerNorm((64,), eps=1e-05, elementwise_affine=True)
      )
      (conv1_2): Conv2d(128, 128, kernel_size=(1, 1), stride=(1, 1))
    )
  )
  (m_up1): Sequential(
    (0): ConvTranspose2d(128, 64, kernel_size=(2, 2), stride=(2, 2), bias=False)
    (1): ConvNSTBBlock(
      (conv1_1): Conv2d(64, 64, kernel_size=(1, 1), stride=(1, 1))
      (conv_block): Sequential(
        (0): Conv2d(32, 32, kernel_size=(3, 3), stride=(1, 1), padding=(1, 1), bias=False)
        (1): ReLU(inplace=True)
        (2): Conv2d(32, 32, kernel_size=(3, 3), stride=(1, 1), padding=(1, 1), bias=False)
      )
      (nstb_block): NSTB(
        (ngram_window_partition): NGramWindowPartition(
          (ngram_context): NGramContext(
            (unigram_embed): Conv2d(32, 16, kernel_size=(8, 8), stride=(8, 8), groups=16)
            (ngram_attn): WindowAttention(
              (qkv): Linear(in_features=16, out_features=48, bias=True)
              (attn_drop): Dropout(p=0.0, inplace=False)
              (proj): Linear(in_features=16, out_features=16, bias=True)
              (proj_drop): Dropout(p=0.0, inplace=False)
              (softmax): Softmax(dim=-1)
            )
            (avg_pool): AvgPool2d(kernel_size=2, stride=2, padding=0)
            (merge): Conv2d(32, 32, kernel_size=(1, 1), stride=(1, 1))
          )
        )
        (attn): WindowAttention(
          (qkv): Linear(in_features=32, out_features=96, bias=True)
          (attn_drop): Dropout(p=0.0, inplace=False)
          (proj): Linear(in_features=32, out_features=32, bias=True)
          (proj_drop): Dropout(p=0.0, inplace=False)
          (softmax): Softmax(dim=-1)
        )
        (norm1): LayerNorm((32,), eps=1e-05, elementwise_affine=True)
        (drop_path): Identity()
        (ffn): Mlp(
          (fc1): Linear(in_features=32, out_features=64, bias=True)
          (act): GELU(approximate='none')
          (drop1): Dropout(p=0.0, inplace=False)
          (norm): Identity()
          (fc2): Linear(in_features=64, out_features=32, bias=True)
          (drop2): Dropout(p=0.0, inplace=False)
        )
        (norm2): LayerNorm((32,), eps=1e-05, elementwise_affine=True)
      )
      (conv1_2): Conv2d(64, 64, kernel_size=(1, 1), stride=(1, 1))
    )
  )
  (m_tail): Sequential(
    (0): Conv2d(64, 1, kernel_size=(3, 3), stride=(1, 1), padding=(1, 1), bias=False)
  )
)

25-07-08 14:26:16.060 : 
 |  mean  |  min   |  max   |  std   || shape               
 |  0.006 | -0.457 |  0.432 |  0.201 | torch.Size([64, 1, 3, 3]) || m_head.0.weight
 | -0.005 | -1.429 |  2.076 |  0.179 | torch.Size([64, 64, 1, 1]) || m_down1.0.conv1_1.weight
 | -0.012 | -0.131 |  0.130 |  0.067 | torch.Size([64]) || m_down1.0.conv1_1.bias
 |  0.001 | -0.872 |  0.929 |  0.077 | torch.Size([32, 32, 3, 3]) || m_down1.0.conv_block.0.weight
 | -0.000 | -0.347 |  0.371 |  0.065 | torch.Size([32, 32, 3, 3]) || m_down1.0.conv_block.2.weight
 | -12.109 | -100.000 |  0.000 | 32.624 | torch.Size([64, 64, 64]) || m_down1.0.nstb_block.attn_mask
 | -0.002 | -0.203 |  0.214 |  0.062 | torch.Size([16, 2, 8, 8]) || m_down1.0.nstb_block.ngram_window_partition.ngram_context.unigram_embed.weight
 |  0.025 | -0.077 |  0.113 |  0.050 | torch.Size([16]) || m_down1.0.nstb_block.ngram_window_partition.ngram_context.unigram_embed.bias
 |  2.377 |  2.377 |  2.377 |    nan | torch.Size([1, 1, 1]) || m_down1.0.nstb_block.ngram_window_partition.ngram_context.ngram_attn.logit_scale
 | -0.004 | -0.186 |  0.243 |  0.150 | torch.Size([9, 1]) || m_down1.0.nstb_block.ngram_window_partition.ngram_context.ngram_attn.relative_position_bias_table
 |  4.000 |  0.000 |  8.000 |  2.309 | torch.Size([4, 4]) || m_down1.0.nstb_block.ngram_window_partition.ngram_context.ngram_attn.relative_position_index
 |  0.006 | -0.430 |  0.479 |  0.159 | torch.Size([48, 16]) || m_down1.0.nstb_block.ngram_window_partition.ngram_context.ngram_attn.qkv.weight
 | -0.023 | -0.214 |  0.191 |  0.115 | torch.Size([48]) || m_down1.0.nstb_block.ngram_window_partition.ngram_context.ngram_attn.qkv.bias
 |  0.013 | -0.256 |  0.273 |  0.134 | torch.Size([16, 16]) || m_down1.0.nstb_block.ngram_window_partition.ngram_context.ngram_attn.proj.weight
 | -0.011 | -0.196 |  0.142 |  0.107 | torch.Size([16]) || m_down1.0.nstb_block.ngram_window_partition.ngram_context.ngram_attn.proj.bias
 | -0.001 | -0.299 |  0.229 |  0.102 | torch.Size([32, 32, 1, 1]) || m_down1.0.nstb_block.ngram_window_partition.ngram_context.merge.weight
 | -0.006 | -0.145 |  0.165 |  0.088 | torch.Size([32]) || m_down1.0.nstb_block.ngram_window_partition.ngram_context.merge.bias
 |  3.644 |  3.644 |  3.644 |    nan | torch.Size([1, 1, 1]) || m_down1.0.nstb_block.attn.logit_scale
 | -0.248 | -0.805 |  0.980 |  0.378 | torch.Size([225, 1]) || m_down1.0.nstb_block.attn.relative_position_bias_table
 | 112.000 |  0.000 | 224.000 | 48.719 | torch.Size([64, 64]) || m_down1.0.nstb_block.attn.relative_position_index
 |  0.001 | -0.694 |  0.564 |  0.132 | torch.Size([96, 32]) || m_down1.0.nstb_block.attn.qkv.weight
 | -0.006 | -0.188 |  0.167 |  0.082 | torch.Size([96]) || m_down1.0.nstb_block.attn.qkv.bias
 | -0.003 | -0.326 |  0.270 |  0.109 | torch.Size([32, 32]) || m_down1.0.nstb_block.attn.proj.weight
 |  0.011 | -0.225 |  0.194 |  0.117 | torch.Size([32]) || m_down1.0.nstb_block.attn.proj.bias
 |  0.979 |  0.893 |  1.069 |  0.035 | torch.Size([32]) || m_down1.0.nstb_block.norm1.weight
 |  0.010 | -0.009 |  0.036 |  0.011 | torch.Size([32]) || m_down1.0.nstb_block.norm1.bias
 |  0.001 | -0.487 |  0.653 |  0.135 | torch.Size([64, 32]) || m_down1.0.nstb_block.ffn.fc1.weight
 | -0.000 | -0.199 |  0.164 |  0.094 | torch.Size([64]) || m_down1.0.nstb_block.ffn.fc1.bias
 | -0.003 | -0.221 |  0.253 |  0.081 | torch.Size([32, 64]) || m_down1.0.nstb_block.ffn.fc2.weight
 | -0.016 | -0.124 |  0.153 |  0.082 | torch.Size([32]) || m_down1.0.nstb_block.ffn.fc2.bias
 |  0.962 |  0.790 |  1.003 |  0.042 | torch.Size([32]) || m_down1.0.nstb_block.norm2.weight
 |  0.010 | -0.014 |  0.042 |  0.012 | torch.Size([32]) || m_down1.0.nstb_block.norm2.bias
 | -0.002 | -0.398 |  0.545 |  0.087 | torch.Size([64, 64, 1, 1]) || m_down1.0.conv1_2.weight
 |  0.006 | -0.104 |  0.131 |  0.065 | torch.Size([64]) || m_down1.0.conv1_2.bias
 |  0.000 | -0.329 |  0.276 |  0.051 | torch.Size([128, 64, 2, 2]) || m_down1.1.weight
 |  0.000 | -0.352 |  0.366 |  0.076 | torch.Size([128, 128, 1, 1]) || m_down2.0.conv1_1.weight
 | -0.006 | -0.107 |  0.091 |  0.045 | torch.Size([128]) || m_down2.0.conv1_1.bias
 |  0.002 | -0.371 |  0.360 |  0.055 | torch.Size([64, 64, 3, 3]) || m_down2.0.conv_block.0.weight
 |  0.000 | -0.351 |  0.427 |  0.056 | torch.Size([64, 64, 3, 3]) || m_down2.0.conv_block.2.weight
 | -23.438 | -100.000 |  0.000 | 42.361 | torch.Size([16, 64, 64]) || m_down2.0.nstb_block.attn_mask
 | -0.002 | -0.272 |  0.309 |  0.068 | torch.Size([32, 2, 8, 8]) || m_down2.0.nstb_block.ngram_window_partition.ngram_context.unigram_embed.weight
 |  0.003 | -0.066 |  0.077 |  0.046 | torch.Size([32]) || m_down2.0.nstb_block.ngram_window_partition.ngram_context.unigram_embed.bias
 |  2.287 |  2.182 |  2.392 |  0.149 | torch.Size([2, 1, 1]) || m_down2.0.nstb_block.ngram_window_partition.ngram_context.ngram_attn.logit_scale
 | -0.013 | -0.395 |  0.468 |  0.255 | torch.Size([9, 2]) || m_down2.0.nstb_block.ngram_window_partition.ngram_context.ngram_attn.relative_position_bias_table
 |  4.000 |  0.000 |  8.000 |  2.309 | torch.Size([4, 4]) || m_down2.0.nstb_block.ngram_window_partition.ngram_context.ngram_attn.relative_position_index
 |  0.002 | -0.368 |  0.387 |  0.115 | torch.Size([96, 32]) || m_down2.0.nstb_block.ngram_window_partition.ngram_context.ngram_attn.qkv.weight
 |  0.025 | -0.195 |  0.229 |  0.101 | torch.Size([96]) || m_down2.0.nstb_block.ngram_window_partition.ngram_context.ngram_attn.qkv.bias
 | -0.001 | -0.248 |  0.244 |  0.103 | torch.Size([32, 32]) || m_down2.0.nstb_block.ngram_window_partition.ngram_context.ngram_attn.proj.weight
 |  0.002 | -0.126 |  0.144 |  0.063 | torch.Size([32]) || m_down2.0.nstb_block.ngram_window_partition.ngram_context.ngram_attn.proj.bias
 |  0.001 | -0.249 |  0.216 |  0.077 | torch.Size([64, 64, 1, 1]) || m_down2.0.nstb_block.ngram_window_partition.ngram_context.merge.weight
 |  0.002 | -0.102 |  0.116 |  0.058 | torch.Size([64]) || m_down2.0.nstb_block.ngram_window_partition.ngram_context.merge.bias
 |  2.817 |  2.595 |  3.039 |  0.314 | torch.Size([2, 1, 1]) || m_down2.0.nstb_block.attn.logit_scale
 | -0.331 | -1.011 |  1.407 |  0.399 | torch.Size([225, 2]) || m_down2.0.nstb_block.attn.relative_position_bias_table
 | 112.000 |  0.000 | 224.000 | 48.719 | torch.Size([64, 64]) || m_down2.0.nstb_block.attn.relative_position_index
 |  0.001 | -0.304 |  0.357 |  0.089 | torch.Size([192, 64]) || m_down2.0.nstb_block.attn.qkv.weight
 | -0.011 | -0.222 |  0.156 |  0.070 | torch.Size([192]) || m_down2.0.nstb_block.attn.qkv.bias
 | -0.003 | -0.209 |  0.233 |  0.082 | torch.Size([64, 64]) || m_down2.0.nstb_block.attn.proj.weight
 |  0.000 | -0.188 |  0.197 |  0.091 | torch.Size([64]) || m_down2.0.nstb_block.attn.proj.bias
 |  0.953 |  0.868 |  1.011 |  0.036 | torch.Size([64]) || m_down2.0.nstb_block.norm1.weight
 |  0.002 | -0.023 |  0.034 |  0.012 | torch.Size([64]) || m_down2.0.nstb_block.norm1.bias
 |  0.001 | -0.386 |  0.402 |  0.102 | torch.Size([128, 64]) || m_down2.0.nstb_block.ffn.fc1.weight
 | -0.006 | -0.160 |  0.126 |  0.079 | torch.Size([128]) || m_down2.0.nstb_block.ffn.fc1.bias
 |  0.001 | -0.237 |  0.256 |  0.066 | torch.Size([64, 128]) || m_down2.0.nstb_block.ffn.fc2.weight
 | -0.003 | -0.163 |  0.140 |  0.070 | torch.Size([64]) || m_down2.0.nstb_block.ffn.fc2.bias
 |  0.963 |  0.881 |  1.030 |  0.026 | torch.Size([64]) || m_down2.0.nstb_block.norm2.weight
 | -0.000 | -0.043 |  0.033 |  0.018 | torch.Size([64]) || m_down2.0.nstb_block.norm2.bias
 | -0.000 | -0.196 |  0.180 |  0.057 | torch.Size([128, 128, 1, 1]) || m_down2.0.conv1_2.weight
 | -0.007 | -0.076 |  0.072 |  0.036 | torch.Size([128]) || m_down2.0.conv1_2.bias
 | -0.000 | -0.173 |  0.220 |  0.044 | torch.Size([256, 128, 2, 2]) || m_down2.1.weight
 |  0.000 | -0.219 |  0.200 |  0.052 | torch.Size([256, 256, 1, 1]) || m_down3.0.conv1_1.weight
 | -0.000 | -0.122 |  0.083 |  0.030 | torch.Size([256]) || m_down3.0.conv1_1.bias
 |  0.000 | -0.453 |  0.393 |  0.049 | torch.Size([128, 128, 3, 3]) || m_down3.0.conv_block.0.weight
 |  0.000 | -0.337 |  0.397 |  0.049 | torch.Size([128, 128, 3, 3]) || m_down3.0.conv_block.2.weight
 | -43.750 | -100.000 |  0.000 | 49.609 | torch.Size([4, 64, 64]) || m_down3.0.nstb_block.attn_mask
 |  0.002 | -0.255 |  0.292 |  0.072 | torch.Size([64, 2, 8, 8]) || m_down3.0.nstb_block.ngram_window_partition.ngram_context.unigram_embed.weight
 |  0.009 | -0.089 |  0.104 |  0.047 | torch.Size([64]) || m_down3.0.nstb_block.ngram_window_partition.ngram_context.unigram_embed.bias
 |  2.348 |  2.267 |  2.393 |  0.058 | torch.Size([4, 1, 1]) || m_down3.0.nstb_block.ngram_window_partition.ngram_context.ngram_attn.logit_scale
 | -0.006 | -0.505 |  0.556 |  0.245 | torch.Size([9, 4]) || m_down3.0.nstb_block.ngram_window_partition.ngram_context.ngram_attn.relative_position_bias_table
 |  4.000 |  0.000 |  8.000 |  2.309 | torch.Size([4, 4]) || m_down3.0.nstb_block.ngram_window_partition.ngram_context.ngram_attn.relative_position_index
 |  0.001 | -0.299 |  0.323 |  0.088 | torch.Size([192, 64]) || m_down3.0.nstb_block.ngram_window_partition.ngram_context.ngram_attn.qkv.weight
 | -0.009 | -0.236 |  0.286 |  0.102 | torch.Size([192]) || m_down3.0.nstb_block.ngram_window_partition.ngram_context.ngram_attn.qkv.bias
 |  0.001 | -0.234 |  0.225 |  0.086 | torch.Size([64, 64]) || m_down3.0.nstb_block.ngram_window_partition.ngram_context.ngram_attn.proj.weight
 | -0.001 | -0.095 |  0.097 |  0.055 | torch.Size([64]) || m_down3.0.nstb_block.ngram_window_partition.ngram_context.ngram_attn.proj.bias
 | -0.000 | -0.217 |  0.214 |  0.067 | torch.Size([128, 128, 1, 1]) || m_down3.0.nstb_block.ngram_window_partition.ngram_context.merge.weight
 |  0.001 | -0.101 |  0.096 |  0.043 | torch.Size([128]) || m_down3.0.nstb_block.ngram_window_partition.ngram_context.merge.bias
 |  2.460 |  2.342 |  2.742 |  0.190 | torch.Size([4, 1, 1]) || m_down3.0.nstb_block.attn.logit_scale
 | -0.071 | -0.705 |  0.820 |  0.226 | torch.Size([225, 4]) || m_down3.0.nstb_block.attn.relative_position_bias_table
 | 112.000 |  0.000 | 224.000 | 48.719 | torch.Size([64, 64]) || m_down3.0.nstb_block.attn.relative_position_index
 | -0.000 | -0.322 |  0.283 |  0.069 | torch.Size([384, 128]) || m_down3.0.nstb_block.attn.qkv.weight
 | -0.000 | -0.206 |  0.273 |  0.069 | torch.Size([384]) || m_down3.0.nstb_block.attn.qkv.bias
 | -0.000 | -0.200 |  0.212 |  0.066 | torch.Size([128, 128]) || m_down3.0.nstb_block.attn.proj.weight
 | -0.004 | -0.185 |  0.206 |  0.079 | torch.Size([128]) || m_down3.0.nstb_block.attn.proj.bias
 |  0.932 |  0.843 |  0.995 |  0.035 | torch.Size([128]) || m_down3.0.nstb_block.norm1.weight
 | -0.000 | -0.026 |  0.024 |  0.010 | torch.Size([128]) || m_down3.0.nstb_block.norm1.bias
 |  0.001 | -0.412 |  0.468 |  0.089 | torch.Size([256, 128]) || m_down3.0.nstb_block.ffn.fc1.weight
 | -0.006 | -0.140 |  0.105 |  0.053 | torch.Size([256]) || m_down3.0.nstb_block.ffn.fc1.bias
 | -0.000 | -0.383 |  0.314 |  0.057 | torch.Size([128, 256]) || m_down3.0.nstb_block.ffn.fc2.weight
 |  0.005 | -0.115 |  0.093 |  0.046 | torch.Size([128]) || m_down3.0.nstb_block.ffn.fc2.bias
 |  0.928 |  0.706 |  0.976 |  0.047 | torch.Size([128]) || m_down3.0.nstb_block.norm2.weight
 |  0.001 | -0.047 |  0.042 |  0.019 | torch.Size([128]) || m_down3.0.nstb_block.norm2.bias
 | -0.000 | -0.184 |  0.157 |  0.043 | torch.Size([256, 256, 1, 1]) || m_down3.0.conv1_2.weight
 | -0.001 | -0.059 |  0.049 |  0.024 | torch.Size([256]) || m_down3.0.conv1_2.bias
 |  0.000 | -0.177 |  0.219 |  0.039 | torch.Size([512, 256, 2, 2]) || m_down3.1.weight
 |  0.000 | -0.219 |  0.215 |  0.048 | torch.Size([512, 512, 1, 1]) || m_body.0.conv1_1.weight
 |  0.002 | -0.125 |  0.165 |  0.047 | torch.Size([512]) || m_body.0.conv1_1.bias
 |  0.000 | -0.269 |  0.258 |  0.048 | torch.Size([256, 256, 3, 3]) || m_body.0.conv_block.0.weight
 |  0.000 | -0.266 |  0.268 |  0.047 | torch.Size([256, 256, 3, 3]) || m_body.0.conv_block.2.weight
 | -75.000 | -100.000 |  0.000 | 43.307 | torch.Size([1, 64, 64]) || m_body.0.nstb_block.attn_mask
 | -0.000 | -0.260 |  0.288 |  0.071 | torch.Size([128, 2, 8, 8]) || m_body.0.nstb_block.ngram_window_partition.ngram_context.unigram_embed.weight
 | -0.003 | -0.109 |  0.101 |  0.050 | torch.Size([128]) || m_body.0.nstb_block.ngram_window_partition.ngram_context.unigram_embed.bias
 |  2.207 |  1.948 |  2.333 |  0.157 | torch.Size([8, 1, 1]) || m_body.0.nstb_block.ngram_window_partition.ngram_context.ngram_attn.logit_scale
 | -0.020 | -0.956 |  1.610 |  0.388 | torch.Size([9, 8]) || m_body.0.nstb_block.ngram_window_partition.ngram_context.ngram_attn.relative_position_bias_table
 |  4.000 |  0.000 |  8.000 |  2.309 | torch.Size([4, 4]) || m_body.0.nstb_block.ngram_window_partition.ngram_context.ngram_attn.relative_position_index
 |  0.000 | -0.271 |  0.288 |  0.070 | torch.Size([384, 128]) || m_body.0.nstb_block.ngram_window_partition.ngram_context.ngram_attn.qkv.weight
 | -0.003 | -0.306 |  0.230 |  0.087 | torch.Size([384]) || m_body.0.nstb_block.ngram_window_partition.ngram_context.ngram_attn.qkv.bias
 | -0.001 | -0.235 |  0.230 |  0.070 | torch.Size([128, 128]) || m_body.0.nstb_block.ngram_window_partition.ngram_context.ngram_attn.proj.weight
 | -0.003 | -0.080 |  0.072 |  0.037 | torch.Size([128]) || m_body.0.nstb_block.ngram_window_partition.ngram_context.ngram_attn.proj.bias
 | -0.000 | -0.229 |  0.231 |  0.058 | torch.Size([256, 256, 1, 1]) || m_body.0.nstb_block.ngram_window_partition.ngram_context.merge.weight
 |  0.003 | -0.131 |  0.118 |  0.047 | torch.Size([256]) || m_body.0.nstb_block.ngram_window_partition.ngram_context.merge.bias
 |  2.588 |  2.467 |  2.791 |  0.109 | torch.Size([8, 1, 1]) || m_body.0.nstb_block.attn.logit_scale
 | -0.164 | -1.361 |  1.011 |  0.435 | torch.Size([225, 8]) || m_body.0.nstb_block.attn.relative_position_bias_table
 | 112.000 |  0.000 | 224.000 | 48.719 | torch.Size([64, 64]) || m_body.0.nstb_block.attn.relative_position_index
 | -0.000 | -0.277 |  0.258 |  0.058 | torch.Size([768, 256]) || m_body.0.nstb_block.attn.qkv.weight
 | -0.001 | -0.289 |  0.273 |  0.080 | torch.Size([768]) || m_body.0.nstb_block.attn.qkv.bias
 | -0.000 | -0.290 |  0.268 |  0.056 | torch.Size([256, 256]) || m_body.0.nstb_block.attn.proj.weight
 | -0.001 | -0.325 |  0.284 |  0.071 | torch.Size([256]) || m_body.0.nstb_block.attn.proj.bias
 |  0.910 |  0.822 |  0.986 |  0.028 | torch.Size([256]) || m_body.0.nstb_block.norm1.weight
 | -0.003 | -0.094 |  0.081 |  0.024 | torch.Size([256]) || m_body.0.nstb_block.norm1.bias
 |  0.000 | -0.321 |  0.294 |  0.065 | torch.Size([512, 256]) || m_body.0.nstb_block.ffn.fc1.weight
 | -0.021 | -0.114 |  0.112 |  0.040 | torch.Size([512]) || m_body.0.nstb_block.ffn.fc1.bias
 |  0.000 | -0.350 |  0.321 |  0.052 | torch.Size([256, 512]) || m_body.0.nstb_block.ffn.fc2.weight
 |  0.000 | -0.207 |  0.240 |  0.046 | torch.Size([256]) || m_body.0.nstb_block.ffn.fc2.bias
 |  0.953 |  0.813 |  1.049 |  0.034 | torch.Size([256]) || m_body.0.nstb_block.norm2.weight
 | -0.002 | -0.090 |  0.084 |  0.031 | torch.Size([256]) || m_body.0.nstb_block.norm2.bias
 | -0.000 | -0.171 |  0.180 |  0.040 | torch.Size([512, 512, 1, 1]) || m_body.0.conv1_2.weight
 | -0.002 | -0.155 |  0.113 |  0.049 | torch.Size([512]) || m_body.0.conv1_2.bias
 |  0.000 | -0.152 |  0.150 |  0.033 | torch.Size([512, 256, 2, 2]) || m_up3.0.weight
 |  0.001 | -0.206 |  0.197 |  0.052 | torch.Size([256, 256, 1, 1]) || m_up3.1.conv1_1.weight
 | -0.002 | -0.111 |  0.125 |  0.053 | torch.Size([256]) || m_up3.1.conv1_1.bias
 | -0.001 | -0.309 |  0.239 |  0.044 | torch.Size([128, 128, 3, 3]) || m_up3.1.conv_block.0.weight
 | -0.000 | -0.264 |  0.283 |  0.043 | torch.Size([128, 128, 3, 3]) || m_up3.1.conv_block.2.weight
 | -43.750 | -100.000 |  0.000 | 49.609 | torch.Size([4, 64, 64]) || m_up3.1.nstb_block.attn_mask
 |  0.002 | -0.291 |  0.220 |  0.064 | torch.Size([64, 2, 8, 8]) || m_up3.1.nstb_block.ngram_window_partition.ngram_context.unigram_embed.weight
 | -0.006 | -0.102 |  0.095 |  0.056 | torch.Size([64]) || m_up3.1.nstb_block.ngram_window_partition.ngram_context.unigram_embed.bias
 |  1.994 |  1.935 |  2.035 |  0.045 | torch.Size([4, 1, 1]) || m_up3.1.nstb_block.ngram_window_partition.ngram_context.ngram_attn.logit_scale
 | -0.020 | -0.866 |  1.563 |  0.546 | torch.Size([9, 4]) || m_up3.1.nstb_block.ngram_window_partition.ngram_context.ngram_attn.relative_position_bias_table
 |  4.000 |  0.000 |  8.000 |  2.309 | torch.Size([4, 4]) || m_up3.1.nstb_block.ngram_window_partition.ngram_context.ngram_attn.relative_position_index
 | -0.002 | -0.285 |  0.297 |  0.084 | torch.Size([192, 64]) || m_up3.1.nstb_block.ngram_window_partition.ngram_context.ngram_attn.qkv.weight
 | -0.006 | -0.392 |  0.346 |  0.136 | torch.Size([192]) || m_up3.1.nstb_block.ngram_window_partition.ngram_context.ngram_attn.qkv.bias
 |  0.001 | -0.216 |  0.218 |  0.082 | torch.Size([64, 64]) || m_up3.1.nstb_block.ngram_window_partition.ngram_context.ngram_attn.proj.weight
 |  0.005 | -0.116 |  0.103 |  0.067 | torch.Size([64]) || m_up3.1.nstb_block.ngram_window_partition.ngram_context.ngram_attn.proj.bias
 |  0.001 | -0.210 |  0.221 |  0.063 | torch.Size([128, 128, 1, 1]) || m_up3.1.nstb_block.ngram_window_partition.ngram_context.merge.weight
 |  0.002 | -0.128 |  0.130 |  0.055 | torch.Size([128]) || m_up3.1.nstb_block.ngram_window_partition.ngram_context.merge.bias
 |  2.500 |  2.375 |  2.652 |  0.115 | torch.Size([4, 1, 1]) || m_up3.1.nstb_block.attn.logit_scale
 | -0.372 | -1.452 |  1.124 |  0.486 | torch.Size([225, 4]) || m_up3.1.nstb_block.attn.relative_position_bias_table
 | 112.000 |  0.000 | 224.000 | 48.719 | torch.Size([64, 64]) || m_up3.1.nstb_block.attn.relative_position_index
 |  0.000 | -0.280 |  0.249 |  0.066 | torch.Size([384, 128]) || m_up3.1.nstb_block.attn.qkv.weight
 |  0.001 | -0.253 |  0.251 |  0.080 | torch.Size([384]) || m_up3.1.nstb_block.attn.qkv.bias
 | -0.000 | -0.211 |  0.238 |  0.062 | torch.Size([128, 128]) || m_up3.1.nstb_block.attn.proj.weight
 |  0.000 | -0.183 |  0.164 |  0.074 | torch.Size([128]) || m_up3.1.nstb_block.attn.proj.bias
 |  0.977 |  0.873 |  1.036 |  0.023 | torch.Size([128]) || m_up3.1.nstb_block.norm1.weight
 |  0.001 | -0.054 |  0.055 |  0.019 | torch.Size([128]) || m_up3.1.nstb_block.norm1.bias
 | -0.000 | -0.297 |  0.303 |  0.070 | torch.Size([256, 128]) || m_up3.1.nstb_block.ffn.fc1.weight
 | -0.030 | -0.178 |  0.107 |  0.061 | torch.Size([256]) || m_up3.1.nstb_block.ffn.fc1.bias
 | -0.000 | -0.226 |  0.240 |  0.053 | torch.Size([128, 256]) || m_up3.1.nstb_block.ffn.fc2.weight
 |  0.004 | -0.100 |  0.159 |  0.047 | torch.Size([128]) || m_up3.1.nstb_block.ffn.fc2.bias
 |  1.007 |  0.897 |  1.105 |  0.034 | torch.Size([128]) || m_up3.1.nstb_block.norm2.weight
 |  0.003 | -0.034 |  0.033 |  0.014 | torch.Size([128]) || m_up3.1.nstb_block.norm2.bias
 | -0.000 | -0.199 |  0.188 |  0.048 | torch.Size([256, 256, 1, 1]) || m_up3.1.conv1_2.weight
 | -0.002 | -0.134 |  0.112 |  0.051 | torch.Size([256]) || m_up3.1.conv1_2.bias
 |  0.000 | -0.114 |  0.107 |  0.024 | torch.Size([256, 128, 2, 2]) || m_up2.0.weight
 | -0.000 | -0.267 |  0.264 |  0.071 | torch.Size([128, 128, 1, 1]) || m_up2.1.conv1_1.weight
 | -0.009 | -0.101 |  0.081 |  0.047 | torch.Size([128]) || m_up2.1.conv1_1.bias
 |  0.000 | -0.290 |  0.306 |  0.048 | torch.Size([64, 64, 3, 3]) || m_up2.1.conv_block.0.weight
 |  0.001 | -0.406 |  0.446 |  0.052 | torch.Size([64, 64, 3, 3]) || m_up2.1.conv_block.2.weight
 | -23.438 | -100.000 |  0.000 | 42.361 | torch.Size([16, 64, 64]) || m_up2.1.nstb_block.attn_mask
 |  0.001 | -0.273 |  0.284 |  0.067 | torch.Size([32, 2, 8, 8]) || m_up2.1.nstb_block.ngram_window_partition.ngram_context.unigram_embed.weight
 | -0.007 | -0.094 |  0.088 |  0.046 | torch.Size([32]) || m_up2.1.nstb_block.ngram_window_partition.ngram_context.unigram_embed.bias
 |  1.705 |  1.548 |  1.861 |  0.221 | torch.Size([2, 1, 1]) || m_up2.1.nstb_block.ngram_window_partition.ngram_context.ngram_attn.logit_scale
 | -0.157 | -1.731 |  1.752 |  1.100 | torch.Size([9, 2]) || m_up2.1.nstb_block.ngram_window_partition.ngram_context.ngram_attn.relative_position_bias_table
 |  4.000 |  0.000 |  8.000 |  2.309 | torch.Size([4, 4]) || m_up2.1.nstb_block.ngram_window_partition.ngram_context.ngram_attn.relative_position_index
 |  0.001 | -0.315 |  0.330 |  0.111 | torch.Size([96, 32]) || m_up2.1.nstb_block.ngram_window_partition.ngram_context.ngram_attn.qkv.weight
 | -0.012 | -0.317 |  0.410 |  0.139 | torch.Size([96]) || m_up2.1.nstb_block.ngram_window_partition.ngram_context.ngram_attn.qkv.bias
 |  0.000 | -0.270 |  0.251 |  0.111 | torch.Size([32, 32]) || m_up2.1.nstb_block.ngram_window_partition.ngram_context.ngram_attn.proj.weight
 |  0.001 | -0.168 |  0.132 |  0.091 | torch.Size([32]) || m_up2.1.nstb_block.ngram_window_partition.ngram_context.ngram_attn.proj.bias
 | -0.000 | -0.303 |  0.284 |  0.079 | torch.Size([64, 64, 1, 1]) || m_up2.1.nstb_block.ngram_window_partition.ngram_context.merge.weight
 | -0.012 | -0.136 |  0.143 |  0.069 | torch.Size([64]) || m_up2.1.nstb_block.ngram_window_partition.ngram_context.merge.bias
 |  2.433 |  2.336 |  2.529 |  0.136 | torch.Size([2, 1, 1]) || m_up2.1.nstb_block.attn.logit_scale
 | -0.237 | -1.133 |  0.996 |  0.473 | torch.Size([225, 2]) || m_up2.1.nstb_block.attn.relative_position_bias_table
 | 112.000 |  0.000 | 224.000 | 48.719 | torch.Size([64, 64]) || m_up2.1.nstb_block.attn.relative_position_index
 | -0.000 | -0.398 |  0.321 |  0.081 | torch.Size([192, 64]) || m_up2.1.nstb_block.attn.qkv.weight
 |  0.007 | -0.150 |  0.186 |  0.085 | torch.Size([192]) || m_up2.1.nstb_block.attn.qkv.bias
 |  0.000 | -0.266 |  0.251 |  0.075 | torch.Size([64, 64]) || m_up2.1.nstb_block.attn.proj.weight
 | -0.010 | -0.226 |  0.175 |  0.086 | torch.Size([64]) || m_up2.1.nstb_block.attn.proj.bias
 |  0.958 |  0.718 |  0.998 |  0.055 | torch.Size([64]) || m_up2.1.nstb_block.norm1.weight
 | -0.002 | -0.020 |  0.011 |  0.007 | torch.Size([64]) || m_up2.1.nstb_block.norm1.bias
 |  0.000 | -0.418 |  0.381 |  0.089 | torch.Size([128, 64]) || m_up2.1.nstb_block.ffn.fc1.weight
 | -0.011 | -0.167 |  0.161 |  0.076 | torch.Size([128]) || m_up2.1.nstb_block.ffn.fc1.bias
 |  0.000 | -0.188 |  0.206 |  0.057 | torch.Size([64, 128]) || m_up2.1.nstb_block.ffn.fc2.weight
 | -0.006 | -0.129 |  0.108 |  0.058 | torch.Size([64]) || m_up2.1.nstb_block.ffn.fc2.bias
 |  0.945 |  0.541 |  1.004 |  0.084 | torch.Size([64]) || m_up2.1.nstb_block.norm2.weight
 | -0.002 | -0.014 |  0.013 |  0.007 | torch.Size([64]) || m_up2.1.nstb_block.norm2.bias
 |  0.000 | -0.271 |  0.245 |  0.063 | torch.Size([128, 128, 1, 1]) || m_up2.1.conv1_2.weight
 |  0.006 | -0.099 |  0.116 |  0.051 | torch.Size([128]) || m_up2.1.conv1_2.bias
 |  0.000 | -0.153 |  0.141 |  0.036 | torch.Size([128, 64, 2, 2]) || m_up1.0.weight
 | -0.002 | -0.266 |  0.288 |  0.085 | torch.Size([64, 64, 1, 1]) || m_up1.1.conv1_1.weight
 |  0.008 | -0.129 |  0.121 |  0.066 | torch.Size([64]) || m_up1.1.conv1_1.bias
 |  0.001 | -0.221 |  0.288 |  0.049 | torch.Size([32, 32, 3, 3]) || m_up1.1.conv_block.0.weight
 | -0.002 | -0.260 |  0.337 |  0.050 | torch.Size([32, 32, 3, 3]) || m_up1.1.conv_block.2.weight
 | -12.109 | -100.000 |  0.000 | 32.624 | torch.Size([64, 64, 64]) || m_up1.1.nstb_block.attn_mask
 |  0.002 | -0.358 |  0.403 |  0.078 | torch.Size([16, 2, 8, 8]) || m_up1.1.nstb_block.ngram_window_partition.ngram_context.unigram_embed.weight
 | -0.012 | -0.083 |  0.075 |  0.045 | torch.Size([16]) || m_up1.1.nstb_block.ngram_window_partition.ngram_context.unigram_embed.bias
 |  2.011 |  2.011 |  2.011 |    nan | torch.Size([1, 1, 1]) || m_up1.1.nstb_block.ngram_window_partition.ngram_context.ngram_attn.logit_scale
 |  0.002 | -0.269 |  0.461 |  0.228 | torch.Size([9, 1]) || m_up1.1.nstb_block.ngram_window_partition.ngram_context.ngram_attn.relative_position_bias_table
 |  4.000 |  0.000 |  8.000 |  2.309 | torch.Size([4, 4]) || m_up1.1.nstb_block.ngram_window_partition.ngram_context.ngram_attn.relative_position_index
 | -0.002 | -0.472 |  0.557 |  0.174 | torch.Size([48, 16]) || m_up1.1.nstb_block.ngram_window_partition.ngram_context.ngram_attn.qkv.weight
 | -0.005 | -0.199 |  0.231 |  0.111 | torch.Size([48]) || m_up1.1.nstb_block.ngram_window_partition.ngram_context.ngram_attn.qkv.bias
 | -0.003 | -0.555 |  0.400 |  0.159 | torch.Size([16, 16]) || m_up1.1.nstb_block.ngram_window_partition.ngram_context.ngram_attn.proj.weight
 | -0.012 | -0.204 |  0.161 |  0.110 | torch.Size([16]) || m_up1.1.nstb_block.ngram_window_partition.ngram_context.ngram_attn.proj.bias
 |  0.003 | -0.340 |  0.276 |  0.105 | torch.Size([32, 32, 1, 1]) || m_up1.1.nstb_block.ngram_window_partition.ngram_context.merge.weight
 |  0.023 | -0.154 |  0.172 |  0.102 | torch.Size([32]) || m_up1.1.nstb_block.ngram_window_partition.ngram_context.merge.bias
 |  2.640 |  2.640 |  2.640 |    nan | torch.Size([1, 1, 1]) || m_up1.1.nstb_block.attn.logit_scale
 | -0.478 | -1.606 |  1.187 |  0.770 | torch.Size([225, 1]) || m_up1.1.nstb_block.attn.relative_position_bias_table
 | 112.000 |  0.000 | 224.000 | 48.719 | torch.Size([64, 64]) || m_up1.1.nstb_block.attn.relative_position_index
 |  0.004 | -0.395 |  0.424 |  0.117 | torch.Size([96, 32]) || m_up1.1.nstb_block.attn.qkv.weight
 | -0.002 | -0.176 |  0.187 |  0.087 | torch.Size([96]) || m_up1.1.nstb_block.attn.qkv.bias
 | -0.001 | -0.279 |  0.266 |  0.104 | torch.Size([32, 32]) || m_up1.1.nstb_block.attn.proj.weight
 |  0.011 | -0.177 |  0.179 |  0.096 | torch.Size([32]) || m_up1.1.nstb_block.attn.proj.bias
 |  0.965 |  0.656 |  1.026 |  0.075 | torch.Size([32]) || m_up1.1.nstb_block.norm1.weight
 |  0.001 | -0.053 |  0.035 |  0.016 | torch.Size([32]) || m_up1.1.nstb_block.norm1.bias
 | -0.001 | -0.536 |  0.351 |  0.111 | torch.Size([64, 32]) || m_up1.1.nstb_block.ffn.fc1.weight
 | -0.004 | -0.195 |  0.187 |  0.104 | torch.Size([64]) || m_up1.1.nstb_block.ffn.fc1.bias
 | -0.002 | -0.178 |  0.234 |  0.076 | torch.Size([32, 64]) || m_up1.1.nstb_block.ffn.fc2.weight
 |  0.007 | -0.130 |  0.119 |  0.077 | torch.Size([32]) || m_up1.1.nstb_block.ffn.fc2.bias
 |  0.967 |  0.820 |  1.018 |  0.057 | torch.Size([32]) || m_up1.1.nstb_block.norm2.weight
 | -0.000 | -0.032 |  0.036 |  0.014 | torch.Size([32]) || m_up1.1.nstb_block.norm2.bias
 | -0.001 | -0.228 |  0.211 |  0.074 | torch.Size([64, 64, 1, 1]) || m_up1.1.conv1_2.weight
 |  0.008 | -0.100 |  0.113 |  0.056 | torch.Size([64]) || m_up1.1.conv1_2.bias
 | -0.000 | -0.036 |  0.040 |  0.013 | torch.Size([1, 64, 3, 3]) || m_tail.0.weight

25-07-08 14:26:16.062 : TensorBoard logging to: training_results/conv_nstb/scunet_ngswin_conv_nstb/tensorboard/SCUNet_conv_nstb_li_ct_val0.1
25-07-08 14:26:16.062 : Experiment name: SCUNet_conv_nstb_li_ct_val0.1
25-07-08 14:26:16.062 : Validation split: 10.0% of training data
25-07-08 14:26:16.062 : Early stopping is disabled. Training will run for full 100 epochs.
25-07-08 14:26:16.062 : ================================================================================
25-07-08 14:26:16.062 : TEST-ONLY MODE: Skipping training, running final test evaluation
25-07-08 14:26:16.062 : ================================================================================
25-07-08 14:26:16.086 : Number of test images: 2000
25-07-08 14:26:16.086 : ================================================================================
25-07-08 14:26:16.086 : FINAL TEST EVALUATION - After 100 epochs completed
25-07-08 14:26:16.086 : ================================================================================
25-07-08 14:26:16.086 : Loading best PSNR checkpoint for final test evaluation...
25-07-08 14:26:16.086 : ------------------------------------------------------------
25-07-08 14:26:16.086 : Testing checkpoint: PSNR_E (psnr_E.pth)
25-07-08 14:26:16.086 : ------------------------------------------------------------
25-07-08 14:26:16.086 : Loading checkpoint: training_results/conv_nstb/scunet_ngswin_conv_nstb/models/psnr_E.pth
25-07-08 14:29:13.562 :   task: scunet_ngswin_conv_nstb
  model: scunet_ngswin
  gpu_ids: [0]
  dist: False
  scale: 1
  n_channels: 1
  path:[
    root: training_results/conv_nstb
    pretrained_netG: training_results/conv_nstb/scunet_ngswin_conv_nstb/models/540000_G.pth
    pretrained_netE: training_results/conv_nstb/scunet_ngswin_conv_nstb/models/540000_E.pth
    task: training_results/conv_nstb/scunet_ngswin_conv_nstb
    log: training_results/conv_nstb/scunet_ngswin_conv_nstb
    options: training_results/conv_nstb/scunet_ngswin_conv_nstb/options
    models: training_results/conv_nstb/scunet_ngswin_conv_nstb/models
    images: training_results/conv_nstb/scunet_ngswin_conv_nstb/images
    pretrained_optimizerG: None
  ]
  datasets:[
    train:[
      name: syn_deeplesion_train_li_ct
      dataset_type: li_ct
      dataroot_H: /home/Drive-D/SynDeepLesion/train_640geo
      dataloader_shuffle: True
      dataloader_num_workers: 16
      dataloader_batch_size: 6
      phase: train
      scale: 1
      n_channels: 1
    ]
    test:[
      name: syn_deeplesion_test_li_ct
      dataset_type: li_ct
      dataroot_H: /home/Drive-D/SynDeepLesion/test_640geo
      phase: test
      scale: 1
      n_channels: 1
    ]
  ]
  netG:[
    net_type: scunet_ngswin
    in_nc: 1
    out_nc: 1
    config: [1, 1, 1, 1, 1, 1, 1]
    dim: 32
    drop_path_rate: 0.0
    input_resolution: 512
    block_variant: conv_nstb
    init_type: kaiming_normal
    init_bn_type: constant
    init_gain: 1.0
    scale: 1
  ]
  train:[
    G_lossfn_type: l1
    G_lossfn_weight: 1.0
    E_decay: 0.999
    G_optimizer_type: adam
    G_optimizer_lr: 0.0001
    G_optimizer_wd: 0
    G_scheduler_type: MultiStepLR
    G_scheduler_milestones: [200000, 400000, 600000, 800000]
    G_scheduler_gamma: 0.5
    G_param_strict: True
    E_param_strict: True
    checkpoint_test: 20000
    checkpoint_save: 10000
    checkpoint_print: 1000
    use_fp16: True
    test_both_checkpoints: True
    test_save_every_nth: 250
    F_feature_layer: 34
    F_weights: 1.0
    F_lossfn_type: l1
    F_use_input_norm: True
    F_use_range_norm: False
    G_optimizer_betas: [0.9, 0.999]
    G_scheduler_restart_weights: 1
    G_optimizer_reuse: False
  ]
  opt_path: options/train_scunet_ngswin_1.json
  is_train: True
  merge_bn: False
  merge_bn_startpoint: -1
  find_unused_parameters: False
  use_static_graph: False
  num_gpu: 1
  device: cuda

25-07-08 14:29:13.562 : Using device: cuda
25-07-08 14:29:13.812 : Total samples: 36,116 | Train: 32,505 (90.0%) | Validation: 3,611 (10.0%)
25-07-08 14:29:13.812 : Training iters per epoch: 5,418
25-07-08 14:29:13.848 : Test set samples: 2,000
25-07-08 14:29:14.842 : 
Networks name: SCUNet_NGSwin
Params number: 5348264
Net structure:
SCUNet_NGSwin(
  (m_head): Sequential(
    (0): Conv2d(1, 64, kernel_size=(3, 3), stride=(1, 1), padding=(1, 1), bias=False)
  )
  (m_down1): Sequential(
    (0): ConvNSTBBlock(
      (conv1_1): Conv2d(64, 64, kernel_size=(1, 1), stride=(1, 1))
      (conv_block): Sequential(
        (0): Conv2d(32, 32, kernel_size=(3, 3), stride=(1, 1), padding=(1, 1), bias=False)
        (1): ReLU(inplace=True)
        (2): Conv2d(32, 32, kernel_size=(3, 3), stride=(1, 1), padding=(1, 1), bias=False)
      )
      (nstb_block): NSTB(
        (ngram_window_partition): NGramWindowPartition(
          (ngram_context): NGramContext(
            (unigram_embed): Conv2d(32, 16, kernel_size=(8, 8), stride=(8, 8), groups=16)
            (ngram_attn): WindowAttention(
              (qkv): Linear(in_features=16, out_features=48, bias=True)
              (attn_drop): Dropout(p=0.0, inplace=False)
              (proj): Linear(in_features=16, out_features=16, bias=True)
              (proj_drop): Dropout(p=0.0, inplace=False)
              (softmax): Softmax(dim=-1)
            )
            (avg_pool): AvgPool2d(kernel_size=2, stride=2, padding=0)
            (merge): Conv2d(32, 32, kernel_size=(1, 1), stride=(1, 1))
          )
        )
        (attn): WindowAttention(
          (qkv): Linear(in_features=32, out_features=96, bias=True)
          (attn_drop): Dropout(p=0.0, inplace=False)
          (proj): Linear(in_features=32, out_features=32, bias=True)
          (proj_drop): Dropout(p=0.0, inplace=False)
          (softmax): Softmax(dim=-1)
        )
        (norm1): LayerNorm((32,), eps=1e-05, elementwise_affine=True)
        (drop_path): Identity()
        (ffn): Mlp(
          (fc1): Linear(in_features=32, out_features=64, bias=True)
          (act): GELU(approximate='none')
          (drop1): Dropout(p=0.0, inplace=False)
          (norm): Identity()
          (fc2): Linear(in_features=64, out_features=32, bias=True)
          (drop2): Dropout(p=0.0, inplace=False)
        )
        (norm2): LayerNorm((32,), eps=1e-05, elementwise_affine=True)
      )
      (conv1_2): Conv2d(64, 64, kernel_size=(1, 1), stride=(1, 1))
    )
    (1): Conv2d(64, 128, kernel_size=(2, 2), stride=(2, 2), bias=False)
  )
  (m_down2): Sequential(
    (0): ConvNSTBBlock(
      (conv1_1): Conv2d(128, 128, kernel_size=(1, 1), stride=(1, 1))
      (conv_block): Sequential(
        (0): Conv2d(64, 64, kernel_size=(3, 3), stride=(1, 1), padding=(1, 1), bias=False)
        (1): ReLU(inplace=True)
        (2): Conv2d(64, 64, kernel_size=(3, 3), stride=(1, 1), padding=(1, 1), bias=False)
      )
      (nstb_block): NSTB(
        (ngram_window_partition): NGramWindowPartition(
          (ngram_context): NGramContext(
            (unigram_embed): Conv2d(64, 32, kernel_size=(8, 8), stride=(8, 8), groups=32)
            (ngram_attn): WindowAttention(
              (qkv): Linear(in_features=32, out_features=96, bias=True)
              (attn_drop): Dropout(p=0.0, inplace=False)
              (proj): Linear(in_features=32, out_features=32, bias=True)
              (proj_drop): Dropout(p=0.0, inplace=False)
              (softmax): Softmax(dim=-1)
            )
            (avg_pool): AvgPool2d(kernel_size=2, stride=2, padding=0)
            (merge): Conv2d(64, 64, kernel_size=(1, 1), stride=(1, 1))
          )
        )
        (attn): WindowAttention(
          (qkv): Linear(in_features=64, out_features=192, bias=True)
          (attn_drop): Dropout(p=0.0, inplace=False)
          (proj): Linear(in_features=64, out_features=64, bias=True)
          (proj_drop): Dropout(p=0.0, inplace=False)
          (softmax): Softmax(dim=-1)
        )
        (norm1): LayerNorm((64,), eps=1e-05, elementwise_affine=True)
        (drop_path): Identity()
        (ffn): Mlp(
          (fc1): Linear(in_features=64, out_features=128, bias=True)
          (act): GELU(approximate='none')
          (drop1): Dropout(p=0.0, inplace=False)
          (norm): Identity()
          (fc2): Linear(in_features=128, out_features=64, bias=True)
          (drop2): Dropout(p=0.0, inplace=False)
        )
        (norm2): LayerNorm((64,), eps=1e-05, elementwise_affine=True)
      )
      (conv1_2): Conv2d(128, 128, kernel_size=(1, 1), stride=(1, 1))
    )
    (1): Conv2d(128, 256, kernel_size=(2, 2), stride=(2, 2), bias=False)
  )
  (m_down3): Sequential(
    (0): ConvNSTBBlock(
      (conv1_1): Conv2d(256, 256, kernel_size=(1, 1), stride=(1, 1))
      (conv_block): Sequential(
        (0): Conv2d(128, 128, kernel_size=(3, 3), stride=(1, 1), padding=(1, 1), bias=False)
        (1): ReLU(inplace=True)
        (2): Conv2d(128, 128, kernel_size=(3, 3), stride=(1, 1), padding=(1, 1), bias=False)
      )
      (nstb_block): NSTB(
        (ngram_window_partition): NGramWindowPartition(
          (ngram_context): NGramContext(
            (unigram_embed): Conv2d(128, 64, kernel_size=(8, 8), stride=(8, 8), groups=64)
            (ngram_attn): WindowAttention(
              (qkv): Linear(in_features=64, out_features=192, bias=True)
              (attn_drop): Dropout(p=0.0, inplace=False)
              (proj): Linear(in_features=64, out_features=64, bias=True)
              (proj_drop): Dropout(p=0.0, inplace=False)
              (softmax): Softmax(dim=-1)
            )
            (avg_pool): AvgPool2d(kernel_size=2, stride=2, padding=0)
            (merge): Conv2d(128, 128, kernel_size=(1, 1), stride=(1, 1))
          )
        )
        (attn): WindowAttention(
          (qkv): Linear(in_features=128, out_features=384, bias=True)
          (attn_drop): Dropout(p=0.0, inplace=False)
          (proj): Linear(in_features=128, out_features=128, bias=True)
          (proj_drop): Dropout(p=0.0, inplace=False)
          (softmax): Softmax(dim=-1)
        )
        (norm1): LayerNorm((128,), eps=1e-05, elementwise_affine=True)
        (drop_path): Identity()
        (ffn): Mlp(
          (fc1): Linear(in_features=128, out_features=256, bias=True)
          (act): GELU(approximate='none')
          (drop1): Dropout(p=0.0, inplace=False)
          (norm): Identity()
          (fc2): Linear(in_features=256, out_features=128, bias=True)
          (drop2): Dropout(p=0.0, inplace=False)
        )
        (norm2): LayerNorm((128,), eps=1e-05, elementwise_affine=True)
      )
      (conv1_2): Conv2d(256, 256, kernel_size=(1, 1), stride=(1, 1))
    )
    (1): Conv2d(256, 512, kernel_size=(2, 2), stride=(2, 2), bias=False)
  )
  (m_body): Sequential(
    (0): ConvNSTBBlock(
      (conv1_1): Conv2d(512, 512, kernel_size=(1, 1), stride=(1, 1))
      (conv_block): Sequential(
        (0): Conv2d(256, 256, kernel_size=(3, 3), stride=(1, 1), padding=(1, 1), bias=False)
        (1): ReLU(inplace=True)
        (2): Conv2d(256, 256, kernel_size=(3, 3), stride=(1, 1), padding=(1, 1), bias=False)
      )
      (nstb_block): NSTB(
        (ngram_window_partition): NGramWindowPartition(
          (ngram_context): NGramContext(
            (unigram_embed): Conv2d(256, 128, kernel_size=(8, 8), stride=(8, 8), groups=128)
            (ngram_attn): WindowAttention(
              (qkv): Linear(in_features=128, out_features=384, bias=True)
              (attn_drop): Dropout(p=0.0, inplace=False)
              (proj): Linear(in_features=128, out_features=128, bias=True)
              (proj_drop): Dropout(p=0.0, inplace=False)
              (softmax): Softmax(dim=-1)
            )
            (avg_pool): AvgPool2d(kernel_size=2, stride=2, padding=0)
            (merge): Conv2d(256, 256, kernel_size=(1, 1), stride=(1, 1))
          )
        )
        (attn): WindowAttention(
          (qkv): Linear(in_features=256, out_features=768, bias=True)
          (attn_drop): Dropout(p=0.0, inplace=False)
          (proj): Linear(in_features=256, out_features=256, bias=True)
          (proj_drop): Dropout(p=0.0, inplace=False)
          (softmax): Softmax(dim=-1)
        )
        (norm1): LayerNorm((256,), eps=1e-05, elementwise_affine=True)
        (drop_path): Identity()
        (ffn): Mlp(
          (fc1): Linear(in_features=256, out_features=512, bias=True)
          (act): GELU(approximate='none')
          (drop1): Dropout(p=0.0, inplace=False)
          (norm): Identity()
          (fc2): Linear(in_features=512, out_features=256, bias=True)
          (drop2): Dropout(p=0.0, inplace=False)
        )
        (norm2): LayerNorm((256,), eps=1e-05, elementwise_affine=True)
      )
      (conv1_2): Conv2d(512, 512, kernel_size=(1, 1), stride=(1, 1))
    )
  )
  (m_up3): Sequential(
    (0): ConvTranspose2d(512, 256, kernel_size=(2, 2), stride=(2, 2), bias=False)
    (1): ConvNSTBBlock(
      (conv1_1): Conv2d(256, 256, kernel_size=(1, 1), stride=(1, 1))
      (conv_block): Sequential(
        (0): Conv2d(128, 128, kernel_size=(3, 3), stride=(1, 1), padding=(1, 1), bias=False)
        (1): ReLU(inplace=True)
        (2): Conv2d(128, 128, kernel_size=(3, 3), stride=(1, 1), padding=(1, 1), bias=False)
      )
      (nstb_block): NSTB(
        (ngram_window_partition): NGramWindowPartition(
          (ngram_context): NGramContext(
            (unigram_embed): Conv2d(128, 64, kernel_size=(8, 8), stride=(8, 8), groups=64)
            (ngram_attn): WindowAttention(
              (qkv): Linear(in_features=64, out_features=192, bias=True)
              (attn_drop): Dropout(p=0.0, inplace=False)
              (proj): Linear(in_features=64, out_features=64, bias=True)
              (proj_drop): Dropout(p=0.0, inplace=False)
              (softmax): Softmax(dim=-1)
            )
            (avg_pool): AvgPool2d(kernel_size=2, stride=2, padding=0)
            (merge): Conv2d(128, 128, kernel_size=(1, 1), stride=(1, 1))
          )
        )
        (attn): WindowAttention(
          (qkv): Linear(in_features=128, out_features=384, bias=True)
          (attn_drop): Dropout(p=0.0, inplace=False)
          (proj): Linear(in_features=128, out_features=128, bias=True)
          (proj_drop): Dropout(p=0.0, inplace=False)
          (softmax): Softmax(dim=-1)
        )
        (norm1): LayerNorm((128,), eps=1e-05, elementwise_affine=True)
        (drop_path): Identity()
        (ffn): Mlp(
          (fc1): Linear(in_features=128, out_features=256, bias=True)
          (act): GELU(approximate='none')
          (drop1): Dropout(p=0.0, inplace=False)
          (norm): Identity()
          (fc2): Linear(in_features=256, out_features=128, bias=True)
          (drop2): Dropout(p=0.0, inplace=False)
        )
        (norm2): LayerNorm((128,), eps=1e-05, elementwise_affine=True)
      )
      (conv1_2): Conv2d(256, 256, kernel_size=(1, 1), stride=(1, 1))
    )
  )
  (m_up2): Sequential(
    (0): ConvTranspose2d(256, 128, kernel_size=(2, 2), stride=(2, 2), bias=False)
    (1): ConvNSTBBlock(
      (conv1_1): Conv2d(128, 128, kernel_size=(1, 1), stride=(1, 1))
      (conv_block): Sequential(
        (0): Conv2d(64, 64, kernel_size=(3, 3), stride=(1, 1), padding=(1, 1), bias=False)
        (1): ReLU(inplace=True)
        (2): Conv2d(64, 64, kernel_size=(3, 3), stride=(1, 1), padding=(1, 1), bias=False)
      )
      (nstb_block): NSTB(
        (ngram_window_partition): NGramWindowPartition(
          (ngram_context): NGramContext(
            (unigram_embed): Conv2d(64, 32, kernel_size=(8, 8), stride=(8, 8), groups=32)
            (ngram_attn): WindowAttention(
              (qkv): Linear(in_features=32, out_features=96, bias=True)
              (attn_drop): Dropout(p=0.0, inplace=False)
              (proj): Linear(in_features=32, out_features=32, bias=True)
              (proj_drop): Dropout(p=0.0, inplace=False)
              (softmax): Softmax(dim=-1)
            )
            (avg_pool): AvgPool2d(kernel_size=2, stride=2, padding=0)
            (merge): Conv2d(64, 64, kernel_size=(1, 1), stride=(1, 1))
          )
        )
        (attn): WindowAttention(
          (qkv): Linear(in_features=64, out_features=192, bias=True)
          (attn_drop): Dropout(p=0.0, inplace=False)
          (proj): Linear(in_features=64, out_features=64, bias=True)
          (proj_drop): Dropout(p=0.0, inplace=False)
          (softmax): Softmax(dim=-1)
        )
        (norm1): LayerNorm((64,), eps=1e-05, elementwise_affine=True)
        (drop_path): Identity()
        (ffn): Mlp(
          (fc1): Linear(in_features=64, out_features=128, bias=True)
          (act): GELU(approximate='none')
          (drop1): Dropout(p=0.0, inplace=False)
          (norm): Identity()
          (fc2): Linear(in_features=128, out_features=64, bias=True)
          (drop2): Dropout(p=0.0, inplace=False)
        )
        (norm2): LayerNorm((64,), eps=1e-05, elementwise_affine=True)
      )
      (conv1_2): Conv2d(128, 128, kernel_size=(1, 1), stride=(1, 1))
    )
  )
  (m_up1): Sequential(
    (0): ConvTranspose2d(128, 64, kernel_size=(2, 2), stride=(2, 2), bias=False)
    (1): ConvNSTBBlock(
      (conv1_1): Conv2d(64, 64, kernel_size=(1, 1), stride=(1, 1))
      (conv_block): Sequential(
        (0): Conv2d(32, 32, kernel_size=(3, 3), stride=(1, 1), padding=(1, 1), bias=False)
        (1): ReLU(inplace=True)
        (2): Conv2d(32, 32, kernel_size=(3, 3), stride=(1, 1), padding=(1, 1), bias=False)
      )
      (nstb_block): NSTB(
        (ngram_window_partition): NGramWindowPartition(
          (ngram_context): NGramContext(
            (unigram_embed): Conv2d(32, 16, kernel_size=(8, 8), stride=(8, 8), groups=16)
            (ngram_attn): WindowAttention(
              (qkv): Linear(in_features=16, out_features=48, bias=True)
              (attn_drop): Dropout(p=0.0, inplace=False)
              (proj): Linear(in_features=16, out_features=16, bias=True)
              (proj_drop): Dropout(p=0.0, inplace=False)
              (softmax): Softmax(dim=-1)
            )
            (avg_pool): AvgPool2d(kernel_size=2, stride=2, padding=0)
            (merge): Conv2d(32, 32, kernel_size=(1, 1), stride=(1, 1))
          )
        )
        (attn): WindowAttention(
          (qkv): Linear(in_features=32, out_features=96, bias=True)
          (attn_drop): Dropout(p=0.0, inplace=False)
          (proj): Linear(in_features=32, out_features=32, bias=True)
          (proj_drop): Dropout(p=0.0, inplace=False)
          (softmax): Softmax(dim=-1)
        )
        (norm1): LayerNorm((32,), eps=1e-05, elementwise_affine=True)
        (drop_path): Identity()
        (ffn): Mlp(
          (fc1): Linear(in_features=32, out_features=64, bias=True)
          (act): GELU(approximate='none')
          (drop1): Dropout(p=0.0, inplace=False)
          (norm): Identity()
          (fc2): Linear(in_features=64, out_features=32, bias=True)
          (drop2): Dropout(p=0.0, inplace=False)
        )
        (norm2): LayerNorm((32,), eps=1e-05, elementwise_affine=True)
      )
      (conv1_2): Conv2d(64, 64, kernel_size=(1, 1), stride=(1, 1))
    )
  )
  (m_tail): Sequential(
    (0): Conv2d(64, 1, kernel_size=(3, 3), stride=(1, 1), padding=(1, 1), bias=False)
  )
)

25-07-08 14:29:14.878 : 
 |  mean  |  min   |  max   |  std   || shape               
 |  0.006 | -0.457 |  0.432 |  0.201 | torch.Size([64, 1, 3, 3]) || m_head.0.weight
 | -0.005 | -1.429 |  2.076 |  0.179 | torch.Size([64, 64, 1, 1]) || m_down1.0.conv1_1.weight
 | -0.012 | -0.131 |  0.130 |  0.067 | torch.Size([64]) || m_down1.0.conv1_1.bias
 |  0.001 | -0.872 |  0.929 |  0.077 | torch.Size([32, 32, 3, 3]) || m_down1.0.conv_block.0.weight
 | -0.000 | -0.347 |  0.371 |  0.065 | torch.Size([32, 32, 3, 3]) || m_down1.0.conv_block.2.weight
 | -12.109 | -100.000 |  0.000 | 32.624 | torch.Size([64, 64, 64]) || m_down1.0.nstb_block.attn_mask
 | -0.002 | -0.203 |  0.214 |  0.062 | torch.Size([16, 2, 8, 8]) || m_down1.0.nstb_block.ngram_window_partition.ngram_context.unigram_embed.weight
 |  0.025 | -0.077 |  0.113 |  0.050 | torch.Size([16]) || m_down1.0.nstb_block.ngram_window_partition.ngram_context.unigram_embed.bias
 |  2.377 |  2.377 |  2.377 |    nan | torch.Size([1, 1, 1]) || m_down1.0.nstb_block.ngram_window_partition.ngram_context.ngram_attn.logit_scale
 | -0.004 | -0.186 |  0.243 |  0.150 | torch.Size([9, 1]) || m_down1.0.nstb_block.ngram_window_partition.ngram_context.ngram_attn.relative_position_bias_table
 |  4.000 |  0.000 |  8.000 |  2.309 | torch.Size([4, 4]) || m_down1.0.nstb_block.ngram_window_partition.ngram_context.ngram_attn.relative_position_index
 |  0.006 | -0.430 |  0.479 |  0.159 | torch.Size([48, 16]) || m_down1.0.nstb_block.ngram_window_partition.ngram_context.ngram_attn.qkv.weight
 | -0.023 | -0.214 |  0.191 |  0.115 | torch.Size([48]) || m_down1.0.nstb_block.ngram_window_partition.ngram_context.ngram_attn.qkv.bias
 |  0.013 | -0.256 |  0.273 |  0.134 | torch.Size([16, 16]) || m_down1.0.nstb_block.ngram_window_partition.ngram_context.ngram_attn.proj.weight
 | -0.011 | -0.196 |  0.142 |  0.107 | torch.Size([16]) || m_down1.0.nstb_block.ngram_window_partition.ngram_context.ngram_attn.proj.bias
 | -0.001 | -0.299 |  0.229 |  0.102 | torch.Size([32, 32, 1, 1]) || m_down1.0.nstb_block.ngram_window_partition.ngram_context.merge.weight
 | -0.006 | -0.145 |  0.165 |  0.088 | torch.Size([32]) || m_down1.0.nstb_block.ngram_window_partition.ngram_context.merge.bias
 |  3.644 |  3.644 |  3.644 |    nan | torch.Size([1, 1, 1]) || m_down1.0.nstb_block.attn.logit_scale
 | -0.248 | -0.805 |  0.980 |  0.378 | torch.Size([225, 1]) || m_down1.0.nstb_block.attn.relative_position_bias_table
 | 112.000 |  0.000 | 224.000 | 48.719 | torch.Size([64, 64]) || m_down1.0.nstb_block.attn.relative_position_index
 |  0.001 | -0.694 |  0.564 |  0.132 | torch.Size([96, 32]) || m_down1.0.nstb_block.attn.qkv.weight
 | -0.006 | -0.188 |  0.167 |  0.082 | torch.Size([96]) || m_down1.0.nstb_block.attn.qkv.bias
 | -0.003 | -0.326 |  0.270 |  0.109 | torch.Size([32, 32]) || m_down1.0.nstb_block.attn.proj.weight
 |  0.011 | -0.225 |  0.194 |  0.117 | torch.Size([32]) || m_down1.0.nstb_block.attn.proj.bias
 |  0.979 |  0.893 |  1.069 |  0.035 | torch.Size([32]) || m_down1.0.nstb_block.norm1.weight
 |  0.010 | -0.009 |  0.036 |  0.011 | torch.Size([32]) || m_down1.0.nstb_block.norm1.bias
 |  0.001 | -0.487 |  0.653 |  0.135 | torch.Size([64, 32]) || m_down1.0.nstb_block.ffn.fc1.weight
 | -0.000 | -0.199 |  0.164 |  0.094 | torch.Size([64]) || m_down1.0.nstb_block.ffn.fc1.bias
 | -0.003 | -0.221 |  0.253 |  0.081 | torch.Size([32, 64]) || m_down1.0.nstb_block.ffn.fc2.weight
 | -0.016 | -0.124 |  0.153 |  0.082 | torch.Size([32]) || m_down1.0.nstb_block.ffn.fc2.bias
 |  0.962 |  0.790 |  1.003 |  0.042 | torch.Size([32]) || m_down1.0.nstb_block.norm2.weight
 |  0.010 | -0.014 |  0.042 |  0.012 | torch.Size([32]) || m_down1.0.nstb_block.norm2.bias
 | -0.002 | -0.398 |  0.545 |  0.087 | torch.Size([64, 64, 1, 1]) || m_down1.0.conv1_2.weight
 |  0.006 | -0.104 |  0.131 |  0.065 | torch.Size([64]) || m_down1.0.conv1_2.bias
 |  0.000 | -0.329 |  0.276 |  0.051 | torch.Size([128, 64, 2, 2]) || m_down1.1.weight
 |  0.000 | -0.352 |  0.366 |  0.076 | torch.Size([128, 128, 1, 1]) || m_down2.0.conv1_1.weight
 | -0.006 | -0.107 |  0.091 |  0.045 | torch.Size([128]) || m_down2.0.conv1_1.bias
 |  0.002 | -0.371 |  0.360 |  0.055 | torch.Size([64, 64, 3, 3]) || m_down2.0.conv_block.0.weight
 |  0.000 | -0.351 |  0.427 |  0.056 | torch.Size([64, 64, 3, 3]) || m_down2.0.conv_block.2.weight
 | -23.438 | -100.000 |  0.000 | 42.361 | torch.Size([16, 64, 64]) || m_down2.0.nstb_block.attn_mask
 | -0.002 | -0.272 |  0.309 |  0.068 | torch.Size([32, 2, 8, 8]) || m_down2.0.nstb_block.ngram_window_partition.ngram_context.unigram_embed.weight
 |  0.003 | -0.066 |  0.077 |  0.046 | torch.Size([32]) || m_down2.0.nstb_block.ngram_window_partition.ngram_context.unigram_embed.bias
 |  2.287 |  2.182 |  2.392 |  0.149 | torch.Size([2, 1, 1]) || m_down2.0.nstb_block.ngram_window_partition.ngram_context.ngram_attn.logit_scale
 | -0.013 | -0.395 |  0.468 |  0.255 | torch.Size([9, 2]) || m_down2.0.nstb_block.ngram_window_partition.ngram_context.ngram_attn.relative_position_bias_table
 |  4.000 |  0.000 |  8.000 |  2.309 | torch.Size([4, 4]) || m_down2.0.nstb_block.ngram_window_partition.ngram_context.ngram_attn.relative_position_index
 |  0.002 | -0.368 |  0.387 |  0.115 | torch.Size([96, 32]) || m_down2.0.nstb_block.ngram_window_partition.ngram_context.ngram_attn.qkv.weight
 |  0.025 | -0.195 |  0.229 |  0.101 | torch.Size([96]) || m_down2.0.nstb_block.ngram_window_partition.ngram_context.ngram_attn.qkv.bias
 | -0.001 | -0.248 |  0.244 |  0.103 | torch.Size([32, 32]) || m_down2.0.nstb_block.ngram_window_partition.ngram_context.ngram_attn.proj.weight
 |  0.002 | -0.126 |  0.144 |  0.063 | torch.Size([32]) || m_down2.0.nstb_block.ngram_window_partition.ngram_context.ngram_attn.proj.bias
 |  0.001 | -0.249 |  0.216 |  0.077 | torch.Size([64, 64, 1, 1]) || m_down2.0.nstb_block.ngram_window_partition.ngram_context.merge.weight
 |  0.002 | -0.102 |  0.116 |  0.058 | torch.Size([64]) || m_down2.0.nstb_block.ngram_window_partition.ngram_context.merge.bias
 |  2.817 |  2.595 |  3.039 |  0.314 | torch.Size([2, 1, 1]) || m_down2.0.nstb_block.attn.logit_scale
 | -0.331 | -1.011 |  1.407 |  0.399 | torch.Size([225, 2]) || m_down2.0.nstb_block.attn.relative_position_bias_table
 | 112.000 |  0.000 | 224.000 | 48.719 | torch.Size([64, 64]) || m_down2.0.nstb_block.attn.relative_position_index
 |  0.001 | -0.304 |  0.357 |  0.089 | torch.Size([192, 64]) || m_down2.0.nstb_block.attn.qkv.weight
 | -0.011 | -0.222 |  0.156 |  0.070 | torch.Size([192]) || m_down2.0.nstb_block.attn.qkv.bias
 | -0.003 | -0.209 |  0.233 |  0.082 | torch.Size([64, 64]) || m_down2.0.nstb_block.attn.proj.weight
 |  0.000 | -0.188 |  0.197 |  0.091 | torch.Size([64]) || m_down2.0.nstb_block.attn.proj.bias
 |  0.953 |  0.868 |  1.011 |  0.036 | torch.Size([64]) || m_down2.0.nstb_block.norm1.weight
 |  0.002 | -0.023 |  0.034 |  0.012 | torch.Size([64]) || m_down2.0.nstb_block.norm1.bias
 |  0.001 | -0.386 |  0.402 |  0.102 | torch.Size([128, 64]) || m_down2.0.nstb_block.ffn.fc1.weight
 | -0.006 | -0.160 |  0.126 |  0.079 | torch.Size([128]) || m_down2.0.nstb_block.ffn.fc1.bias
 |  0.001 | -0.237 |  0.256 |  0.066 | torch.Size([64, 128]) || m_down2.0.nstb_block.ffn.fc2.weight
 | -0.003 | -0.163 |  0.140 |  0.070 | torch.Size([64]) || m_down2.0.nstb_block.ffn.fc2.bias
 |  0.963 |  0.881 |  1.030 |  0.026 | torch.Size([64]) || m_down2.0.nstb_block.norm2.weight
 | -0.000 | -0.043 |  0.033 |  0.018 | torch.Size([64]) || m_down2.0.nstb_block.norm2.bias
 | -0.000 | -0.196 |  0.180 |  0.057 | torch.Size([128, 128, 1, 1]) || m_down2.0.conv1_2.weight
 | -0.007 | -0.076 |  0.072 |  0.036 | torch.Size([128]) || m_down2.0.conv1_2.bias
 | -0.000 | -0.173 |  0.220 |  0.044 | torch.Size([256, 128, 2, 2]) || m_down2.1.weight
 |  0.000 | -0.219 |  0.200 |  0.052 | torch.Size([256, 256, 1, 1]) || m_down3.0.conv1_1.weight
 | -0.000 | -0.122 |  0.083 |  0.030 | torch.Size([256]) || m_down3.0.conv1_1.bias
 |  0.000 | -0.453 |  0.393 |  0.049 | torch.Size([128, 128, 3, 3]) || m_down3.0.conv_block.0.weight
 |  0.000 | -0.337 |  0.397 |  0.049 | torch.Size([128, 128, 3, 3]) || m_down3.0.conv_block.2.weight
 | -43.750 | -100.000 |  0.000 | 49.609 | torch.Size([4, 64, 64]) || m_down3.0.nstb_block.attn_mask
 |  0.002 | -0.255 |  0.292 |  0.072 | torch.Size([64, 2, 8, 8]) || m_down3.0.nstb_block.ngram_window_partition.ngram_context.unigram_embed.weight
 |  0.009 | -0.089 |  0.104 |  0.047 | torch.Size([64]) || m_down3.0.nstb_block.ngram_window_partition.ngram_context.unigram_embed.bias
 |  2.348 |  2.267 |  2.393 |  0.058 | torch.Size([4, 1, 1]) || m_down3.0.nstb_block.ngram_window_partition.ngram_context.ngram_attn.logit_scale
 | -0.006 | -0.505 |  0.556 |  0.245 | torch.Size([9, 4]) || m_down3.0.nstb_block.ngram_window_partition.ngram_context.ngram_attn.relative_position_bias_table
 |  4.000 |  0.000 |  8.000 |  2.309 | torch.Size([4, 4]) || m_down3.0.nstb_block.ngram_window_partition.ngram_context.ngram_attn.relative_position_index
 |  0.001 | -0.299 |  0.323 |  0.088 | torch.Size([192, 64]) || m_down3.0.nstb_block.ngram_window_partition.ngram_context.ngram_attn.qkv.weight
 | -0.009 | -0.236 |  0.286 |  0.102 | torch.Size([192]) || m_down3.0.nstb_block.ngram_window_partition.ngram_context.ngram_attn.qkv.bias
 |  0.001 | -0.234 |  0.225 |  0.086 | torch.Size([64, 64]) || m_down3.0.nstb_block.ngram_window_partition.ngram_context.ngram_attn.proj.weight
 | -0.001 | -0.095 |  0.097 |  0.055 | torch.Size([64]) || m_down3.0.nstb_block.ngram_window_partition.ngram_context.ngram_attn.proj.bias
 | -0.000 | -0.217 |  0.214 |  0.067 | torch.Size([128, 128, 1, 1]) || m_down3.0.nstb_block.ngram_window_partition.ngram_context.merge.weight
 |  0.001 | -0.101 |  0.096 |  0.043 | torch.Size([128]) || m_down3.0.nstb_block.ngram_window_partition.ngram_context.merge.bias
 |  2.460 |  2.342 |  2.742 |  0.190 | torch.Size([4, 1, 1]) || m_down3.0.nstb_block.attn.logit_scale
 | -0.071 | -0.705 |  0.820 |  0.226 | torch.Size([225, 4]) || m_down3.0.nstb_block.attn.relative_position_bias_table
 | 112.000 |  0.000 | 224.000 | 48.719 | torch.Size([64, 64]) || m_down3.0.nstb_block.attn.relative_position_index
 | -0.000 | -0.322 |  0.283 |  0.069 | torch.Size([384, 128]) || m_down3.0.nstb_block.attn.qkv.weight
 | -0.000 | -0.206 |  0.273 |  0.069 | torch.Size([384]) || m_down3.0.nstb_block.attn.qkv.bias
 | -0.000 | -0.200 |  0.212 |  0.066 | torch.Size([128, 128]) || m_down3.0.nstb_block.attn.proj.weight
 | -0.004 | -0.185 |  0.206 |  0.079 | torch.Size([128]) || m_down3.0.nstb_block.attn.proj.bias
 |  0.932 |  0.843 |  0.995 |  0.035 | torch.Size([128]) || m_down3.0.nstb_block.norm1.weight
 | -0.000 | -0.026 |  0.024 |  0.010 | torch.Size([128]) || m_down3.0.nstb_block.norm1.bias
 |  0.001 | -0.412 |  0.468 |  0.089 | torch.Size([256, 128]) || m_down3.0.nstb_block.ffn.fc1.weight
 | -0.006 | -0.140 |  0.105 |  0.053 | torch.Size([256]) || m_down3.0.nstb_block.ffn.fc1.bias
 | -0.000 | -0.383 |  0.314 |  0.057 | torch.Size([128, 256]) || m_down3.0.nstb_block.ffn.fc2.weight
 |  0.005 | -0.115 |  0.093 |  0.046 | torch.Size([128]) || m_down3.0.nstb_block.ffn.fc2.bias
 |  0.928 |  0.706 |  0.976 |  0.047 | torch.Size([128]) || m_down3.0.nstb_block.norm2.weight
 |  0.001 | -0.047 |  0.042 |  0.019 | torch.Size([128]) || m_down3.0.nstb_block.norm2.bias
 | -0.000 | -0.184 |  0.157 |  0.043 | torch.Size([256, 256, 1, 1]) || m_down3.0.conv1_2.weight
 | -0.001 | -0.059 |  0.049 |  0.024 | torch.Size([256]) || m_down3.0.conv1_2.bias
 |  0.000 | -0.177 |  0.219 |  0.039 | torch.Size([512, 256, 2, 2]) || m_down3.1.weight
 |  0.000 | -0.219 |  0.215 |  0.048 | torch.Size([512, 512, 1, 1]) || m_body.0.conv1_1.weight
 |  0.002 | -0.125 |  0.165 |  0.047 | torch.Size([512]) || m_body.0.conv1_1.bias
 |  0.000 | -0.269 |  0.258 |  0.048 | torch.Size([256, 256, 3, 3]) || m_body.0.conv_block.0.weight
 |  0.000 | -0.266 |  0.268 |  0.047 | torch.Size([256, 256, 3, 3]) || m_body.0.conv_block.2.weight
 | -75.000 | -100.000 |  0.000 | 43.307 | torch.Size([1, 64, 64]) || m_body.0.nstb_block.attn_mask
 | -0.000 | -0.260 |  0.288 |  0.071 | torch.Size([128, 2, 8, 8]) || m_body.0.nstb_block.ngram_window_partition.ngram_context.unigram_embed.weight
 | -0.003 | -0.109 |  0.101 |  0.050 | torch.Size([128]) || m_body.0.nstb_block.ngram_window_partition.ngram_context.unigram_embed.bias
 |  2.207 |  1.948 |  2.333 |  0.157 | torch.Size([8, 1, 1]) || m_body.0.nstb_block.ngram_window_partition.ngram_context.ngram_attn.logit_scale
 | -0.020 | -0.956 |  1.610 |  0.388 | torch.Size([9, 8]) || m_body.0.nstb_block.ngram_window_partition.ngram_context.ngram_attn.relative_position_bias_table
 |  4.000 |  0.000 |  8.000 |  2.309 | torch.Size([4, 4]) || m_body.0.nstb_block.ngram_window_partition.ngram_context.ngram_attn.relative_position_index
 |  0.000 | -0.271 |  0.288 |  0.070 | torch.Size([384, 128]) || m_body.0.nstb_block.ngram_window_partition.ngram_context.ngram_attn.qkv.weight
 | -0.003 | -0.306 |  0.230 |  0.087 | torch.Size([384]) || m_body.0.nstb_block.ngram_window_partition.ngram_context.ngram_attn.qkv.bias
 | -0.001 | -0.235 |  0.230 |  0.070 | torch.Size([128, 128]) || m_body.0.nstb_block.ngram_window_partition.ngram_context.ngram_attn.proj.weight
 | -0.003 | -0.080 |  0.072 |  0.037 | torch.Size([128]) || m_body.0.nstb_block.ngram_window_partition.ngram_context.ngram_attn.proj.bias
 | -0.000 | -0.229 |  0.231 |  0.058 | torch.Size([256, 256, 1, 1]) || m_body.0.nstb_block.ngram_window_partition.ngram_context.merge.weight
 |  0.003 | -0.131 |  0.118 |  0.047 | torch.Size([256]) || m_body.0.nstb_block.ngram_window_partition.ngram_context.merge.bias
 |  2.588 |  2.467 |  2.791 |  0.109 | torch.Size([8, 1, 1]) || m_body.0.nstb_block.attn.logit_scale
 | -0.164 | -1.361 |  1.011 |  0.435 | torch.Size([225, 8]) || m_body.0.nstb_block.attn.relative_position_bias_table
 | 112.000 |  0.000 | 224.000 | 48.719 | torch.Size([64, 64]) || m_body.0.nstb_block.attn.relative_position_index
 | -0.000 | -0.277 |  0.258 |  0.058 | torch.Size([768, 256]) || m_body.0.nstb_block.attn.qkv.weight
 | -0.001 | -0.289 |  0.273 |  0.080 | torch.Size([768]) || m_body.0.nstb_block.attn.qkv.bias
 | -0.000 | -0.290 |  0.268 |  0.056 | torch.Size([256, 256]) || m_body.0.nstb_block.attn.proj.weight
 | -0.001 | -0.325 |  0.284 |  0.071 | torch.Size([256]) || m_body.0.nstb_block.attn.proj.bias
 |  0.910 |  0.822 |  0.986 |  0.028 | torch.Size([256]) || m_body.0.nstb_block.norm1.weight
 | -0.003 | -0.094 |  0.081 |  0.024 | torch.Size([256]) || m_body.0.nstb_block.norm1.bias
 |  0.000 | -0.321 |  0.294 |  0.065 | torch.Size([512, 256]) || m_body.0.nstb_block.ffn.fc1.weight
 | -0.021 | -0.114 |  0.112 |  0.040 | torch.Size([512]) || m_body.0.nstb_block.ffn.fc1.bias
 |  0.000 | -0.350 |  0.321 |  0.052 | torch.Size([256, 512]) || m_body.0.nstb_block.ffn.fc2.weight
 |  0.000 | -0.207 |  0.240 |  0.046 | torch.Size([256]) || m_body.0.nstb_block.ffn.fc2.bias
 |  0.953 |  0.813 |  1.049 |  0.034 | torch.Size([256]) || m_body.0.nstb_block.norm2.weight
 | -0.002 | -0.090 |  0.084 |  0.031 | torch.Size([256]) || m_body.0.nstb_block.norm2.bias
 | -0.000 | -0.171 |  0.180 |  0.040 | torch.Size([512, 512, 1, 1]) || m_body.0.conv1_2.weight
 | -0.002 | -0.155 |  0.113 |  0.049 | torch.Size([512]) || m_body.0.conv1_2.bias
 |  0.000 | -0.152 |  0.150 |  0.033 | torch.Size([512, 256, 2, 2]) || m_up3.0.weight
 |  0.001 | -0.206 |  0.197 |  0.052 | torch.Size([256, 256, 1, 1]) || m_up3.1.conv1_1.weight
 | -0.002 | -0.111 |  0.125 |  0.053 | torch.Size([256]) || m_up3.1.conv1_1.bias
 | -0.001 | -0.309 |  0.239 |  0.044 | torch.Size([128, 128, 3, 3]) || m_up3.1.conv_block.0.weight
 | -0.000 | -0.264 |  0.283 |  0.043 | torch.Size([128, 128, 3, 3]) || m_up3.1.conv_block.2.weight
 | -43.750 | -100.000 |  0.000 | 49.609 | torch.Size([4, 64, 64]) || m_up3.1.nstb_block.attn_mask
 |  0.002 | -0.291 |  0.220 |  0.064 | torch.Size([64, 2, 8, 8]) || m_up3.1.nstb_block.ngram_window_partition.ngram_context.unigram_embed.weight
 | -0.006 | -0.102 |  0.095 |  0.056 | torch.Size([64]) || m_up3.1.nstb_block.ngram_window_partition.ngram_context.unigram_embed.bias
 |  1.994 |  1.935 |  2.035 |  0.045 | torch.Size([4, 1, 1]) || m_up3.1.nstb_block.ngram_window_partition.ngram_context.ngram_attn.logit_scale
 | -0.020 | -0.866 |  1.563 |  0.546 | torch.Size([9, 4]) || m_up3.1.nstb_block.ngram_window_partition.ngram_context.ngram_attn.relative_position_bias_table
 |  4.000 |  0.000 |  8.000 |  2.309 | torch.Size([4, 4]) || m_up3.1.nstb_block.ngram_window_partition.ngram_context.ngram_attn.relative_position_index
 | -0.002 | -0.285 |  0.297 |  0.084 | torch.Size([192, 64]) || m_up3.1.nstb_block.ngram_window_partition.ngram_context.ngram_attn.qkv.weight
 | -0.006 | -0.392 |  0.346 |  0.136 | torch.Size([192]) || m_up3.1.nstb_block.ngram_window_partition.ngram_context.ngram_attn.qkv.bias
 |  0.001 | -0.216 |  0.218 |  0.082 | torch.Size([64, 64]) || m_up3.1.nstb_block.ngram_window_partition.ngram_context.ngram_attn.proj.weight
 |  0.005 | -0.116 |  0.103 |  0.067 | torch.Size([64]) || m_up3.1.nstb_block.ngram_window_partition.ngram_context.ngram_attn.proj.bias
 |  0.001 | -0.210 |  0.221 |  0.063 | torch.Size([128, 128, 1, 1]) || m_up3.1.nstb_block.ngram_window_partition.ngram_context.merge.weight
 |  0.002 | -0.128 |  0.130 |  0.055 | torch.Size([128]) || m_up3.1.nstb_block.ngram_window_partition.ngram_context.merge.bias
 |  2.500 |  2.375 |  2.652 |  0.115 | torch.Size([4, 1, 1]) || m_up3.1.nstb_block.attn.logit_scale
 | -0.372 | -1.452 |  1.124 |  0.486 | torch.Size([225, 4]) || m_up3.1.nstb_block.attn.relative_position_bias_table
 | 112.000 |  0.000 | 224.000 | 48.719 | torch.Size([64, 64]) || m_up3.1.nstb_block.attn.relative_position_index
 |  0.000 | -0.280 |  0.249 |  0.066 | torch.Size([384, 128]) || m_up3.1.nstb_block.attn.qkv.weight
 |  0.001 | -0.253 |  0.251 |  0.080 | torch.Size([384]) || m_up3.1.nstb_block.attn.qkv.bias
 | -0.000 | -0.211 |  0.238 |  0.062 | torch.Size([128, 128]) || m_up3.1.nstb_block.attn.proj.weight
 |  0.000 | -0.183 |  0.164 |  0.074 | torch.Size([128]) || m_up3.1.nstb_block.attn.proj.bias
 |  0.977 |  0.873 |  1.036 |  0.023 | torch.Size([128]) || m_up3.1.nstb_block.norm1.weight
 |  0.001 | -0.054 |  0.055 |  0.019 | torch.Size([128]) || m_up3.1.nstb_block.norm1.bias
 | -0.000 | -0.297 |  0.303 |  0.070 | torch.Size([256, 128]) || m_up3.1.nstb_block.ffn.fc1.weight
 | -0.030 | -0.178 |  0.107 |  0.061 | torch.Size([256]) || m_up3.1.nstb_block.ffn.fc1.bias
 | -0.000 | -0.226 |  0.240 |  0.053 | torch.Size([128, 256]) || m_up3.1.nstb_block.ffn.fc2.weight
 |  0.004 | -0.100 |  0.159 |  0.047 | torch.Size([128]) || m_up3.1.nstb_block.ffn.fc2.bias
 |  1.007 |  0.897 |  1.105 |  0.034 | torch.Size([128]) || m_up3.1.nstb_block.norm2.weight
 |  0.003 | -0.034 |  0.033 |  0.014 | torch.Size([128]) || m_up3.1.nstb_block.norm2.bias
 | -0.000 | -0.199 |  0.188 |  0.048 | torch.Size([256, 256, 1, 1]) || m_up3.1.conv1_2.weight
 | -0.002 | -0.134 |  0.112 |  0.051 | torch.Size([256]) || m_up3.1.conv1_2.bias
 |  0.000 | -0.114 |  0.107 |  0.024 | torch.Size([256, 128, 2, 2]) || m_up2.0.weight
 | -0.000 | -0.267 |  0.264 |  0.071 | torch.Size([128, 128, 1, 1]) || m_up2.1.conv1_1.weight
 | -0.009 | -0.101 |  0.081 |  0.047 | torch.Size([128]) || m_up2.1.conv1_1.bias
 |  0.000 | -0.290 |  0.306 |  0.048 | torch.Size([64, 64, 3, 3]) || m_up2.1.conv_block.0.weight
 |  0.001 | -0.406 |  0.446 |  0.052 | torch.Size([64, 64, 3, 3]) || m_up2.1.conv_block.2.weight
 | -23.438 | -100.000 |  0.000 | 42.361 | torch.Size([16, 64, 64]) || m_up2.1.nstb_block.attn_mask
 |  0.001 | -0.273 |  0.284 |  0.067 | torch.Size([32, 2, 8, 8]) || m_up2.1.nstb_block.ngram_window_partition.ngram_context.unigram_embed.weight
 | -0.007 | -0.094 |  0.088 |  0.046 | torch.Size([32]) || m_up2.1.nstb_block.ngram_window_partition.ngram_context.unigram_embed.bias
 |  1.705 |  1.548 |  1.861 |  0.221 | torch.Size([2, 1, 1]) || m_up2.1.nstb_block.ngram_window_partition.ngram_context.ngram_attn.logit_scale
 | -0.157 | -1.731 |  1.752 |  1.100 | torch.Size([9, 2]) || m_up2.1.nstb_block.ngram_window_partition.ngram_context.ngram_attn.relative_position_bias_table
 |  4.000 |  0.000 |  8.000 |  2.309 | torch.Size([4, 4]) || m_up2.1.nstb_block.ngram_window_partition.ngram_context.ngram_attn.relative_position_index
 |  0.001 | -0.315 |  0.330 |  0.111 | torch.Size([96, 32]) || m_up2.1.nstb_block.ngram_window_partition.ngram_context.ngram_attn.qkv.weight
 | -0.012 | -0.317 |  0.410 |  0.139 | torch.Size([96]) || m_up2.1.nstb_block.ngram_window_partition.ngram_context.ngram_attn.qkv.bias
 |  0.000 | -0.270 |  0.251 |  0.111 | torch.Size([32, 32]) || m_up2.1.nstb_block.ngram_window_partition.ngram_context.ngram_attn.proj.weight
 |  0.001 | -0.168 |  0.132 |  0.091 | torch.Size([32]) || m_up2.1.nstb_block.ngram_window_partition.ngram_context.ngram_attn.proj.bias
 | -0.000 | -0.303 |  0.284 |  0.079 | torch.Size([64, 64, 1, 1]) || m_up2.1.nstb_block.ngram_window_partition.ngram_context.merge.weight
 | -0.012 | -0.136 |  0.143 |  0.069 | torch.Size([64]) || m_up2.1.nstb_block.ngram_window_partition.ngram_context.merge.bias
 |  2.433 |  2.336 |  2.529 |  0.136 | torch.Size([2, 1, 1]) || m_up2.1.nstb_block.attn.logit_scale
 | -0.237 | -1.133 |  0.996 |  0.473 | torch.Size([225, 2]) || m_up2.1.nstb_block.attn.relative_position_bias_table
 | 112.000 |  0.000 | 224.000 | 48.719 | torch.Size([64, 64]) || m_up2.1.nstb_block.attn.relative_position_index
 | -0.000 | -0.398 |  0.321 |  0.081 | torch.Size([192, 64]) || m_up2.1.nstb_block.attn.qkv.weight
 |  0.007 | -0.150 |  0.186 |  0.085 | torch.Size([192]) || m_up2.1.nstb_block.attn.qkv.bias
 |  0.000 | -0.266 |  0.251 |  0.075 | torch.Size([64, 64]) || m_up2.1.nstb_block.attn.proj.weight
 | -0.010 | -0.226 |  0.175 |  0.086 | torch.Size([64]) || m_up2.1.nstb_block.attn.proj.bias
 |  0.958 |  0.718 |  0.998 |  0.055 | torch.Size([64]) || m_up2.1.nstb_block.norm1.weight
 | -0.002 | -0.020 |  0.011 |  0.007 | torch.Size([64]) || m_up2.1.nstb_block.norm1.bias
 |  0.000 | -0.418 |  0.381 |  0.089 | torch.Size([128, 64]) || m_up2.1.nstb_block.ffn.fc1.weight
 | -0.011 | -0.167 |  0.161 |  0.076 | torch.Size([128]) || m_up2.1.nstb_block.ffn.fc1.bias
 |  0.000 | -0.188 |  0.206 |  0.057 | torch.Size([64, 128]) || m_up2.1.nstb_block.ffn.fc2.weight
 | -0.006 | -0.129 |  0.108 |  0.058 | torch.Size([64]) || m_up2.1.nstb_block.ffn.fc2.bias
 |  0.945 |  0.541 |  1.004 |  0.084 | torch.Size([64]) || m_up2.1.nstb_block.norm2.weight
 | -0.002 | -0.014 |  0.013 |  0.007 | torch.Size([64]) || m_up2.1.nstb_block.norm2.bias
 |  0.000 | -0.271 |  0.245 |  0.063 | torch.Size([128, 128, 1, 1]) || m_up2.1.conv1_2.weight
 |  0.006 | -0.099 |  0.116 |  0.051 | torch.Size([128]) || m_up2.1.conv1_2.bias
 |  0.000 | -0.153 |  0.141 |  0.036 | torch.Size([128, 64, 2, 2]) || m_up1.0.weight
 | -0.002 | -0.266 |  0.288 |  0.085 | torch.Size([64, 64, 1, 1]) || m_up1.1.conv1_1.weight
 |  0.008 | -0.129 |  0.121 |  0.066 | torch.Size([64]) || m_up1.1.conv1_1.bias
 |  0.001 | -0.221 |  0.288 |  0.049 | torch.Size([32, 32, 3, 3]) || m_up1.1.conv_block.0.weight
 | -0.002 | -0.260 |  0.337 |  0.050 | torch.Size([32, 32, 3, 3]) || m_up1.1.conv_block.2.weight
 | -12.109 | -100.000 |  0.000 | 32.624 | torch.Size([64, 64, 64]) || m_up1.1.nstb_block.attn_mask
 |  0.002 | -0.358 |  0.403 |  0.078 | torch.Size([16, 2, 8, 8]) || m_up1.1.nstb_block.ngram_window_partition.ngram_context.unigram_embed.weight
 | -0.012 | -0.083 |  0.075 |  0.045 | torch.Size([16]) || m_up1.1.nstb_block.ngram_window_partition.ngram_context.unigram_embed.bias
 |  2.011 |  2.011 |  2.011 |    nan | torch.Size([1, 1, 1]) || m_up1.1.nstb_block.ngram_window_partition.ngram_context.ngram_attn.logit_scale
 |  0.002 | -0.269 |  0.461 |  0.228 | torch.Size([9, 1]) || m_up1.1.nstb_block.ngram_window_partition.ngram_context.ngram_attn.relative_position_bias_table
 |  4.000 |  0.000 |  8.000 |  2.309 | torch.Size([4, 4]) || m_up1.1.nstb_block.ngram_window_partition.ngram_context.ngram_attn.relative_position_index
 | -0.002 | -0.472 |  0.557 |  0.174 | torch.Size([48, 16]) || m_up1.1.nstb_block.ngram_window_partition.ngram_context.ngram_attn.qkv.weight
 | -0.005 | -0.199 |  0.231 |  0.111 | torch.Size([48]) || m_up1.1.nstb_block.ngram_window_partition.ngram_context.ngram_attn.qkv.bias
 | -0.003 | -0.555 |  0.400 |  0.159 | torch.Size([16, 16]) || m_up1.1.nstb_block.ngram_window_partition.ngram_context.ngram_attn.proj.weight
 | -0.012 | -0.204 |  0.161 |  0.110 | torch.Size([16]) || m_up1.1.nstb_block.ngram_window_partition.ngram_context.ngram_attn.proj.bias
 |  0.003 | -0.340 |  0.276 |  0.105 | torch.Size([32, 32, 1, 1]) || m_up1.1.nstb_block.ngram_window_partition.ngram_context.merge.weight
 |  0.023 | -0.154 |  0.172 |  0.102 | torch.Size([32]) || m_up1.1.nstb_block.ngram_window_partition.ngram_context.merge.bias
 |  2.640 |  2.640 |  2.640 |    nan | torch.Size([1, 1, 1]) || m_up1.1.nstb_block.attn.logit_scale
 | -0.478 | -1.606 |  1.187 |  0.770 | torch.Size([225, 1]) || m_up1.1.nstb_block.attn.relative_position_bias_table
 | 112.000 |  0.000 | 224.000 | 48.719 | torch.Size([64, 64]) || m_up1.1.nstb_block.attn.relative_position_index
 |  0.004 | -0.395 |  0.424 |  0.117 | torch.Size([96, 32]) || m_up1.1.nstb_block.attn.qkv.weight
 | -0.002 | -0.176 |  0.187 |  0.087 | torch.Size([96]) || m_up1.1.nstb_block.attn.qkv.bias
 | -0.001 | -0.279 |  0.266 |  0.104 | torch.Size([32, 32]) || m_up1.1.nstb_block.attn.proj.weight
 |  0.011 | -0.177 |  0.179 |  0.096 | torch.Size([32]) || m_up1.1.nstb_block.attn.proj.bias
 |  0.965 |  0.656 |  1.026 |  0.075 | torch.Size([32]) || m_up1.1.nstb_block.norm1.weight
 |  0.001 | -0.053 |  0.035 |  0.016 | torch.Size([32]) || m_up1.1.nstb_block.norm1.bias
 | -0.001 | -0.536 |  0.351 |  0.111 | torch.Size([64, 32]) || m_up1.1.nstb_block.ffn.fc1.weight
 | -0.004 | -0.195 |  0.187 |  0.104 | torch.Size([64]) || m_up1.1.nstb_block.ffn.fc1.bias
 | -0.002 | -0.178 |  0.234 |  0.076 | torch.Size([32, 64]) || m_up1.1.nstb_block.ffn.fc2.weight
 |  0.007 | -0.130 |  0.119 |  0.077 | torch.Size([32]) || m_up1.1.nstb_block.ffn.fc2.bias
 |  0.967 |  0.820 |  1.018 |  0.057 | torch.Size([32]) || m_up1.1.nstb_block.norm2.weight
 | -0.000 | -0.032 |  0.036 |  0.014 | torch.Size([32]) || m_up1.1.nstb_block.norm2.bias
 | -0.001 | -0.228 |  0.211 |  0.074 | torch.Size([64, 64, 1, 1]) || m_up1.1.conv1_2.weight
 |  0.008 | -0.100 |  0.113 |  0.056 | torch.Size([64]) || m_up1.1.conv1_2.bias
 | -0.000 | -0.036 |  0.040 |  0.013 | torch.Size([1, 64, 3, 3]) || m_tail.0.weight

25-07-08 14:29:14.879 : TensorBoard logging to: training_results/conv_nstb/scunet_ngswin_conv_nstb/tensorboard/SCUNet_conv_nstb_li_ct_val0.1
25-07-08 14:29:14.879 : Experiment name: SCUNet_conv_nstb_li_ct_val0.1
25-07-08 14:29:14.879 : Validation split: 10.0% of training data
25-07-08 14:29:14.879 : Early stopping is disabled. Training will run for full 100 epochs.
25-07-08 14:29:14.879 : ================================================================================
25-07-08 14:29:14.879 : TEST-ONLY MODE: Skipping training, running final test evaluation
25-07-08 14:29:14.879 : ================================================================================
25-07-08 14:29:14.902 : Number of test images: 2000
25-07-08 14:29:14.902 : ================================================================================
25-07-08 14:29:14.902 : FINAL TEST EVALUATION - After 100 epochs completed
25-07-08 14:29:14.902 : ================================================================================
25-07-08 14:29:14.902 : Loading best PSNR checkpoint for final test evaluation...
25-07-08 14:29:14.902 : ------------------------------------------------------------
25-07-08 14:29:14.902 : Testing checkpoint: PSNR_E (psnr_E.pth)
25-07-08 14:29:14.902 : ------------------------------------------------------------
25-07-08 14:29:14.902 : Loading checkpoint: training_results/conv_nstb/scunet_ngswin_conv_nstb/models/psnr_E.pth
25-07-08 14:29:34.544 : Saved test image 250: training_results/conv_nstb/scunet_ngswin_conv_nstb/images/final_test_psnr_e/test_000250_PSNR_E_9.png | PSNR: 49.71dB | SSIM: 0.9958
25-07-08 14:29:54.370 : Saved test image 500: training_results/conv_nstb/scunet_ngswin_conv_nstb/images/final_test_psnr_e/test_000500_PSNR_E_9.png | PSNR: 50.16dB | SSIM: 0.9940
25-07-08 14:30:14.121 : Saved test image 750: training_results/conv_nstb/scunet_ngswin_conv_nstb/images/final_test_psnr_e/test_000750_PSNR_E_9.png | PSNR: 49.44dB | SSIM: 0.9932
25-07-08 14:30:34.146 : Saved test image 1000: training_results/conv_nstb/scunet_ngswin_conv_nstb/images/final_test_psnr_e/test_001000_PSNR_E_9.png | PSNR: 53.27dB | SSIM: 0.9965
25-07-08 14:30:54.361 : Saved test image 1250: training_results/conv_nstb/scunet_ngswin_conv_nstb/images/final_test_psnr_e/test_001250_PSNR_E_9.png | PSNR: 52.15dB | SSIM: 0.9964
25-07-08 14:31:14.512 : Saved test image 1500: training_results/conv_nstb/scunet_ngswin_conv_nstb/images/final_test_psnr_e/test_001500_PSNR_E_9.png | PSNR: 53.51dB | SSIM: 0.9972
25-07-08 14:31:35.131 : Saved test image 1750: training_results/conv_nstb/scunet_ngswin_conv_nstb/images/final_test_psnr_e/test_001750_PSNR_E_9.png | PSNR: 49.11dB | SSIM: 0.9944
25-07-08 14:31:56.721 : Saved test image 2000: training_results/conv_nstb/scunet_ngswin_conv_nstb/images/final_test_psnr_e/test_002000_PSNR_E_9.png | PSNR: 51.95dB | SSIM: 0.9958
25-07-08 14:31:56.735 : ------------------------------------------------------------
25-07-08 14:31:56.735 : PSNR_E RESULTS: Avg PSNR: 48.0891dB, Avg SSIM: 0.992830
25-07-08 14:31:56.735 : Images saved: 8 (every 250th)
25-07-08 14:31:56.735 : Test images directory: training_results/conv_nstb/scunet_ngswin_conv_nstb/images/final_test_psnr_e
25-07-08 14:31:56.735 : ------------------------------------------------------------
25-07-08 14:31:56.735 : ------------------------------------------------------------
25-07-08 14:31:56.735 : Testing checkpoint: PSNR_G (psnr_G.pth)
25-07-08 14:31:56.735 : ------------------------------------------------------------
25-07-08 14:31:56.735 : Loading checkpoint: training_results/conv_nstb/scunet_ngswin_conv_nstb/models/psnr_G.pth
25-07-08 14:32:17.461 : Saved test image 250: training_results/conv_nstb/scunet_ngswin_conv_nstb/images/final_test_psnr_g/test_000250_PSNR_G_9.png | PSNR: 49.63dB | SSIM: 0.9957
25-07-08 14:32:38.043 : Saved test image 500: training_results/conv_nstb/scunet_ngswin_conv_nstb/images/final_test_psnr_g/test_000500_PSNR_G_9.png | PSNR: 50.26dB | SSIM: 0.9942
25-07-08 14:33:07.318 :   task: scunet_ngswin_conv_nstb
  model: scunet_ngswin
  gpu_ids: [0]
  dist: False
  scale: 1
  n_channels: 1
  path:[
    root: training_results/conv_nstb
    pretrained_netG: training_results/conv_nstb/scunet_ngswin_conv_nstb/models/540000_G.pth
    pretrained_netE: training_results/conv_nstb/scunet_ngswin_conv_nstb/models/540000_E.pth
    task: training_results/conv_nstb/scunet_ngswin_conv_nstb
    log: training_results/conv_nstb/scunet_ngswin_conv_nstb
    options: training_results/conv_nstb/scunet_ngswin_conv_nstb/options
    models: training_results/conv_nstb/scunet_ngswin_conv_nstb/models
    images: training_results/conv_nstb/scunet_ngswin_conv_nstb/images
    pretrained_optimizerG: None
  ]
  datasets:[
    train:[
      name: syn_deeplesion_train_li_ct
      dataset_type: li_ct
      dataroot_H: /home/Drive-D/SynDeepLesion/train_640geo
      dataloader_shuffle: True
      dataloader_num_workers: 16
      dataloader_batch_size: 6
      phase: train
      scale: 1
      n_channels: 1
    ]
    test:[
      name: syn_deeplesion_test_li_ct
      dataset_type: li_ct
      dataroot_H: /home/Drive-D/SynDeepLesion/test_640geo
      phase: test
      scale: 1
      n_channels: 1
    ]
  ]
  netG:[
    net_type: scunet_ngswin
    in_nc: 1
    out_nc: 1
    config: [1, 1, 1, 1, 1, 1, 1]
    dim: 32
    drop_path_rate: 0.0
    input_resolution: 512
    block_variant: conv_nstb
    init_type: kaiming_normal
    init_bn_type: constant
    init_gain: 1.0
    scale: 1
  ]
  train:[
    G_lossfn_type: l1
    G_lossfn_weight: 1.0
    E_decay: 0.999
    G_optimizer_type: adam
    G_optimizer_lr: 0.0001
    G_optimizer_wd: 0
    G_scheduler_type: MultiStepLR
    G_scheduler_milestones: [200000, 400000, 600000, 800000]
    G_scheduler_gamma: 0.5
    G_param_strict: True
    E_param_strict: True
    checkpoint_test: 20000
    checkpoint_save: 10000
    checkpoint_print: 1000
    use_fp16: True
    test_both_checkpoints: True
    test_save_every_nth: 10
    F_feature_layer: 34
    F_weights: 1.0
    F_lossfn_type: l1
    F_use_input_norm: True
    F_use_range_norm: False
    G_optimizer_betas: [0.9, 0.999]
    G_scheduler_restart_weights: 1
    G_optimizer_reuse: False
  ]
  opt_path: options/train_scunet_ngswin_1.json
  is_train: True
  merge_bn: False
  merge_bn_startpoint: -1
  find_unused_parameters: False
  use_static_graph: False
  num_gpu: 1
  device: cuda

25-07-08 14:33:07.318 : Using device: cuda
25-07-08 14:33:07.573 : Total samples: 36,116 | Train: 32,505 (90.0%) | Validation: 3,611 (10.0%)
25-07-08 14:33:07.573 : Training iters per epoch: 5,418
25-07-08 14:33:07.596 : Test set samples: 2,000
25-07-08 14:33:08.606 : 
Networks name: SCUNet_NGSwin
Params number: 5348264
Net structure:
SCUNet_NGSwin(
  (m_head): Sequential(
    (0): Conv2d(1, 64, kernel_size=(3, 3), stride=(1, 1), padding=(1, 1), bias=False)
  )
  (m_down1): Sequential(
    (0): ConvNSTBBlock(
      (conv1_1): Conv2d(64, 64, kernel_size=(1, 1), stride=(1, 1))
      (conv_block): Sequential(
        (0): Conv2d(32, 32, kernel_size=(3, 3), stride=(1, 1), padding=(1, 1), bias=False)
        (1): ReLU(inplace=True)
        (2): Conv2d(32, 32, kernel_size=(3, 3), stride=(1, 1), padding=(1, 1), bias=False)
      )
      (nstb_block): NSTB(
        (ngram_window_partition): NGramWindowPartition(
          (ngram_context): NGramContext(
            (unigram_embed): Conv2d(32, 16, kernel_size=(8, 8), stride=(8, 8), groups=16)
            (ngram_attn): WindowAttention(
              (qkv): Linear(in_features=16, out_features=48, bias=True)
              (attn_drop): Dropout(p=0.0, inplace=False)
              (proj): Linear(in_features=16, out_features=16, bias=True)
              (proj_drop): Dropout(p=0.0, inplace=False)
              (softmax): Softmax(dim=-1)
            )
            (avg_pool): AvgPool2d(kernel_size=2, stride=2, padding=0)
            (merge): Conv2d(32, 32, kernel_size=(1, 1), stride=(1, 1))
          )
        )
        (attn): WindowAttention(
          (qkv): Linear(in_features=32, out_features=96, bias=True)
          (attn_drop): Dropout(p=0.0, inplace=False)
          (proj): Linear(in_features=32, out_features=32, bias=True)
          (proj_drop): Dropout(p=0.0, inplace=False)
          (softmax): Softmax(dim=-1)
        )
        (norm1): LayerNorm((32,), eps=1e-05, elementwise_affine=True)
        (drop_path): Identity()
        (ffn): Mlp(
          (fc1): Linear(in_features=32, out_features=64, bias=True)
          (act): GELU(approximate='none')
          (drop1): Dropout(p=0.0, inplace=False)
          (norm): Identity()
          (fc2): Linear(in_features=64, out_features=32, bias=True)
          (drop2): Dropout(p=0.0, inplace=False)
        )
        (norm2): LayerNorm((32,), eps=1e-05, elementwise_affine=True)
      )
      (conv1_2): Conv2d(64, 64, kernel_size=(1, 1), stride=(1, 1))
    )
    (1): Conv2d(64, 128, kernel_size=(2, 2), stride=(2, 2), bias=False)
  )
  (m_down2): Sequential(
    (0): ConvNSTBBlock(
      (conv1_1): Conv2d(128, 128, kernel_size=(1, 1), stride=(1, 1))
      (conv_block): Sequential(
        (0): Conv2d(64, 64, kernel_size=(3, 3), stride=(1, 1), padding=(1, 1), bias=False)
        (1): ReLU(inplace=True)
        (2): Conv2d(64, 64, kernel_size=(3, 3), stride=(1, 1), padding=(1, 1), bias=False)
      )
      (nstb_block): NSTB(
        (ngram_window_partition): NGramWindowPartition(
          (ngram_context): NGramContext(
            (unigram_embed): Conv2d(64, 32, kernel_size=(8, 8), stride=(8, 8), groups=32)
            (ngram_attn): WindowAttention(
              (qkv): Linear(in_features=32, out_features=96, bias=True)
              (attn_drop): Dropout(p=0.0, inplace=False)
              (proj): Linear(in_features=32, out_features=32, bias=True)
              (proj_drop): Dropout(p=0.0, inplace=False)
              (softmax): Softmax(dim=-1)
            )
            (avg_pool): AvgPool2d(kernel_size=2, stride=2, padding=0)
            (merge): Conv2d(64, 64, kernel_size=(1, 1), stride=(1, 1))
          )
        )
        (attn): WindowAttention(
          (qkv): Linear(in_features=64, out_features=192, bias=True)
          (attn_drop): Dropout(p=0.0, inplace=False)
          (proj): Linear(in_features=64, out_features=64, bias=True)
          (proj_drop): Dropout(p=0.0, inplace=False)
          (softmax): Softmax(dim=-1)
        )
        (norm1): LayerNorm((64,), eps=1e-05, elementwise_affine=True)
        (drop_path): Identity()
        (ffn): Mlp(
          (fc1): Linear(in_features=64, out_features=128, bias=True)
          (act): GELU(approximate='none')
          (drop1): Dropout(p=0.0, inplace=False)
          (norm): Identity()
          (fc2): Linear(in_features=128, out_features=64, bias=True)
          (drop2): Dropout(p=0.0, inplace=False)
        )
        (norm2): LayerNorm((64,), eps=1e-05, elementwise_affine=True)
      )
      (conv1_2): Conv2d(128, 128, kernel_size=(1, 1), stride=(1, 1))
    )
    (1): Conv2d(128, 256, kernel_size=(2, 2), stride=(2, 2), bias=False)
  )
  (m_down3): Sequential(
    (0): ConvNSTBBlock(
      (conv1_1): Conv2d(256, 256, kernel_size=(1, 1), stride=(1, 1))
      (conv_block): Sequential(
        (0): Conv2d(128, 128, kernel_size=(3, 3), stride=(1, 1), padding=(1, 1), bias=False)
        (1): ReLU(inplace=True)
        (2): Conv2d(128, 128, kernel_size=(3, 3), stride=(1, 1), padding=(1, 1), bias=False)
      )
      (nstb_block): NSTB(
        (ngram_window_partition): NGramWindowPartition(
          (ngram_context): NGramContext(
            (unigram_embed): Conv2d(128, 64, kernel_size=(8, 8), stride=(8, 8), groups=64)
            (ngram_attn): WindowAttention(
              (qkv): Linear(in_features=64, out_features=192, bias=True)
              (attn_drop): Dropout(p=0.0, inplace=False)
              (proj): Linear(in_features=64, out_features=64, bias=True)
              (proj_drop): Dropout(p=0.0, inplace=False)
              (softmax): Softmax(dim=-1)
            )
            (avg_pool): AvgPool2d(kernel_size=2, stride=2, padding=0)
            (merge): Conv2d(128, 128, kernel_size=(1, 1), stride=(1, 1))
          )
        )
        (attn): WindowAttention(
          (qkv): Linear(in_features=128, out_features=384, bias=True)
          (attn_drop): Dropout(p=0.0, inplace=False)
          (proj): Linear(in_features=128, out_features=128, bias=True)
          (proj_drop): Dropout(p=0.0, inplace=False)
          (softmax): Softmax(dim=-1)
        )
        (norm1): LayerNorm((128,), eps=1e-05, elementwise_affine=True)
        (drop_path): Identity()
        (ffn): Mlp(
          (fc1): Linear(in_features=128, out_features=256, bias=True)
          (act): GELU(approximate='none')
          (drop1): Dropout(p=0.0, inplace=False)
          (norm): Identity()
          (fc2): Linear(in_features=256, out_features=128, bias=True)
          (drop2): Dropout(p=0.0, inplace=False)
        )
        (norm2): LayerNorm((128,), eps=1e-05, elementwise_affine=True)
      )
      (conv1_2): Conv2d(256, 256, kernel_size=(1, 1), stride=(1, 1))
    )
    (1): Conv2d(256, 512, kernel_size=(2, 2), stride=(2, 2), bias=False)
  )
  (m_body): Sequential(
    (0): ConvNSTBBlock(
      (conv1_1): Conv2d(512, 512, kernel_size=(1, 1), stride=(1, 1))
      (conv_block): Sequential(
        (0): Conv2d(256, 256, kernel_size=(3, 3), stride=(1, 1), padding=(1, 1), bias=False)
        (1): ReLU(inplace=True)
        (2): Conv2d(256, 256, kernel_size=(3, 3), stride=(1, 1), padding=(1, 1), bias=False)
      )
      (nstb_block): NSTB(
        (ngram_window_partition): NGramWindowPartition(
          (ngram_context): NGramContext(
            (unigram_embed): Conv2d(256, 128, kernel_size=(8, 8), stride=(8, 8), groups=128)
            (ngram_attn): WindowAttention(
              (qkv): Linear(in_features=128, out_features=384, bias=True)
              (attn_drop): Dropout(p=0.0, inplace=False)
              (proj): Linear(in_features=128, out_features=128, bias=True)
              (proj_drop): Dropout(p=0.0, inplace=False)
              (softmax): Softmax(dim=-1)
            )
            (avg_pool): AvgPool2d(kernel_size=2, stride=2, padding=0)
            (merge): Conv2d(256, 256, kernel_size=(1, 1), stride=(1, 1))
          )
        )
        (attn): WindowAttention(
          (qkv): Linear(in_features=256, out_features=768, bias=True)
          (attn_drop): Dropout(p=0.0, inplace=False)
          (proj): Linear(in_features=256, out_features=256, bias=True)
          (proj_drop): Dropout(p=0.0, inplace=False)
          (softmax): Softmax(dim=-1)
        )
        (norm1): LayerNorm((256,), eps=1e-05, elementwise_affine=True)
        (drop_path): Identity()
        (ffn): Mlp(
          (fc1): Linear(in_features=256, out_features=512, bias=True)
          (act): GELU(approximate='none')
          (drop1): Dropout(p=0.0, inplace=False)
          (norm): Identity()
          (fc2): Linear(in_features=512, out_features=256, bias=True)
          (drop2): Dropout(p=0.0, inplace=False)
        )
        (norm2): LayerNorm((256,), eps=1e-05, elementwise_affine=True)
      )
      (conv1_2): Conv2d(512, 512, kernel_size=(1, 1), stride=(1, 1))
    )
  )
  (m_up3): Sequential(
    (0): ConvTranspose2d(512, 256, kernel_size=(2, 2), stride=(2, 2), bias=False)
    (1): ConvNSTBBlock(
      (conv1_1): Conv2d(256, 256, kernel_size=(1, 1), stride=(1, 1))
      (conv_block): Sequential(
        (0): Conv2d(128, 128, kernel_size=(3, 3), stride=(1, 1), padding=(1, 1), bias=False)
        (1): ReLU(inplace=True)
        (2): Conv2d(128, 128, kernel_size=(3, 3), stride=(1, 1), padding=(1, 1), bias=False)
      )
      (nstb_block): NSTB(
        (ngram_window_partition): NGramWindowPartition(
          (ngram_context): NGramContext(
            (unigram_embed): Conv2d(128, 64, kernel_size=(8, 8), stride=(8, 8), groups=64)
            (ngram_attn): WindowAttention(
              (qkv): Linear(in_features=64, out_features=192, bias=True)
              (attn_drop): Dropout(p=0.0, inplace=False)
              (proj): Linear(in_features=64, out_features=64, bias=True)
              (proj_drop): Dropout(p=0.0, inplace=False)
              (softmax): Softmax(dim=-1)
            )
            (avg_pool): AvgPool2d(kernel_size=2, stride=2, padding=0)
            (merge): Conv2d(128, 128, kernel_size=(1, 1), stride=(1, 1))
          )
        )
        (attn): WindowAttention(
          (qkv): Linear(in_features=128, out_features=384, bias=True)
          (attn_drop): Dropout(p=0.0, inplace=False)
          (proj): Linear(in_features=128, out_features=128, bias=True)
          (proj_drop): Dropout(p=0.0, inplace=False)
          (softmax): Softmax(dim=-1)
        )
        (norm1): LayerNorm((128,), eps=1e-05, elementwise_affine=True)
        (drop_path): Identity()
        (ffn): Mlp(
          (fc1): Linear(in_features=128, out_features=256, bias=True)
          (act): GELU(approximate='none')
          (drop1): Dropout(p=0.0, inplace=False)
          (norm): Identity()
          (fc2): Linear(in_features=256, out_features=128, bias=True)
          (drop2): Dropout(p=0.0, inplace=False)
        )
        (norm2): LayerNorm((128,), eps=1e-05, elementwise_affine=True)
      )
      (conv1_2): Conv2d(256, 256, kernel_size=(1, 1), stride=(1, 1))
    )
  )
  (m_up2): Sequential(
    (0): ConvTranspose2d(256, 128, kernel_size=(2, 2), stride=(2, 2), bias=False)
    (1): ConvNSTBBlock(
      (conv1_1): Conv2d(128, 128, kernel_size=(1, 1), stride=(1, 1))
      (conv_block): Sequential(
        (0): Conv2d(64, 64, kernel_size=(3, 3), stride=(1, 1), padding=(1, 1), bias=False)
        (1): ReLU(inplace=True)
        (2): Conv2d(64, 64, kernel_size=(3, 3), stride=(1, 1), padding=(1, 1), bias=False)
      )
      (nstb_block): NSTB(
        (ngram_window_partition): NGramWindowPartition(
          (ngram_context): NGramContext(
            (unigram_embed): Conv2d(64, 32, kernel_size=(8, 8), stride=(8, 8), groups=32)
            (ngram_attn): WindowAttention(
              (qkv): Linear(in_features=32, out_features=96, bias=True)
              (attn_drop): Dropout(p=0.0, inplace=False)
              (proj): Linear(in_features=32, out_features=32, bias=True)
              (proj_drop): Dropout(p=0.0, inplace=False)
              (softmax): Softmax(dim=-1)
            )
            (avg_pool): AvgPool2d(kernel_size=2, stride=2, padding=0)
            (merge): Conv2d(64, 64, kernel_size=(1, 1), stride=(1, 1))
          )
        )
        (attn): WindowAttention(
          (qkv): Linear(in_features=64, out_features=192, bias=True)
          (attn_drop): Dropout(p=0.0, inplace=False)
          (proj): Linear(in_features=64, out_features=64, bias=True)
          (proj_drop): Dropout(p=0.0, inplace=False)
          (softmax): Softmax(dim=-1)
        )
        (norm1): LayerNorm((64,), eps=1e-05, elementwise_affine=True)
        (drop_path): Identity()
        (ffn): Mlp(
          (fc1): Linear(in_features=64, out_features=128, bias=True)
          (act): GELU(approximate='none')
          (drop1): Dropout(p=0.0, inplace=False)
          (norm): Identity()
          (fc2): Linear(in_features=128, out_features=64, bias=True)
          (drop2): Dropout(p=0.0, inplace=False)
        )
        (norm2): LayerNorm((64,), eps=1e-05, elementwise_affine=True)
      )
      (conv1_2): Conv2d(128, 128, kernel_size=(1, 1), stride=(1, 1))
    )
  )
  (m_up1): Sequential(
    (0): ConvTranspose2d(128, 64, kernel_size=(2, 2), stride=(2, 2), bias=False)
    (1): ConvNSTBBlock(
      (conv1_1): Conv2d(64, 64, kernel_size=(1, 1), stride=(1, 1))
      (conv_block): Sequential(
        (0): Conv2d(32, 32, kernel_size=(3, 3), stride=(1, 1), padding=(1, 1), bias=False)
        (1): ReLU(inplace=True)
        (2): Conv2d(32, 32, kernel_size=(3, 3), stride=(1, 1), padding=(1, 1), bias=False)
      )
      (nstb_block): NSTB(
        (ngram_window_partition): NGramWindowPartition(
          (ngram_context): NGramContext(
            (unigram_embed): Conv2d(32, 16, kernel_size=(8, 8), stride=(8, 8), groups=16)
            (ngram_attn): WindowAttention(
              (qkv): Linear(in_features=16, out_features=48, bias=True)
              (attn_drop): Dropout(p=0.0, inplace=False)
              (proj): Linear(in_features=16, out_features=16, bias=True)
              (proj_drop): Dropout(p=0.0, inplace=False)
              (softmax): Softmax(dim=-1)
            )
            (avg_pool): AvgPool2d(kernel_size=2, stride=2, padding=0)
            (merge): Conv2d(32, 32, kernel_size=(1, 1), stride=(1, 1))
          )
        )
        (attn): WindowAttention(
          (qkv): Linear(in_features=32, out_features=96, bias=True)
          (attn_drop): Dropout(p=0.0, inplace=False)
          (proj): Linear(in_features=32, out_features=32, bias=True)
          (proj_drop): Dropout(p=0.0, inplace=False)
          (softmax): Softmax(dim=-1)
        )
        (norm1): LayerNorm((32,), eps=1e-05, elementwise_affine=True)
        (drop_path): Identity()
        (ffn): Mlp(
          (fc1): Linear(in_features=32, out_features=64, bias=True)
          (act): GELU(approximate='none')
          (drop1): Dropout(p=0.0, inplace=False)
          (norm): Identity()
          (fc2): Linear(in_features=64, out_features=32, bias=True)
          (drop2): Dropout(p=0.0, inplace=False)
        )
        (norm2): LayerNorm((32,), eps=1e-05, elementwise_affine=True)
      )
      (conv1_2): Conv2d(64, 64, kernel_size=(1, 1), stride=(1, 1))
    )
  )
  (m_tail): Sequential(
    (0): Conv2d(64, 1, kernel_size=(3, 3), stride=(1, 1), padding=(1, 1), bias=False)
  )
)

25-07-08 14:33:08.644 : 
 |  mean  |  min   |  max   |  std   || shape               
 |  0.006 | -0.457 |  0.432 |  0.201 | torch.Size([64, 1, 3, 3]) || m_head.0.weight
 | -0.005 | -1.429 |  2.076 |  0.179 | torch.Size([64, 64, 1, 1]) || m_down1.0.conv1_1.weight
 | -0.012 | -0.131 |  0.130 |  0.067 | torch.Size([64]) || m_down1.0.conv1_1.bias
 |  0.001 | -0.872 |  0.929 |  0.077 | torch.Size([32, 32, 3, 3]) || m_down1.0.conv_block.0.weight
 | -0.000 | -0.347 |  0.371 |  0.065 | torch.Size([32, 32, 3, 3]) || m_down1.0.conv_block.2.weight
 | -12.109 | -100.000 |  0.000 | 32.624 | torch.Size([64, 64, 64]) || m_down1.0.nstb_block.attn_mask
 | -0.002 | -0.203 |  0.214 |  0.062 | torch.Size([16, 2, 8, 8]) || m_down1.0.nstb_block.ngram_window_partition.ngram_context.unigram_embed.weight
 |  0.025 | -0.077 |  0.113 |  0.050 | torch.Size([16]) || m_down1.0.nstb_block.ngram_window_partition.ngram_context.unigram_embed.bias
 |  2.377 |  2.377 |  2.377 |    nan | torch.Size([1, 1, 1]) || m_down1.0.nstb_block.ngram_window_partition.ngram_context.ngram_attn.logit_scale
 | -0.004 | -0.186 |  0.243 |  0.150 | torch.Size([9, 1]) || m_down1.0.nstb_block.ngram_window_partition.ngram_context.ngram_attn.relative_position_bias_table
 |  4.000 |  0.000 |  8.000 |  2.309 | torch.Size([4, 4]) || m_down1.0.nstb_block.ngram_window_partition.ngram_context.ngram_attn.relative_position_index
 |  0.006 | -0.430 |  0.479 |  0.159 | torch.Size([48, 16]) || m_down1.0.nstb_block.ngram_window_partition.ngram_context.ngram_attn.qkv.weight
 | -0.023 | -0.214 |  0.191 |  0.115 | torch.Size([48]) || m_down1.0.nstb_block.ngram_window_partition.ngram_context.ngram_attn.qkv.bias
 |  0.013 | -0.256 |  0.273 |  0.134 | torch.Size([16, 16]) || m_down1.0.nstb_block.ngram_window_partition.ngram_context.ngram_attn.proj.weight
 | -0.011 | -0.196 |  0.142 |  0.107 | torch.Size([16]) || m_down1.0.nstb_block.ngram_window_partition.ngram_context.ngram_attn.proj.bias
 | -0.001 | -0.299 |  0.229 |  0.102 | torch.Size([32, 32, 1, 1]) || m_down1.0.nstb_block.ngram_window_partition.ngram_context.merge.weight
 | -0.006 | -0.145 |  0.165 |  0.088 | torch.Size([32]) || m_down1.0.nstb_block.ngram_window_partition.ngram_context.merge.bias
 |  3.644 |  3.644 |  3.644 |    nan | torch.Size([1, 1, 1]) || m_down1.0.nstb_block.attn.logit_scale
 | -0.248 | -0.805 |  0.980 |  0.378 | torch.Size([225, 1]) || m_down1.0.nstb_block.attn.relative_position_bias_table
 | 112.000 |  0.000 | 224.000 | 48.719 | torch.Size([64, 64]) || m_down1.0.nstb_block.attn.relative_position_index
 |  0.001 | -0.694 |  0.564 |  0.132 | torch.Size([96, 32]) || m_down1.0.nstb_block.attn.qkv.weight
 | -0.006 | -0.188 |  0.167 |  0.082 | torch.Size([96]) || m_down1.0.nstb_block.attn.qkv.bias
 | -0.003 | -0.326 |  0.270 |  0.109 | torch.Size([32, 32]) || m_down1.0.nstb_block.attn.proj.weight
 |  0.011 | -0.225 |  0.194 |  0.117 | torch.Size([32]) || m_down1.0.nstb_block.attn.proj.bias
 |  0.979 |  0.893 |  1.069 |  0.035 | torch.Size([32]) || m_down1.0.nstb_block.norm1.weight
 |  0.010 | -0.009 |  0.036 |  0.011 | torch.Size([32]) || m_down1.0.nstb_block.norm1.bias
 |  0.001 | -0.487 |  0.653 |  0.135 | torch.Size([64, 32]) || m_down1.0.nstb_block.ffn.fc1.weight
 | -0.000 | -0.199 |  0.164 |  0.094 | torch.Size([64]) || m_down1.0.nstb_block.ffn.fc1.bias
 | -0.003 | -0.221 |  0.253 |  0.081 | torch.Size([32, 64]) || m_down1.0.nstb_block.ffn.fc2.weight
 | -0.016 | -0.124 |  0.153 |  0.082 | torch.Size([32]) || m_down1.0.nstb_block.ffn.fc2.bias
 |  0.962 |  0.790 |  1.003 |  0.042 | torch.Size([32]) || m_down1.0.nstb_block.norm2.weight
 |  0.010 | -0.014 |  0.042 |  0.012 | torch.Size([32]) || m_down1.0.nstb_block.norm2.bias
 | -0.002 | -0.398 |  0.545 |  0.087 | torch.Size([64, 64, 1, 1]) || m_down1.0.conv1_2.weight
 |  0.006 | -0.104 |  0.131 |  0.065 | torch.Size([64]) || m_down1.0.conv1_2.bias
 |  0.000 | -0.329 |  0.276 |  0.051 | torch.Size([128, 64, 2, 2]) || m_down1.1.weight
 |  0.000 | -0.352 |  0.366 |  0.076 | torch.Size([128, 128, 1, 1]) || m_down2.0.conv1_1.weight
 | -0.006 | -0.107 |  0.091 |  0.045 | torch.Size([128]) || m_down2.0.conv1_1.bias
 |  0.002 | -0.371 |  0.360 |  0.055 | torch.Size([64, 64, 3, 3]) || m_down2.0.conv_block.0.weight
 |  0.000 | -0.351 |  0.427 |  0.056 | torch.Size([64, 64, 3, 3]) || m_down2.0.conv_block.2.weight
 | -23.438 | -100.000 |  0.000 | 42.361 | torch.Size([16, 64, 64]) || m_down2.0.nstb_block.attn_mask
 | -0.002 | -0.272 |  0.309 |  0.068 | torch.Size([32, 2, 8, 8]) || m_down2.0.nstb_block.ngram_window_partition.ngram_context.unigram_embed.weight
 |  0.003 | -0.066 |  0.077 |  0.046 | torch.Size([32]) || m_down2.0.nstb_block.ngram_window_partition.ngram_context.unigram_embed.bias
 |  2.287 |  2.182 |  2.392 |  0.149 | torch.Size([2, 1, 1]) || m_down2.0.nstb_block.ngram_window_partition.ngram_context.ngram_attn.logit_scale
 | -0.013 | -0.395 |  0.468 |  0.255 | torch.Size([9, 2]) || m_down2.0.nstb_block.ngram_window_partition.ngram_context.ngram_attn.relative_position_bias_table
 |  4.000 |  0.000 |  8.000 |  2.309 | torch.Size([4, 4]) || m_down2.0.nstb_block.ngram_window_partition.ngram_context.ngram_attn.relative_position_index
 |  0.002 | -0.368 |  0.387 |  0.115 | torch.Size([96, 32]) || m_down2.0.nstb_block.ngram_window_partition.ngram_context.ngram_attn.qkv.weight
 |  0.025 | -0.195 |  0.229 |  0.101 | torch.Size([96]) || m_down2.0.nstb_block.ngram_window_partition.ngram_context.ngram_attn.qkv.bias
 | -0.001 | -0.248 |  0.244 |  0.103 | torch.Size([32, 32]) || m_down2.0.nstb_block.ngram_window_partition.ngram_context.ngram_attn.proj.weight
 |  0.002 | -0.126 |  0.144 |  0.063 | torch.Size([32]) || m_down2.0.nstb_block.ngram_window_partition.ngram_context.ngram_attn.proj.bias
 |  0.001 | -0.249 |  0.216 |  0.077 | torch.Size([64, 64, 1, 1]) || m_down2.0.nstb_block.ngram_window_partition.ngram_context.merge.weight
 |  0.002 | -0.102 |  0.116 |  0.058 | torch.Size([64]) || m_down2.0.nstb_block.ngram_window_partition.ngram_context.merge.bias
 |  2.817 |  2.595 |  3.039 |  0.314 | torch.Size([2, 1, 1]) || m_down2.0.nstb_block.attn.logit_scale
 | -0.331 | -1.011 |  1.407 |  0.399 | torch.Size([225, 2]) || m_down2.0.nstb_block.attn.relative_position_bias_table
 | 112.000 |  0.000 | 224.000 | 48.719 | torch.Size([64, 64]) || m_down2.0.nstb_block.attn.relative_position_index
 |  0.001 | -0.304 |  0.357 |  0.089 | torch.Size([192, 64]) || m_down2.0.nstb_block.attn.qkv.weight
 | -0.011 | -0.222 |  0.156 |  0.070 | torch.Size([192]) || m_down2.0.nstb_block.attn.qkv.bias
 | -0.003 | -0.209 |  0.233 |  0.082 | torch.Size([64, 64]) || m_down2.0.nstb_block.attn.proj.weight
 |  0.000 | -0.188 |  0.197 |  0.091 | torch.Size([64]) || m_down2.0.nstb_block.attn.proj.bias
 |  0.953 |  0.868 |  1.011 |  0.036 | torch.Size([64]) || m_down2.0.nstb_block.norm1.weight
 |  0.002 | -0.023 |  0.034 |  0.012 | torch.Size([64]) || m_down2.0.nstb_block.norm1.bias
 |  0.001 | -0.386 |  0.402 |  0.102 | torch.Size([128, 64]) || m_down2.0.nstb_block.ffn.fc1.weight
 | -0.006 | -0.160 |  0.126 |  0.079 | torch.Size([128]) || m_down2.0.nstb_block.ffn.fc1.bias
 |  0.001 | -0.237 |  0.256 |  0.066 | torch.Size([64, 128]) || m_down2.0.nstb_block.ffn.fc2.weight
 | -0.003 | -0.163 |  0.140 |  0.070 | torch.Size([64]) || m_down2.0.nstb_block.ffn.fc2.bias
 |  0.963 |  0.881 |  1.030 |  0.026 | torch.Size([64]) || m_down2.0.nstb_block.norm2.weight
 | -0.000 | -0.043 |  0.033 |  0.018 | torch.Size([64]) || m_down2.0.nstb_block.norm2.bias
 | -0.000 | -0.196 |  0.180 |  0.057 | torch.Size([128, 128, 1, 1]) || m_down2.0.conv1_2.weight
 | -0.007 | -0.076 |  0.072 |  0.036 | torch.Size([128]) || m_down2.0.conv1_2.bias
 | -0.000 | -0.173 |  0.220 |  0.044 | torch.Size([256, 128, 2, 2]) || m_down2.1.weight
 |  0.000 | -0.219 |  0.200 |  0.052 | torch.Size([256, 256, 1, 1]) || m_down3.0.conv1_1.weight
 | -0.000 | -0.122 |  0.083 |  0.030 | torch.Size([256]) || m_down3.0.conv1_1.bias
 |  0.000 | -0.453 |  0.393 |  0.049 | torch.Size([128, 128, 3, 3]) || m_down3.0.conv_block.0.weight
 |  0.000 | -0.337 |  0.397 |  0.049 | torch.Size([128, 128, 3, 3]) || m_down3.0.conv_block.2.weight
 | -43.750 | -100.000 |  0.000 | 49.609 | torch.Size([4, 64, 64]) || m_down3.0.nstb_block.attn_mask
 |  0.002 | -0.255 |  0.292 |  0.072 | torch.Size([64, 2, 8, 8]) || m_down3.0.nstb_block.ngram_window_partition.ngram_context.unigram_embed.weight
 |  0.009 | -0.089 |  0.104 |  0.047 | torch.Size([64]) || m_down3.0.nstb_block.ngram_window_partition.ngram_context.unigram_embed.bias
 |  2.348 |  2.267 |  2.393 |  0.058 | torch.Size([4, 1, 1]) || m_down3.0.nstb_block.ngram_window_partition.ngram_context.ngram_attn.logit_scale
 | -0.006 | -0.505 |  0.556 |  0.245 | torch.Size([9, 4]) || m_down3.0.nstb_block.ngram_window_partition.ngram_context.ngram_attn.relative_position_bias_table
 |  4.000 |  0.000 |  8.000 |  2.309 | torch.Size([4, 4]) || m_down3.0.nstb_block.ngram_window_partition.ngram_context.ngram_attn.relative_position_index
 |  0.001 | -0.299 |  0.323 |  0.088 | torch.Size([192, 64]) || m_down3.0.nstb_block.ngram_window_partition.ngram_context.ngram_attn.qkv.weight
 | -0.009 | -0.236 |  0.286 |  0.102 | torch.Size([192]) || m_down3.0.nstb_block.ngram_window_partition.ngram_context.ngram_attn.qkv.bias
 |  0.001 | -0.234 |  0.225 |  0.086 | torch.Size([64, 64]) || m_down3.0.nstb_block.ngram_window_partition.ngram_context.ngram_attn.proj.weight
 | -0.001 | -0.095 |  0.097 |  0.055 | torch.Size([64]) || m_down3.0.nstb_block.ngram_window_partition.ngram_context.ngram_attn.proj.bias
 | -0.000 | -0.217 |  0.214 |  0.067 | torch.Size([128, 128, 1, 1]) || m_down3.0.nstb_block.ngram_window_partition.ngram_context.merge.weight
 |  0.001 | -0.101 |  0.096 |  0.043 | torch.Size([128]) || m_down3.0.nstb_block.ngram_window_partition.ngram_context.merge.bias
 |  2.460 |  2.342 |  2.742 |  0.190 | torch.Size([4, 1, 1]) || m_down3.0.nstb_block.attn.logit_scale
 | -0.071 | -0.705 |  0.820 |  0.226 | torch.Size([225, 4]) || m_down3.0.nstb_block.attn.relative_position_bias_table
 | 112.000 |  0.000 | 224.000 | 48.719 | torch.Size([64, 64]) || m_down3.0.nstb_block.attn.relative_position_index
 | -0.000 | -0.322 |  0.283 |  0.069 | torch.Size([384, 128]) || m_down3.0.nstb_block.attn.qkv.weight
 | -0.000 | -0.206 |  0.273 |  0.069 | torch.Size([384]) || m_down3.0.nstb_block.attn.qkv.bias
 | -0.000 | -0.200 |  0.212 |  0.066 | torch.Size([128, 128]) || m_down3.0.nstb_block.attn.proj.weight
 | -0.004 | -0.185 |  0.206 |  0.079 | torch.Size([128]) || m_down3.0.nstb_block.attn.proj.bias
 |  0.932 |  0.843 |  0.995 |  0.035 | torch.Size([128]) || m_down3.0.nstb_block.norm1.weight
 | -0.000 | -0.026 |  0.024 |  0.010 | torch.Size([128]) || m_down3.0.nstb_block.norm1.bias
 |  0.001 | -0.412 |  0.468 |  0.089 | torch.Size([256, 128]) || m_down3.0.nstb_block.ffn.fc1.weight
 | -0.006 | -0.140 |  0.105 |  0.053 | torch.Size([256]) || m_down3.0.nstb_block.ffn.fc1.bias
 | -0.000 | -0.383 |  0.314 |  0.057 | torch.Size([128, 256]) || m_down3.0.nstb_block.ffn.fc2.weight
 |  0.005 | -0.115 |  0.093 |  0.046 | torch.Size([128]) || m_down3.0.nstb_block.ffn.fc2.bias
 |  0.928 |  0.706 |  0.976 |  0.047 | torch.Size([128]) || m_down3.0.nstb_block.norm2.weight
 |  0.001 | -0.047 |  0.042 |  0.019 | torch.Size([128]) || m_down3.0.nstb_block.norm2.bias
 | -0.000 | -0.184 |  0.157 |  0.043 | torch.Size([256, 256, 1, 1]) || m_down3.0.conv1_2.weight
 | -0.001 | -0.059 |  0.049 |  0.024 | torch.Size([256]) || m_down3.0.conv1_2.bias
 |  0.000 | -0.177 |  0.219 |  0.039 | torch.Size([512, 256, 2, 2]) || m_down3.1.weight
 |  0.000 | -0.219 |  0.215 |  0.048 | torch.Size([512, 512, 1, 1]) || m_body.0.conv1_1.weight
 |  0.002 | -0.125 |  0.165 |  0.047 | torch.Size([512]) || m_body.0.conv1_1.bias
 |  0.000 | -0.269 |  0.258 |  0.048 | torch.Size([256, 256, 3, 3]) || m_body.0.conv_block.0.weight
 |  0.000 | -0.266 |  0.268 |  0.047 | torch.Size([256, 256, 3, 3]) || m_body.0.conv_block.2.weight
 | -75.000 | -100.000 |  0.000 | 43.307 | torch.Size([1, 64, 64]) || m_body.0.nstb_block.attn_mask
 | -0.000 | -0.260 |  0.288 |  0.071 | torch.Size([128, 2, 8, 8]) || m_body.0.nstb_block.ngram_window_partition.ngram_context.unigram_embed.weight
 | -0.003 | -0.109 |  0.101 |  0.050 | torch.Size([128]) || m_body.0.nstb_block.ngram_window_partition.ngram_context.unigram_embed.bias
 |  2.207 |  1.948 |  2.333 |  0.157 | torch.Size([8, 1, 1]) || m_body.0.nstb_block.ngram_window_partition.ngram_context.ngram_attn.logit_scale
 | -0.020 | -0.956 |  1.610 |  0.388 | torch.Size([9, 8]) || m_body.0.nstb_block.ngram_window_partition.ngram_context.ngram_attn.relative_position_bias_table
 |  4.000 |  0.000 |  8.000 |  2.309 | torch.Size([4, 4]) || m_body.0.nstb_block.ngram_window_partition.ngram_context.ngram_attn.relative_position_index
 |  0.000 | -0.271 |  0.288 |  0.070 | torch.Size([384, 128]) || m_body.0.nstb_block.ngram_window_partition.ngram_context.ngram_attn.qkv.weight
 | -0.003 | -0.306 |  0.230 |  0.087 | torch.Size([384]) || m_body.0.nstb_block.ngram_window_partition.ngram_context.ngram_attn.qkv.bias
 | -0.001 | -0.235 |  0.230 |  0.070 | torch.Size([128, 128]) || m_body.0.nstb_block.ngram_window_partition.ngram_context.ngram_attn.proj.weight
 | -0.003 | -0.080 |  0.072 |  0.037 | torch.Size([128]) || m_body.0.nstb_block.ngram_window_partition.ngram_context.ngram_attn.proj.bias
 | -0.000 | -0.229 |  0.231 |  0.058 | torch.Size([256, 256, 1, 1]) || m_body.0.nstb_block.ngram_window_partition.ngram_context.merge.weight
 |  0.003 | -0.131 |  0.118 |  0.047 | torch.Size([256]) || m_body.0.nstb_block.ngram_window_partition.ngram_context.merge.bias
 |  2.588 |  2.467 |  2.791 |  0.109 | torch.Size([8, 1, 1]) || m_body.0.nstb_block.attn.logit_scale
 | -0.164 | -1.361 |  1.011 |  0.435 | torch.Size([225, 8]) || m_body.0.nstb_block.attn.relative_position_bias_table
 | 112.000 |  0.000 | 224.000 | 48.719 | torch.Size([64, 64]) || m_body.0.nstb_block.attn.relative_position_index
 | -0.000 | -0.277 |  0.258 |  0.058 | torch.Size([768, 256]) || m_body.0.nstb_block.attn.qkv.weight
 | -0.001 | -0.289 |  0.273 |  0.080 | torch.Size([768]) || m_body.0.nstb_block.attn.qkv.bias
 | -0.000 | -0.290 |  0.268 |  0.056 | torch.Size([256, 256]) || m_body.0.nstb_block.attn.proj.weight
 | -0.001 | -0.325 |  0.284 |  0.071 | torch.Size([256]) || m_body.0.nstb_block.attn.proj.bias
 |  0.910 |  0.822 |  0.986 |  0.028 | torch.Size([256]) || m_body.0.nstb_block.norm1.weight
 | -0.003 | -0.094 |  0.081 |  0.024 | torch.Size([256]) || m_body.0.nstb_block.norm1.bias
 |  0.000 | -0.321 |  0.294 |  0.065 | torch.Size([512, 256]) || m_body.0.nstb_block.ffn.fc1.weight
 | -0.021 | -0.114 |  0.112 |  0.040 | torch.Size([512]) || m_body.0.nstb_block.ffn.fc1.bias
 |  0.000 | -0.350 |  0.321 |  0.052 | torch.Size([256, 512]) || m_body.0.nstb_block.ffn.fc2.weight
 |  0.000 | -0.207 |  0.240 |  0.046 | torch.Size([256]) || m_body.0.nstb_block.ffn.fc2.bias
 |  0.953 |  0.813 |  1.049 |  0.034 | torch.Size([256]) || m_body.0.nstb_block.norm2.weight
 | -0.002 | -0.090 |  0.084 |  0.031 | torch.Size([256]) || m_body.0.nstb_block.norm2.bias
 | -0.000 | -0.171 |  0.180 |  0.040 | torch.Size([512, 512, 1, 1]) || m_body.0.conv1_2.weight
 | -0.002 | -0.155 |  0.113 |  0.049 | torch.Size([512]) || m_body.0.conv1_2.bias
 |  0.000 | -0.152 |  0.150 |  0.033 | torch.Size([512, 256, 2, 2]) || m_up3.0.weight
 |  0.001 | -0.206 |  0.197 |  0.052 | torch.Size([256, 256, 1, 1]) || m_up3.1.conv1_1.weight
 | -0.002 | -0.111 |  0.125 |  0.053 | torch.Size([256]) || m_up3.1.conv1_1.bias
 | -0.001 | -0.309 |  0.239 |  0.044 | torch.Size([128, 128, 3, 3]) || m_up3.1.conv_block.0.weight
 | -0.000 | -0.264 |  0.283 |  0.043 | torch.Size([128, 128, 3, 3]) || m_up3.1.conv_block.2.weight
 | -43.750 | -100.000 |  0.000 | 49.609 | torch.Size([4, 64, 64]) || m_up3.1.nstb_block.attn_mask
 |  0.002 | -0.291 |  0.220 |  0.064 | torch.Size([64, 2, 8, 8]) || m_up3.1.nstb_block.ngram_window_partition.ngram_context.unigram_embed.weight
 | -0.006 | -0.102 |  0.095 |  0.056 | torch.Size([64]) || m_up3.1.nstb_block.ngram_window_partition.ngram_context.unigram_embed.bias
 |  1.994 |  1.935 |  2.035 |  0.045 | torch.Size([4, 1, 1]) || m_up3.1.nstb_block.ngram_window_partition.ngram_context.ngram_attn.logit_scale
 | -0.020 | -0.866 |  1.563 |  0.546 | torch.Size([9, 4]) || m_up3.1.nstb_block.ngram_window_partition.ngram_context.ngram_attn.relative_position_bias_table
 |  4.000 |  0.000 |  8.000 |  2.309 | torch.Size([4, 4]) || m_up3.1.nstb_block.ngram_window_partition.ngram_context.ngram_attn.relative_position_index
 | -0.002 | -0.285 |  0.297 |  0.084 | torch.Size([192, 64]) || m_up3.1.nstb_block.ngram_window_partition.ngram_context.ngram_attn.qkv.weight
 | -0.006 | -0.392 |  0.346 |  0.136 | torch.Size([192]) || m_up3.1.nstb_block.ngram_window_partition.ngram_context.ngram_attn.qkv.bias
 |  0.001 | -0.216 |  0.218 |  0.082 | torch.Size([64, 64]) || m_up3.1.nstb_block.ngram_window_partition.ngram_context.ngram_attn.proj.weight
 |  0.005 | -0.116 |  0.103 |  0.067 | torch.Size([64]) || m_up3.1.nstb_block.ngram_window_partition.ngram_context.ngram_attn.proj.bias
 |  0.001 | -0.210 |  0.221 |  0.063 | torch.Size([128, 128, 1, 1]) || m_up3.1.nstb_block.ngram_window_partition.ngram_context.merge.weight
 |  0.002 | -0.128 |  0.130 |  0.055 | torch.Size([128]) || m_up3.1.nstb_block.ngram_window_partition.ngram_context.merge.bias
 |  2.500 |  2.375 |  2.652 |  0.115 | torch.Size([4, 1, 1]) || m_up3.1.nstb_block.attn.logit_scale
 | -0.372 | -1.452 |  1.124 |  0.486 | torch.Size([225, 4]) || m_up3.1.nstb_block.attn.relative_position_bias_table
 | 112.000 |  0.000 | 224.000 | 48.719 | torch.Size([64, 64]) || m_up3.1.nstb_block.attn.relative_position_index
 |  0.000 | -0.280 |  0.249 |  0.066 | torch.Size([384, 128]) || m_up3.1.nstb_block.attn.qkv.weight
 |  0.001 | -0.253 |  0.251 |  0.080 | torch.Size([384]) || m_up3.1.nstb_block.attn.qkv.bias
 | -0.000 | -0.211 |  0.238 |  0.062 | torch.Size([128, 128]) || m_up3.1.nstb_block.attn.proj.weight
 |  0.000 | -0.183 |  0.164 |  0.074 | torch.Size([128]) || m_up3.1.nstb_block.attn.proj.bias
 |  0.977 |  0.873 |  1.036 |  0.023 | torch.Size([128]) || m_up3.1.nstb_block.norm1.weight
 |  0.001 | -0.054 |  0.055 |  0.019 | torch.Size([128]) || m_up3.1.nstb_block.norm1.bias
 | -0.000 | -0.297 |  0.303 |  0.070 | torch.Size([256, 128]) || m_up3.1.nstb_block.ffn.fc1.weight
 | -0.030 | -0.178 |  0.107 |  0.061 | torch.Size([256]) || m_up3.1.nstb_block.ffn.fc1.bias
 | -0.000 | -0.226 |  0.240 |  0.053 | torch.Size([128, 256]) || m_up3.1.nstb_block.ffn.fc2.weight
 |  0.004 | -0.100 |  0.159 |  0.047 | torch.Size([128]) || m_up3.1.nstb_block.ffn.fc2.bias
 |  1.007 |  0.897 |  1.105 |  0.034 | torch.Size([128]) || m_up3.1.nstb_block.norm2.weight
 |  0.003 | -0.034 |  0.033 |  0.014 | torch.Size([128]) || m_up3.1.nstb_block.norm2.bias
 | -0.000 | -0.199 |  0.188 |  0.048 | torch.Size([256, 256, 1, 1]) || m_up3.1.conv1_2.weight
 | -0.002 | -0.134 |  0.112 |  0.051 | torch.Size([256]) || m_up3.1.conv1_2.bias
 |  0.000 | -0.114 |  0.107 |  0.024 | torch.Size([256, 128, 2, 2]) || m_up2.0.weight
 | -0.000 | -0.267 |  0.264 |  0.071 | torch.Size([128, 128, 1, 1]) || m_up2.1.conv1_1.weight
 | -0.009 | -0.101 |  0.081 |  0.047 | torch.Size([128]) || m_up2.1.conv1_1.bias
 |  0.000 | -0.290 |  0.306 |  0.048 | torch.Size([64, 64, 3, 3]) || m_up2.1.conv_block.0.weight
 |  0.001 | -0.406 |  0.446 |  0.052 | torch.Size([64, 64, 3, 3]) || m_up2.1.conv_block.2.weight
 | -23.438 | -100.000 |  0.000 | 42.361 | torch.Size([16, 64, 64]) || m_up2.1.nstb_block.attn_mask
 |  0.001 | -0.273 |  0.284 |  0.067 | torch.Size([32, 2, 8, 8]) || m_up2.1.nstb_block.ngram_window_partition.ngram_context.unigram_embed.weight
 | -0.007 | -0.094 |  0.088 |  0.046 | torch.Size([32]) || m_up2.1.nstb_block.ngram_window_partition.ngram_context.unigram_embed.bias
 |  1.705 |  1.548 |  1.861 |  0.221 | torch.Size([2, 1, 1]) || m_up2.1.nstb_block.ngram_window_partition.ngram_context.ngram_attn.logit_scale
 | -0.157 | -1.731 |  1.752 |  1.100 | torch.Size([9, 2]) || m_up2.1.nstb_block.ngram_window_partition.ngram_context.ngram_attn.relative_position_bias_table
 |  4.000 |  0.000 |  8.000 |  2.309 | torch.Size([4, 4]) || m_up2.1.nstb_block.ngram_window_partition.ngram_context.ngram_attn.relative_position_index
 |  0.001 | -0.315 |  0.330 |  0.111 | torch.Size([96, 32]) || m_up2.1.nstb_block.ngram_window_partition.ngram_context.ngram_attn.qkv.weight
 | -0.012 | -0.317 |  0.410 |  0.139 | torch.Size([96]) || m_up2.1.nstb_block.ngram_window_partition.ngram_context.ngram_attn.qkv.bias
 |  0.000 | -0.270 |  0.251 |  0.111 | torch.Size([32, 32]) || m_up2.1.nstb_block.ngram_window_partition.ngram_context.ngram_attn.proj.weight
 |  0.001 | -0.168 |  0.132 |  0.091 | torch.Size([32]) || m_up2.1.nstb_block.ngram_window_partition.ngram_context.ngram_attn.proj.bias
 | -0.000 | -0.303 |  0.284 |  0.079 | torch.Size([64, 64, 1, 1]) || m_up2.1.nstb_block.ngram_window_partition.ngram_context.merge.weight
 | -0.012 | -0.136 |  0.143 |  0.069 | torch.Size([64]) || m_up2.1.nstb_block.ngram_window_partition.ngram_context.merge.bias
 |  2.433 |  2.336 |  2.529 |  0.136 | torch.Size([2, 1, 1]) || m_up2.1.nstb_block.attn.logit_scale
 | -0.237 | -1.133 |  0.996 |  0.473 | torch.Size([225, 2]) || m_up2.1.nstb_block.attn.relative_position_bias_table
 | 112.000 |  0.000 | 224.000 | 48.719 | torch.Size([64, 64]) || m_up2.1.nstb_block.attn.relative_position_index
 | -0.000 | -0.398 |  0.321 |  0.081 | torch.Size([192, 64]) || m_up2.1.nstb_block.attn.qkv.weight
 |  0.007 | -0.150 |  0.186 |  0.085 | torch.Size([192]) || m_up2.1.nstb_block.attn.qkv.bias
 |  0.000 | -0.266 |  0.251 |  0.075 | torch.Size([64, 64]) || m_up2.1.nstb_block.attn.proj.weight
 | -0.010 | -0.226 |  0.175 |  0.086 | torch.Size([64]) || m_up2.1.nstb_block.attn.proj.bias
 |  0.958 |  0.718 |  0.998 |  0.055 | torch.Size([64]) || m_up2.1.nstb_block.norm1.weight
 | -0.002 | -0.020 |  0.011 |  0.007 | torch.Size([64]) || m_up2.1.nstb_block.norm1.bias
 |  0.000 | -0.418 |  0.381 |  0.089 | torch.Size([128, 64]) || m_up2.1.nstb_block.ffn.fc1.weight
 | -0.011 | -0.167 |  0.161 |  0.076 | torch.Size([128]) || m_up2.1.nstb_block.ffn.fc1.bias
 |  0.000 | -0.188 |  0.206 |  0.057 | torch.Size([64, 128]) || m_up2.1.nstb_block.ffn.fc2.weight
 | -0.006 | -0.129 |  0.108 |  0.058 | torch.Size([64]) || m_up2.1.nstb_block.ffn.fc2.bias
 |  0.945 |  0.541 |  1.004 |  0.084 | torch.Size([64]) || m_up2.1.nstb_block.norm2.weight
 | -0.002 | -0.014 |  0.013 |  0.007 | torch.Size([64]) || m_up2.1.nstb_block.norm2.bias
 |  0.000 | -0.271 |  0.245 |  0.063 | torch.Size([128, 128, 1, 1]) || m_up2.1.conv1_2.weight
 |  0.006 | -0.099 |  0.116 |  0.051 | torch.Size([128]) || m_up2.1.conv1_2.bias
 |  0.000 | -0.153 |  0.141 |  0.036 | torch.Size([128, 64, 2, 2]) || m_up1.0.weight
 | -0.002 | -0.266 |  0.288 |  0.085 | torch.Size([64, 64, 1, 1]) || m_up1.1.conv1_1.weight
 |  0.008 | -0.129 |  0.121 |  0.066 | torch.Size([64]) || m_up1.1.conv1_1.bias
 |  0.001 | -0.221 |  0.288 |  0.049 | torch.Size([32, 32, 3, 3]) || m_up1.1.conv_block.0.weight
 | -0.002 | -0.260 |  0.337 |  0.050 | torch.Size([32, 32, 3, 3]) || m_up1.1.conv_block.2.weight
 | -12.109 | -100.000 |  0.000 | 32.624 | torch.Size([64, 64, 64]) || m_up1.1.nstb_block.attn_mask
 |  0.002 | -0.358 |  0.403 |  0.078 | torch.Size([16, 2, 8, 8]) || m_up1.1.nstb_block.ngram_window_partition.ngram_context.unigram_embed.weight
 | -0.012 | -0.083 |  0.075 |  0.045 | torch.Size([16]) || m_up1.1.nstb_block.ngram_window_partition.ngram_context.unigram_embed.bias
 |  2.011 |  2.011 |  2.011 |    nan | torch.Size([1, 1, 1]) || m_up1.1.nstb_block.ngram_window_partition.ngram_context.ngram_attn.logit_scale
 |  0.002 | -0.269 |  0.461 |  0.228 | torch.Size([9, 1]) || m_up1.1.nstb_block.ngram_window_partition.ngram_context.ngram_attn.relative_position_bias_table
 |  4.000 |  0.000 |  8.000 |  2.309 | torch.Size([4, 4]) || m_up1.1.nstb_block.ngram_window_partition.ngram_context.ngram_attn.relative_position_index
 | -0.002 | -0.472 |  0.557 |  0.174 | torch.Size([48, 16]) || m_up1.1.nstb_block.ngram_window_partition.ngram_context.ngram_attn.qkv.weight
 | -0.005 | -0.199 |  0.231 |  0.111 | torch.Size([48]) || m_up1.1.nstb_block.ngram_window_partition.ngram_context.ngram_attn.qkv.bias
 | -0.003 | -0.555 |  0.400 |  0.159 | torch.Size([16, 16]) || m_up1.1.nstb_block.ngram_window_partition.ngram_context.ngram_attn.proj.weight
 | -0.012 | -0.204 |  0.161 |  0.110 | torch.Size([16]) || m_up1.1.nstb_block.ngram_window_partition.ngram_context.ngram_attn.proj.bias
 |  0.003 | -0.340 |  0.276 |  0.105 | torch.Size([32, 32, 1, 1]) || m_up1.1.nstb_block.ngram_window_partition.ngram_context.merge.weight
 |  0.023 | -0.154 |  0.172 |  0.102 | torch.Size([32]) || m_up1.1.nstb_block.ngram_window_partition.ngram_context.merge.bias
 |  2.640 |  2.640 |  2.640 |    nan | torch.Size([1, 1, 1]) || m_up1.1.nstb_block.attn.logit_scale
 | -0.478 | -1.606 |  1.187 |  0.770 | torch.Size([225, 1]) || m_up1.1.nstb_block.attn.relative_position_bias_table
 | 112.000 |  0.000 | 224.000 | 48.719 | torch.Size([64, 64]) || m_up1.1.nstb_block.attn.relative_position_index
 |  0.004 | -0.395 |  0.424 |  0.117 | torch.Size([96, 32]) || m_up1.1.nstb_block.attn.qkv.weight
 | -0.002 | -0.176 |  0.187 |  0.087 | torch.Size([96]) || m_up1.1.nstb_block.attn.qkv.bias
 | -0.001 | -0.279 |  0.266 |  0.104 | torch.Size([32, 32]) || m_up1.1.nstb_block.attn.proj.weight
 |  0.011 | -0.177 |  0.179 |  0.096 | torch.Size([32]) || m_up1.1.nstb_block.attn.proj.bias
 |  0.965 |  0.656 |  1.026 |  0.075 | torch.Size([32]) || m_up1.1.nstb_block.norm1.weight
 |  0.001 | -0.053 |  0.035 |  0.016 | torch.Size([32]) || m_up1.1.nstb_block.norm1.bias
 | -0.001 | -0.536 |  0.351 |  0.111 | torch.Size([64, 32]) || m_up1.1.nstb_block.ffn.fc1.weight
 | -0.004 | -0.195 |  0.187 |  0.104 | torch.Size([64]) || m_up1.1.nstb_block.ffn.fc1.bias
 | -0.002 | -0.178 |  0.234 |  0.076 | torch.Size([32, 64]) || m_up1.1.nstb_block.ffn.fc2.weight
 |  0.007 | -0.130 |  0.119 |  0.077 | torch.Size([32]) || m_up1.1.nstb_block.ffn.fc2.bias
 |  0.967 |  0.820 |  1.018 |  0.057 | torch.Size([32]) || m_up1.1.nstb_block.norm2.weight
 | -0.000 | -0.032 |  0.036 |  0.014 | torch.Size([32]) || m_up1.1.nstb_block.norm2.bias
 | -0.001 | -0.228 |  0.211 |  0.074 | torch.Size([64, 64, 1, 1]) || m_up1.1.conv1_2.weight
 |  0.008 | -0.100 |  0.113 |  0.056 | torch.Size([64]) || m_up1.1.conv1_2.bias
 | -0.000 | -0.036 |  0.040 |  0.013 | torch.Size([1, 64, 3, 3]) || m_tail.0.weight

25-07-08 14:33:08.645 : TensorBoard logging to: training_results/conv_nstb/scunet_ngswin_conv_nstb/tensorboard/SCUNet_conv_nstb_li_ct_val0.1
25-07-08 14:33:08.645 : Experiment name: SCUNet_conv_nstb_li_ct_val0.1
25-07-08 14:33:08.645 : Validation split: 10.0% of training data
25-07-08 14:33:08.645 : Early stopping is disabled. Training will run for full 100 epochs.
25-07-08 14:33:08.645 : ================================================================================
25-07-08 14:33:08.645 : TEST-ONLY MODE: Skipping training, running final test evaluation
25-07-08 14:33:08.645 : ================================================================================
25-07-08 14:33:08.668 : Number of test images: 2000
25-07-08 14:33:08.668 : ================================================================================
25-07-08 14:33:08.668 : FINAL TEST EVALUATION - After 100 epochs completed
25-07-08 14:33:08.668 : ================================================================================
25-07-08 14:33:08.668 : Loading best PSNR checkpoint for final test evaluation...
25-07-08 14:33:08.668 : ------------------------------------------------------------
25-07-08 14:33:08.668 : Testing checkpoint: PSNR_E (psnr_E.pth)
25-07-08 14:33:08.668 : ------------------------------------------------------------
25-07-08 14:33:08.669 : Loading checkpoint: training_results/conv_nstb/scunet_ngswin_conv_nstb/models/psnr_E.pth
25-07-08 14:33:09.697 : Saved test image 10: training_results/conv_nstb/scunet_ngswin_conv_nstb/images/final_test_psnr_e/test_000010_PSNR_E_9.png | PSNR: 52.95dB | SSIM: 0.9968
25-07-08 14:33:10.465 : Saved test image 20: training_results/conv_nstb/scunet_ngswin_conv_nstb/images/final_test_psnr_e/test_000020_PSNR_E_9.png | PSNR: 52.29dB | SSIM: 0.9966
25-07-08 14:33:11.267 : Saved test image 30: training_results/conv_nstb/scunet_ngswin_conv_nstb/images/final_test_psnr_e/test_000030_PSNR_E_9.png | PSNR: 51.31dB | SSIM: 0.9962
25-07-08 14:33:12.050 : Saved test image 40: training_results/conv_nstb/scunet_ngswin_conv_nstb/images/final_test_psnr_e/test_000040_PSNR_E_9.png | PSNR: 53.36dB | SSIM: 0.9969
25-07-08 14:33:12.844 : Saved test image 50: training_results/conv_nstb/scunet_ngswin_conv_nstb/images/final_test_psnr_e/test_000050_PSNR_E_9.png | PSNR: 49.85dB | SSIM: 0.9953
25-07-08 14:33:13.629 : Saved test image 60: training_results/conv_nstb/scunet_ngswin_conv_nstb/images/final_test_psnr_e/test_000060_PSNR_E_9.png | PSNR: 50.38dB | SSIM: 0.9957
25-07-08 14:33:14.419 : Saved test image 70: training_results/conv_nstb/scunet_ngswin_conv_nstb/images/final_test_psnr_e/test_000070_PSNR_E_9.png | PSNR: 52.27dB | SSIM: 0.9958
25-07-08 14:33:15.196 : Saved test image 80: training_results/conv_nstb/scunet_ngswin_conv_nstb/images/final_test_psnr_e/test_000080_PSNR_E_9.png | PSNR: 51.76dB | SSIM: 0.9959
25-07-08 14:33:15.969 : Saved test image 90: training_results/conv_nstb/scunet_ngswin_conv_nstb/images/final_test_psnr_e/test_000090_PSNR_E_9.png | PSNR: 48.73dB | SSIM: 0.9944
25-07-08 14:33:16.773 : Saved test image 100: training_results/conv_nstb/scunet_ngswin_conv_nstb/images/final_test_psnr_e/test_000100_PSNR_E_9.png | PSNR: 48.23dB | SSIM: 0.9943
25-07-08 14:33:17.563 : Saved test image 110: training_results/conv_nstb/scunet_ngswin_conv_nstb/images/final_test_psnr_e/test_000110_PSNR_E_9.png | PSNR: 48.49dB | SSIM: 0.9946
25-07-08 14:33:18.361 : Saved test image 120: training_results/conv_nstb/scunet_ngswin_conv_nstb/images/final_test_psnr_e/test_000120_PSNR_E_9.png | PSNR: 48.27dB | SSIM: 0.9946
25-07-08 14:33:19.144 : Saved test image 130: training_results/conv_nstb/scunet_ngswin_conv_nstb/images/final_test_psnr_e/test_000130_PSNR_E_9.png | PSNR: 50.99dB | SSIM: 0.9958
25-07-08 14:33:19.949 : Saved test image 140: training_results/conv_nstb/scunet_ngswin_conv_nstb/images/final_test_psnr_e/test_000140_PSNR_E_9.png | PSNR: 51.25dB | SSIM: 0.9958
25-07-08 14:33:20.732 : Saved test image 150: training_results/conv_nstb/scunet_ngswin_conv_nstb/images/final_test_psnr_e/test_000150_PSNR_E_9.png | PSNR: 51.48dB | SSIM: 0.9960
25-07-08 14:33:21.512 : Saved test image 160: training_results/conv_nstb/scunet_ngswin_conv_nstb/images/final_test_psnr_e/test_000160_PSNR_E_9.png | PSNR: 53.79dB | SSIM: 0.9971
25-07-08 14:33:22.298 : Saved test image 170: training_results/conv_nstb/scunet_ngswin_conv_nstb/images/final_test_psnr_e/test_000170_PSNR_E_9.png | PSNR: 45.73dB | SSIM: 0.9935
25-07-08 14:33:23.079 : Saved test image 180: training_results/conv_nstb/scunet_ngswin_conv_nstb/images/final_test_psnr_e/test_000180_PSNR_E_9.png | PSNR: 47.42dB | SSIM: 0.9936
25-07-08 14:33:23.862 : Saved test image 190: training_results/conv_nstb/scunet_ngswin_conv_nstb/images/final_test_psnr_e/test_000190_PSNR_E_9.png | PSNR: 49.38dB | SSIM: 0.9953
25-07-08 14:33:24.645 : Saved test image 200: training_results/conv_nstb/scunet_ngswin_conv_nstb/images/final_test_psnr_e/test_000200_PSNR_E_9.png | PSNR: 49.50dB | SSIM: 0.9954
25-07-08 14:33:25.440 : Saved test image 210: training_results/conv_nstb/scunet_ngswin_conv_nstb/images/final_test_psnr_e/test_000210_PSNR_E_9.png | PSNR: 50.40dB | SSIM: 0.9957
25-07-08 14:33:26.261 : Saved test image 220: training_results/conv_nstb/scunet_ngswin_conv_nstb/images/final_test_psnr_e/test_000220_PSNR_E_9.png | PSNR: 52.00dB | SSIM: 0.9967
25-07-08 14:33:27.048 : Saved test image 230: training_results/conv_nstb/scunet_ngswin_conv_nstb/images/final_test_psnr_e/test_000230_PSNR_E_9.png | PSNR: 51.40dB | SSIM: 0.9963
25-07-08 14:33:27.846 : Saved test image 240: training_results/conv_nstb/scunet_ngswin_conv_nstb/images/final_test_psnr_e/test_000240_PSNR_E_9.png | PSNR: 50.54dB | SSIM: 0.9958
25-07-08 14:33:28.657 : Saved test image 250: training_results/conv_nstb/scunet_ngswin_conv_nstb/images/final_test_psnr_e/test_000250_PSNR_E_9.png | PSNR: 49.71dB | SSIM: 0.9958
25-07-08 14:33:29.440 : Saved test image 260: training_results/conv_nstb/scunet_ngswin_conv_nstb/images/final_test_psnr_e/test_000260_PSNR_E_9.png | PSNR: 49.13dB | SSIM: 0.9957
25-07-08 14:33:30.231 : Saved test image 270: training_results/conv_nstb/scunet_ngswin_conv_nstb/images/final_test_psnr_e/test_000270_PSNR_E_9.png | PSNR: 51.20dB | SSIM: 0.9965
25-07-08 14:33:31.014 : Saved test image 280: training_results/conv_nstb/scunet_ngswin_conv_nstb/images/final_test_psnr_e/test_000280_PSNR_E_9.png | PSNR: 50.23dB | SSIM: 0.9960
25-07-08 14:33:31.791 : Saved test image 290: training_results/conv_nstb/scunet_ngswin_conv_nstb/images/final_test_psnr_e/test_000290_PSNR_E_9.png | PSNR: 51.37dB | SSIM: 0.9963
25-07-08 14:33:32.570 : Saved test image 300: training_results/conv_nstb/scunet_ngswin_conv_nstb/images/final_test_psnr_e/test_000300_PSNR_E_9.png | PSNR: 49.54dB | SSIM: 0.9952
25-07-08 14:33:33.352 : Saved test image 310: training_results/conv_nstb/scunet_ngswin_conv_nstb/images/final_test_psnr_e/test_000310_PSNR_E_9.png | PSNR: 50.24dB | SSIM: 0.9960
25-07-08 14:33:34.139 : Saved test image 320: training_results/conv_nstb/scunet_ngswin_conv_nstb/images/final_test_psnr_e/test_000320_PSNR_E_9.png | PSNR: 51.27dB | SSIM: 0.9965
25-07-08 14:33:34.921 : Saved test image 330: training_results/conv_nstb/scunet_ngswin_conv_nstb/images/final_test_psnr_e/test_000330_PSNR_E_9.png | PSNR: 52.56dB | SSIM: 0.9967
25-07-08 14:33:35.698 : Saved test image 340: training_results/conv_nstb/scunet_ngswin_conv_nstb/images/final_test_psnr_e/test_000340_PSNR_E_9.png | PSNR: 51.46dB | SSIM: 0.9964
25-07-08 14:33:36.484 : Saved test image 350: training_results/conv_nstb/scunet_ngswin_conv_nstb/images/final_test_psnr_e/test_000350_PSNR_E_9.png | PSNR: 49.19dB | SSIM: 0.9946
25-07-08 14:33:37.286 : Saved test image 360: training_results/conv_nstb/scunet_ngswin_conv_nstb/images/final_test_psnr_e/test_000360_PSNR_E_9.png | PSNR: 49.50dB | SSIM: 0.9949
25-07-08 14:33:38.094 : Saved test image 370: training_results/conv_nstb/scunet_ngswin_conv_nstb/images/final_test_psnr_e/test_000370_PSNR_E_9.png | PSNR: 49.45dB | SSIM: 0.9948
25-07-08 14:33:38.942 : Saved test image 380: training_results/conv_nstb/scunet_ngswin_conv_nstb/images/final_test_psnr_e/test_000380_PSNR_E_9.png | PSNR: 49.78dB | SSIM: 0.9953
25-07-08 14:33:39.740 : Saved test image 390: training_results/conv_nstb/scunet_ngswin_conv_nstb/images/final_test_psnr_e/test_000390_PSNR_E_9.png | PSNR: 49.33dB | SSIM: 0.9950
25-07-08 14:33:40.546 : Saved test image 400: training_results/conv_nstb/scunet_ngswin_conv_nstb/images/final_test_psnr_e/test_000400_PSNR_E_9.png | PSNR: 50.01dB | SSIM: 0.9956
25-07-08 14:33:41.356 : Saved test image 410: training_results/conv_nstb/scunet_ngswin_conv_nstb/images/final_test_psnr_e/test_000410_PSNR_E_9.png | PSNR: 47.05dB | SSIM: 0.9904
25-07-08 14:33:42.152 : Saved test image 420: training_results/conv_nstb/scunet_ngswin_conv_nstb/images/final_test_psnr_e/test_000420_PSNR_E_9.png | PSNR: 45.48dB | SSIM: 0.9917
25-07-08 14:33:42.937 : Saved test image 430: training_results/conv_nstb/scunet_ngswin_conv_nstb/images/final_test_psnr_e/test_000430_PSNR_E_9.png | PSNR: 48.77dB | SSIM: 0.9945
25-07-08 14:33:43.759 : Saved test image 440: training_results/conv_nstb/scunet_ngswin_conv_nstb/images/final_test_psnr_e/test_000440_PSNR_E_9.png | PSNR: 48.81dB | SSIM: 0.9940
25-07-08 14:33:44.545 : Saved test image 450: training_results/conv_nstb/scunet_ngswin_conv_nstb/images/final_test_psnr_e/test_000450_PSNR_E_9.png | PSNR: 46.67dB | SSIM: 0.9912
25-07-08 14:33:45.349 : Saved test image 460: training_results/conv_nstb/scunet_ngswin_conv_nstb/images/final_test_psnr_e/test_000460_PSNR_E_9.png | PSNR: 43.60dB | SSIM: 0.9907
25-07-08 14:33:46.137 : Saved test image 470: training_results/conv_nstb/scunet_ngswin_conv_nstb/images/final_test_psnr_e/test_000470_PSNR_E_9.png | PSNR: 49.35dB | SSIM: 0.9945
25-07-08 14:33:46.934 : Saved test image 480: training_results/conv_nstb/scunet_ngswin_conv_nstb/images/final_test_psnr_e/test_000480_PSNR_E_9.png | PSNR: 46.15dB | SSIM: 0.9924
25-07-08 14:33:47.715 : Saved test image 490: training_results/conv_nstb/scunet_ngswin_conv_nstb/images/final_test_psnr_e/test_000490_PSNR_E_9.png | PSNR: 49.16dB | SSIM: 0.9935
25-07-08 14:33:48.540 : Saved test image 500: training_results/conv_nstb/scunet_ngswin_conv_nstb/images/final_test_psnr_e/test_000500_PSNR_E_9.png | PSNR: 50.16dB | SSIM: 0.9940
25-07-08 14:33:49.360 : Saved test image 510: training_results/conv_nstb/scunet_ngswin_conv_nstb/images/final_test_psnr_e/test_000510_PSNR_E_9.png | PSNR: 48.97dB | SSIM: 0.9955
25-07-08 14:33:50.171 : Saved test image 520: training_results/conv_nstb/scunet_ngswin_conv_nstb/images/final_test_psnr_e/test_000520_PSNR_E_9.png | PSNR: 51.85dB | SSIM: 0.9965
25-07-08 14:33:50.971 : Saved test image 530: training_results/conv_nstb/scunet_ngswin_conv_nstb/images/final_test_psnr_e/test_000530_PSNR_E_9.png | PSNR: 47.98dB | SSIM: 0.9915
25-07-08 14:33:51.755 : Saved test image 540: training_results/conv_nstb/scunet_ngswin_conv_nstb/images/final_test_psnr_e/test_000540_PSNR_E_9.png | PSNR: 49.04dB | SSIM: 0.9932
25-07-08 14:33:52.566 : Saved test image 550: training_results/conv_nstb/scunet_ngswin_conv_nstb/images/final_test_psnr_e/test_000550_PSNR_E_9.png | PSNR: 46.79dB | SSIM: 0.9943
25-07-08 14:33:53.342 : Saved test image 560: training_results/conv_nstb/scunet_ngswin_conv_nstb/images/final_test_psnr_e/test_000560_PSNR_E_9.png | PSNR: 45.32dB | SSIM: 0.9895
25-07-08 14:33:54.143 : Saved test image 570: training_results/conv_nstb/scunet_ngswin_conv_nstb/images/final_test_psnr_e/test_000570_PSNR_E_9.png | PSNR: 48.17dB | SSIM: 0.9938
25-07-08 14:33:54.946 : Saved test image 580: training_results/conv_nstb/scunet_ngswin_conv_nstb/images/final_test_psnr_e/test_000580_PSNR_E_9.png | PSNR: 49.56dB | SSIM: 0.9949
25-07-08 14:33:55.787 : Saved test image 590: training_results/conv_nstb/scunet_ngswin_conv_nstb/images/final_test_psnr_e/test_000590_PSNR_E_9.png | PSNR: 49.54dB | SSIM: 0.9952
25-07-08 14:33:56.580 : Saved test image 600: training_results/conv_nstb/scunet_ngswin_conv_nstb/images/final_test_psnr_e/test_000600_PSNR_E_9.png | PSNR: 50.58dB | SSIM: 0.9954
25-07-08 14:33:57.378 : Saved test image 610: training_results/conv_nstb/scunet_ngswin_conv_nstb/images/final_test_psnr_e/test_000610_PSNR_E_9.png | PSNR: 48.83dB | SSIM: 0.9948
25-07-08 14:33:58.178 : Saved test image 620: training_results/conv_nstb/scunet_ngswin_conv_nstb/images/final_test_psnr_e/test_000620_PSNR_E_9.png | PSNR: 49.46dB | SSIM: 0.9952
25-07-08 14:33:58.974 : Saved test image 630: training_results/conv_nstb/scunet_ngswin_conv_nstb/images/final_test_psnr_e/test_000630_PSNR_E_9.png | PSNR: 50.35dB | SSIM: 0.9963
25-07-08 14:33:59.811 : Saved test image 640: training_results/conv_nstb/scunet_ngswin_conv_nstb/images/final_test_psnr_e/test_000640_PSNR_E_9.png | PSNR: 47.75dB | SSIM: 0.9946
25-07-08 14:34:00.616 : Saved test image 650: training_results/conv_nstb/scunet_ngswin_conv_nstb/images/final_test_psnr_e/test_000650_PSNR_E_9.png | PSNR: 52.95dB | SSIM: 0.9963
25-07-08 14:34:01.411 : Saved test image 660: training_results/conv_nstb/scunet_ngswin_conv_nstb/images/final_test_psnr_e/test_000660_PSNR_E_9.png | PSNR: 52.10dB | SSIM: 0.9959
25-07-08 14:34:02.205 : Saved test image 670: training_results/conv_nstb/scunet_ngswin_conv_nstb/images/final_test_psnr_e/test_000670_PSNR_E_9.png | PSNR: 52.40dB | SSIM: 0.9961
25-07-08 14:34:03.019 : Saved test image 680: training_results/conv_nstb/scunet_ngswin_conv_nstb/images/final_test_psnr_e/test_000680_PSNR_E_9.png | PSNR: 52.68dB | SSIM: 0.9963
25-07-08 14:34:03.807 : Saved test image 690: training_results/conv_nstb/scunet_ngswin_conv_nstb/images/final_test_psnr_e/test_000690_PSNR_E_9.png | PSNR: 52.13dB | SSIM: 0.9962
25-07-08 14:34:04.619 : Saved test image 700: training_results/conv_nstb/scunet_ngswin_conv_nstb/images/final_test_psnr_e/test_000700_PSNR_E_9.png | PSNR: 52.12dB | SSIM: 0.9961
25-07-08 14:34:05.418 : Saved test image 710: training_results/conv_nstb/scunet_ngswin_conv_nstb/images/final_test_psnr_e/test_000710_PSNR_E_9.png | PSNR: 51.55dB | SSIM: 0.9959
25-07-08 14:34:06.210 : Saved test image 720: training_results/conv_nstb/scunet_ngswin_conv_nstb/images/final_test_psnr_e/test_000720_PSNR_E_9.png | PSNR: 53.84dB | SSIM: 0.9973
25-07-08 14:34:07.001 : Saved test image 730: training_results/conv_nstb/scunet_ngswin_conv_nstb/images/final_test_psnr_e/test_000730_PSNR_E_9.png | PSNR: 52.94dB | SSIM: 0.9970
25-07-08 14:34:07.797 : Saved test image 740: training_results/conv_nstb/scunet_ngswin_conv_nstb/images/final_test_psnr_e/test_000740_PSNR_E_9.png | PSNR: 49.90dB | SSIM: 0.9945
25-07-08 14:34:08.605 : Saved test image 750: training_results/conv_nstb/scunet_ngswin_conv_nstb/images/final_test_psnr_e/test_000750_PSNR_E_9.png | PSNR: 49.44dB | SSIM: 0.9932
25-07-08 14:34:09.393 : Saved test image 760: training_results/conv_nstb/scunet_ngswin_conv_nstb/images/final_test_psnr_e/test_000760_PSNR_E_9.png | PSNR: 49.26dB | SSIM: 0.9937
25-07-08 14:34:10.199 : Saved test image 770: training_results/conv_nstb/scunet_ngswin_conv_nstb/images/final_test_psnr_e/test_000770_PSNR_E_9.png | PSNR: 49.96dB | SSIM: 0.9945
25-07-08 14:34:11.110 : Saved test image 780: training_results/conv_nstb/scunet_ngswin_conv_nstb/images/final_test_psnr_e/test_000780_PSNR_E_9.png | PSNR: 50.10dB | SSIM: 0.9945
25-07-08 14:34:11.913 : Saved test image 790: training_results/conv_nstb/scunet_ngswin_conv_nstb/images/final_test_psnr_e/test_000790_PSNR_E_9.png | PSNR: 49.23dB | SSIM: 0.9940
25-07-08 14:34:12.732 : Saved test image 800: training_results/conv_nstb/scunet_ngswin_conv_nstb/images/final_test_psnr_e/test_000800_PSNR_E_9.png | PSNR: 50.12dB | SSIM: 0.9952
25-07-08 14:34:13.561 : Saved test image 810: training_results/conv_nstb/scunet_ngswin_conv_nstb/images/final_test_psnr_e/test_000810_PSNR_E_9.png | PSNR: 47.25dB | SSIM: 0.9944
25-07-08 14:34:14.364 : Saved test image 820: training_results/conv_nstb/scunet_ngswin_conv_nstb/images/final_test_psnr_e/test_000820_PSNR_E_9.png | PSNR: 48.70dB | SSIM: 0.9942
25-07-08 14:34:15.172 : Saved test image 830: training_results/conv_nstb/scunet_ngswin_conv_nstb/images/final_test_psnr_e/test_000830_PSNR_E_9.png | PSNR: 49.06dB | SSIM: 0.9929
25-07-08 14:34:15.971 : Saved test image 840: training_results/conv_nstb/scunet_ngswin_conv_nstb/images/final_test_psnr_e/test_000840_PSNR_E_9.png | PSNR: 48.25dB | SSIM: 0.9949
25-07-08 14:34:16.767 : Saved test image 850: training_results/conv_nstb/scunet_ngswin_conv_nstb/images/final_test_psnr_e/test_000850_PSNR_E_9.png | PSNR: 49.14dB | SSIM: 0.9949
25-07-08 14:34:17.568 : Saved test image 860: training_results/conv_nstb/scunet_ngswin_conv_nstb/images/final_test_psnr_e/test_000860_PSNR_E_9.png | PSNR: 50.13dB | SSIM: 0.9952
25-07-08 14:34:18.369 : Saved test image 870: training_results/conv_nstb/scunet_ngswin_conv_nstb/images/final_test_psnr_e/test_000870_PSNR_E_9.png | PSNR: 49.20dB | SSIM: 0.9941
25-07-08 14:34:19.175 : Saved test image 880: training_results/conv_nstb/scunet_ngswin_conv_nstb/images/final_test_psnr_e/test_000880_PSNR_E_9.png | PSNR: 46.54dB | SSIM: 0.9921
25-07-08 14:34:19.970 : Saved test image 890: training_results/conv_nstb/scunet_ngswin_conv_nstb/images/final_test_psnr_e/test_000890_PSNR_E_9.png | PSNR: 48.05dB | SSIM: 0.9923
25-07-08 14:34:20.753 : Saved test image 900: training_results/conv_nstb/scunet_ngswin_conv_nstb/images/final_test_psnr_e/test_000900_PSNR_E_9.png | PSNR: 46.75dB | SSIM: 0.9920
25-07-08 14:34:21.553 : Saved test image 910: training_results/conv_nstb/scunet_ngswin_conv_nstb/images/final_test_psnr_e/test_000910_PSNR_E_9.png | PSNR: 47.02dB | SSIM: 0.9932
25-07-08 14:34:22.358 : Saved test image 920: training_results/conv_nstb/scunet_ngswin_conv_nstb/images/final_test_psnr_e/test_000920_PSNR_E_9.png | PSNR: 48.52dB | SSIM: 0.9941
25-07-08 14:34:23.183 : Saved test image 930: training_results/conv_nstb/scunet_ngswin_conv_nstb/images/final_test_psnr_e/test_000930_PSNR_E_9.png | PSNR: 49.36dB | SSIM: 0.9938
25-07-08 14:34:24.022 : Saved test image 940: training_results/conv_nstb/scunet_ngswin_conv_nstb/images/final_test_psnr_e/test_000940_PSNR_E_9.png | PSNR: 46.19dB | SSIM: 0.9911
25-07-08 14:34:24.841 : Saved test image 950: training_results/conv_nstb/scunet_ngswin_conv_nstb/images/final_test_psnr_e/test_000950_PSNR_E_9.png | PSNR: 47.53dB | SSIM: 0.9921
25-07-08 14:34:25.703 : Saved test image 960: training_results/conv_nstb/scunet_ngswin_conv_nstb/images/final_test_psnr_e/test_000960_PSNR_E_9.png | PSNR: 47.34dB | SSIM: 0.9933
25-07-08 14:34:26.546 : Saved test image 970: training_results/conv_nstb/scunet_ngswin_conv_nstb/images/final_test_psnr_e/test_000970_PSNR_E_9.png | PSNR: 45.02dB | SSIM: 0.9904
25-07-08 14:34:27.375 : Saved test image 980: training_results/conv_nstb/scunet_ngswin_conv_nstb/images/final_test_psnr_e/test_000980_PSNR_E_9.png | PSNR: 48.20dB | SSIM: 0.9942
25-07-08 14:34:28.201 : Saved test image 990: training_results/conv_nstb/scunet_ngswin_conv_nstb/images/final_test_psnr_e/test_000990_PSNR_E_9.png | PSNR: 54.04dB | SSIM: 0.9969
25-07-08 14:34:29.005 : Saved test image 1000: training_results/conv_nstb/scunet_ngswin_conv_nstb/images/final_test_psnr_e/test_001000_PSNR_E_9.png | PSNR: 53.27dB | SSIM: 0.9965
25-07-08 14:34:29.814 : Saved test image 1010: training_results/conv_nstb/scunet_ngswin_conv_nstb/images/final_test_psnr_e/test_001010_PSNR_E_9.png | PSNR: 52.41dB | SSIM: 0.9960
25-07-08 14:34:30.752 : Saved test image 1020: training_results/conv_nstb/scunet_ngswin_conv_nstb/images/final_test_psnr_e/test_001020_PSNR_E_9.png | PSNR: 52.20dB | SSIM: 0.9958
25-07-08 14:34:31.585 : Saved test image 1030: training_results/conv_nstb/scunet_ngswin_conv_nstb/images/final_test_psnr_e/test_001030_PSNR_E_9.png | PSNR: 50.95dB | SSIM: 0.9958
25-07-08 14:34:32.388 : Saved test image 1040: training_results/conv_nstb/scunet_ngswin_conv_nstb/images/final_test_psnr_e/test_001040_PSNR_E_9.png | PSNR: 52.17dB | SSIM: 0.9959
25-07-08 14:34:33.190 : Saved test image 1050: training_results/conv_nstb/scunet_ngswin_conv_nstb/images/final_test_psnr_e/test_001050_PSNR_E_9.png | PSNR: 51.69dB | SSIM: 0.9958
25-07-08 14:34:33.989 : Saved test image 1060: training_results/conv_nstb/scunet_ngswin_conv_nstb/images/final_test_psnr_e/test_001060_PSNR_E_9.png | PSNR: 50.34dB | SSIM: 0.9951
25-07-08 14:34:34.802 : Saved test image 1070: training_results/conv_nstb/scunet_ngswin_conv_nstb/images/final_test_psnr_e/test_001070_PSNR_E_9.png | PSNR: 50.64dB | SSIM: 0.9953
25-07-08 14:34:35.637 : Saved test image 1080: training_results/conv_nstb/scunet_ngswin_conv_nstb/images/final_test_psnr_e/test_001080_PSNR_E_9.png | PSNR: 49.98dB | SSIM: 0.9949
25-07-08 14:34:36.463 : Saved test image 1090: training_results/conv_nstb/scunet_ngswin_conv_nstb/images/final_test_psnr_e/test_001090_PSNR_E_9.png | PSNR: 51.40dB | SSIM: 0.9956
25-07-08 14:34:37.305 : Saved test image 1100: training_results/conv_nstb/scunet_ngswin_conv_nstb/images/final_test_psnr_e/test_001100_PSNR_E_9.png | PSNR: 53.05dB | SSIM: 0.9963
25-07-08 14:34:38.144 : Saved test image 1110: training_results/conv_nstb/scunet_ngswin_conv_nstb/images/final_test_psnr_e/test_001110_PSNR_E_9.png | PSNR: 51.49dB | SSIM: 0.9961
25-07-08 14:34:39.008 : Saved test image 1120: training_results/conv_nstb/scunet_ngswin_conv_nstb/images/final_test_psnr_e/test_001120_PSNR_E_9.png | PSNR: 52.45dB | SSIM: 0.9961
25-07-08 14:34:39.875 : Saved test image 1130: training_results/conv_nstb/scunet_ngswin_conv_nstb/images/final_test_psnr_e/test_001130_PSNR_E_9.png | PSNR: 52.99dB | SSIM: 0.9965
25-07-08 14:34:40.700 : Saved test image 1140: training_results/conv_nstb/scunet_ngswin_conv_nstb/images/final_test_psnr_e/test_001140_PSNR_E_9.png | PSNR: 54.30dB | SSIM: 0.9973
25-07-08 14:34:41.524 : Saved test image 1150: training_results/conv_nstb/scunet_ngswin_conv_nstb/images/final_test_psnr_e/test_001150_PSNR_E_9.png | PSNR: 52.01dB | SSIM: 0.9961
25-07-08 14:34:42.338 : Saved test image 1160: training_results/conv_nstb/scunet_ngswin_conv_nstb/images/final_test_psnr_e/test_001160_PSNR_E_9.png | PSNR: 49.61dB | SSIM: 0.9952
25-07-08 14:34:43.160 : Saved test image 1170: training_results/conv_nstb/scunet_ngswin_conv_nstb/images/final_test_psnr_e/test_001170_PSNR_E_9.png | PSNR: 49.85dB | SSIM: 0.9949
25-07-08 14:34:43.998 : Saved test image 1180: training_results/conv_nstb/scunet_ngswin_conv_nstb/images/final_test_psnr_e/test_001180_PSNR_E_9.png | PSNR: 51.06dB | SSIM: 0.9954
25-07-08 14:34:44.816 : Saved test image 1190: training_results/conv_nstb/scunet_ngswin_conv_nstb/images/final_test_psnr_e/test_001190_PSNR_E_9.png | PSNR: 51.11dB | SSIM: 0.9966
25-07-08 14:34:45.619 : Saved test image 1200: training_results/conv_nstb/scunet_ngswin_conv_nstb/images/final_test_psnr_e/test_001200_PSNR_E_9.png | PSNR: 53.52dB | SSIM: 0.9970
25-07-08 14:34:46.424 : Saved test image 1210: training_results/conv_nstb/scunet_ngswin_conv_nstb/images/final_test_psnr_e/test_001210_PSNR_E_9.png | PSNR: 53.88dB | SSIM: 0.9970
25-07-08 14:34:47.237 : Saved test image 1220: training_results/conv_nstb/scunet_ngswin_conv_nstb/images/final_test_psnr_e/test_001220_PSNR_E_9.png | PSNR: 53.09dB | SSIM: 0.9966
25-07-08 14:34:48.035 : Saved test image 1230: training_results/conv_nstb/scunet_ngswin_conv_nstb/images/final_test_psnr_e/test_001230_PSNR_E_9.png | PSNR: 53.68dB | SSIM: 0.9968
25-07-08 14:34:48.841 : Saved test image 1240: training_results/conv_nstb/scunet_ngswin_conv_nstb/images/final_test_psnr_e/test_001240_PSNR_E_9.png | PSNR: 52.32dB | SSIM: 0.9963
25-07-08 14:34:49.660 : Saved test image 1250: training_results/conv_nstb/scunet_ngswin_conv_nstb/images/final_test_psnr_e/test_001250_PSNR_E_9.png | PSNR: 52.15dB | SSIM: 0.9964
25-07-08 14:34:50.463 : Saved test image 1260: training_results/conv_nstb/scunet_ngswin_conv_nstb/images/final_test_psnr_e/test_001260_PSNR_E_9.png | PSNR: 52.92dB | SSIM: 0.9965
25-07-08 14:34:51.273 : Saved test image 1270: training_results/conv_nstb/scunet_ngswin_conv_nstb/images/final_test_psnr_e/test_001270_PSNR_E_9.png | PSNR: 53.32dB | SSIM: 0.9968
25-07-08 14:34:52.089 : Saved test image 1280: training_results/conv_nstb/scunet_ngswin_conv_nstb/images/final_test_psnr_e/test_001280_PSNR_E_9.png | PSNR: 52.14dB | SSIM: 0.9962
25-07-08 14:34:52.898 : Saved test image 1290: training_results/conv_nstb/scunet_ngswin_conv_nstb/images/final_test_psnr_e/test_001290_PSNR_E_9.png | PSNR: 52.59dB | SSIM: 0.9965
25-07-08 14:34:53.731 : Saved test image 1300: training_results/conv_nstb/scunet_ngswin_conv_nstb/images/final_test_psnr_e/test_001300_PSNR_E_9.png | PSNR: 49.27dB | SSIM: 0.9920
25-07-08 14:34:54.548 : Saved test image 1310: training_results/conv_nstb/scunet_ngswin_conv_nstb/images/final_test_psnr_e/test_001310_PSNR_E_9.png | PSNR: 49.59dB | SSIM: 0.9949
25-07-08 14:34:55.356 : Saved test image 1320: training_results/conv_nstb/scunet_ngswin_conv_nstb/images/final_test_psnr_e/test_001320_PSNR_E_9.png | PSNR: 50.46dB | SSIM: 0.9944
25-07-08 14:34:56.167 : Saved test image 1330: training_results/conv_nstb/scunet_ngswin_conv_nstb/images/final_test_psnr_e/test_001330_PSNR_E_9.png | PSNR: 46.99dB | SSIM: 0.9929
25-07-08 14:34:56.968 : Saved test image 1340: training_results/conv_nstb/scunet_ngswin_conv_nstb/images/final_test_psnr_e/test_001340_PSNR_E_9.png | PSNR: 47.53dB | SSIM: 0.9942
25-07-08 14:34:57.767 : Saved test image 1350: training_results/conv_nstb/scunet_ngswin_conv_nstb/images/final_test_psnr_e/test_001350_PSNR_E_9.png | PSNR: 54.48dB | SSIM: 0.9970
25-07-08 14:34:58.598 : Saved test image 1360: training_results/conv_nstb/scunet_ngswin_conv_nstb/images/final_test_psnr_e/test_001360_PSNR_E_9.png | PSNR: 50.53dB | SSIM: 0.9952
25-07-08 14:34:59.396 : Saved test image 1370: training_results/conv_nstb/scunet_ngswin_conv_nstb/images/final_test_psnr_e/test_001370_PSNR_E_9.png | PSNR: 49.53dB | SSIM: 0.9951
25-07-08 14:35:00.204 : Saved test image 1380: training_results/conv_nstb/scunet_ngswin_conv_nstb/images/final_test_psnr_e/test_001380_PSNR_E_9.png | PSNR: 50.86dB | SSIM: 0.9966
25-07-08 14:35:01.015 : Saved test image 1390: training_results/conv_nstb/scunet_ngswin_conv_nstb/images/final_test_psnr_e/test_001390_PSNR_E_9.png | PSNR: 52.30dB | SSIM: 0.9965
25-07-08 14:35:01.837 : Saved test image 1400: training_results/conv_nstb/scunet_ngswin_conv_nstb/images/final_test_psnr_e/test_001400_PSNR_E_9.png | PSNR: 50.13dB | SSIM: 0.9953
25-07-08 14:35:02.660 : Saved test image 1410: training_results/conv_nstb/scunet_ngswin_conv_nstb/images/final_test_psnr_e/test_001410_PSNR_E_9.png | PSNR: 50.17dB | SSIM: 0.9951
25-07-08 14:35:03.491 : Saved test image 1420: training_results/conv_nstb/scunet_ngswin_conv_nstb/images/final_test_psnr_e/test_001420_PSNR_E_9.png | PSNR: 51.23dB | SSIM: 0.9957
25-07-08 14:35:04.306 : Saved test image 1430: training_results/conv_nstb/scunet_ngswin_conv_nstb/images/final_test_psnr_e/test_001430_PSNR_E_9.png | PSNR: 52.17dB | SSIM: 0.9957
25-07-08 14:35:05.115 : Saved test image 1440: training_results/conv_nstb/scunet_ngswin_conv_nstb/images/final_test_psnr_e/test_001440_PSNR_E_9.png | PSNR: 53.08dB | SSIM: 0.9964
25-07-08 14:35:05.925 : Saved test image 1450: training_results/conv_nstb/scunet_ngswin_conv_nstb/images/final_test_psnr_e/test_001450_PSNR_E_9.png | PSNR: 53.07dB | SSIM: 0.9961
25-07-08 14:35:06.724 : Saved test image 1460: training_results/conv_nstb/scunet_ngswin_conv_nstb/images/final_test_psnr_e/test_001460_PSNR_E_9.png | PSNR: 53.97dB | SSIM: 0.9966
25-07-08 14:35:07.523 : Saved test image 1470: training_results/conv_nstb/scunet_ngswin_conv_nstb/images/final_test_psnr_e/test_001470_PSNR_E_9.png | PSNR: 53.85dB | SSIM: 0.9965
25-07-08 14:35:08.322 : Saved test image 1480: training_results/conv_nstb/scunet_ngswin_conv_nstb/images/final_test_psnr_e/test_001480_PSNR_E_9.png | PSNR: 53.58dB | SSIM: 0.9965
25-07-08 14:35:09.126 : Saved test image 1490: training_results/conv_nstb/scunet_ngswin_conv_nstb/images/final_test_psnr_e/test_001490_PSNR_E_9.png | PSNR: 54.12dB | SSIM: 0.9966
25-07-08 14:35:09.931 : Saved test image 1500: training_results/conv_nstb/scunet_ngswin_conv_nstb/images/final_test_psnr_e/test_001500_PSNR_E_9.png | PSNR: 53.51dB | SSIM: 0.9972
25-07-08 14:35:10.787 : Saved test image 1510: training_results/conv_nstb/scunet_ngswin_conv_nstb/images/final_test_psnr_e/test_001510_PSNR_E_9.png | PSNR: 53.19dB | SSIM: 0.9970
25-07-08 14:35:11.662 : Saved test image 1520: training_results/conv_nstb/scunet_ngswin_conv_nstb/images/final_test_psnr_e/test_001520_PSNR_E_9.png | PSNR: 49.22dB | SSIM: 0.9948
25-07-08 14:35:12.481 : Saved test image 1530: training_results/conv_nstb/scunet_ngswin_conv_nstb/images/final_test_psnr_e/test_001530_PSNR_E_9.png | PSNR: 47.96dB | SSIM: 0.9926
25-07-08 14:35:13.299 : Saved test image 1540: training_results/conv_nstb/scunet_ngswin_conv_nstb/images/final_test_psnr_e/test_001540_PSNR_E_9.png | PSNR: 48.25dB | SSIM: 0.9934
25-07-08 14:35:14.126 : Saved test image 1550: training_results/conv_nstb/scunet_ngswin_conv_nstb/images/final_test_psnr_e/test_001550_PSNR_E_9.png | PSNR: 48.07dB | SSIM: 0.9942
25-07-08 14:35:14.942 : Saved test image 1560: training_results/conv_nstb/scunet_ngswin_conv_nstb/images/final_test_psnr_e/test_001560_PSNR_E_9.png | PSNR: 49.62dB | SSIM: 0.9952
25-07-08 14:35:15.763 : Saved test image 1570: training_results/conv_nstb/scunet_ngswin_conv_nstb/images/final_test_psnr_e/test_001570_PSNR_E_9.png | PSNR: 47.56dB | SSIM: 0.9919
25-07-08 14:35:16.591 : Saved test image 1580: training_results/conv_nstb/scunet_ngswin_conv_nstb/images/final_test_psnr_e/test_001580_PSNR_E_9.png | PSNR: 48.66dB | SSIM: 0.9952
25-07-08 14:35:17.436 : Saved test image 1590: training_results/conv_nstb/scunet_ngswin_conv_nstb/images/final_test_psnr_e/test_001590_PSNR_E_9.png | PSNR: 49.18dB | SSIM: 0.9953
25-07-08 14:35:18.266 : Saved test image 1600: training_results/conv_nstb/scunet_ngswin_conv_nstb/images/final_test_psnr_e/test_001600_PSNR_E_9.png | PSNR: 48.68dB | SSIM: 0.9949
25-07-08 14:35:19.083 : Saved test image 1610: training_results/conv_nstb/scunet_ngswin_conv_nstb/images/final_test_psnr_e/test_001610_PSNR_E_9.png | PSNR: 49.37dB | SSIM: 0.9946
25-07-08 14:35:19.915 : Saved test image 1620: training_results/conv_nstb/scunet_ngswin_conv_nstb/images/final_test_psnr_e/test_001620_PSNR_E_9.png | PSNR: 50.75dB | SSIM: 0.9955
25-07-08 14:35:20.747 : Saved test image 1630: training_results/conv_nstb/scunet_ngswin_conv_nstb/images/final_test_psnr_e/test_001630_PSNR_E_9.png | PSNR: 48.79dB | SSIM: 0.9941
25-07-08 14:35:21.586 : Saved test image 1640: training_results/conv_nstb/scunet_ngswin_conv_nstb/images/final_test_psnr_e/test_001640_PSNR_E_9.png | PSNR: 48.45dB | SSIM: 0.9935
25-07-08 14:35:22.406 : Saved test image 1650: training_results/conv_nstb/scunet_ngswin_conv_nstb/images/final_test_psnr_e/test_001650_PSNR_E_9.png | PSNR: 47.79dB | SSIM: 0.9937
25-07-08 14:35:23.222 : Saved test image 1660: training_results/conv_nstb/scunet_ngswin_conv_nstb/images/final_test_psnr_e/test_001660_PSNR_E_9.png | PSNR: 48.23dB | SSIM: 0.9942
25-07-08 14:35:24.041 : Saved test image 1670: training_results/conv_nstb/scunet_ngswin_conv_nstb/images/final_test_psnr_e/test_001670_PSNR_E_9.png | PSNR: 48.67dB | SSIM: 0.9948
25-07-08 14:35:24.866 : Saved test image 1680: training_results/conv_nstb/scunet_ngswin_conv_nstb/images/final_test_psnr_e/test_001680_PSNR_E_9.png | PSNR: 49.99dB | SSIM: 0.9959
25-07-08 14:35:25.681 : Saved test image 1690: training_results/conv_nstb/scunet_ngswin_conv_nstb/images/final_test_psnr_e/test_001690_PSNR_E_9.png | PSNR: 55.45dB | SSIM: 0.9979
25-07-08 14:35:26.498 : Saved test image 1700: training_results/conv_nstb/scunet_ngswin_conv_nstb/images/final_test_psnr_e/test_001700_PSNR_E_9.png | PSNR: 51.22dB | SSIM: 0.9940
25-07-08 14:35:27.333 : Saved test image 1710: training_results/conv_nstb/scunet_ngswin_conv_nstb/images/final_test_psnr_e/test_001710_PSNR_E_9.png | PSNR: 54.23dB | SSIM: 0.9962
25-07-08 14:35:28.165 : Saved test image 1720: training_results/conv_nstb/scunet_ngswin_conv_nstb/images/final_test_psnr_e/test_001720_PSNR_E_9.png | PSNR: 50.84dB | SSIM: 0.9958
25-07-08 14:35:29.001 : Saved test image 1730: training_results/conv_nstb/scunet_ngswin_conv_nstb/images/final_test_psnr_e/test_001730_PSNR_E_9.png | PSNR: 49.27dB | SSIM: 0.9949
25-07-08 14:35:29.823 : Saved test image 1740: training_results/conv_nstb/scunet_ngswin_conv_nstb/images/final_test_psnr_e/test_001740_PSNR_E_9.png | PSNR: 48.63dB | SSIM: 0.9942
25-07-08 14:35:30.649 : Saved test image 1750: training_results/conv_nstb/scunet_ngswin_conv_nstb/images/final_test_psnr_e/test_001750_PSNR_E_9.png | PSNR: 49.11dB | SSIM: 0.9944
25-07-08 14:35:31.465 : Saved test image 1760: training_results/conv_nstb/scunet_ngswin_conv_nstb/images/final_test_psnr_e/test_001760_PSNR_E_9.png | PSNR: 48.54dB | SSIM: 0.9934
25-07-08 14:35:32.283 : Saved test image 1770: training_results/conv_nstb/scunet_ngswin_conv_nstb/images/final_test_psnr_e/test_001770_PSNR_E_9.png | PSNR: 48.35dB | SSIM: 0.9939
25-07-08 14:35:33.110 : Saved test image 1780: training_results/conv_nstb/scunet_ngswin_conv_nstb/images/final_test_psnr_e/test_001780_PSNR_E_9.png | PSNR: 49.47dB | SSIM: 0.9943
25-07-08 14:35:33.934 : Saved test image 1790: training_results/conv_nstb/scunet_ngswin_conv_nstb/images/final_test_psnr_e/test_001790_PSNR_E_9.png | PSNR: 51.11dB | SSIM: 0.9964
25-07-08 14:35:34.747 : Saved test image 1800: training_results/conv_nstb/scunet_ngswin_conv_nstb/images/final_test_psnr_e/test_001800_PSNR_E_9.png | PSNR: 54.48dB | SSIM: 0.9978
25-07-08 14:35:35.569 : Saved test image 1810: training_results/conv_nstb/scunet_ngswin_conv_nstb/images/final_test_psnr_e/test_001810_PSNR_E_9.png | PSNR: 54.48dB | SSIM: 0.9974
25-07-08 14:35:36.391 : Saved test image 1820: training_results/conv_nstb/scunet_ngswin_conv_nstb/images/final_test_psnr_e/test_001820_PSNR_E_9.png | PSNR: 53.18dB | SSIM: 0.9968
25-07-08 14:35:37.212 : Saved test image 1830: training_results/conv_nstb/scunet_ngswin_conv_nstb/images/final_test_psnr_e/test_001830_PSNR_E_9.png | PSNR: 51.96dB | SSIM: 0.9967
25-07-08 14:35:38.028 : Saved test image 1840: training_results/conv_nstb/scunet_ngswin_conv_nstb/images/final_test_psnr_e/test_001840_PSNR_E_9.png | PSNR: 49.55dB | SSIM: 0.9947
25-07-08 14:35:38.846 : Saved test image 1850: training_results/conv_nstb/scunet_ngswin_conv_nstb/images/final_test_psnr_e/test_001850_PSNR_E_9.png | PSNR: 48.02dB | SSIM: 0.9935
25-07-08 14:35:39.666 : Saved test image 1860: training_results/conv_nstb/scunet_ngswin_conv_nstb/images/final_test_psnr_e/test_001860_PSNR_E_9.png | PSNR: 47.52dB | SSIM: 0.9927
25-07-08 14:35:40.481 : Saved test image 1870: training_results/conv_nstb/scunet_ngswin_conv_nstb/images/final_test_psnr_e/test_001870_PSNR_E_9.png | PSNR: 47.99dB | SSIM: 0.9932
25-07-08 14:35:41.315 : Saved test image 1880: training_results/conv_nstb/scunet_ngswin_conv_nstb/images/final_test_psnr_e/test_001880_PSNR_E_9.png | PSNR: 48.05dB | SSIM: 0.9933
25-07-08 14:35:42.145 : Saved test image 1890: training_results/conv_nstb/scunet_ngswin_conv_nstb/images/final_test_psnr_e/test_001890_PSNR_E_9.png | PSNR: 48.16dB | SSIM: 0.9936
25-07-08 14:35:42.967 : Saved test image 1900: training_results/conv_nstb/scunet_ngswin_conv_nstb/images/final_test_psnr_e/test_001900_PSNR_E_9.png | PSNR: 52.92dB | SSIM: 0.9967
25-07-08 14:35:43.792 : Saved test image 1910: training_results/conv_nstb/scunet_ngswin_conv_nstb/images/final_test_psnr_e/test_001910_PSNR_E_9.png | PSNR: 53.70dB | SSIM: 0.9970
25-07-08 14:35:44.647 : Saved test image 1920: training_results/conv_nstb/scunet_ngswin_conv_nstb/images/final_test_psnr_e/test_001920_PSNR_E_9.png | PSNR: 53.70dB | SSIM: 0.9968
25-07-08 14:35:45.477 : Saved test image 1930: training_results/conv_nstb/scunet_ngswin_conv_nstb/images/final_test_psnr_e/test_001930_PSNR_E_9.png | PSNR: 53.97dB | SSIM: 0.9966
25-07-08 14:35:46.321 : Saved test image 1940: training_results/conv_nstb/scunet_ngswin_conv_nstb/images/final_test_psnr_e/test_001940_PSNR_E_9.png | PSNR: 53.80dB | SSIM: 0.9964
25-07-08 14:35:47.134 : Saved test image 1950: training_results/conv_nstb/scunet_ngswin_conv_nstb/images/final_test_psnr_e/test_001950_PSNR_E_9.png | PSNR: 54.42dB | SSIM: 0.9967
25-07-08 14:35:47.953 : Saved test image 1960: training_results/conv_nstb/scunet_ngswin_conv_nstb/images/final_test_psnr_e/test_001960_PSNR_E_9.png | PSNR: 54.14dB | SSIM: 0.9966
25-07-08 14:35:48.800 : Saved test image 1970: training_results/conv_nstb/scunet_ngswin_conv_nstb/images/final_test_psnr_e/test_001970_PSNR_E_9.png | PSNR: 53.58dB | SSIM: 0.9963
25-07-08 14:35:49.635 : Saved test image 1980: training_results/conv_nstb/scunet_ngswin_conv_nstb/images/final_test_psnr_e/test_001980_PSNR_E_9.png | PSNR: 52.62dB | SSIM: 0.9960
25-07-08 14:35:50.463 : Saved test image 1990: training_results/conv_nstb/scunet_ngswin_conv_nstb/images/final_test_psnr_e/test_001990_PSNR_E_9.png | PSNR: 52.54dB | SSIM: 0.9962
25-07-08 14:35:51.290 : Saved test image 2000: training_results/conv_nstb/scunet_ngswin_conv_nstb/images/final_test_psnr_e/test_002000_PSNR_E_9.png | PSNR: 51.95dB | SSIM: 0.9958
25-07-08 14:35:51.301 : ------------------------------------------------------------
25-07-08 14:35:51.301 : PSNR_E RESULTS: Avg PSNR: 48.0891dB, Avg SSIM: 0.992830
25-07-08 14:35:51.301 : Images saved: 200 (every 10th)
25-07-08 14:35:51.301 : Test images directory: training_results/conv_nstb/scunet_ngswin_conv_nstb/images/final_test_psnr_e
25-07-08 14:35:51.301 : ------------------------------------------------------------
25-07-08 14:35:51.301 : ------------------------------------------------------------
25-07-08 14:35:51.302 : Testing checkpoint: PSNR_G (psnr_G.pth)
25-07-08 14:35:51.302 : ------------------------------------------------------------
25-07-08 14:35:51.302 : Loading checkpoint: training_results/conv_nstb/scunet_ngswin_conv_nstb/models/psnr_G.pth
25-07-08 14:35:52.165 : Saved test image 10: training_results/conv_nstb/scunet_ngswin_conv_nstb/images/final_test_psnr_g/test_000010_PSNR_G_9.png | PSNR: 52.96dB | SSIM: 0.9968
25-07-08 14:35:52.972 : Saved test image 20: training_results/conv_nstb/scunet_ngswin_conv_nstb/images/final_test_psnr_g/test_000020_PSNR_G_9.png | PSNR: 52.31dB | SSIM: 0.9966
25-07-08 14:35:53.781 : Saved test image 30: training_results/conv_nstb/scunet_ngswin_conv_nstb/images/final_test_psnr_g/test_000030_PSNR_G_9.png | PSNR: 51.36dB | SSIM: 0.9962
25-07-08 14:35:54.602 : Saved test image 40: training_results/conv_nstb/scunet_ngswin_conv_nstb/images/final_test_psnr_g/test_000040_PSNR_G_9.png | PSNR: 53.31dB | SSIM: 0.9969
25-07-08 14:35:55.414 : Saved test image 50: training_results/conv_nstb/scunet_ngswin_conv_nstb/images/final_test_psnr_g/test_000050_PSNR_G_9.png | PSNR: 49.73dB | SSIM: 0.9953
25-07-08 14:35:56.240 : Saved test image 60: training_results/conv_nstb/scunet_ngswin_conv_nstb/images/final_test_psnr_g/test_000060_PSNR_G_9.png | PSNR: 50.32dB | SSIM: 0.9956
25-07-08 14:35:57.033 : Saved test image 70: training_results/conv_nstb/scunet_ngswin_conv_nstb/images/final_test_psnr_g/test_000070_PSNR_G_9.png | PSNR: 52.26dB | SSIM: 0.9958
25-07-08 14:35:57.824 : Saved test image 80: training_results/conv_nstb/scunet_ngswin_conv_nstb/images/final_test_psnr_g/test_000080_PSNR_G_9.png | PSNR: 51.80dB | SSIM: 0.9959
25-07-08 14:35:58.638 : Saved test image 90: training_results/conv_nstb/scunet_ngswin_conv_nstb/images/final_test_psnr_g/test_000090_PSNR_G_9.png | PSNR: 48.66dB | SSIM: 0.9944
25-07-08 14:35:59.467 : Saved test image 100: training_results/conv_nstb/scunet_ngswin_conv_nstb/images/final_test_psnr_g/test_000100_PSNR_G_9.png | PSNR: 48.16dB | SSIM: 0.9943
25-07-08 14:36:00.313 : Saved test image 110: training_results/conv_nstb/scunet_ngswin_conv_nstb/images/final_test_psnr_g/test_000110_PSNR_G_9.png | PSNR: 48.49dB | SSIM: 0.9946
25-07-08 14:36:01.232 : Saved test image 120: training_results/conv_nstb/scunet_ngswin_conv_nstb/images/final_test_psnr_g/test_000120_PSNR_G_9.png | PSNR: 48.29dB | SSIM: 0.9946
25-07-08 14:36:02.064 : Saved test image 130: training_results/conv_nstb/scunet_ngswin_conv_nstb/images/final_test_psnr_g/test_000130_PSNR_G_9.png | PSNR: 50.97dB | SSIM: 0.9958
25-07-08 14:36:02.889 : Saved test image 140: training_results/conv_nstb/scunet_ngswin_conv_nstb/images/final_test_psnr_g/test_000140_PSNR_G_9.png | PSNR: 51.27dB | SSIM: 0.9959
25-07-08 14:36:03.697 : Saved test image 150: training_results/conv_nstb/scunet_ngswin_conv_nstb/images/final_test_psnr_g/test_000150_PSNR_G_9.png | PSNR: 51.50dB | SSIM: 0.9960
25-07-08 14:36:04.501 : Saved test image 160: training_results/conv_nstb/scunet_ngswin_conv_nstb/images/final_test_psnr_g/test_000160_PSNR_G_9.png | PSNR: 53.77dB | SSIM: 0.9971
25-07-08 14:36:05.319 : Saved test image 170: training_results/conv_nstb/scunet_ngswin_conv_nstb/images/final_test_psnr_g/test_000170_PSNR_G_9.png | PSNR: 45.73dB | SSIM: 0.9936
25-07-08 14:36:06.130 : Saved test image 180: training_results/conv_nstb/scunet_ngswin_conv_nstb/images/final_test_psnr_g/test_000180_PSNR_G_9.png | PSNR: 47.32dB | SSIM: 0.9935
25-07-08 14:36:06.952 : Saved test image 190: training_results/conv_nstb/scunet_ngswin_conv_nstb/images/final_test_psnr_g/test_000190_PSNR_G_9.png | PSNR: 49.43dB | SSIM: 0.9954
25-07-08 14:36:07.792 : Saved test image 200: training_results/conv_nstb/scunet_ngswin_conv_nstb/images/final_test_psnr_g/test_000200_PSNR_G_9.png | PSNR: 49.55dB | SSIM: 0.9955
25-07-08 14:36:08.618 : Saved test image 210: training_results/conv_nstb/scunet_ngswin_conv_nstb/images/final_test_psnr_g/test_000210_PSNR_G_9.png | PSNR: 50.34dB | SSIM: 0.9957
25-07-08 14:36:09.469 : Saved test image 220: training_results/conv_nstb/scunet_ngswin_conv_nstb/images/final_test_psnr_g/test_000220_PSNR_G_9.png | PSNR: 52.07dB | SSIM: 0.9967
25-07-08 14:36:10.297 : Saved test image 230: training_results/conv_nstb/scunet_ngswin_conv_nstb/images/final_test_psnr_g/test_000230_PSNR_G_9.png | PSNR: 51.40dB | SSIM: 0.9963
25-07-08 14:36:11.163 : Saved test image 240: training_results/conv_nstb/scunet_ngswin_conv_nstb/images/final_test_psnr_g/test_000240_PSNR_G_9.png | PSNR: 50.49dB | SSIM: 0.9958
25-07-08 14:36:11.974 : Saved test image 250: training_results/conv_nstb/scunet_ngswin_conv_nstb/images/final_test_psnr_g/test_000250_PSNR_G_9.png | PSNR: 49.63dB | SSIM: 0.9957
25-07-08 14:36:12.816 : Saved test image 260: training_results/conv_nstb/scunet_ngswin_conv_nstb/images/final_test_psnr_g/test_000260_PSNR_G_9.png | PSNR: 49.29dB | SSIM: 0.9957
25-07-08 14:36:13.639 : Saved test image 270: training_results/conv_nstb/scunet_ngswin_conv_nstb/images/final_test_psnr_g/test_000270_PSNR_G_9.png | PSNR: 51.31dB | SSIM: 0.9966
25-07-08 14:36:14.459 : Saved test image 280: training_results/conv_nstb/scunet_ngswin_conv_nstb/images/final_test_psnr_g/test_000280_PSNR_G_9.png | PSNR: 50.28dB | SSIM: 0.9960
25-07-08 14:36:15.292 : Saved test image 290: training_results/conv_nstb/scunet_ngswin_conv_nstb/images/final_test_psnr_g/test_000290_PSNR_G_9.png | PSNR: 51.29dB | SSIM: 0.9963
25-07-08 14:36:16.145 : Saved test image 300: training_results/conv_nstb/scunet_ngswin_conv_nstb/images/final_test_psnr_g/test_000300_PSNR_G_9.png | PSNR: 49.52dB | SSIM: 0.9952
25-07-08 14:36:16.985 : Saved test image 310: training_results/conv_nstb/scunet_ngswin_conv_nstb/images/final_test_psnr_g/test_000310_PSNR_G_9.png | PSNR: 50.23dB | SSIM: 0.9960
25-07-08 14:36:17.848 : Saved test image 320: training_results/conv_nstb/scunet_ngswin_conv_nstb/images/final_test_psnr_g/test_000320_PSNR_G_9.png | PSNR: 51.40dB | SSIM: 0.9965
25-07-08 14:36:18.712 : Saved test image 330: training_results/conv_nstb/scunet_ngswin_conv_nstb/images/final_test_psnr_g/test_000330_PSNR_G_9.png | PSNR: 52.53dB | SSIM: 0.9967
25-07-08 14:36:19.575 : Saved test image 340: training_results/conv_nstb/scunet_ngswin_conv_nstb/images/final_test_psnr_g/test_000340_PSNR_G_9.png | PSNR: 51.45dB | SSIM: 0.9964
25-07-08 14:36:20.461 : Saved test image 350: training_results/conv_nstb/scunet_ngswin_conv_nstb/images/final_test_psnr_g/test_000350_PSNR_G_9.png | PSNR: 49.23dB | SSIM: 0.9946
25-07-08 14:36:21.301 : Saved test image 360: training_results/conv_nstb/scunet_ngswin_conv_nstb/images/final_test_psnr_g/test_000360_PSNR_G_9.png | PSNR: 49.33dB | SSIM: 0.9948
25-07-08 14:36:22.134 : Saved test image 370: training_results/conv_nstb/scunet_ngswin_conv_nstb/images/final_test_psnr_g/test_000370_PSNR_G_9.png | PSNR: 49.47dB | SSIM: 0.9948
25-07-08 14:36:22.982 : Saved test image 380: training_results/conv_nstb/scunet_ngswin_conv_nstb/images/final_test_psnr_g/test_000380_PSNR_G_9.png | PSNR: 49.77dB | SSIM: 0.9953
25-07-08 14:36:23.825 : Saved test image 390: training_results/conv_nstb/scunet_ngswin_conv_nstb/images/final_test_psnr_g/test_000390_PSNR_G_9.png | PSNR: 49.36dB | SSIM: 0.9950
25-07-08 14:36:24.652 : Saved test image 400: training_results/conv_nstb/scunet_ngswin_conv_nstb/images/final_test_psnr_g/test_000400_PSNR_G_9.png | PSNR: 50.05dB | SSIM: 0.9956
25-07-08 14:36:25.483 : Saved test image 410: training_results/conv_nstb/scunet_ngswin_conv_nstb/images/final_test_psnr_g/test_000410_PSNR_G_9.png | PSNR: 47.05dB | SSIM: 0.9904
25-07-08 14:36:26.316 : Saved test image 420: training_results/conv_nstb/scunet_ngswin_conv_nstb/images/final_test_psnr_g/test_000420_PSNR_G_9.png | PSNR: 45.32dB | SSIM: 0.9917
25-07-08 14:36:27.162 : Saved test image 430: training_results/conv_nstb/scunet_ngswin_conv_nstb/images/final_test_psnr_g/test_000430_PSNR_G_9.png | PSNR: 48.87dB | SSIM: 0.9946
25-07-08 14:36:28.016 : Saved test image 440: training_results/conv_nstb/scunet_ngswin_conv_nstb/images/final_test_psnr_g/test_000440_PSNR_G_9.png | PSNR: 48.69dB | SSIM: 0.9940
25-07-08 14:36:28.974 : Saved test image 450: training_results/conv_nstb/scunet_ngswin_conv_nstb/images/final_test_psnr_g/test_000450_PSNR_G_9.png | PSNR: 46.63dB | SSIM: 0.9911
25-07-08 14:36:29.803 : Saved test image 460: training_results/conv_nstb/scunet_ngswin_conv_nstb/images/final_test_psnr_g/test_000460_PSNR_G_9.png | PSNR: 43.52dB | SSIM: 0.9906
25-07-08 14:36:30.622 : Saved test image 470: training_results/conv_nstb/scunet_ngswin_conv_nstb/images/final_test_psnr_g/test_000470_PSNR_G_9.png | PSNR: 49.50dB | SSIM: 0.9945
25-07-08 14:36:31.461 : Saved test image 480: training_results/conv_nstb/scunet_ngswin_conv_nstb/images/final_test_psnr_g/test_000480_PSNR_G_9.png | PSNR: 46.33dB | SSIM: 0.9925
25-07-08 14:36:32.280 : Saved test image 490: training_results/conv_nstb/scunet_ngswin_conv_nstb/images/final_test_psnr_g/test_000490_PSNR_G_9.png | PSNR: 48.88dB | SSIM: 0.9935
25-07-08 14:36:33.097 : Saved test image 500: training_results/conv_nstb/scunet_ngswin_conv_nstb/images/final_test_psnr_g/test_000500_PSNR_G_9.png | PSNR: 50.26dB | SSIM: 0.9942
25-07-08 14:36:33.905 : Saved test image 510: training_results/conv_nstb/scunet_ngswin_conv_nstb/images/final_test_psnr_g/test_000510_PSNR_G_9.png | PSNR: 49.01dB | SSIM: 0.9955
25-07-08 14:36:34.720 : Saved test image 520: training_results/conv_nstb/scunet_ngswin_conv_nstb/images/final_test_psnr_g/test_000520_PSNR_G_9.png | PSNR: 51.92dB | SSIM: 0.9965
25-07-08 14:36:35.544 : Saved test image 530: training_results/conv_nstb/scunet_ngswin_conv_nstb/images/final_test_psnr_g/test_000530_PSNR_G_9.png | PSNR: 48.08dB | SSIM: 0.9917
25-07-08 14:36:36.366 : Saved test image 540: training_results/conv_nstb/scunet_ngswin_conv_nstb/images/final_test_psnr_g/test_000540_PSNR_G_9.png | PSNR: 49.09dB | SSIM: 0.9931
25-07-08 14:36:37.196 : Saved test image 550: training_results/conv_nstb/scunet_ngswin_conv_nstb/images/final_test_psnr_g/test_000550_PSNR_G_9.png | PSNR: 46.79dB | SSIM: 0.9943
25-07-08 14:36:38.003 : Saved test image 560: training_results/conv_nstb/scunet_ngswin_conv_nstb/images/final_test_psnr_g/test_000560_PSNR_G_9.png | PSNR: 45.28dB | SSIM: 0.9895
25-07-08 14:36:38.803 : Saved test image 570: training_results/conv_nstb/scunet_ngswin_conv_nstb/images/final_test_psnr_g/test_000570_PSNR_G_9.png | PSNR: 48.24dB | SSIM: 0.9939
25-07-08 14:36:39.601 : Saved test image 580: training_results/conv_nstb/scunet_ngswin_conv_nstb/images/final_test_psnr_g/test_000580_PSNR_G_9.png | PSNR: 49.55dB | SSIM: 0.9949
25-07-08 14:36:40.409 : Saved test image 590: training_results/conv_nstb/scunet_ngswin_conv_nstb/images/final_test_psnr_g/test_000590_PSNR_G_9.png | PSNR: 49.50dB | SSIM: 0.9952
25-07-08 14:36:41.223 : Saved test image 600: training_results/conv_nstb/scunet_ngswin_conv_nstb/images/final_test_psnr_g/test_000600_PSNR_G_9.png | PSNR: 50.59dB | SSIM: 0.9954
25-07-08 14:36:42.040 : Saved test image 610: training_results/conv_nstb/scunet_ngswin_conv_nstb/images/final_test_psnr_g/test_000610_PSNR_G_9.png | PSNR: 48.91dB | SSIM: 0.9948
25-07-08 14:36:42.868 : Saved test image 620: training_results/conv_nstb/scunet_ngswin_conv_nstb/images/final_test_psnr_g/test_000620_PSNR_G_9.png | PSNR: 49.44dB | SSIM: 0.9952
25-07-08 14:36:43.682 : Saved test image 630: training_results/conv_nstb/scunet_ngswin_conv_nstb/images/final_test_psnr_g/test_000630_PSNR_G_9.png | PSNR: 50.30dB | SSIM: 0.9962
25-07-08 14:36:44.522 : Saved test image 640: training_results/conv_nstb/scunet_ngswin_conv_nstb/images/final_test_psnr_g/test_000640_PSNR_G_9.png | PSNR: 47.63dB | SSIM: 0.9946
25-07-08 14:36:45.348 : Saved test image 650: training_results/conv_nstb/scunet_ngswin_conv_nstb/images/final_test_psnr_g/test_000650_PSNR_G_9.png | PSNR: 52.99dB | SSIM: 0.9963
25-07-08 14:36:46.163 : Saved test image 660: training_results/conv_nstb/scunet_ngswin_conv_nstb/images/final_test_psnr_g/test_000660_PSNR_G_9.png | PSNR: 52.09dB | SSIM: 0.9959
25-07-08 14:36:46.999 : Saved test image 670: training_results/conv_nstb/scunet_ngswin_conv_nstb/images/final_test_psnr_g/test_000670_PSNR_G_9.png | PSNR: 52.42dB | SSIM: 0.9962
25-07-08 14:36:47.876 : Saved test image 680: training_results/conv_nstb/scunet_ngswin_conv_nstb/images/final_test_psnr_g/test_000680_PSNR_G_9.png | PSNR: 52.69dB | SSIM: 0.9963
25-07-08 14:36:48.693 : Saved test image 690: training_results/conv_nstb/scunet_ngswin_conv_nstb/images/final_test_psnr_g/test_000690_PSNR_G_9.png | PSNR: 52.16dB | SSIM: 0.9962
25-07-08 14:36:49.505 : Saved test image 700: training_results/conv_nstb/scunet_ngswin_conv_nstb/images/final_test_psnr_g/test_000700_PSNR_G_9.png | PSNR: 52.13dB | SSIM: 0.9961
25-07-08 14:36:50.338 : Saved test image 710: training_results/conv_nstb/scunet_ngswin_conv_nstb/images/final_test_psnr_g/test_000710_PSNR_G_9.png | PSNR: 51.57dB | SSIM: 0.9959
25-07-08 14:36:51.169 : Saved test image 720: training_results/conv_nstb/scunet_ngswin_conv_nstb/images/final_test_psnr_g/test_000720_PSNR_G_9.png | PSNR: 53.85dB | SSIM: 0.9973
25-07-08 14:36:51.988 : Saved test image 730: training_results/conv_nstb/scunet_ngswin_conv_nstb/images/final_test_psnr_g/test_000730_PSNR_G_9.png | PSNR: 52.94dB | SSIM: 0.9970
25-07-08 14:36:52.795 : Saved test image 740: training_results/conv_nstb/scunet_ngswin_conv_nstb/images/final_test_psnr_g/test_000740_PSNR_G_9.png | PSNR: 49.91dB | SSIM: 0.9945
25-07-08 14:36:53.598 : Saved test image 750: training_results/conv_nstb/scunet_ngswin_conv_nstb/images/final_test_psnr_g/test_000750_PSNR_G_9.png | PSNR: 49.47dB | SSIM: 0.9933
25-07-08 14:36:54.418 : Saved test image 760: training_results/conv_nstb/scunet_ngswin_conv_nstb/images/final_test_psnr_g/test_000760_PSNR_G_9.png | PSNR: 49.40dB | SSIM: 0.9938
25-07-08 14:36:55.219 : Saved test image 770: training_results/conv_nstb/scunet_ngswin_conv_nstb/images/final_test_psnr_g/test_000770_PSNR_G_9.png | PSNR: 50.04dB | SSIM: 0.9946
25-07-08 14:36:56.040 : Saved test image 780: training_results/conv_nstb/scunet_ngswin_conv_nstb/images/final_test_psnr_g/test_000780_PSNR_G_9.png | PSNR: 50.13dB | SSIM: 0.9945
25-07-08 14:36:56.866 : Saved test image 790: training_results/conv_nstb/scunet_ngswin_conv_nstb/images/final_test_psnr_g/test_000790_PSNR_G_9.png | PSNR: 49.20dB | SSIM: 0.9940
25-07-08 14:36:57.779 : Saved test image 800: training_results/conv_nstb/scunet_ngswin_conv_nstb/images/final_test_psnr_g/test_000800_PSNR_G_9.png | PSNR: 50.18dB | SSIM: 0.9953
25-07-08 14:36:58.611 : Saved test image 810: training_results/conv_nstb/scunet_ngswin_conv_nstb/images/final_test_psnr_g/test_000810_PSNR_G_9.png | PSNR: 47.32dB | SSIM: 0.9944
25-07-08 14:36:59.451 : Saved test image 820: training_results/conv_nstb/scunet_ngswin_conv_nstb/images/final_test_psnr_g/test_000820_PSNR_G_9.png | PSNR: 48.71dB | SSIM: 0.9942
25-07-08 14:37:00.274 : Saved test image 830: training_results/conv_nstb/scunet_ngswin_conv_nstb/images/final_test_psnr_g/test_000830_PSNR_G_9.png | PSNR: 49.12dB | SSIM: 0.9930
25-07-08 14:37:01.102 : Saved test image 840: training_results/conv_nstb/scunet_ngswin_conv_nstb/images/final_test_psnr_g/test_000840_PSNR_G_9.png | PSNR: 48.09dB | SSIM: 0.9949
25-07-08 14:37:01.935 : Saved test image 850: training_results/conv_nstb/scunet_ngswin_conv_nstb/images/final_test_psnr_g/test_000850_PSNR_G_9.png | PSNR: 49.13dB | SSIM: 0.9950
25-07-08 14:37:02.808 : Saved test image 860: training_results/conv_nstb/scunet_ngswin_conv_nstb/images/final_test_psnr_g/test_000860_PSNR_G_9.png | PSNR: 50.16dB | SSIM: 0.9952
25-07-08 14:37:03.667 : Saved test image 870: training_results/conv_nstb/scunet_ngswin_conv_nstb/images/final_test_psnr_g/test_000870_PSNR_G_9.png | PSNR: 49.29dB | SSIM: 0.9942
25-07-08 14:37:04.503 : Saved test image 880: training_results/conv_nstb/scunet_ngswin_conv_nstb/images/final_test_psnr_g/test_000880_PSNR_G_9.png | PSNR: 46.57dB | SSIM: 0.9921
25-07-08 14:37:05.332 : Saved test image 890: training_results/conv_nstb/scunet_ngswin_conv_nstb/images/final_test_psnr_g/test_000890_PSNR_G_9.png | PSNR: 47.99dB | SSIM: 0.9923
25-07-08 14:37:06.174 : Saved test image 900: training_results/conv_nstb/scunet_ngswin_conv_nstb/images/final_test_psnr_g/test_000900_PSNR_G_9.png | PSNR: 46.77dB | SSIM: 0.9920
25-07-08 14:37:06.993 : Saved test image 910: training_results/conv_nstb/scunet_ngswin_conv_nstb/images/final_test_psnr_g/test_000910_PSNR_G_9.png | PSNR: 47.03dB | SSIM: 0.9932
25-07-08 14:37:07.818 : Saved test image 920: training_results/conv_nstb/scunet_ngswin_conv_nstb/images/final_test_psnr_g/test_000920_PSNR_G_9.png | PSNR: 48.64dB | SSIM: 0.9943
25-07-08 14:37:08.654 : Saved test image 930: training_results/conv_nstb/scunet_ngswin_conv_nstb/images/final_test_psnr_g/test_000930_PSNR_G_9.png | PSNR: 49.36dB | SSIM: 0.9939
25-07-08 14:37:09.468 : Saved test image 940: training_results/conv_nstb/scunet_ngswin_conv_nstb/images/final_test_psnr_g/test_000940_PSNR_G_9.png | PSNR: 46.31dB | SSIM: 0.9912
25-07-08 14:37:10.299 : Saved test image 950: training_results/conv_nstb/scunet_ngswin_conv_nstb/images/final_test_psnr_g/test_000950_PSNR_G_9.png | PSNR: 47.59dB | SSIM: 0.9922
25-07-08 14:37:11.213 : Saved test image 960: training_results/conv_nstb/scunet_ngswin_conv_nstb/images/final_test_psnr_g/test_000960_PSNR_G_9.png | PSNR: 47.42dB | SSIM: 0.9933
25-07-08 14:37:12.028 : Saved test image 970: training_results/conv_nstb/scunet_ngswin_conv_nstb/images/final_test_psnr_g/test_000970_PSNR_G_9.png | PSNR: 45.00dB | SSIM: 0.9903
25-07-08 14:37:12.837 : Saved test image 980: training_results/conv_nstb/scunet_ngswin_conv_nstb/images/final_test_psnr_g/test_000980_PSNR_G_9.png | PSNR: 48.02dB | SSIM: 0.9941
25-07-08 14:37:13.655 : Saved test image 990: training_results/conv_nstb/scunet_ngswin_conv_nstb/images/final_test_psnr_g/test_000990_PSNR_G_9.png | PSNR: 54.04dB | SSIM: 0.9969
25-07-08 14:37:14.470 : Saved test image 1000: training_results/conv_nstb/scunet_ngswin_conv_nstb/images/final_test_psnr_g/test_001000_PSNR_G_9.png | PSNR: 53.29dB | SSIM: 0.9965
25-07-08 14:37:15.304 : Saved test image 1010: training_results/conv_nstb/scunet_ngswin_conv_nstb/images/final_test_psnr_g/test_001010_PSNR_G_9.png | PSNR: 52.42dB | SSIM: 0.9960
25-07-08 14:37:16.119 : Saved test image 1020: training_results/conv_nstb/scunet_ngswin_conv_nstb/images/final_test_psnr_g/test_001020_PSNR_G_9.png | PSNR: 52.22dB | SSIM: 0.9958
25-07-08 14:37:16.925 : Saved test image 1030: training_results/conv_nstb/scunet_ngswin_conv_nstb/images/final_test_psnr_g/test_001030_PSNR_G_9.png | PSNR: 50.97dB | SSIM: 0.9958
25-07-08 14:37:17.733 : Saved test image 1040: training_results/conv_nstb/scunet_ngswin_conv_nstb/images/final_test_psnr_g/test_001040_PSNR_G_9.png | PSNR: 52.17dB | SSIM: 0.9959
25-07-08 14:37:18.551 : Saved test image 1050: training_results/conv_nstb/scunet_ngswin_conv_nstb/images/final_test_psnr_g/test_001050_PSNR_G_9.png | PSNR: 51.69dB | SSIM: 0.9958
25-07-08 14:37:19.349 : Saved test image 1060: training_results/conv_nstb/scunet_ngswin_conv_nstb/images/final_test_psnr_g/test_001060_PSNR_G_9.png | PSNR: 50.37dB | SSIM: 0.9952
25-07-08 14:37:20.148 : Saved test image 1070: training_results/conv_nstb/scunet_ngswin_conv_nstb/images/final_test_psnr_g/test_001070_PSNR_G_9.png | PSNR: 50.66dB | SSIM: 0.9953
25-07-08 14:37:20.984 : Saved test image 1080: training_results/conv_nstb/scunet_ngswin_conv_nstb/images/final_test_psnr_g/test_001080_PSNR_G_9.png | PSNR: 50.00dB | SSIM: 0.9949
25-07-08 14:37:21.797 : Saved test image 1090: training_results/conv_nstb/scunet_ngswin_conv_nstb/images/final_test_psnr_g/test_001090_PSNR_G_9.png | PSNR: 51.40dB | SSIM: 0.9956
25-07-08 14:37:22.605 : Saved test image 1100: training_results/conv_nstb/scunet_ngswin_conv_nstb/images/final_test_psnr_g/test_001100_PSNR_G_9.png | PSNR: 53.04dB | SSIM: 0.9963
25-07-08 14:37:23.417 : Saved test image 1110: training_results/conv_nstb/scunet_ngswin_conv_nstb/images/final_test_psnr_g/test_001110_PSNR_G_9.png | PSNR: 51.45dB | SSIM: 0.9961
25-07-08 14:37:24.220 : Saved test image 1120: training_results/conv_nstb/scunet_ngswin_conv_nstb/images/final_test_psnr_g/test_001120_PSNR_G_9.png | PSNR: 52.48dB | SSIM: 0.9961
25-07-08 14:37:25.021 : Saved test image 1130: training_results/conv_nstb/scunet_ngswin_conv_nstb/images/final_test_psnr_g/test_001130_PSNR_G_9.png | PSNR: 53.05dB | SSIM: 0.9965
25-07-08 14:37:25.832 : Saved test image 1140: training_results/conv_nstb/scunet_ngswin_conv_nstb/images/final_test_psnr_g/test_001140_PSNR_G_9.png | PSNR: 54.39dB | SSIM: 0.9973
25-07-08 14:37:26.638 : Saved test image 1150: training_results/conv_nstb/scunet_ngswin_conv_nstb/images/final_test_psnr_g/test_001150_PSNR_G_9.png | PSNR: 52.04dB | SSIM: 0.9961
25-07-08 14:37:27.460 : Saved test image 1160: training_results/conv_nstb/scunet_ngswin_conv_nstb/images/final_test_psnr_g/test_001160_PSNR_G_9.png | PSNR: 49.72dB | SSIM: 0.9951
25-07-08 14:37:28.263 : Saved test image 1170: training_results/conv_nstb/scunet_ngswin_conv_nstb/images/final_test_psnr_g/test_001170_PSNR_G_9.png | PSNR: 49.98dB | SSIM: 0.9950
25-07-08 14:37:29.071 : Saved test image 1180: training_results/conv_nstb/scunet_ngswin_conv_nstb/images/final_test_psnr_g/test_001180_PSNR_G_9.png | PSNR: 51.15dB | SSIM: 0.9954
25-07-08 14:37:29.879 : Saved test image 1190: training_results/conv_nstb/scunet_ngswin_conv_nstb/images/final_test_psnr_g/test_001190_PSNR_G_9.png | PSNR: 51.02dB | SSIM: 0.9966
25-07-08 14:37:30.671 : Saved test image 1200: training_results/conv_nstb/scunet_ngswin_conv_nstb/images/final_test_psnr_g/test_001200_PSNR_G_9.png | PSNR: 53.53dB | SSIM: 0.9970
25-07-08 14:37:31.485 : Saved test image 1210: training_results/conv_nstb/scunet_ngswin_conv_nstb/images/final_test_psnr_g/test_001210_PSNR_G_9.png | PSNR: 53.86dB | SSIM: 0.9970
25-07-08 14:37:32.289 : Saved test image 1220: training_results/conv_nstb/scunet_ngswin_conv_nstb/images/final_test_psnr_g/test_001220_PSNR_G_9.png | PSNR: 53.14dB | SSIM: 0.9966
25-07-08 14:37:33.079 : Saved test image 1230: training_results/conv_nstb/scunet_ngswin_conv_nstb/images/final_test_psnr_g/test_001230_PSNR_G_9.png | PSNR: 53.69dB | SSIM: 0.9968
25-07-08 14:37:33.880 : Saved test image 1240: training_results/conv_nstb/scunet_ngswin_conv_nstb/images/final_test_psnr_g/test_001240_PSNR_G_9.png | PSNR: 52.31dB | SSIM: 0.9963
25-07-08 14:37:34.679 : Saved test image 1250: training_results/conv_nstb/scunet_ngswin_conv_nstb/images/final_test_psnr_g/test_001250_PSNR_G_9.png | PSNR: 52.19dB | SSIM: 0.9964
25-07-08 14:37:35.488 : Saved test image 1260: training_results/conv_nstb/scunet_ngswin_conv_nstb/images/final_test_psnr_g/test_001260_PSNR_G_9.png | PSNR: 52.88dB | SSIM: 0.9965
25-07-08 14:37:36.282 : Saved test image 1270: training_results/conv_nstb/scunet_ngswin_conv_nstb/images/final_test_psnr_g/test_001270_PSNR_G_9.png | PSNR: 53.37dB | SSIM: 0.9968
25-07-08 14:37:37.072 : Saved test image 1280: training_results/conv_nstb/scunet_ngswin_conv_nstb/images/final_test_psnr_g/test_001280_PSNR_G_9.png | PSNR: 52.16dB | SSIM: 0.9962
25-07-08 14:37:37.866 : Saved test image 1290: training_results/conv_nstb/scunet_ngswin_conv_nstb/images/final_test_psnr_g/test_001290_PSNR_G_9.png | PSNR: 52.61dB | SSIM: 0.9965
25-07-08 14:37:38.661 : Saved test image 1300: training_results/conv_nstb/scunet_ngswin_conv_nstb/images/final_test_psnr_g/test_001300_PSNR_G_9.png | PSNR: 49.31dB | SSIM: 0.9921
25-07-08 14:37:39.449 : Saved test image 1310: training_results/conv_nstb/scunet_ngswin_conv_nstb/images/final_test_psnr_g/test_001310_PSNR_G_9.png | PSNR: 49.61dB | SSIM: 0.9949
25-07-08 14:37:40.264 : Saved test image 1320: training_results/conv_nstb/scunet_ngswin_conv_nstb/images/final_test_psnr_g/test_001320_PSNR_G_9.png | PSNR: 50.53dB | SSIM: 0.9945
25-07-08 14:37:41.084 : Saved test image 1330: training_results/conv_nstb/scunet_ngswin_conv_nstb/images/final_test_psnr_g/test_001330_PSNR_G_9.png | PSNR: 47.03dB | SSIM: 0.9930
25-07-08 14:37:41.882 : Saved test image 1340: training_results/conv_nstb/scunet_ngswin_conv_nstb/images/final_test_psnr_g/test_001340_PSNR_G_9.png | PSNR: 47.57dB | SSIM: 0.9943
25-07-08 14:37:42.676 : Saved test image 1350: training_results/conv_nstb/scunet_ngswin_conv_nstb/images/final_test_psnr_g/test_001350_PSNR_G_9.png | PSNR: 54.50dB | SSIM: 0.9970
25-07-08 14:37:43.458 : Saved test image 1360: training_results/conv_nstb/scunet_ngswin_conv_nstb/images/final_test_psnr_g/test_001360_PSNR_G_9.png | PSNR: 50.46dB | SSIM: 0.9952
25-07-08 14:37:44.253 : Saved test image 1370: training_results/conv_nstb/scunet_ngswin_conv_nstb/images/final_test_psnr_g/test_001370_PSNR_G_9.png | PSNR: 49.33dB | SSIM: 0.9950
25-07-08 14:37:45.043 : Saved test image 1380: training_results/conv_nstb/scunet_ngswin_conv_nstb/images/final_test_psnr_g/test_001380_PSNR_G_9.png | PSNR: 50.91dB | SSIM: 0.9965
25-07-08 14:37:45.848 : Saved test image 1390: training_results/conv_nstb/scunet_ngswin_conv_nstb/images/final_test_psnr_g/test_001390_PSNR_G_9.png | PSNR: 52.27dB | SSIM: 0.9965
25-07-08 14:37:46.646 : Saved test image 1400: training_results/conv_nstb/scunet_ngswin_conv_nstb/images/final_test_psnr_g/test_001400_PSNR_G_9.png | PSNR: 50.16dB | SSIM: 0.9953
25-07-08 14:37:47.457 : Saved test image 1410: training_results/conv_nstb/scunet_ngswin_conv_nstb/images/final_test_psnr_g/test_001410_PSNR_G_9.png | PSNR: 50.33dB | SSIM: 0.9952
25-07-08 14:37:48.256 : Saved test image 1420: training_results/conv_nstb/scunet_ngswin_conv_nstb/images/final_test_psnr_g/test_001420_PSNR_G_9.png | PSNR: 51.32dB | SSIM: 0.9958
25-07-08 14:37:49.051 : Saved test image 1430: training_results/conv_nstb/scunet_ngswin_conv_nstb/images/final_test_psnr_g/test_001430_PSNR_G_9.png | PSNR: 52.17dB | SSIM: 0.9958
25-07-08 14:37:49.850 : Saved test image 1440: training_results/conv_nstb/scunet_ngswin_conv_nstb/images/final_test_psnr_g/test_001440_PSNR_G_9.png | PSNR: 53.08dB | SSIM: 0.9964
25-07-08 14:37:50.657 : Saved test image 1450: training_results/conv_nstb/scunet_ngswin_conv_nstb/images/final_test_psnr_g/test_001450_PSNR_G_9.png | PSNR: 53.05dB | SSIM: 0.9961
25-07-08 14:37:51.446 : Saved test image 1460: training_results/conv_nstb/scunet_ngswin_conv_nstb/images/final_test_psnr_g/test_001460_PSNR_G_9.png | PSNR: 53.96dB | SSIM: 0.9966
25-07-08 14:37:52.255 : Saved test image 1470: training_results/conv_nstb/scunet_ngswin_conv_nstb/images/final_test_psnr_g/test_001470_PSNR_G_9.png | PSNR: 53.88dB | SSIM: 0.9965
25-07-08 14:37:53.059 : Saved test image 1480: training_results/conv_nstb/scunet_ngswin_conv_nstb/images/final_test_psnr_g/test_001480_PSNR_G_9.png | PSNR: 53.60dB | SSIM: 0.9965
25-07-08 14:37:53.882 : Saved test image 1490: training_results/conv_nstb/scunet_ngswin_conv_nstb/images/final_test_psnr_g/test_001490_PSNR_G_9.png | PSNR: 54.13dB | SSIM: 0.9967
25-07-08 14:37:54.694 : Saved test image 1500: training_results/conv_nstb/scunet_ngswin_conv_nstb/images/final_test_psnr_g/test_001500_PSNR_G_9.png | PSNR: 53.60dB | SSIM: 0.9972
25-07-08 14:37:55.504 : Saved test image 1510: training_results/conv_nstb/scunet_ngswin_conv_nstb/images/final_test_psnr_g/test_001510_PSNR_G_9.png | PSNR: 53.23dB | SSIM: 0.9970
25-07-08 14:37:56.306 : Saved test image 1520: training_results/conv_nstb/scunet_ngswin_conv_nstb/images/final_test_psnr_g/test_001520_PSNR_G_9.png | PSNR: 49.14dB | SSIM: 0.9948
25-07-08 14:37:57.114 : Saved test image 1530: training_results/conv_nstb/scunet_ngswin_conv_nstb/images/final_test_psnr_g/test_001530_PSNR_G_9.png | PSNR: 47.92dB | SSIM: 0.9926
25-07-08 14:37:57.915 : Saved test image 1540: training_results/conv_nstb/scunet_ngswin_conv_nstb/images/final_test_psnr_g/test_001540_PSNR_G_9.png | PSNR: 48.25dB | SSIM: 0.9935
25-07-08 14:37:58.720 : Saved test image 1550: training_results/conv_nstb/scunet_ngswin_conv_nstb/images/final_test_psnr_g/test_001550_PSNR_G_9.png | PSNR: 48.17dB | SSIM: 0.9943
25-07-08 14:37:59.541 : Saved test image 1560: training_results/conv_nstb/scunet_ngswin_conv_nstb/images/final_test_psnr_g/test_001560_PSNR_G_9.png | PSNR: 49.58dB | SSIM: 0.9952
25-07-08 14:38:00.330 : Saved test image 1570: training_results/conv_nstb/scunet_ngswin_conv_nstb/images/final_test_psnr_g/test_001570_PSNR_G_9.png | PSNR: 47.50dB | SSIM: 0.9918
25-07-08 14:38:01.129 : Saved test image 1580: training_results/conv_nstb/scunet_ngswin_conv_nstb/images/final_test_psnr_g/test_001580_PSNR_G_9.png | PSNR: 48.61dB | SSIM: 0.9951
25-07-08 14:38:01.931 : Saved test image 1590: training_results/conv_nstb/scunet_ngswin_conv_nstb/images/final_test_psnr_g/test_001590_PSNR_G_9.png | PSNR: 49.20dB | SSIM: 0.9953
25-07-08 14:38:02.731 : Saved test image 1600: training_results/conv_nstb/scunet_ngswin_conv_nstb/images/final_test_psnr_g/test_001600_PSNR_G_9.png | PSNR: 48.69dB | SSIM: 0.9949
25-07-08 14:38:03.539 : Saved test image 1610: training_results/conv_nstb/scunet_ngswin_conv_nstb/images/final_test_psnr_g/test_001610_PSNR_G_9.png | PSNR: 49.32dB | SSIM: 0.9947
25-07-08 14:38:04.356 : Saved test image 1620: training_results/conv_nstb/scunet_ngswin_conv_nstb/images/final_test_psnr_g/test_001620_PSNR_G_9.png | PSNR: 50.72dB | SSIM: 0.9955
25-07-08 14:38:05.148 : Saved test image 1630: training_results/conv_nstb/scunet_ngswin_conv_nstb/images/final_test_psnr_g/test_001630_PSNR_G_9.png | PSNR: 48.82dB | SSIM: 0.9941
25-07-08 14:38:05.955 : Saved test image 1640: training_results/conv_nstb/scunet_ngswin_conv_nstb/images/final_test_psnr_g/test_001640_PSNR_G_9.png | PSNR: 48.52dB | SSIM: 0.9936
25-07-08 14:38:06.763 : Saved test image 1650: training_results/conv_nstb/scunet_ngswin_conv_nstb/images/final_test_psnr_g/test_001650_PSNR_G_9.png | PSNR: 47.87dB | SSIM: 0.9938
25-07-08 14:38:07.580 : Saved test image 1660: training_results/conv_nstb/scunet_ngswin_conv_nstb/images/final_test_psnr_g/test_001660_PSNR_G_9.png | PSNR: 48.27dB | SSIM: 0.9942
25-07-08 14:38:08.380 : Saved test image 1670: training_results/conv_nstb/scunet_ngswin_conv_nstb/images/final_test_psnr_g/test_001670_PSNR_G_9.png | PSNR: 48.66dB | SSIM: 0.9948
25-07-08 14:38:09.187 : Saved test image 1680: training_results/conv_nstb/scunet_ngswin_conv_nstb/images/final_test_psnr_g/test_001680_PSNR_G_9.png | PSNR: 49.88dB | SSIM: 0.9959
25-07-08 14:38:10.078 : Saved test image 1690: training_results/conv_nstb/scunet_ngswin_conv_nstb/images/final_test_psnr_g/test_001690_PSNR_G_9.png | PSNR: 55.45dB | SSIM: 0.9979
25-07-08 14:38:10.909 : Saved test image 1700: training_results/conv_nstb/scunet_ngswin_conv_nstb/images/final_test_psnr_g/test_001700_PSNR_G_9.png | PSNR: 51.18dB | SSIM: 0.9940
25-07-08 14:38:11.718 : Saved test image 1710: training_results/conv_nstb/scunet_ngswin_conv_nstb/images/final_test_psnr_g/test_001710_PSNR_G_9.png | PSNR: 54.26dB | SSIM: 0.9962
25-07-08 14:38:12.533 : Saved test image 1720: training_results/conv_nstb/scunet_ngswin_conv_nstb/images/final_test_psnr_g/test_001720_PSNR_G_9.png | PSNR: 50.73dB | SSIM: 0.9957
25-07-08 14:38:13.382 : Saved test image 1730: training_results/conv_nstb/scunet_ngswin_conv_nstb/images/final_test_psnr_g/test_001730_PSNR_G_9.png | PSNR: 49.32dB | SSIM: 0.9949
25-07-08 14:38:14.191 : Saved test image 1740: training_results/conv_nstb/scunet_ngswin_conv_nstb/images/final_test_psnr_g/test_001740_PSNR_G_9.png | PSNR: 48.59dB | SSIM: 0.9939
25-07-08 14:38:15.014 : Saved test image 1750: training_results/conv_nstb/scunet_ngswin_conv_nstb/images/final_test_psnr_g/test_001750_PSNR_G_9.png | PSNR: 49.10dB | SSIM: 0.9943
25-07-08 14:38:15.825 : Saved test image 1760: training_results/conv_nstb/scunet_ngswin_conv_nstb/images/final_test_psnr_g/test_001760_PSNR_G_9.png | PSNR: 48.64dB | SSIM: 0.9935
25-07-08 14:38:16.619 : Saved test image 1770: training_results/conv_nstb/scunet_ngswin_conv_nstb/images/final_test_psnr_g/test_001770_PSNR_G_9.png | PSNR: 48.43dB | SSIM: 0.9940
25-07-08 14:38:17.413 : Saved test image 1780: training_results/conv_nstb/scunet_ngswin_conv_nstb/images/final_test_psnr_g/test_001780_PSNR_G_9.png | PSNR: 49.46dB | SSIM: 0.9943
25-07-08 14:38:18.231 : Saved test image 1790: training_results/conv_nstb/scunet_ngswin_conv_nstb/images/final_test_psnr_g/test_001790_PSNR_G_9.png | PSNR: 51.11dB | SSIM: 0.9964
25-07-08 14:38:19.039 : Saved test image 1800: training_results/conv_nstb/scunet_ngswin_conv_nstb/images/final_test_psnr_g/test_001800_PSNR_G_9.png | PSNR: 54.50dB | SSIM: 0.9978
25-07-08 14:38:19.845 : Saved test image 1810: training_results/conv_nstb/scunet_ngswin_conv_nstb/images/final_test_psnr_g/test_001810_PSNR_G_9.png | PSNR: 54.51dB | SSIM: 0.9974
25-07-08 14:38:20.653 : Saved test image 1820: training_results/conv_nstb/scunet_ngswin_conv_nstb/images/final_test_psnr_g/test_001820_PSNR_G_9.png | PSNR: 53.25dB | SSIM: 0.9968
25-07-08 14:38:21.473 : Saved test image 1830: training_results/conv_nstb/scunet_ngswin_conv_nstb/images/final_test_psnr_g/test_001830_PSNR_G_9.png | PSNR: 51.92dB | SSIM: 0.9967
25-07-08 14:38:22.277 : Saved test image 1840: training_results/conv_nstb/scunet_ngswin_conv_nstb/images/final_test_psnr_g/test_001840_PSNR_G_9.png | PSNR: 49.55dB | SSIM: 0.9947
25-07-08 14:38:23.084 : Saved test image 1850: training_results/conv_nstb/scunet_ngswin_conv_nstb/images/final_test_psnr_g/test_001850_PSNR_G_9.png | PSNR: 48.09dB | SSIM: 0.9935
25-07-08 14:38:23.890 : Saved test image 1860: training_results/conv_nstb/scunet_ngswin_conv_nstb/images/final_test_psnr_g/test_001860_PSNR_G_9.png | PSNR: 47.50dB | SSIM: 0.9927
25-07-08 14:38:24.690 : Saved test image 1870: training_results/conv_nstb/scunet_ngswin_conv_nstb/images/final_test_psnr_g/test_001870_PSNR_G_9.png | PSNR: 47.97dB | SSIM: 0.9931
25-07-08 14:38:25.497 : Saved test image 1880: training_results/conv_nstb/scunet_ngswin_conv_nstb/images/final_test_psnr_g/test_001880_PSNR_G_9.png | PSNR: 48.06dB | SSIM: 0.9933
25-07-08 14:38:26.301 : Saved test image 1890: training_results/conv_nstb/scunet_ngswin_conv_nstb/images/final_test_psnr_g/test_001890_PSNR_G_9.png | PSNR: 48.31dB | SSIM: 0.9937
25-07-08 14:38:27.119 : Saved test image 1900: training_results/conv_nstb/scunet_ngswin_conv_nstb/images/final_test_psnr_g/test_001900_PSNR_G_9.png | PSNR: 52.98dB | SSIM: 0.9967
25-07-08 14:38:27.919 : Saved test image 1910: training_results/conv_nstb/scunet_ngswin_conv_nstb/images/final_test_psnr_g/test_001910_PSNR_G_9.png | PSNR: 53.66dB | SSIM: 0.9970
25-07-08 14:38:28.719 : Saved test image 1920: training_results/conv_nstb/scunet_ngswin_conv_nstb/images/final_test_psnr_g/test_001920_PSNR_G_9.png | PSNR: 53.69dB | SSIM: 0.9968
25-07-08 14:38:29.525 : Saved test image 1930: training_results/conv_nstb/scunet_ngswin_conv_nstb/images/final_test_psnr_g/test_001930_PSNR_G_9.png | PSNR: 53.97dB | SSIM: 0.9966
25-07-08 14:38:30.318 : Saved test image 1940: training_results/conv_nstb/scunet_ngswin_conv_nstb/images/final_test_psnr_g/test_001940_PSNR_G_9.png | PSNR: 53.79dB | SSIM: 0.9964
25-07-08 14:38:31.110 : Saved test image 1950: training_results/conv_nstb/scunet_ngswin_conv_nstb/images/final_test_psnr_g/test_001950_PSNR_G_9.png | PSNR: 54.43dB | SSIM: 0.9968
25-07-08 14:38:31.918 : Saved test image 1960: training_results/conv_nstb/scunet_ngswin_conv_nstb/images/final_test_psnr_g/test_001960_PSNR_G_9.png | PSNR: 54.14dB | SSIM: 0.9967
25-07-08 14:38:32.722 : Saved test image 1970: training_results/conv_nstb/scunet_ngswin_conv_nstb/images/final_test_psnr_g/test_001970_PSNR_G_9.png | PSNR: 53.61dB | SSIM: 0.9963
25-07-08 14:38:33.516 : Saved test image 1980: training_results/conv_nstb/scunet_ngswin_conv_nstb/images/final_test_psnr_g/test_001980_PSNR_G_9.png | PSNR: 52.63dB | SSIM: 0.9960
25-07-08 14:38:34.306 : Saved test image 1990: training_results/conv_nstb/scunet_ngswin_conv_nstb/images/final_test_psnr_g/test_001990_PSNR_G_9.png | PSNR: 52.51dB | SSIM: 0.9963
25-07-08 14:38:35.098 : Saved test image 2000: training_results/conv_nstb/scunet_ngswin_conv_nstb/images/final_test_psnr_g/test_002000_PSNR_G_9.png | PSNR: 52.01dB | SSIM: 0.9958
25-07-08 14:38:35.114 : ------------------------------------------------------------
25-07-08 14:38:35.114 : PSNR_G RESULTS: Avg PSNR: 48.0920dB, Avg SSIM: 0.992832
25-07-08 14:38:35.114 : Images saved: 200 (every 10th)
25-07-08 14:38:35.114 : Test images directory: training_results/conv_nstb/scunet_ngswin_conv_nstb/images/final_test_psnr_g
25-07-08 14:38:35.114 : ------------------------------------------------------------
25-07-08 14:38:35.115 : ================================================================================
25-07-08 14:38:35.115 : FINAL TEST SUMMARY - ALL CHECKPOINTS
25-07-08 14:38:35.115 : ================================================================================
25-07-08 14:38:35.115 : PSNR_E: PSNR=48.0891dB, SSIM=0.992830, Samples=2000, Images_Saved=200
25-07-08 14:38:35.115 : PSNR_G: PSNR=48.0920dB, SSIM=0.992832, Samples=2000, Images_Saved=200
25-07-08 14:38:35.115 : ------------------------------------------------------------
25-07-08 14:38:35.115 : CHECKPOINT COMPARISON:
25-07-08 14:38:35.115 : PSNR_G vs PSNR_E: +0.0030dB difference
25-07-08 14:38:35.115 : SSIM_G vs SSIM_E: +0.000002 difference
25-07-08 14:38:35.115 : Better checkpoint: PSNR_G
25-07-08 14:38:35.115 : ------------------------------------------------------------
25-07-08 14:38:35.115 : Total test samples evaluated: 2000
25-07-08 14:38:35.115 : ================================================================================
25-07-08 14:38:35.115 : Training completed. TensorBoard logs saved.
25-07-08 14:38:35.115 : Final test images saved to: training_results/conv_nstb/scunet_ngswin_conv_nstb/images/final_test_*
25-07-08 15:17:41.083 :   task: scunet_ngswin_conv_nstb
  model: scunet_ngswin
  gpu_ids: [0]
  dist: False
  scale: 1
  n_channels: 1
  path:[
    root: training_results/conv_nstb
    pretrained_netG: training_results/conv_nstb/scunet_ngswin_conv_nstb/models/540000_G.pth
    pretrained_netE: training_results/conv_nstb/scunet_ngswin_conv_nstb/models/540000_E.pth
    task: training_results/conv_nstb/scunet_ngswin_conv_nstb
    log: training_results/conv_nstb/scunet_ngswin_conv_nstb
    options: training_results/conv_nstb/scunet_ngswin_conv_nstb/options
    models: training_results/conv_nstb/scunet_ngswin_conv_nstb/models
    images: training_results/conv_nstb/scunet_ngswin_conv_nstb/images
    pretrained_optimizerG: None
  ]
  datasets:[
    train:[
      name: syn_deeplesion_train_li_ct
      dataset_type: li_ct
      dataroot_H: /home/Drive-D/SynDeepLesion/train_640geo
      dataloader_shuffle: True
      dataloader_num_workers: 16
      dataloader_batch_size: 6
      phase: train
      scale: 1
      n_channels: 1
    ]
    test:[
      name: syn_deeplesion_test_li_ct
      dataset_type: li_ct
      dataroot_H: /home/Drive-D/SynDeepLesion/test_640geo
      phase: test
      scale: 1
      n_channels: 1
    ]
    test_2:[
      name: clinical_metal_test_nii_ct
      dataset_type: nii_ct
      dataroot_H: /path/to/clinical_metal_nii_dataset
      phase: test
      scale: 1
      n_channels: 1
    ]
  ]
  netG:[
    net_type: scunet_ngswin
    in_nc: 1
    out_nc: 1
    config: [1, 1, 1, 1, 1, 1, 1]
    dim: 32
    drop_path_rate: 0.0
    input_resolution: 512
    block_variant: conv_nstb
    init_type: kaiming_normal
    init_bn_type: constant
    init_gain: 1.0
    scale: 1
  ]
  train:[
    G_lossfn_type: l1
    G_lossfn_weight: 1.0
    E_decay: 0.999
    G_optimizer_type: adam
    G_optimizer_lr: 0.0001
    G_optimizer_wd: 0
    G_scheduler_type: MultiStepLR
    G_scheduler_milestones: [200000, 400000, 600000, 800000]
    G_scheduler_gamma: 0.5
    G_param_strict: True
    E_param_strict: True
    checkpoint_test: 20000
    checkpoint_save: 10000
    checkpoint_print: 1000
    use_fp16: True
    test_both_checkpoints: True
    test_save_every_nth: 10
    F_feature_layer: 34
    F_weights: 1.0
    F_lossfn_type: l1
    F_use_input_norm: True
    F_use_range_norm: False
    G_optimizer_betas: [0.9, 0.999]
    G_scheduler_restart_weights: 1
    G_optimizer_reuse: False
  ]
  opt_path: options/train_scunet_ngswin_1.json
  is_train: True
  merge_bn: False
  merge_bn_startpoint: -1
  find_unused_parameters: False
  use_static_graph: False
  num_gpu: 1
  device: cuda

25-07-08 15:17:41.083 : Using device: cuda
25-07-08 15:17:41.370 : Total samples: 36,116 | Train: 32,505 (90.0%) | Validation: 3,611 (10.0%)
25-07-08 15:17:41.370 : Training iters per epoch: 5,418
25-07-08 15:18:38.864 :   task: scunet_ngswin_conv_nstb
  model: scunet_ngswin
  gpu_ids: [0]
  dist: False
  scale: 1
  n_channels: 1
  path:[
    root: training_results/conv_nstb
    pretrained_netG: training_results/conv_nstb/scunet_ngswin_conv_nstb/models/540000_G.pth
    pretrained_netE: training_results/conv_nstb/scunet_ngswin_conv_nstb/models/540000_E.pth
    task: training_results/conv_nstb/scunet_ngswin_conv_nstb
    log: training_results/conv_nstb/scunet_ngswin_conv_nstb
    options: training_results/conv_nstb/scunet_ngswin_conv_nstb/options
    models: training_results/conv_nstb/scunet_ngswin_conv_nstb/models
    images: training_results/conv_nstb/scunet_ngswin_conv_nstb/images
    pretrained_optimizerG: None
  ]
  datasets:[
    train:[
      name: syn_deeplesion_train_li_ct
      dataset_type: li_ct
      dataroot_H: /home/Drive-D/SynDeepLesion/train_640geo
      dataloader_shuffle: True
      dataloader_num_workers: 16
      dataloader_batch_size: 6
      phase: train
      scale: 1
      n_channels: 1
    ]
    test:[
      name: syn_deeplesion_test_li_ct
      dataset_type: li_ct
      dataroot_H: /home/Drive-D/SynDeepLesion/test_640geo
      phase: test
      scale: 1
      n_channels: 1
    ]
    test_2:[
      name: clinical_metal_test_nii_ct
      dataset_type: nii_ct
      dataroot_H: /home/Drive-D/clinical_metal
      phase: test
      scale: 1
      n_channels: 1
    ]
  ]
  netG:[
    net_type: scunet_ngswin
    in_nc: 1
    out_nc: 1
    config: [1, 1, 1, 1, 1, 1, 1]
    dim: 32
    drop_path_rate: 0.0
    input_resolution: 512
    block_variant: conv_nstb
    init_type: kaiming_normal
    init_bn_type: constant
    init_gain: 1.0
    scale: 1
  ]
  train:[
    G_lossfn_type: l1
    G_lossfn_weight: 1.0
    E_decay: 0.999
    G_optimizer_type: adam
    G_optimizer_lr: 0.0001
    G_optimizer_wd: 0
    G_scheduler_type: MultiStepLR
    G_scheduler_milestones: [200000, 400000, 600000, 800000]
    G_scheduler_gamma: 0.5
    G_param_strict: True
    E_param_strict: True
    checkpoint_test: 20000
    checkpoint_save: 10000
    checkpoint_print: 1000
    use_fp16: True
    test_both_checkpoints: True
    test_save_every_nth: 10
    F_feature_layer: 34
    F_weights: 1.0
    F_lossfn_type: l1
    F_use_input_norm: True
    F_use_range_norm: False
    G_optimizer_betas: [0.9, 0.999]
    G_scheduler_restart_weights: 1
    G_optimizer_reuse: False
  ]
  opt_path: options/train_scunet_ngswin_1.json
  is_train: True
  merge_bn: False
  merge_bn_startpoint: -1
  find_unused_parameters: False
  use_static_graph: False
  num_gpu: 1
  device: cuda

25-07-08 15:18:38.864 : Using device: cuda
25-07-08 15:18:39.133 : Total samples: 36,116 | Train: 32,505 (90.0%) | Validation: 3,611 (10.0%)
25-07-08 15:18:39.133 : Training iters per epoch: 5,418
25-07-08 15:18:54.922 :   task: scunet_ngswin_conv_nstb
  model: scunet_ngswin
  gpu_ids: [0]
  dist: False
  scale: 1
  n_channels: 1
  path:[
    root: training_results/conv_nstb
    pretrained_netG: training_results/conv_nstb/scunet_ngswin_conv_nstb/models/540000_G.pth
    pretrained_netE: training_results/conv_nstb/scunet_ngswin_conv_nstb/models/540000_E.pth
    task: training_results/conv_nstb/scunet_ngswin_conv_nstb
    log: training_results/conv_nstb/scunet_ngswin_conv_nstb
    options: training_results/conv_nstb/scunet_ngswin_conv_nstb/options
    models: training_results/conv_nstb/scunet_ngswin_conv_nstb/models
    images: training_results/conv_nstb/scunet_ngswin_conv_nstb/images
    pretrained_optimizerG: None
  ]
  datasets:[
    train:[
      name: syn_deeplesion_train_li_ct
      dataset_type: li_ct
      dataroot_H: /home/Drive-D/SynDeepLesion/train_640geo
      dataloader_shuffle: True
      dataloader_num_workers: 16
      dataloader_batch_size: 6
      phase: train
      scale: 1
      n_channels: 1
    ]
    test:[
      name: syn_deeplesion_test_li_ct
      dataset_type: li_ct
      dataroot_H: /home/Drive-D/SynDeepLesion/test_640geo
      phase: test
      scale: 1
      n_channels: 1
    ]
    test_2:[
      name: clinical_metal_test_nii_ct
      dataset_type: nii_ct
      dataroot_H: /home/Drive-D/clinical_metal
      phase: test
      scale: 1
      n_channels: 1
    ]
  ]
  netG:[
    net_type: scunet_ngswin
    in_nc: 1
    out_nc: 1
    config: [1, 1, 1, 1, 1, 1, 1]
    dim: 32
    drop_path_rate: 0.0
    input_resolution: 512
    block_variant: conv_nstb
    init_type: kaiming_normal
    init_bn_type: constant
    init_gain: 1.0
    scale: 1
  ]
  train:[
    G_lossfn_type: l1
    G_lossfn_weight: 1.0
    E_decay: 0.999
    G_optimizer_type: adam
    G_optimizer_lr: 0.0001
    G_optimizer_wd: 0
    G_scheduler_type: MultiStepLR
    G_scheduler_milestones: [200000, 400000, 600000, 800000]
    G_scheduler_gamma: 0.5
    G_param_strict: True
    E_param_strict: True
    checkpoint_test: 20000
    checkpoint_save: 10000
    checkpoint_print: 1000
    use_fp16: True
    test_both_checkpoints: True
    test_save_every_nth: 10
    F_feature_layer: 34
    F_weights: 1.0
    F_lossfn_type: l1
    F_use_input_norm: True
    F_use_range_norm: False
    G_optimizer_betas: [0.9, 0.999]
    G_scheduler_restart_weights: 1
    G_optimizer_reuse: False
  ]
  opt_path: options/train_scunet_ngswin_1.json
  is_train: True
  merge_bn: False
  merge_bn_startpoint: -1
  find_unused_parameters: False
  use_static_graph: False
  num_gpu: 1
  device: cuda

25-07-08 15:18:54.922 : Using device: cuda
25-07-08 15:18:55.191 : Total samples: 36,116 | Train: 32,505 (90.0%) | Validation: 3,611 (10.0%)
25-07-08 15:18:55.191 : Training iters per epoch: 5,418
25-07-08 16:11:22.482 :   task: scunet_ngswin_conv_nstb
  model: scunet_ngswin
  gpu_ids: [0]
  dist: False
  scale: 1
  n_channels: 1
  path:[
    root: training_results/conv_nstb
    pretrained_netG: training_results/conv_nstb/scunet_ngswin_conv_nstb/models/540000_G.pth
    pretrained_netE: training_results/conv_nstb/scunet_ngswin_conv_nstb/models/540000_E.pth
    task: training_results/conv_nstb/scunet_ngswin_conv_nstb
    log: training_results/conv_nstb/scunet_ngswin_conv_nstb
    options: training_results/conv_nstb/scunet_ngswin_conv_nstb/options
    models: training_results/conv_nstb/scunet_ngswin_conv_nstb/models
    images: training_results/conv_nstb/scunet_ngswin_conv_nstb/images
    pretrained_optimizerG: None
  ]
  datasets:[
    train:[
      name: syn_deeplesion_train_li_ct
      dataset_type: li_ct
      dataroot_H: /home/Drive-D/SynDeepLesion/train_640geo
      dataloader_shuffle: True
      dataloader_num_workers: 16
      dataloader_batch_size: 6
      phase: train
      scale: 1
      n_channels: 1
    ]
    test:[
      name: syn_deeplesion_test_li_ct
      dataset_type: li_ct
      dataroot_H: /home/Drive-D/SynDeepLesion/test_640geo
      phase: test
      scale: 1
      n_channels: 1
    ]
    test_2:[
      name: clinical_metal_test_nii_ct
      dataset_type: nii_ct
      dataroot_H: /home/Drive-D/clinical_metal
      phase: test
      scale: 1
      n_channels: 1
    ]
  ]
  netG:[
    net_type: scunet_ngswin
    in_nc: 1
    out_nc: 1
    config: [1, 1, 1, 1, 1, 1, 1]
    dim: 32
    drop_path_rate: 0.0
    input_resolution: 512
    block_variant: conv_nstb
    init_type: kaiming_normal
    init_bn_type: constant
    init_gain: 1.0
    scale: 1
  ]
  train:[
    G_lossfn_type: l1
    G_lossfn_weight: 1.0
    E_decay: 0.999
    G_optimizer_type: adam
    G_optimizer_lr: 0.0001
    G_optimizer_wd: 0
    G_scheduler_type: MultiStepLR
    G_scheduler_milestones: [200000, 400000, 600000, 800000]
    G_scheduler_gamma: 0.5
    G_param_strict: True
    E_param_strict: True
    checkpoint_test: 20000
    checkpoint_save: 10000
    checkpoint_print: 1000
    use_fp16: True
    test_both_checkpoints: True
    test_save_every_nth: 10
    F_feature_layer: 34
    F_weights: 1.0
    F_lossfn_type: l1
    F_use_input_norm: True
    F_use_range_norm: False
    G_optimizer_betas: [0.9, 0.999]
    G_scheduler_restart_weights: 1
    G_optimizer_reuse: False
  ]
  opt_path: options/train_scunet_ngswin_1.json
  is_train: True
  merge_bn: False
  merge_bn_startpoint: -1
  find_unused_parameters: False
  use_static_graph: False
  num_gpu: 1
  device: cuda

25-07-08 16:11:22.482 : Using device: cuda
25-07-08 16:11:22.793 : Total samples: 36,116 | Train: 32,505 (90.0%) | Validation: 3,611 (10.0%)
25-07-08 16:11:22.793 : Training iters per epoch: 5,418
25-07-08 16:11:22.794 : Test set samples: 75
25-07-08 16:11:23.815 : 
Networks name: SCUNet_NGSwin
Params number: 5348264
Net structure:
SCUNet_NGSwin(
  (m_head): Sequential(
    (0): Conv2d(1, 64, kernel_size=(3, 3), stride=(1, 1), padding=(1, 1), bias=False)
  )
  (m_down1): Sequential(
    (0): ConvNSTBBlock(
      (conv1_1): Conv2d(64, 64, kernel_size=(1, 1), stride=(1, 1))
      (conv_block): Sequential(
        (0): Conv2d(32, 32, kernel_size=(3, 3), stride=(1, 1), padding=(1, 1), bias=False)
        (1): ReLU(inplace=True)
        (2): Conv2d(32, 32, kernel_size=(3, 3), stride=(1, 1), padding=(1, 1), bias=False)
      )
      (nstb_block): NSTB(
        (ngram_window_partition): NGramWindowPartition(
          (ngram_context): NGramContext(
            (unigram_embed): Conv2d(32, 16, kernel_size=(8, 8), stride=(8, 8), groups=16)
            (ngram_attn): WindowAttention(
              (qkv): Linear(in_features=16, out_features=48, bias=True)
              (attn_drop): Dropout(p=0.0, inplace=False)
              (proj): Linear(in_features=16, out_features=16, bias=True)
              (proj_drop): Dropout(p=0.0, inplace=False)
              (softmax): Softmax(dim=-1)
            )
            (avg_pool): AvgPool2d(kernel_size=2, stride=2, padding=0)
            (merge): Conv2d(32, 32, kernel_size=(1, 1), stride=(1, 1))
          )
        )
        (attn): WindowAttention(
          (qkv): Linear(in_features=32, out_features=96, bias=True)
          (attn_drop): Dropout(p=0.0, inplace=False)
          (proj): Linear(in_features=32, out_features=32, bias=True)
          (proj_drop): Dropout(p=0.0, inplace=False)
          (softmax): Softmax(dim=-1)
        )
        (norm1): LayerNorm((32,), eps=1e-05, elementwise_affine=True)
        (drop_path): Identity()
        (ffn): Mlp(
          (fc1): Linear(in_features=32, out_features=64, bias=True)
          (act): GELU(approximate='none')
          (drop1): Dropout(p=0.0, inplace=False)
          (norm): Identity()
          (fc2): Linear(in_features=64, out_features=32, bias=True)
          (drop2): Dropout(p=0.0, inplace=False)
        )
        (norm2): LayerNorm((32,), eps=1e-05, elementwise_affine=True)
      )
      (conv1_2): Conv2d(64, 64, kernel_size=(1, 1), stride=(1, 1))
    )
    (1): Conv2d(64, 128, kernel_size=(2, 2), stride=(2, 2), bias=False)
  )
  (m_down2): Sequential(
    (0): ConvNSTBBlock(
      (conv1_1): Conv2d(128, 128, kernel_size=(1, 1), stride=(1, 1))
      (conv_block): Sequential(
        (0): Conv2d(64, 64, kernel_size=(3, 3), stride=(1, 1), padding=(1, 1), bias=False)
        (1): ReLU(inplace=True)
        (2): Conv2d(64, 64, kernel_size=(3, 3), stride=(1, 1), padding=(1, 1), bias=False)
      )
      (nstb_block): NSTB(
        (ngram_window_partition): NGramWindowPartition(
          (ngram_context): NGramContext(
            (unigram_embed): Conv2d(64, 32, kernel_size=(8, 8), stride=(8, 8), groups=32)
            (ngram_attn): WindowAttention(
              (qkv): Linear(in_features=32, out_features=96, bias=True)
              (attn_drop): Dropout(p=0.0, inplace=False)
              (proj): Linear(in_features=32, out_features=32, bias=True)
              (proj_drop): Dropout(p=0.0, inplace=False)
              (softmax): Softmax(dim=-1)
            )
            (avg_pool): AvgPool2d(kernel_size=2, stride=2, padding=0)
            (merge): Conv2d(64, 64, kernel_size=(1, 1), stride=(1, 1))
          )
        )
        (attn): WindowAttention(
          (qkv): Linear(in_features=64, out_features=192, bias=True)
          (attn_drop): Dropout(p=0.0, inplace=False)
          (proj): Linear(in_features=64, out_features=64, bias=True)
          (proj_drop): Dropout(p=0.0, inplace=False)
          (softmax): Softmax(dim=-1)
        )
        (norm1): LayerNorm((64,), eps=1e-05, elementwise_affine=True)
        (drop_path): Identity()
        (ffn): Mlp(
          (fc1): Linear(in_features=64, out_features=128, bias=True)
          (act): GELU(approximate='none')
          (drop1): Dropout(p=0.0, inplace=False)
          (norm): Identity()
          (fc2): Linear(in_features=128, out_features=64, bias=True)
          (drop2): Dropout(p=0.0, inplace=False)
        )
        (norm2): LayerNorm((64,), eps=1e-05, elementwise_affine=True)
      )
      (conv1_2): Conv2d(128, 128, kernel_size=(1, 1), stride=(1, 1))
    )
    (1): Conv2d(128, 256, kernel_size=(2, 2), stride=(2, 2), bias=False)
  )
  (m_down3): Sequential(
    (0): ConvNSTBBlock(
      (conv1_1): Conv2d(256, 256, kernel_size=(1, 1), stride=(1, 1))
      (conv_block): Sequential(
        (0): Conv2d(128, 128, kernel_size=(3, 3), stride=(1, 1), padding=(1, 1), bias=False)
        (1): ReLU(inplace=True)
        (2): Conv2d(128, 128, kernel_size=(3, 3), stride=(1, 1), padding=(1, 1), bias=False)
      )
      (nstb_block): NSTB(
        (ngram_window_partition): NGramWindowPartition(
          (ngram_context): NGramContext(
            (unigram_embed): Conv2d(128, 64, kernel_size=(8, 8), stride=(8, 8), groups=64)
            (ngram_attn): WindowAttention(
              (qkv): Linear(in_features=64, out_features=192, bias=True)
              (attn_drop): Dropout(p=0.0, inplace=False)
              (proj): Linear(in_features=64, out_features=64, bias=True)
              (proj_drop): Dropout(p=0.0, inplace=False)
              (softmax): Softmax(dim=-1)
            )
            (avg_pool): AvgPool2d(kernel_size=2, stride=2, padding=0)
            (merge): Conv2d(128, 128, kernel_size=(1, 1), stride=(1, 1))
          )
        )
        (attn): WindowAttention(
          (qkv): Linear(in_features=128, out_features=384, bias=True)
          (attn_drop): Dropout(p=0.0, inplace=False)
          (proj): Linear(in_features=128, out_features=128, bias=True)
          (proj_drop): Dropout(p=0.0, inplace=False)
          (softmax): Softmax(dim=-1)
        )
        (norm1): LayerNorm((128,), eps=1e-05, elementwise_affine=True)
        (drop_path): Identity()
        (ffn): Mlp(
          (fc1): Linear(in_features=128, out_features=256, bias=True)
          (act): GELU(approximate='none')
          (drop1): Dropout(p=0.0, inplace=False)
          (norm): Identity()
          (fc2): Linear(in_features=256, out_features=128, bias=True)
          (drop2): Dropout(p=0.0, inplace=False)
        )
        (norm2): LayerNorm((128,), eps=1e-05, elementwise_affine=True)
      )
      (conv1_2): Conv2d(256, 256, kernel_size=(1, 1), stride=(1, 1))
    )
    (1): Conv2d(256, 512, kernel_size=(2, 2), stride=(2, 2), bias=False)
  )
  (m_body): Sequential(
    (0): ConvNSTBBlock(
      (conv1_1): Conv2d(512, 512, kernel_size=(1, 1), stride=(1, 1))
      (conv_block): Sequential(
        (0): Conv2d(256, 256, kernel_size=(3, 3), stride=(1, 1), padding=(1, 1), bias=False)
        (1): ReLU(inplace=True)
        (2): Conv2d(256, 256, kernel_size=(3, 3), stride=(1, 1), padding=(1, 1), bias=False)
      )
      (nstb_block): NSTB(
        (ngram_window_partition): NGramWindowPartition(
          (ngram_context): NGramContext(
            (unigram_embed): Conv2d(256, 128, kernel_size=(8, 8), stride=(8, 8), groups=128)
            (ngram_attn): WindowAttention(
              (qkv): Linear(in_features=128, out_features=384, bias=True)
              (attn_drop): Dropout(p=0.0, inplace=False)
              (proj): Linear(in_features=128, out_features=128, bias=True)
              (proj_drop): Dropout(p=0.0, inplace=False)
              (softmax): Softmax(dim=-1)
            )
            (avg_pool): AvgPool2d(kernel_size=2, stride=2, padding=0)
            (merge): Conv2d(256, 256, kernel_size=(1, 1), stride=(1, 1))
          )
        )
        (attn): WindowAttention(
          (qkv): Linear(in_features=256, out_features=768, bias=True)
          (attn_drop): Dropout(p=0.0, inplace=False)
          (proj): Linear(in_features=256, out_features=256, bias=True)
          (proj_drop): Dropout(p=0.0, inplace=False)
          (softmax): Softmax(dim=-1)
        )
        (norm1): LayerNorm((256,), eps=1e-05, elementwise_affine=True)
        (drop_path): Identity()
        (ffn): Mlp(
          (fc1): Linear(in_features=256, out_features=512, bias=True)
          (act): GELU(approximate='none')
          (drop1): Dropout(p=0.0, inplace=False)
          (norm): Identity()
          (fc2): Linear(in_features=512, out_features=256, bias=True)
          (drop2): Dropout(p=0.0, inplace=False)
        )
        (norm2): LayerNorm((256,), eps=1e-05, elementwise_affine=True)
      )
      (conv1_2): Conv2d(512, 512, kernel_size=(1, 1), stride=(1, 1))
    )
  )
  (m_up3): Sequential(
    (0): ConvTranspose2d(512, 256, kernel_size=(2, 2), stride=(2, 2), bias=False)
    (1): ConvNSTBBlock(
      (conv1_1): Conv2d(256, 256, kernel_size=(1, 1), stride=(1, 1))
      (conv_block): Sequential(
        (0): Conv2d(128, 128, kernel_size=(3, 3), stride=(1, 1), padding=(1, 1), bias=False)
        (1): ReLU(inplace=True)
        (2): Conv2d(128, 128, kernel_size=(3, 3), stride=(1, 1), padding=(1, 1), bias=False)
      )
      (nstb_block): NSTB(
        (ngram_window_partition): NGramWindowPartition(
          (ngram_context): NGramContext(
            (unigram_embed): Conv2d(128, 64, kernel_size=(8, 8), stride=(8, 8), groups=64)
            (ngram_attn): WindowAttention(
              (qkv): Linear(in_features=64, out_features=192, bias=True)
              (attn_drop): Dropout(p=0.0, inplace=False)
              (proj): Linear(in_features=64, out_features=64, bias=True)
              (proj_drop): Dropout(p=0.0, inplace=False)
              (softmax): Softmax(dim=-1)
            )
            (avg_pool): AvgPool2d(kernel_size=2, stride=2, padding=0)
            (merge): Conv2d(128, 128, kernel_size=(1, 1), stride=(1, 1))
          )
        )
        (attn): WindowAttention(
          (qkv): Linear(in_features=128, out_features=384, bias=True)
          (attn_drop): Dropout(p=0.0, inplace=False)
          (proj): Linear(in_features=128, out_features=128, bias=True)
          (proj_drop): Dropout(p=0.0, inplace=False)
          (softmax): Softmax(dim=-1)
        )
        (norm1): LayerNorm((128,), eps=1e-05, elementwise_affine=True)
        (drop_path): Identity()
        (ffn): Mlp(
          (fc1): Linear(in_features=128, out_features=256, bias=True)
          (act): GELU(approximate='none')
          (drop1): Dropout(p=0.0, inplace=False)
          (norm): Identity()
          (fc2): Linear(in_features=256, out_features=128, bias=True)
          (drop2): Dropout(p=0.0, inplace=False)
        )
        (norm2): LayerNorm((128,), eps=1e-05, elementwise_affine=True)
      )
      (conv1_2): Conv2d(256, 256, kernel_size=(1, 1), stride=(1, 1))
    )
  )
  (m_up2): Sequential(
    (0): ConvTranspose2d(256, 128, kernel_size=(2, 2), stride=(2, 2), bias=False)
    (1): ConvNSTBBlock(
      (conv1_1): Conv2d(128, 128, kernel_size=(1, 1), stride=(1, 1))
      (conv_block): Sequential(
        (0): Conv2d(64, 64, kernel_size=(3, 3), stride=(1, 1), padding=(1, 1), bias=False)
        (1): ReLU(inplace=True)
        (2): Conv2d(64, 64, kernel_size=(3, 3), stride=(1, 1), padding=(1, 1), bias=False)
      )
      (nstb_block): NSTB(
        (ngram_window_partition): NGramWindowPartition(
          (ngram_context): NGramContext(
            (unigram_embed): Conv2d(64, 32, kernel_size=(8, 8), stride=(8, 8), groups=32)
            (ngram_attn): WindowAttention(
              (qkv): Linear(in_features=32, out_features=96, bias=True)
              (attn_drop): Dropout(p=0.0, inplace=False)
              (proj): Linear(in_features=32, out_features=32, bias=True)
              (proj_drop): Dropout(p=0.0, inplace=False)
              (softmax): Softmax(dim=-1)
            )
            (avg_pool): AvgPool2d(kernel_size=2, stride=2, padding=0)
            (merge): Conv2d(64, 64, kernel_size=(1, 1), stride=(1, 1))
          )
        )
        (attn): WindowAttention(
          (qkv): Linear(in_features=64, out_features=192, bias=True)
          (attn_drop): Dropout(p=0.0, inplace=False)
          (proj): Linear(in_features=64, out_features=64, bias=True)
          (proj_drop): Dropout(p=0.0, inplace=False)
          (softmax): Softmax(dim=-1)
        )
        (norm1): LayerNorm((64,), eps=1e-05, elementwise_affine=True)
        (drop_path): Identity()
        (ffn): Mlp(
          (fc1): Linear(in_features=64, out_features=128, bias=True)
          (act): GELU(approximate='none')
          (drop1): Dropout(p=0.0, inplace=False)
          (norm): Identity()
          (fc2): Linear(in_features=128, out_features=64, bias=True)
          (drop2): Dropout(p=0.0, inplace=False)
        )
        (norm2): LayerNorm((64,), eps=1e-05, elementwise_affine=True)
      )
      (conv1_2): Conv2d(128, 128, kernel_size=(1, 1), stride=(1, 1))
    )
  )
  (m_up1): Sequential(
    (0): ConvTranspose2d(128, 64, kernel_size=(2, 2), stride=(2, 2), bias=False)
    (1): ConvNSTBBlock(
      (conv1_1): Conv2d(64, 64, kernel_size=(1, 1), stride=(1, 1))
      (conv_block): Sequential(
        (0): Conv2d(32, 32, kernel_size=(3, 3), stride=(1, 1), padding=(1, 1), bias=False)
        (1): ReLU(inplace=True)
        (2): Conv2d(32, 32, kernel_size=(3, 3), stride=(1, 1), padding=(1, 1), bias=False)
      )
      (nstb_block): NSTB(
        (ngram_window_partition): NGramWindowPartition(
          (ngram_context): NGramContext(
            (unigram_embed): Conv2d(32, 16, kernel_size=(8, 8), stride=(8, 8), groups=16)
            (ngram_attn): WindowAttention(
              (qkv): Linear(in_features=16, out_features=48, bias=True)
              (attn_drop): Dropout(p=0.0, inplace=False)
              (proj): Linear(in_features=16, out_features=16, bias=True)
              (proj_drop): Dropout(p=0.0, inplace=False)
              (softmax): Softmax(dim=-1)
            )
            (avg_pool): AvgPool2d(kernel_size=2, stride=2, padding=0)
            (merge): Conv2d(32, 32, kernel_size=(1, 1), stride=(1, 1))
          )
        )
        (attn): WindowAttention(
          (qkv): Linear(in_features=32, out_features=96, bias=True)
          (attn_drop): Dropout(p=0.0, inplace=False)
          (proj): Linear(in_features=32, out_features=32, bias=True)
          (proj_drop): Dropout(p=0.0, inplace=False)
          (softmax): Softmax(dim=-1)
        )
        (norm1): LayerNorm((32,), eps=1e-05, elementwise_affine=True)
        (drop_path): Identity()
        (ffn): Mlp(
          (fc1): Linear(in_features=32, out_features=64, bias=True)
          (act): GELU(approximate='none')
          (drop1): Dropout(p=0.0, inplace=False)
          (norm): Identity()
          (fc2): Linear(in_features=64, out_features=32, bias=True)
          (drop2): Dropout(p=0.0, inplace=False)
        )
        (norm2): LayerNorm((32,), eps=1e-05, elementwise_affine=True)
      )
      (conv1_2): Conv2d(64, 64, kernel_size=(1, 1), stride=(1, 1))
    )
  )
  (m_tail): Sequential(
    (0): Conv2d(64, 1, kernel_size=(3, 3), stride=(1, 1), padding=(1, 1), bias=False)
  )
)

25-07-08 16:11:23.852 : 
 |  mean  |  min   |  max   |  std   || shape               
 |  0.006 | -0.457 |  0.432 |  0.201 | torch.Size([64, 1, 3, 3]) || m_head.0.weight
 | -0.005 | -1.429 |  2.076 |  0.179 | torch.Size([64, 64, 1, 1]) || m_down1.0.conv1_1.weight
 | -0.012 | -0.131 |  0.130 |  0.067 | torch.Size([64]) || m_down1.0.conv1_1.bias
 |  0.001 | -0.872 |  0.929 |  0.077 | torch.Size([32, 32, 3, 3]) || m_down1.0.conv_block.0.weight
 | -0.000 | -0.347 |  0.371 |  0.065 | torch.Size([32, 32, 3, 3]) || m_down1.0.conv_block.2.weight
 | -12.109 | -100.000 |  0.000 | 32.624 | torch.Size([64, 64, 64]) || m_down1.0.nstb_block.attn_mask
 | -0.002 | -0.203 |  0.214 |  0.062 | torch.Size([16, 2, 8, 8]) || m_down1.0.nstb_block.ngram_window_partition.ngram_context.unigram_embed.weight
 |  0.025 | -0.077 |  0.113 |  0.050 | torch.Size([16]) || m_down1.0.nstb_block.ngram_window_partition.ngram_context.unigram_embed.bias
 |  2.377 |  2.377 |  2.377 |    nan | torch.Size([1, 1, 1]) || m_down1.0.nstb_block.ngram_window_partition.ngram_context.ngram_attn.logit_scale
 | -0.004 | -0.186 |  0.243 |  0.150 | torch.Size([9, 1]) || m_down1.0.nstb_block.ngram_window_partition.ngram_context.ngram_attn.relative_position_bias_table
 |  4.000 |  0.000 |  8.000 |  2.309 | torch.Size([4, 4]) || m_down1.0.nstb_block.ngram_window_partition.ngram_context.ngram_attn.relative_position_index
 |  0.006 | -0.430 |  0.479 |  0.159 | torch.Size([48, 16]) || m_down1.0.nstb_block.ngram_window_partition.ngram_context.ngram_attn.qkv.weight
 | -0.023 | -0.214 |  0.191 |  0.115 | torch.Size([48]) || m_down1.0.nstb_block.ngram_window_partition.ngram_context.ngram_attn.qkv.bias
 |  0.013 | -0.256 |  0.273 |  0.134 | torch.Size([16, 16]) || m_down1.0.nstb_block.ngram_window_partition.ngram_context.ngram_attn.proj.weight
 | -0.011 | -0.196 |  0.142 |  0.107 | torch.Size([16]) || m_down1.0.nstb_block.ngram_window_partition.ngram_context.ngram_attn.proj.bias
 | -0.001 | -0.299 |  0.229 |  0.102 | torch.Size([32, 32, 1, 1]) || m_down1.0.nstb_block.ngram_window_partition.ngram_context.merge.weight
 | -0.006 | -0.145 |  0.165 |  0.088 | torch.Size([32]) || m_down1.0.nstb_block.ngram_window_partition.ngram_context.merge.bias
 |  3.644 |  3.644 |  3.644 |    nan | torch.Size([1, 1, 1]) || m_down1.0.nstb_block.attn.logit_scale
 | -0.248 | -0.805 |  0.980 |  0.378 | torch.Size([225, 1]) || m_down1.0.nstb_block.attn.relative_position_bias_table
 | 112.000 |  0.000 | 224.000 | 48.719 | torch.Size([64, 64]) || m_down1.0.nstb_block.attn.relative_position_index
 |  0.001 | -0.694 |  0.564 |  0.132 | torch.Size([96, 32]) || m_down1.0.nstb_block.attn.qkv.weight
 | -0.006 | -0.188 |  0.167 |  0.082 | torch.Size([96]) || m_down1.0.nstb_block.attn.qkv.bias
 | -0.003 | -0.326 |  0.270 |  0.109 | torch.Size([32, 32]) || m_down1.0.nstb_block.attn.proj.weight
 |  0.011 | -0.225 |  0.194 |  0.117 | torch.Size([32]) || m_down1.0.nstb_block.attn.proj.bias
 |  0.979 |  0.893 |  1.069 |  0.035 | torch.Size([32]) || m_down1.0.nstb_block.norm1.weight
 |  0.010 | -0.009 |  0.036 |  0.011 | torch.Size([32]) || m_down1.0.nstb_block.norm1.bias
 |  0.001 | -0.487 |  0.653 |  0.135 | torch.Size([64, 32]) || m_down1.0.nstb_block.ffn.fc1.weight
 | -0.000 | -0.199 |  0.164 |  0.094 | torch.Size([64]) || m_down1.0.nstb_block.ffn.fc1.bias
 | -0.003 | -0.221 |  0.253 |  0.081 | torch.Size([32, 64]) || m_down1.0.nstb_block.ffn.fc2.weight
 | -0.016 | -0.124 |  0.153 |  0.082 | torch.Size([32]) || m_down1.0.nstb_block.ffn.fc2.bias
 |  0.962 |  0.790 |  1.003 |  0.042 | torch.Size([32]) || m_down1.0.nstb_block.norm2.weight
 |  0.010 | -0.014 |  0.042 |  0.012 | torch.Size([32]) || m_down1.0.nstb_block.norm2.bias
 | -0.002 | -0.398 |  0.545 |  0.087 | torch.Size([64, 64, 1, 1]) || m_down1.0.conv1_2.weight
 |  0.006 | -0.104 |  0.131 |  0.065 | torch.Size([64]) || m_down1.0.conv1_2.bias
 |  0.000 | -0.329 |  0.276 |  0.051 | torch.Size([128, 64, 2, 2]) || m_down1.1.weight
 |  0.000 | -0.352 |  0.366 |  0.076 | torch.Size([128, 128, 1, 1]) || m_down2.0.conv1_1.weight
 | -0.006 | -0.107 |  0.091 |  0.045 | torch.Size([128]) || m_down2.0.conv1_1.bias
 |  0.002 | -0.371 |  0.360 |  0.055 | torch.Size([64, 64, 3, 3]) || m_down2.0.conv_block.0.weight
 |  0.000 | -0.351 |  0.427 |  0.056 | torch.Size([64, 64, 3, 3]) || m_down2.0.conv_block.2.weight
 | -23.438 | -100.000 |  0.000 | 42.361 | torch.Size([16, 64, 64]) || m_down2.0.nstb_block.attn_mask
 | -0.002 | -0.272 |  0.309 |  0.068 | torch.Size([32, 2, 8, 8]) || m_down2.0.nstb_block.ngram_window_partition.ngram_context.unigram_embed.weight
 |  0.003 | -0.066 |  0.077 |  0.046 | torch.Size([32]) || m_down2.0.nstb_block.ngram_window_partition.ngram_context.unigram_embed.bias
 |  2.287 |  2.182 |  2.392 |  0.149 | torch.Size([2, 1, 1]) || m_down2.0.nstb_block.ngram_window_partition.ngram_context.ngram_attn.logit_scale
 | -0.013 | -0.395 |  0.468 |  0.255 | torch.Size([9, 2]) || m_down2.0.nstb_block.ngram_window_partition.ngram_context.ngram_attn.relative_position_bias_table
 |  4.000 |  0.000 |  8.000 |  2.309 | torch.Size([4, 4]) || m_down2.0.nstb_block.ngram_window_partition.ngram_context.ngram_attn.relative_position_index
 |  0.002 | -0.368 |  0.387 |  0.115 | torch.Size([96, 32]) || m_down2.0.nstb_block.ngram_window_partition.ngram_context.ngram_attn.qkv.weight
 |  0.025 | -0.195 |  0.229 |  0.101 | torch.Size([96]) || m_down2.0.nstb_block.ngram_window_partition.ngram_context.ngram_attn.qkv.bias
 | -0.001 | -0.248 |  0.244 |  0.103 | torch.Size([32, 32]) || m_down2.0.nstb_block.ngram_window_partition.ngram_context.ngram_attn.proj.weight
 |  0.002 | -0.126 |  0.144 |  0.063 | torch.Size([32]) || m_down2.0.nstb_block.ngram_window_partition.ngram_context.ngram_attn.proj.bias
 |  0.001 | -0.249 |  0.216 |  0.077 | torch.Size([64, 64, 1, 1]) || m_down2.0.nstb_block.ngram_window_partition.ngram_context.merge.weight
 |  0.002 | -0.102 |  0.116 |  0.058 | torch.Size([64]) || m_down2.0.nstb_block.ngram_window_partition.ngram_context.merge.bias
 |  2.817 |  2.595 |  3.039 |  0.314 | torch.Size([2, 1, 1]) || m_down2.0.nstb_block.attn.logit_scale
 | -0.331 | -1.011 |  1.407 |  0.399 | torch.Size([225, 2]) || m_down2.0.nstb_block.attn.relative_position_bias_table
 | 112.000 |  0.000 | 224.000 | 48.719 | torch.Size([64, 64]) || m_down2.0.nstb_block.attn.relative_position_index
 |  0.001 | -0.304 |  0.357 |  0.089 | torch.Size([192, 64]) || m_down2.0.nstb_block.attn.qkv.weight
 | -0.011 | -0.222 |  0.156 |  0.070 | torch.Size([192]) || m_down2.0.nstb_block.attn.qkv.bias
 | -0.003 | -0.209 |  0.233 |  0.082 | torch.Size([64, 64]) || m_down2.0.nstb_block.attn.proj.weight
 |  0.000 | -0.188 |  0.197 |  0.091 | torch.Size([64]) || m_down2.0.nstb_block.attn.proj.bias
 |  0.953 |  0.868 |  1.011 |  0.036 | torch.Size([64]) || m_down2.0.nstb_block.norm1.weight
 |  0.002 | -0.023 |  0.034 |  0.012 | torch.Size([64]) || m_down2.0.nstb_block.norm1.bias
 |  0.001 | -0.386 |  0.402 |  0.102 | torch.Size([128, 64]) || m_down2.0.nstb_block.ffn.fc1.weight
 | -0.006 | -0.160 |  0.126 |  0.079 | torch.Size([128]) || m_down2.0.nstb_block.ffn.fc1.bias
 |  0.001 | -0.237 |  0.256 |  0.066 | torch.Size([64, 128]) || m_down2.0.nstb_block.ffn.fc2.weight
 | -0.003 | -0.163 |  0.140 |  0.070 | torch.Size([64]) || m_down2.0.nstb_block.ffn.fc2.bias
 |  0.963 |  0.881 |  1.030 |  0.026 | torch.Size([64]) || m_down2.0.nstb_block.norm2.weight
 | -0.000 | -0.043 |  0.033 |  0.018 | torch.Size([64]) || m_down2.0.nstb_block.norm2.bias
 | -0.000 | -0.196 |  0.180 |  0.057 | torch.Size([128, 128, 1, 1]) || m_down2.0.conv1_2.weight
 | -0.007 | -0.076 |  0.072 |  0.036 | torch.Size([128]) || m_down2.0.conv1_2.bias
 | -0.000 | -0.173 |  0.220 |  0.044 | torch.Size([256, 128, 2, 2]) || m_down2.1.weight
 |  0.000 | -0.219 |  0.200 |  0.052 | torch.Size([256, 256, 1, 1]) || m_down3.0.conv1_1.weight
 | -0.000 | -0.122 |  0.083 |  0.030 | torch.Size([256]) || m_down3.0.conv1_1.bias
 |  0.000 | -0.453 |  0.393 |  0.049 | torch.Size([128, 128, 3, 3]) || m_down3.0.conv_block.0.weight
 |  0.000 | -0.337 |  0.397 |  0.049 | torch.Size([128, 128, 3, 3]) || m_down3.0.conv_block.2.weight
 | -43.750 | -100.000 |  0.000 | 49.609 | torch.Size([4, 64, 64]) || m_down3.0.nstb_block.attn_mask
 |  0.002 | -0.255 |  0.292 |  0.072 | torch.Size([64, 2, 8, 8]) || m_down3.0.nstb_block.ngram_window_partition.ngram_context.unigram_embed.weight
 |  0.009 | -0.089 |  0.104 |  0.047 | torch.Size([64]) || m_down3.0.nstb_block.ngram_window_partition.ngram_context.unigram_embed.bias
 |  2.348 |  2.267 |  2.393 |  0.058 | torch.Size([4, 1, 1]) || m_down3.0.nstb_block.ngram_window_partition.ngram_context.ngram_attn.logit_scale
 | -0.006 | -0.505 |  0.556 |  0.245 | torch.Size([9, 4]) || m_down3.0.nstb_block.ngram_window_partition.ngram_context.ngram_attn.relative_position_bias_table
 |  4.000 |  0.000 |  8.000 |  2.309 | torch.Size([4, 4]) || m_down3.0.nstb_block.ngram_window_partition.ngram_context.ngram_attn.relative_position_index
 |  0.001 | -0.299 |  0.323 |  0.088 | torch.Size([192, 64]) || m_down3.0.nstb_block.ngram_window_partition.ngram_context.ngram_attn.qkv.weight
 | -0.009 | -0.236 |  0.286 |  0.102 | torch.Size([192]) || m_down3.0.nstb_block.ngram_window_partition.ngram_context.ngram_attn.qkv.bias
 |  0.001 | -0.234 |  0.225 |  0.086 | torch.Size([64, 64]) || m_down3.0.nstb_block.ngram_window_partition.ngram_context.ngram_attn.proj.weight
 | -0.001 | -0.095 |  0.097 |  0.055 | torch.Size([64]) || m_down3.0.nstb_block.ngram_window_partition.ngram_context.ngram_attn.proj.bias
 | -0.000 | -0.217 |  0.214 |  0.067 | torch.Size([128, 128, 1, 1]) || m_down3.0.nstb_block.ngram_window_partition.ngram_context.merge.weight
 |  0.001 | -0.101 |  0.096 |  0.043 | torch.Size([128]) || m_down3.0.nstb_block.ngram_window_partition.ngram_context.merge.bias
 |  2.460 |  2.342 |  2.742 |  0.190 | torch.Size([4, 1, 1]) || m_down3.0.nstb_block.attn.logit_scale
 | -0.071 | -0.705 |  0.820 |  0.226 | torch.Size([225, 4]) || m_down3.0.nstb_block.attn.relative_position_bias_table
 | 112.000 |  0.000 | 224.000 | 48.719 | torch.Size([64, 64]) || m_down3.0.nstb_block.attn.relative_position_index
 | -0.000 | -0.322 |  0.283 |  0.069 | torch.Size([384, 128]) || m_down3.0.nstb_block.attn.qkv.weight
 | -0.000 | -0.206 |  0.273 |  0.069 | torch.Size([384]) || m_down3.0.nstb_block.attn.qkv.bias
 | -0.000 | -0.200 |  0.212 |  0.066 | torch.Size([128, 128]) || m_down3.0.nstb_block.attn.proj.weight
 | -0.004 | -0.185 |  0.206 |  0.079 | torch.Size([128]) || m_down3.0.nstb_block.attn.proj.bias
 |  0.932 |  0.843 |  0.995 |  0.035 | torch.Size([128]) || m_down3.0.nstb_block.norm1.weight
 | -0.000 | -0.026 |  0.024 |  0.010 | torch.Size([128]) || m_down3.0.nstb_block.norm1.bias
 |  0.001 | -0.412 |  0.468 |  0.089 | torch.Size([256, 128]) || m_down3.0.nstb_block.ffn.fc1.weight
 | -0.006 | -0.140 |  0.105 |  0.053 | torch.Size([256]) || m_down3.0.nstb_block.ffn.fc1.bias
 | -0.000 | -0.383 |  0.314 |  0.057 | torch.Size([128, 256]) || m_down3.0.nstb_block.ffn.fc2.weight
 |  0.005 | -0.115 |  0.093 |  0.046 | torch.Size([128]) || m_down3.0.nstb_block.ffn.fc2.bias
 |  0.928 |  0.706 |  0.976 |  0.047 | torch.Size([128]) || m_down3.0.nstb_block.norm2.weight
 |  0.001 | -0.047 |  0.042 |  0.019 | torch.Size([128]) || m_down3.0.nstb_block.norm2.bias
 | -0.000 | -0.184 |  0.157 |  0.043 | torch.Size([256, 256, 1, 1]) || m_down3.0.conv1_2.weight
 | -0.001 | -0.059 |  0.049 |  0.024 | torch.Size([256]) || m_down3.0.conv1_2.bias
 |  0.000 | -0.177 |  0.219 |  0.039 | torch.Size([512, 256, 2, 2]) || m_down3.1.weight
 |  0.000 | -0.219 |  0.215 |  0.048 | torch.Size([512, 512, 1, 1]) || m_body.0.conv1_1.weight
 |  0.002 | -0.125 |  0.165 |  0.047 | torch.Size([512]) || m_body.0.conv1_1.bias
 |  0.000 | -0.269 |  0.258 |  0.048 | torch.Size([256, 256, 3, 3]) || m_body.0.conv_block.0.weight
 |  0.000 | -0.266 |  0.268 |  0.047 | torch.Size([256, 256, 3, 3]) || m_body.0.conv_block.2.weight
 | -75.000 | -100.000 |  0.000 | 43.307 | torch.Size([1, 64, 64]) || m_body.0.nstb_block.attn_mask
 | -0.000 | -0.260 |  0.288 |  0.071 | torch.Size([128, 2, 8, 8]) || m_body.0.nstb_block.ngram_window_partition.ngram_context.unigram_embed.weight
 | -0.003 | -0.109 |  0.101 |  0.050 | torch.Size([128]) || m_body.0.nstb_block.ngram_window_partition.ngram_context.unigram_embed.bias
 |  2.207 |  1.948 |  2.333 |  0.157 | torch.Size([8, 1, 1]) || m_body.0.nstb_block.ngram_window_partition.ngram_context.ngram_attn.logit_scale
 | -0.020 | -0.956 |  1.610 |  0.388 | torch.Size([9, 8]) || m_body.0.nstb_block.ngram_window_partition.ngram_context.ngram_attn.relative_position_bias_table
 |  4.000 |  0.000 |  8.000 |  2.309 | torch.Size([4, 4]) || m_body.0.nstb_block.ngram_window_partition.ngram_context.ngram_attn.relative_position_index
 |  0.000 | -0.271 |  0.288 |  0.070 | torch.Size([384, 128]) || m_body.0.nstb_block.ngram_window_partition.ngram_context.ngram_attn.qkv.weight
 | -0.003 | -0.306 |  0.230 |  0.087 | torch.Size([384]) || m_body.0.nstb_block.ngram_window_partition.ngram_context.ngram_attn.qkv.bias
 | -0.001 | -0.235 |  0.230 |  0.070 | torch.Size([128, 128]) || m_body.0.nstb_block.ngram_window_partition.ngram_context.ngram_attn.proj.weight
 | -0.003 | -0.080 |  0.072 |  0.037 | torch.Size([128]) || m_body.0.nstb_block.ngram_window_partition.ngram_context.ngram_attn.proj.bias
 | -0.000 | -0.229 |  0.231 |  0.058 | torch.Size([256, 256, 1, 1]) || m_body.0.nstb_block.ngram_window_partition.ngram_context.merge.weight
 |  0.003 | -0.131 |  0.118 |  0.047 | torch.Size([256]) || m_body.0.nstb_block.ngram_window_partition.ngram_context.merge.bias
 |  2.588 |  2.467 |  2.791 |  0.109 | torch.Size([8, 1, 1]) || m_body.0.nstb_block.attn.logit_scale
 | -0.164 | -1.361 |  1.011 |  0.435 | torch.Size([225, 8]) || m_body.0.nstb_block.attn.relative_position_bias_table
 | 112.000 |  0.000 | 224.000 | 48.719 | torch.Size([64, 64]) || m_body.0.nstb_block.attn.relative_position_index
 | -0.000 | -0.277 |  0.258 |  0.058 | torch.Size([768, 256]) || m_body.0.nstb_block.attn.qkv.weight
 | -0.001 | -0.289 |  0.273 |  0.080 | torch.Size([768]) || m_body.0.nstb_block.attn.qkv.bias
 | -0.000 | -0.290 |  0.268 |  0.056 | torch.Size([256, 256]) || m_body.0.nstb_block.attn.proj.weight
 | -0.001 | -0.325 |  0.284 |  0.071 | torch.Size([256]) || m_body.0.nstb_block.attn.proj.bias
 |  0.910 |  0.822 |  0.986 |  0.028 | torch.Size([256]) || m_body.0.nstb_block.norm1.weight
 | -0.003 | -0.094 |  0.081 |  0.024 | torch.Size([256]) || m_body.0.nstb_block.norm1.bias
 |  0.000 | -0.321 |  0.294 |  0.065 | torch.Size([512, 256]) || m_body.0.nstb_block.ffn.fc1.weight
 | -0.021 | -0.114 |  0.112 |  0.040 | torch.Size([512]) || m_body.0.nstb_block.ffn.fc1.bias
 |  0.000 | -0.350 |  0.321 |  0.052 | torch.Size([256, 512]) || m_body.0.nstb_block.ffn.fc2.weight
 |  0.000 | -0.207 |  0.240 |  0.046 | torch.Size([256]) || m_body.0.nstb_block.ffn.fc2.bias
 |  0.953 |  0.813 |  1.049 |  0.034 | torch.Size([256]) || m_body.0.nstb_block.norm2.weight
 | -0.002 | -0.090 |  0.084 |  0.031 | torch.Size([256]) || m_body.0.nstb_block.norm2.bias
 | -0.000 | -0.171 |  0.180 |  0.040 | torch.Size([512, 512, 1, 1]) || m_body.0.conv1_2.weight
 | -0.002 | -0.155 |  0.113 |  0.049 | torch.Size([512]) || m_body.0.conv1_2.bias
 |  0.000 | -0.152 |  0.150 |  0.033 | torch.Size([512, 256, 2, 2]) || m_up3.0.weight
 |  0.001 | -0.206 |  0.197 |  0.052 | torch.Size([256, 256, 1, 1]) || m_up3.1.conv1_1.weight
 | -0.002 | -0.111 |  0.125 |  0.053 | torch.Size([256]) || m_up3.1.conv1_1.bias
 | -0.001 | -0.309 |  0.239 |  0.044 | torch.Size([128, 128, 3, 3]) || m_up3.1.conv_block.0.weight
 | -0.000 | -0.264 |  0.283 |  0.043 | torch.Size([128, 128, 3, 3]) || m_up3.1.conv_block.2.weight
 | -43.750 | -100.000 |  0.000 | 49.609 | torch.Size([4, 64, 64]) || m_up3.1.nstb_block.attn_mask
 |  0.002 | -0.291 |  0.220 |  0.064 | torch.Size([64, 2, 8, 8]) || m_up3.1.nstb_block.ngram_window_partition.ngram_context.unigram_embed.weight
 | -0.006 | -0.102 |  0.095 |  0.056 | torch.Size([64]) || m_up3.1.nstb_block.ngram_window_partition.ngram_context.unigram_embed.bias
 |  1.994 |  1.935 |  2.035 |  0.045 | torch.Size([4, 1, 1]) || m_up3.1.nstb_block.ngram_window_partition.ngram_context.ngram_attn.logit_scale
 | -0.020 | -0.866 |  1.563 |  0.546 | torch.Size([9, 4]) || m_up3.1.nstb_block.ngram_window_partition.ngram_context.ngram_attn.relative_position_bias_table
 |  4.000 |  0.000 |  8.000 |  2.309 | torch.Size([4, 4]) || m_up3.1.nstb_block.ngram_window_partition.ngram_context.ngram_attn.relative_position_index
 | -0.002 | -0.285 |  0.297 |  0.084 | torch.Size([192, 64]) || m_up3.1.nstb_block.ngram_window_partition.ngram_context.ngram_attn.qkv.weight
 | -0.006 | -0.392 |  0.346 |  0.136 | torch.Size([192]) || m_up3.1.nstb_block.ngram_window_partition.ngram_context.ngram_attn.qkv.bias
 |  0.001 | -0.216 |  0.218 |  0.082 | torch.Size([64, 64]) || m_up3.1.nstb_block.ngram_window_partition.ngram_context.ngram_attn.proj.weight
 |  0.005 | -0.116 |  0.103 |  0.067 | torch.Size([64]) || m_up3.1.nstb_block.ngram_window_partition.ngram_context.ngram_attn.proj.bias
 |  0.001 | -0.210 |  0.221 |  0.063 | torch.Size([128, 128, 1, 1]) || m_up3.1.nstb_block.ngram_window_partition.ngram_context.merge.weight
 |  0.002 | -0.128 |  0.130 |  0.055 | torch.Size([128]) || m_up3.1.nstb_block.ngram_window_partition.ngram_context.merge.bias
 |  2.500 |  2.375 |  2.652 |  0.115 | torch.Size([4, 1, 1]) || m_up3.1.nstb_block.attn.logit_scale
 | -0.372 | -1.452 |  1.124 |  0.486 | torch.Size([225, 4]) || m_up3.1.nstb_block.attn.relative_position_bias_table
 | 112.000 |  0.000 | 224.000 | 48.719 | torch.Size([64, 64]) || m_up3.1.nstb_block.attn.relative_position_index
 |  0.000 | -0.280 |  0.249 |  0.066 | torch.Size([384, 128]) || m_up3.1.nstb_block.attn.qkv.weight
 |  0.001 | -0.253 |  0.251 |  0.080 | torch.Size([384]) || m_up3.1.nstb_block.attn.qkv.bias
 | -0.000 | -0.211 |  0.238 |  0.062 | torch.Size([128, 128]) || m_up3.1.nstb_block.attn.proj.weight
 |  0.000 | -0.183 |  0.164 |  0.074 | torch.Size([128]) || m_up3.1.nstb_block.attn.proj.bias
 |  0.977 |  0.873 |  1.036 |  0.023 | torch.Size([128]) || m_up3.1.nstb_block.norm1.weight
 |  0.001 | -0.054 |  0.055 |  0.019 | torch.Size([128]) || m_up3.1.nstb_block.norm1.bias
 | -0.000 | -0.297 |  0.303 |  0.070 | torch.Size([256, 128]) || m_up3.1.nstb_block.ffn.fc1.weight
 | -0.030 | -0.178 |  0.107 |  0.061 | torch.Size([256]) || m_up3.1.nstb_block.ffn.fc1.bias
 | -0.000 | -0.226 |  0.240 |  0.053 | torch.Size([128, 256]) || m_up3.1.nstb_block.ffn.fc2.weight
 |  0.004 | -0.100 |  0.159 |  0.047 | torch.Size([128]) || m_up3.1.nstb_block.ffn.fc2.bias
 |  1.007 |  0.897 |  1.105 |  0.034 | torch.Size([128]) || m_up3.1.nstb_block.norm2.weight
 |  0.003 | -0.034 |  0.033 |  0.014 | torch.Size([128]) || m_up3.1.nstb_block.norm2.bias
 | -0.000 | -0.199 |  0.188 |  0.048 | torch.Size([256, 256, 1, 1]) || m_up3.1.conv1_2.weight
 | -0.002 | -0.134 |  0.112 |  0.051 | torch.Size([256]) || m_up3.1.conv1_2.bias
 |  0.000 | -0.114 |  0.107 |  0.024 | torch.Size([256, 128, 2, 2]) || m_up2.0.weight
 | -0.000 | -0.267 |  0.264 |  0.071 | torch.Size([128, 128, 1, 1]) || m_up2.1.conv1_1.weight
 | -0.009 | -0.101 |  0.081 |  0.047 | torch.Size([128]) || m_up2.1.conv1_1.bias
 |  0.000 | -0.290 |  0.306 |  0.048 | torch.Size([64, 64, 3, 3]) || m_up2.1.conv_block.0.weight
 |  0.001 | -0.406 |  0.446 |  0.052 | torch.Size([64, 64, 3, 3]) || m_up2.1.conv_block.2.weight
 | -23.438 | -100.000 |  0.000 | 42.361 | torch.Size([16, 64, 64]) || m_up2.1.nstb_block.attn_mask
 |  0.001 | -0.273 |  0.284 |  0.067 | torch.Size([32, 2, 8, 8]) || m_up2.1.nstb_block.ngram_window_partition.ngram_context.unigram_embed.weight
 | -0.007 | -0.094 |  0.088 |  0.046 | torch.Size([32]) || m_up2.1.nstb_block.ngram_window_partition.ngram_context.unigram_embed.bias
 |  1.705 |  1.548 |  1.861 |  0.221 | torch.Size([2, 1, 1]) || m_up2.1.nstb_block.ngram_window_partition.ngram_context.ngram_attn.logit_scale
 | -0.157 | -1.731 |  1.752 |  1.100 | torch.Size([9, 2]) || m_up2.1.nstb_block.ngram_window_partition.ngram_context.ngram_attn.relative_position_bias_table
 |  4.000 |  0.000 |  8.000 |  2.309 | torch.Size([4, 4]) || m_up2.1.nstb_block.ngram_window_partition.ngram_context.ngram_attn.relative_position_index
 |  0.001 | -0.315 |  0.330 |  0.111 | torch.Size([96, 32]) || m_up2.1.nstb_block.ngram_window_partition.ngram_context.ngram_attn.qkv.weight
 | -0.012 | -0.317 |  0.410 |  0.139 | torch.Size([96]) || m_up2.1.nstb_block.ngram_window_partition.ngram_context.ngram_attn.qkv.bias
 |  0.000 | -0.270 |  0.251 |  0.111 | torch.Size([32, 32]) || m_up2.1.nstb_block.ngram_window_partition.ngram_context.ngram_attn.proj.weight
 |  0.001 | -0.168 |  0.132 |  0.091 | torch.Size([32]) || m_up2.1.nstb_block.ngram_window_partition.ngram_context.ngram_attn.proj.bias
 | -0.000 | -0.303 |  0.284 |  0.079 | torch.Size([64, 64, 1, 1]) || m_up2.1.nstb_block.ngram_window_partition.ngram_context.merge.weight
 | -0.012 | -0.136 |  0.143 |  0.069 | torch.Size([64]) || m_up2.1.nstb_block.ngram_window_partition.ngram_context.merge.bias
 |  2.433 |  2.336 |  2.529 |  0.136 | torch.Size([2, 1, 1]) || m_up2.1.nstb_block.attn.logit_scale
 | -0.237 | -1.133 |  0.996 |  0.473 | torch.Size([225, 2]) || m_up2.1.nstb_block.attn.relative_position_bias_table
 | 112.000 |  0.000 | 224.000 | 48.719 | torch.Size([64, 64]) || m_up2.1.nstb_block.attn.relative_position_index
 | -0.000 | -0.398 |  0.321 |  0.081 | torch.Size([192, 64]) || m_up2.1.nstb_block.attn.qkv.weight
 |  0.007 | -0.150 |  0.186 |  0.085 | torch.Size([192]) || m_up2.1.nstb_block.attn.qkv.bias
 |  0.000 | -0.266 |  0.251 |  0.075 | torch.Size([64, 64]) || m_up2.1.nstb_block.attn.proj.weight
 | -0.010 | -0.226 |  0.175 |  0.086 | torch.Size([64]) || m_up2.1.nstb_block.attn.proj.bias
 |  0.958 |  0.718 |  0.998 |  0.055 | torch.Size([64]) || m_up2.1.nstb_block.norm1.weight
 | -0.002 | -0.020 |  0.011 |  0.007 | torch.Size([64]) || m_up2.1.nstb_block.norm1.bias
 |  0.000 | -0.418 |  0.381 |  0.089 | torch.Size([128, 64]) || m_up2.1.nstb_block.ffn.fc1.weight
 | -0.011 | -0.167 |  0.161 |  0.076 | torch.Size([128]) || m_up2.1.nstb_block.ffn.fc1.bias
 |  0.000 | -0.188 |  0.206 |  0.057 | torch.Size([64, 128]) || m_up2.1.nstb_block.ffn.fc2.weight
 | -0.006 | -0.129 |  0.108 |  0.058 | torch.Size([64]) || m_up2.1.nstb_block.ffn.fc2.bias
 |  0.945 |  0.541 |  1.004 |  0.084 | torch.Size([64]) || m_up2.1.nstb_block.norm2.weight
 | -0.002 | -0.014 |  0.013 |  0.007 | torch.Size([64]) || m_up2.1.nstb_block.norm2.bias
 |  0.000 | -0.271 |  0.245 |  0.063 | torch.Size([128, 128, 1, 1]) || m_up2.1.conv1_2.weight
 |  0.006 | -0.099 |  0.116 |  0.051 | torch.Size([128]) || m_up2.1.conv1_2.bias
 |  0.000 | -0.153 |  0.141 |  0.036 | torch.Size([128, 64, 2, 2]) || m_up1.0.weight
 | -0.002 | -0.266 |  0.288 |  0.085 | torch.Size([64, 64, 1, 1]) || m_up1.1.conv1_1.weight
 |  0.008 | -0.129 |  0.121 |  0.066 | torch.Size([64]) || m_up1.1.conv1_1.bias
 |  0.001 | -0.221 |  0.288 |  0.049 | torch.Size([32, 32, 3, 3]) || m_up1.1.conv_block.0.weight
 | -0.002 | -0.260 |  0.337 |  0.050 | torch.Size([32, 32, 3, 3]) || m_up1.1.conv_block.2.weight
 | -12.109 | -100.000 |  0.000 | 32.624 | torch.Size([64, 64, 64]) || m_up1.1.nstb_block.attn_mask
 |  0.002 | -0.358 |  0.403 |  0.078 | torch.Size([16, 2, 8, 8]) || m_up1.1.nstb_block.ngram_window_partition.ngram_context.unigram_embed.weight
 | -0.012 | -0.083 |  0.075 |  0.045 | torch.Size([16]) || m_up1.1.nstb_block.ngram_window_partition.ngram_context.unigram_embed.bias
 |  2.011 |  2.011 |  2.011 |    nan | torch.Size([1, 1, 1]) || m_up1.1.nstb_block.ngram_window_partition.ngram_context.ngram_attn.logit_scale
 |  0.002 | -0.269 |  0.461 |  0.228 | torch.Size([9, 1]) || m_up1.1.nstb_block.ngram_window_partition.ngram_context.ngram_attn.relative_position_bias_table
 |  4.000 |  0.000 |  8.000 |  2.309 | torch.Size([4, 4]) || m_up1.1.nstb_block.ngram_window_partition.ngram_context.ngram_attn.relative_position_index
 | -0.002 | -0.472 |  0.557 |  0.174 | torch.Size([48, 16]) || m_up1.1.nstb_block.ngram_window_partition.ngram_context.ngram_attn.qkv.weight
 | -0.005 | -0.199 |  0.231 |  0.111 | torch.Size([48]) || m_up1.1.nstb_block.ngram_window_partition.ngram_context.ngram_attn.qkv.bias
 | -0.003 | -0.555 |  0.400 |  0.159 | torch.Size([16, 16]) || m_up1.1.nstb_block.ngram_window_partition.ngram_context.ngram_attn.proj.weight
 | -0.012 | -0.204 |  0.161 |  0.110 | torch.Size([16]) || m_up1.1.nstb_block.ngram_window_partition.ngram_context.ngram_attn.proj.bias
 |  0.003 | -0.340 |  0.276 |  0.105 | torch.Size([32, 32, 1, 1]) || m_up1.1.nstb_block.ngram_window_partition.ngram_context.merge.weight
 |  0.023 | -0.154 |  0.172 |  0.102 | torch.Size([32]) || m_up1.1.nstb_block.ngram_window_partition.ngram_context.merge.bias
 |  2.640 |  2.640 |  2.640 |    nan | torch.Size([1, 1, 1]) || m_up1.1.nstb_block.attn.logit_scale
 | -0.478 | -1.606 |  1.187 |  0.770 | torch.Size([225, 1]) || m_up1.1.nstb_block.attn.relative_position_bias_table
 | 112.000 |  0.000 | 224.000 | 48.719 | torch.Size([64, 64]) || m_up1.1.nstb_block.attn.relative_position_index
 |  0.004 | -0.395 |  0.424 |  0.117 | torch.Size([96, 32]) || m_up1.1.nstb_block.attn.qkv.weight
 | -0.002 | -0.176 |  0.187 |  0.087 | torch.Size([96]) || m_up1.1.nstb_block.attn.qkv.bias
 | -0.001 | -0.279 |  0.266 |  0.104 | torch.Size([32, 32]) || m_up1.1.nstb_block.attn.proj.weight
 |  0.011 | -0.177 |  0.179 |  0.096 | torch.Size([32]) || m_up1.1.nstb_block.attn.proj.bias
 |  0.965 |  0.656 |  1.026 |  0.075 | torch.Size([32]) || m_up1.1.nstb_block.norm1.weight
 |  0.001 | -0.053 |  0.035 |  0.016 | torch.Size([32]) || m_up1.1.nstb_block.norm1.bias
 | -0.001 | -0.536 |  0.351 |  0.111 | torch.Size([64, 32]) || m_up1.1.nstb_block.ffn.fc1.weight
 | -0.004 | -0.195 |  0.187 |  0.104 | torch.Size([64]) || m_up1.1.nstb_block.ffn.fc1.bias
 | -0.002 | -0.178 |  0.234 |  0.076 | torch.Size([32, 64]) || m_up1.1.nstb_block.ffn.fc2.weight
 |  0.007 | -0.130 |  0.119 |  0.077 | torch.Size([32]) || m_up1.1.nstb_block.ffn.fc2.bias
 |  0.967 |  0.820 |  1.018 |  0.057 | torch.Size([32]) || m_up1.1.nstb_block.norm2.weight
 | -0.000 | -0.032 |  0.036 |  0.014 | torch.Size([32]) || m_up1.1.nstb_block.norm2.bias
 | -0.001 | -0.228 |  0.211 |  0.074 | torch.Size([64, 64, 1, 1]) || m_up1.1.conv1_2.weight
 |  0.008 | -0.100 |  0.113 |  0.056 | torch.Size([64]) || m_up1.1.conv1_2.bias
 | -0.000 | -0.036 |  0.040 |  0.013 | torch.Size([1, 64, 3, 3]) || m_tail.0.weight

25-07-08 16:11:23.853 : TensorBoard logging to: training_results/conv_nstb/scunet_ngswin_conv_nstb/tensorboard/SCUNet_conv_nstb_li_ct_val0.1
25-07-08 16:11:23.853 : Experiment name: SCUNet_conv_nstb_li_ct_val0.1
25-07-08 16:11:23.853 : Validation split: 10.0% of training data
25-07-08 16:11:23.853 : Early stopping is disabled. Training will run for full 100 epochs.
25-07-08 16:11:23.854 : ================================================================================
25-07-08 16:11:23.854 : TEST-ONLY MODE: Skipping training, running final test evaluation
25-07-08 16:11:23.854 : ================================================================================
25-07-08 16:11:23.854 : Number of test images: 75
25-07-08 16:11:23.854 : ================================================================================
25-07-08 16:11:23.854 : FINAL TEST EVALUATION - After 100 epochs completed
25-07-08 16:11:23.854 : ================================================================================
25-07-08 16:11:23.854 : Loading best PSNR checkpoint for final test evaluation...
25-07-08 16:11:23.854 : ------------------------------------------------------------
25-07-08 16:11:23.854 : Testing checkpoint: PSNR_E (psnr_E.pth)
25-07-08 16:11:23.854 : ------------------------------------------------------------
25-07-08 16:11:23.854 : Loading checkpoint: training_results/conv_nstb/scunet_ngswin_conv_nstb/models/psnr_E.pth
25-07-08 16:11:46.395 :   task: scunet_ngswin_conv_nstb
  model: scunet_ngswin
  gpu_ids: [0]
  dist: False
  scale: 1
  n_channels: 1
  path:[
    root: training_results/conv_nstb
    pretrained_netG: training_results/conv_nstb/scunet_ngswin_conv_nstb/models/540000_G.pth
    pretrained_netE: training_results/conv_nstb/scunet_ngswin_conv_nstb/models/540000_E.pth
    task: training_results/conv_nstb/scunet_ngswin_conv_nstb
    log: training_results/conv_nstb/scunet_ngswin_conv_nstb
    options: training_results/conv_nstb/scunet_ngswin_conv_nstb/options
    models: training_results/conv_nstb/scunet_ngswin_conv_nstb/models
    images: training_results/conv_nstb/scunet_ngswin_conv_nstb/images
    pretrained_optimizerG: None
  ]
  datasets:[
    train:[
      name: syn_deeplesion_train_li_ct
      dataset_type: li_ct
      dataroot_H: /home/Drive-D/SynDeepLesion/train_640geo
      dataloader_shuffle: True
      dataloader_num_workers: 16
      dataloader_batch_size: 6
      phase: train
      scale: 1
      n_channels: 1
    ]
    test:[
      name: syn_deeplesion_test_li_ct
      dataset_type: li_ct
      dataroot_H: /home/Drive-D/SynDeepLesion/test_640geo
      phase: test
      scale: 1
      n_channels: 1
    ]
    test_2:[
      name: clinical_metal_test_nii_ct
      dataset_type: nii_ct
      dataroot_H: /home/Drive-D/clinical_metal
      phase: test
      scale: 1
      n_channels: 1
    ]
  ]
  netG:[
    net_type: scunet_ngswin
    in_nc: 1
    out_nc: 1
    config: [1, 1, 1, 1, 1, 1, 1]
    dim: 32
    drop_path_rate: 0.0
    input_resolution: 512
    block_variant: conv_nstb
    init_type: kaiming_normal
    init_bn_type: constant
    init_gain: 1.0
    scale: 1
  ]
  train:[
    G_lossfn_type: l1
    G_lossfn_weight: 1.0
    E_decay: 0.999
    G_optimizer_type: adam
    G_optimizer_lr: 0.0001
    G_optimizer_wd: 0
    G_scheduler_type: MultiStepLR
    G_scheduler_milestones: [200000, 400000, 600000, 800000]
    G_scheduler_gamma: 0.5
    G_param_strict: True
    E_param_strict: True
    checkpoint_test: 20000
    checkpoint_save: 10000
    checkpoint_print: 1000
    use_fp16: True
    test_both_checkpoints: True
    test_save_every_nth: 10
    F_feature_layer: 34
    F_weights: 1.0
    F_lossfn_type: l1
    F_use_input_norm: True
    F_use_range_norm: False
    G_optimizer_betas: [0.9, 0.999]
    G_scheduler_restart_weights: 1
    G_optimizer_reuse: False
  ]
  opt_path: options/train_scunet_ngswin_1.json
  is_train: True
  merge_bn: False
  merge_bn_startpoint: -1
  find_unused_parameters: False
  use_static_graph: False
  num_gpu: 1
  device: cuda

25-07-08 16:11:46.395 : Using device: cuda
25-07-08 16:11:46.675 : Total samples: 36,116 | Train: 32,505 (90.0%) | Validation: 3,611 (10.0%)
25-07-08 16:11:46.675 : Training iters per epoch: 5,418
25-07-08 16:11:46.675 : Test set samples: 75
25-07-08 16:11:47.712 : 
Networks name: SCUNet_NGSwin
Params number: 5348264
Net structure:
SCUNet_NGSwin(
  (m_head): Sequential(
    (0): Conv2d(1, 64, kernel_size=(3, 3), stride=(1, 1), padding=(1, 1), bias=False)
  )
  (m_down1): Sequential(
    (0): ConvNSTBBlock(
      (conv1_1): Conv2d(64, 64, kernel_size=(1, 1), stride=(1, 1))
      (conv_block): Sequential(
        (0): Conv2d(32, 32, kernel_size=(3, 3), stride=(1, 1), padding=(1, 1), bias=False)
        (1): ReLU(inplace=True)
        (2): Conv2d(32, 32, kernel_size=(3, 3), stride=(1, 1), padding=(1, 1), bias=False)
      )
      (nstb_block): NSTB(
        (ngram_window_partition): NGramWindowPartition(
          (ngram_context): NGramContext(
            (unigram_embed): Conv2d(32, 16, kernel_size=(8, 8), stride=(8, 8), groups=16)
            (ngram_attn): WindowAttention(
              (qkv): Linear(in_features=16, out_features=48, bias=True)
              (attn_drop): Dropout(p=0.0, inplace=False)
              (proj): Linear(in_features=16, out_features=16, bias=True)
              (proj_drop): Dropout(p=0.0, inplace=False)
              (softmax): Softmax(dim=-1)
            )
            (avg_pool): AvgPool2d(kernel_size=2, stride=2, padding=0)
            (merge): Conv2d(32, 32, kernel_size=(1, 1), stride=(1, 1))
          )
        )
        (attn): WindowAttention(
          (qkv): Linear(in_features=32, out_features=96, bias=True)
          (attn_drop): Dropout(p=0.0, inplace=False)
          (proj): Linear(in_features=32, out_features=32, bias=True)
          (proj_drop): Dropout(p=0.0, inplace=False)
          (softmax): Softmax(dim=-1)
        )
        (norm1): LayerNorm((32,), eps=1e-05, elementwise_affine=True)
        (drop_path): Identity()
        (ffn): Mlp(
          (fc1): Linear(in_features=32, out_features=64, bias=True)
          (act): GELU(approximate='none')
          (drop1): Dropout(p=0.0, inplace=False)
          (norm): Identity()
          (fc2): Linear(in_features=64, out_features=32, bias=True)
          (drop2): Dropout(p=0.0, inplace=False)
        )
        (norm2): LayerNorm((32,), eps=1e-05, elementwise_affine=True)
      )
      (conv1_2): Conv2d(64, 64, kernel_size=(1, 1), stride=(1, 1))
    )
    (1): Conv2d(64, 128, kernel_size=(2, 2), stride=(2, 2), bias=False)
  )
  (m_down2): Sequential(
    (0): ConvNSTBBlock(
      (conv1_1): Conv2d(128, 128, kernel_size=(1, 1), stride=(1, 1))
      (conv_block): Sequential(
        (0): Conv2d(64, 64, kernel_size=(3, 3), stride=(1, 1), padding=(1, 1), bias=False)
        (1): ReLU(inplace=True)
        (2): Conv2d(64, 64, kernel_size=(3, 3), stride=(1, 1), padding=(1, 1), bias=False)
      )
      (nstb_block): NSTB(
        (ngram_window_partition): NGramWindowPartition(
          (ngram_context): NGramContext(
            (unigram_embed): Conv2d(64, 32, kernel_size=(8, 8), stride=(8, 8), groups=32)
            (ngram_attn): WindowAttention(
              (qkv): Linear(in_features=32, out_features=96, bias=True)
              (attn_drop): Dropout(p=0.0, inplace=False)
              (proj): Linear(in_features=32, out_features=32, bias=True)
              (proj_drop): Dropout(p=0.0, inplace=False)
              (softmax): Softmax(dim=-1)
            )
            (avg_pool): AvgPool2d(kernel_size=2, stride=2, padding=0)
            (merge): Conv2d(64, 64, kernel_size=(1, 1), stride=(1, 1))
          )
        )
        (attn): WindowAttention(
          (qkv): Linear(in_features=64, out_features=192, bias=True)
          (attn_drop): Dropout(p=0.0, inplace=False)
          (proj): Linear(in_features=64, out_features=64, bias=True)
          (proj_drop): Dropout(p=0.0, inplace=False)
          (softmax): Softmax(dim=-1)
        )
        (norm1): LayerNorm((64,), eps=1e-05, elementwise_affine=True)
        (drop_path): Identity()
        (ffn): Mlp(
          (fc1): Linear(in_features=64, out_features=128, bias=True)
          (act): GELU(approximate='none')
          (drop1): Dropout(p=0.0, inplace=False)
          (norm): Identity()
          (fc2): Linear(in_features=128, out_features=64, bias=True)
          (drop2): Dropout(p=0.0, inplace=False)
        )
        (norm2): LayerNorm((64,), eps=1e-05, elementwise_affine=True)
      )
      (conv1_2): Conv2d(128, 128, kernel_size=(1, 1), stride=(1, 1))
    )
    (1): Conv2d(128, 256, kernel_size=(2, 2), stride=(2, 2), bias=False)
  )
  (m_down3): Sequential(
    (0): ConvNSTBBlock(
      (conv1_1): Conv2d(256, 256, kernel_size=(1, 1), stride=(1, 1))
      (conv_block): Sequential(
        (0): Conv2d(128, 128, kernel_size=(3, 3), stride=(1, 1), padding=(1, 1), bias=False)
        (1): ReLU(inplace=True)
        (2): Conv2d(128, 128, kernel_size=(3, 3), stride=(1, 1), padding=(1, 1), bias=False)
      )
      (nstb_block): NSTB(
        (ngram_window_partition): NGramWindowPartition(
          (ngram_context): NGramContext(
            (unigram_embed): Conv2d(128, 64, kernel_size=(8, 8), stride=(8, 8), groups=64)
            (ngram_attn): WindowAttention(
              (qkv): Linear(in_features=64, out_features=192, bias=True)
              (attn_drop): Dropout(p=0.0, inplace=False)
              (proj): Linear(in_features=64, out_features=64, bias=True)
              (proj_drop): Dropout(p=0.0, inplace=False)
              (softmax): Softmax(dim=-1)
            )
            (avg_pool): AvgPool2d(kernel_size=2, stride=2, padding=0)
            (merge): Conv2d(128, 128, kernel_size=(1, 1), stride=(1, 1))
          )
        )
        (attn): WindowAttention(
          (qkv): Linear(in_features=128, out_features=384, bias=True)
          (attn_drop): Dropout(p=0.0, inplace=False)
          (proj): Linear(in_features=128, out_features=128, bias=True)
          (proj_drop): Dropout(p=0.0, inplace=False)
          (softmax): Softmax(dim=-1)
        )
        (norm1): LayerNorm((128,), eps=1e-05, elementwise_affine=True)
        (drop_path): Identity()
        (ffn): Mlp(
          (fc1): Linear(in_features=128, out_features=256, bias=True)
          (act): GELU(approximate='none')
          (drop1): Dropout(p=0.0, inplace=False)
          (norm): Identity()
          (fc2): Linear(in_features=256, out_features=128, bias=True)
          (drop2): Dropout(p=0.0, inplace=False)
        )
        (norm2): LayerNorm((128,), eps=1e-05, elementwise_affine=True)
      )
      (conv1_2): Conv2d(256, 256, kernel_size=(1, 1), stride=(1, 1))
    )
    (1): Conv2d(256, 512, kernel_size=(2, 2), stride=(2, 2), bias=False)
  )
  (m_body): Sequential(
    (0): ConvNSTBBlock(
      (conv1_1): Conv2d(512, 512, kernel_size=(1, 1), stride=(1, 1))
      (conv_block): Sequential(
        (0): Conv2d(256, 256, kernel_size=(3, 3), stride=(1, 1), padding=(1, 1), bias=False)
        (1): ReLU(inplace=True)
        (2): Conv2d(256, 256, kernel_size=(3, 3), stride=(1, 1), padding=(1, 1), bias=False)
      )
      (nstb_block): NSTB(
        (ngram_window_partition): NGramWindowPartition(
          (ngram_context): NGramContext(
            (unigram_embed): Conv2d(256, 128, kernel_size=(8, 8), stride=(8, 8), groups=128)
            (ngram_attn): WindowAttention(
              (qkv): Linear(in_features=128, out_features=384, bias=True)
              (attn_drop): Dropout(p=0.0, inplace=False)
              (proj): Linear(in_features=128, out_features=128, bias=True)
              (proj_drop): Dropout(p=0.0, inplace=False)
              (softmax): Softmax(dim=-1)
            )
            (avg_pool): AvgPool2d(kernel_size=2, stride=2, padding=0)
            (merge): Conv2d(256, 256, kernel_size=(1, 1), stride=(1, 1))
          )
        )
        (attn): WindowAttention(
          (qkv): Linear(in_features=256, out_features=768, bias=True)
          (attn_drop): Dropout(p=0.0, inplace=False)
          (proj): Linear(in_features=256, out_features=256, bias=True)
          (proj_drop): Dropout(p=0.0, inplace=False)
          (softmax): Softmax(dim=-1)
        )
        (norm1): LayerNorm((256,), eps=1e-05, elementwise_affine=True)
        (drop_path): Identity()
        (ffn): Mlp(
          (fc1): Linear(in_features=256, out_features=512, bias=True)
          (act): GELU(approximate='none')
          (drop1): Dropout(p=0.0, inplace=False)
          (norm): Identity()
          (fc2): Linear(in_features=512, out_features=256, bias=True)
          (drop2): Dropout(p=0.0, inplace=False)
        )
        (norm2): LayerNorm((256,), eps=1e-05, elementwise_affine=True)
      )
      (conv1_2): Conv2d(512, 512, kernel_size=(1, 1), stride=(1, 1))
    )
  )
  (m_up3): Sequential(
    (0): ConvTranspose2d(512, 256, kernel_size=(2, 2), stride=(2, 2), bias=False)
    (1): ConvNSTBBlock(
      (conv1_1): Conv2d(256, 256, kernel_size=(1, 1), stride=(1, 1))
      (conv_block): Sequential(
        (0): Conv2d(128, 128, kernel_size=(3, 3), stride=(1, 1), padding=(1, 1), bias=False)
        (1): ReLU(inplace=True)
        (2): Conv2d(128, 128, kernel_size=(3, 3), stride=(1, 1), padding=(1, 1), bias=False)
      )
      (nstb_block): NSTB(
        (ngram_window_partition): NGramWindowPartition(
          (ngram_context): NGramContext(
            (unigram_embed): Conv2d(128, 64, kernel_size=(8, 8), stride=(8, 8), groups=64)
            (ngram_attn): WindowAttention(
              (qkv): Linear(in_features=64, out_features=192, bias=True)
              (attn_drop): Dropout(p=0.0, inplace=False)
              (proj): Linear(in_features=64, out_features=64, bias=True)
              (proj_drop): Dropout(p=0.0, inplace=False)
              (softmax): Softmax(dim=-1)
            )
            (avg_pool): AvgPool2d(kernel_size=2, stride=2, padding=0)
            (merge): Conv2d(128, 128, kernel_size=(1, 1), stride=(1, 1))
          )
        )
        (attn): WindowAttention(
          (qkv): Linear(in_features=128, out_features=384, bias=True)
          (attn_drop): Dropout(p=0.0, inplace=False)
          (proj): Linear(in_features=128, out_features=128, bias=True)
          (proj_drop): Dropout(p=0.0, inplace=False)
          (softmax): Softmax(dim=-1)
        )
        (norm1): LayerNorm((128,), eps=1e-05, elementwise_affine=True)
        (drop_path): Identity()
        (ffn): Mlp(
          (fc1): Linear(in_features=128, out_features=256, bias=True)
          (act): GELU(approximate='none')
          (drop1): Dropout(p=0.0, inplace=False)
          (norm): Identity()
          (fc2): Linear(in_features=256, out_features=128, bias=True)
          (drop2): Dropout(p=0.0, inplace=False)
        )
        (norm2): LayerNorm((128,), eps=1e-05, elementwise_affine=True)
      )
      (conv1_2): Conv2d(256, 256, kernel_size=(1, 1), stride=(1, 1))
    )
  )
  (m_up2): Sequential(
    (0): ConvTranspose2d(256, 128, kernel_size=(2, 2), stride=(2, 2), bias=False)
    (1): ConvNSTBBlock(
      (conv1_1): Conv2d(128, 128, kernel_size=(1, 1), stride=(1, 1))
      (conv_block): Sequential(
        (0): Conv2d(64, 64, kernel_size=(3, 3), stride=(1, 1), padding=(1, 1), bias=False)
        (1): ReLU(inplace=True)
        (2): Conv2d(64, 64, kernel_size=(3, 3), stride=(1, 1), padding=(1, 1), bias=False)
      )
      (nstb_block): NSTB(
        (ngram_window_partition): NGramWindowPartition(
          (ngram_context): NGramContext(
            (unigram_embed): Conv2d(64, 32, kernel_size=(8, 8), stride=(8, 8), groups=32)
            (ngram_attn): WindowAttention(
              (qkv): Linear(in_features=32, out_features=96, bias=True)
              (attn_drop): Dropout(p=0.0, inplace=False)
              (proj): Linear(in_features=32, out_features=32, bias=True)
              (proj_drop): Dropout(p=0.0, inplace=False)
              (softmax): Softmax(dim=-1)
            )
            (avg_pool): AvgPool2d(kernel_size=2, stride=2, padding=0)
            (merge): Conv2d(64, 64, kernel_size=(1, 1), stride=(1, 1))
          )
        )
        (attn): WindowAttention(
          (qkv): Linear(in_features=64, out_features=192, bias=True)
          (attn_drop): Dropout(p=0.0, inplace=False)
          (proj): Linear(in_features=64, out_features=64, bias=True)
          (proj_drop): Dropout(p=0.0, inplace=False)
          (softmax): Softmax(dim=-1)
        )
        (norm1): LayerNorm((64,), eps=1e-05, elementwise_affine=True)
        (drop_path): Identity()
        (ffn): Mlp(
          (fc1): Linear(in_features=64, out_features=128, bias=True)
          (act): GELU(approximate='none')
          (drop1): Dropout(p=0.0, inplace=False)
          (norm): Identity()
          (fc2): Linear(in_features=128, out_features=64, bias=True)
          (drop2): Dropout(p=0.0, inplace=False)
        )
        (norm2): LayerNorm((64,), eps=1e-05, elementwise_affine=True)
      )
      (conv1_2): Conv2d(128, 128, kernel_size=(1, 1), stride=(1, 1))
    )
  )
  (m_up1): Sequential(
    (0): ConvTranspose2d(128, 64, kernel_size=(2, 2), stride=(2, 2), bias=False)
    (1): ConvNSTBBlock(
      (conv1_1): Conv2d(64, 64, kernel_size=(1, 1), stride=(1, 1))
      (conv_block): Sequential(
        (0): Conv2d(32, 32, kernel_size=(3, 3), stride=(1, 1), padding=(1, 1), bias=False)
        (1): ReLU(inplace=True)
        (2): Conv2d(32, 32, kernel_size=(3, 3), stride=(1, 1), padding=(1, 1), bias=False)
      )
      (nstb_block): NSTB(
        (ngram_window_partition): NGramWindowPartition(
          (ngram_context): NGramContext(
            (unigram_embed): Conv2d(32, 16, kernel_size=(8, 8), stride=(8, 8), groups=16)
            (ngram_attn): WindowAttention(
              (qkv): Linear(in_features=16, out_features=48, bias=True)
              (attn_drop): Dropout(p=0.0, inplace=False)
              (proj): Linear(in_features=16, out_features=16, bias=True)
              (proj_drop): Dropout(p=0.0, inplace=False)
              (softmax): Softmax(dim=-1)
            )
            (avg_pool): AvgPool2d(kernel_size=2, stride=2, padding=0)
            (merge): Conv2d(32, 32, kernel_size=(1, 1), stride=(1, 1))
          )
        )
        (attn): WindowAttention(
          (qkv): Linear(in_features=32, out_features=96, bias=True)
          (attn_drop): Dropout(p=0.0, inplace=False)
          (proj): Linear(in_features=32, out_features=32, bias=True)
          (proj_drop): Dropout(p=0.0, inplace=False)
          (softmax): Softmax(dim=-1)
        )
        (norm1): LayerNorm((32,), eps=1e-05, elementwise_affine=True)
        (drop_path): Identity()
        (ffn): Mlp(
          (fc1): Linear(in_features=32, out_features=64, bias=True)
          (act): GELU(approximate='none')
          (drop1): Dropout(p=0.0, inplace=False)
          (norm): Identity()
          (fc2): Linear(in_features=64, out_features=32, bias=True)
          (drop2): Dropout(p=0.0, inplace=False)
        )
        (norm2): LayerNorm((32,), eps=1e-05, elementwise_affine=True)
      )
      (conv1_2): Conv2d(64, 64, kernel_size=(1, 1), stride=(1, 1))
    )
  )
  (m_tail): Sequential(
    (0): Conv2d(64, 1, kernel_size=(3, 3), stride=(1, 1), padding=(1, 1), bias=False)
  )
)

25-07-08 16:11:47.749 : 
 |  mean  |  min   |  max   |  std   || shape               
 |  0.006 | -0.457 |  0.432 |  0.201 | torch.Size([64, 1, 3, 3]) || m_head.0.weight
 | -0.005 | -1.429 |  2.076 |  0.179 | torch.Size([64, 64, 1, 1]) || m_down1.0.conv1_1.weight
 | -0.012 | -0.131 |  0.130 |  0.067 | torch.Size([64]) || m_down1.0.conv1_1.bias
 |  0.001 | -0.872 |  0.929 |  0.077 | torch.Size([32, 32, 3, 3]) || m_down1.0.conv_block.0.weight
 | -0.000 | -0.347 |  0.371 |  0.065 | torch.Size([32, 32, 3, 3]) || m_down1.0.conv_block.2.weight
 | -12.109 | -100.000 |  0.000 | 32.624 | torch.Size([64, 64, 64]) || m_down1.0.nstb_block.attn_mask
 | -0.002 | -0.203 |  0.214 |  0.062 | torch.Size([16, 2, 8, 8]) || m_down1.0.nstb_block.ngram_window_partition.ngram_context.unigram_embed.weight
 |  0.025 | -0.077 |  0.113 |  0.050 | torch.Size([16]) || m_down1.0.nstb_block.ngram_window_partition.ngram_context.unigram_embed.bias
 |  2.377 |  2.377 |  2.377 |    nan | torch.Size([1, 1, 1]) || m_down1.0.nstb_block.ngram_window_partition.ngram_context.ngram_attn.logit_scale
 | -0.004 | -0.186 |  0.243 |  0.150 | torch.Size([9, 1]) || m_down1.0.nstb_block.ngram_window_partition.ngram_context.ngram_attn.relative_position_bias_table
 |  4.000 |  0.000 |  8.000 |  2.309 | torch.Size([4, 4]) || m_down1.0.nstb_block.ngram_window_partition.ngram_context.ngram_attn.relative_position_index
 |  0.006 | -0.430 |  0.479 |  0.159 | torch.Size([48, 16]) || m_down1.0.nstb_block.ngram_window_partition.ngram_context.ngram_attn.qkv.weight
 | -0.023 | -0.214 |  0.191 |  0.115 | torch.Size([48]) || m_down1.0.nstb_block.ngram_window_partition.ngram_context.ngram_attn.qkv.bias
 |  0.013 | -0.256 |  0.273 |  0.134 | torch.Size([16, 16]) || m_down1.0.nstb_block.ngram_window_partition.ngram_context.ngram_attn.proj.weight
 | -0.011 | -0.196 |  0.142 |  0.107 | torch.Size([16]) || m_down1.0.nstb_block.ngram_window_partition.ngram_context.ngram_attn.proj.bias
 | -0.001 | -0.299 |  0.229 |  0.102 | torch.Size([32, 32, 1, 1]) || m_down1.0.nstb_block.ngram_window_partition.ngram_context.merge.weight
 | -0.006 | -0.145 |  0.165 |  0.088 | torch.Size([32]) || m_down1.0.nstb_block.ngram_window_partition.ngram_context.merge.bias
 |  3.644 |  3.644 |  3.644 |    nan | torch.Size([1, 1, 1]) || m_down1.0.nstb_block.attn.logit_scale
 | -0.248 | -0.805 |  0.980 |  0.378 | torch.Size([225, 1]) || m_down1.0.nstb_block.attn.relative_position_bias_table
 | 112.000 |  0.000 | 224.000 | 48.719 | torch.Size([64, 64]) || m_down1.0.nstb_block.attn.relative_position_index
 |  0.001 | -0.694 |  0.564 |  0.132 | torch.Size([96, 32]) || m_down1.0.nstb_block.attn.qkv.weight
 | -0.006 | -0.188 |  0.167 |  0.082 | torch.Size([96]) || m_down1.0.nstb_block.attn.qkv.bias
 | -0.003 | -0.326 |  0.270 |  0.109 | torch.Size([32, 32]) || m_down1.0.nstb_block.attn.proj.weight
 |  0.011 | -0.225 |  0.194 |  0.117 | torch.Size([32]) || m_down1.0.nstb_block.attn.proj.bias
 |  0.979 |  0.893 |  1.069 |  0.035 | torch.Size([32]) || m_down1.0.nstb_block.norm1.weight
 |  0.010 | -0.009 |  0.036 |  0.011 | torch.Size([32]) || m_down1.0.nstb_block.norm1.bias
 |  0.001 | -0.487 |  0.653 |  0.135 | torch.Size([64, 32]) || m_down1.0.nstb_block.ffn.fc1.weight
 | -0.000 | -0.199 |  0.164 |  0.094 | torch.Size([64]) || m_down1.0.nstb_block.ffn.fc1.bias
 | -0.003 | -0.221 |  0.253 |  0.081 | torch.Size([32, 64]) || m_down1.0.nstb_block.ffn.fc2.weight
 | -0.016 | -0.124 |  0.153 |  0.082 | torch.Size([32]) || m_down1.0.nstb_block.ffn.fc2.bias
 |  0.962 |  0.790 |  1.003 |  0.042 | torch.Size([32]) || m_down1.0.nstb_block.norm2.weight
 |  0.010 | -0.014 |  0.042 |  0.012 | torch.Size([32]) || m_down1.0.nstb_block.norm2.bias
 | -0.002 | -0.398 |  0.545 |  0.087 | torch.Size([64, 64, 1, 1]) || m_down1.0.conv1_2.weight
 |  0.006 | -0.104 |  0.131 |  0.065 | torch.Size([64]) || m_down1.0.conv1_2.bias
 |  0.000 | -0.329 |  0.276 |  0.051 | torch.Size([128, 64, 2, 2]) || m_down1.1.weight
 |  0.000 | -0.352 |  0.366 |  0.076 | torch.Size([128, 128, 1, 1]) || m_down2.0.conv1_1.weight
 | -0.006 | -0.107 |  0.091 |  0.045 | torch.Size([128]) || m_down2.0.conv1_1.bias
 |  0.002 | -0.371 |  0.360 |  0.055 | torch.Size([64, 64, 3, 3]) || m_down2.0.conv_block.0.weight
 |  0.000 | -0.351 |  0.427 |  0.056 | torch.Size([64, 64, 3, 3]) || m_down2.0.conv_block.2.weight
 | -23.438 | -100.000 |  0.000 | 42.361 | torch.Size([16, 64, 64]) || m_down2.0.nstb_block.attn_mask
 | -0.002 | -0.272 |  0.309 |  0.068 | torch.Size([32, 2, 8, 8]) || m_down2.0.nstb_block.ngram_window_partition.ngram_context.unigram_embed.weight
 |  0.003 | -0.066 |  0.077 |  0.046 | torch.Size([32]) || m_down2.0.nstb_block.ngram_window_partition.ngram_context.unigram_embed.bias
 |  2.287 |  2.182 |  2.392 |  0.149 | torch.Size([2, 1, 1]) || m_down2.0.nstb_block.ngram_window_partition.ngram_context.ngram_attn.logit_scale
 | -0.013 | -0.395 |  0.468 |  0.255 | torch.Size([9, 2]) || m_down2.0.nstb_block.ngram_window_partition.ngram_context.ngram_attn.relative_position_bias_table
 |  4.000 |  0.000 |  8.000 |  2.309 | torch.Size([4, 4]) || m_down2.0.nstb_block.ngram_window_partition.ngram_context.ngram_attn.relative_position_index
 |  0.002 | -0.368 |  0.387 |  0.115 | torch.Size([96, 32]) || m_down2.0.nstb_block.ngram_window_partition.ngram_context.ngram_attn.qkv.weight
 |  0.025 | -0.195 |  0.229 |  0.101 | torch.Size([96]) || m_down2.0.nstb_block.ngram_window_partition.ngram_context.ngram_attn.qkv.bias
 | -0.001 | -0.248 |  0.244 |  0.103 | torch.Size([32, 32]) || m_down2.0.nstb_block.ngram_window_partition.ngram_context.ngram_attn.proj.weight
 |  0.002 | -0.126 |  0.144 |  0.063 | torch.Size([32]) || m_down2.0.nstb_block.ngram_window_partition.ngram_context.ngram_attn.proj.bias
 |  0.001 | -0.249 |  0.216 |  0.077 | torch.Size([64, 64, 1, 1]) || m_down2.0.nstb_block.ngram_window_partition.ngram_context.merge.weight
 |  0.002 | -0.102 |  0.116 |  0.058 | torch.Size([64]) || m_down2.0.nstb_block.ngram_window_partition.ngram_context.merge.bias
 |  2.817 |  2.595 |  3.039 |  0.314 | torch.Size([2, 1, 1]) || m_down2.0.nstb_block.attn.logit_scale
 | -0.331 | -1.011 |  1.407 |  0.399 | torch.Size([225, 2]) || m_down2.0.nstb_block.attn.relative_position_bias_table
 | 112.000 |  0.000 | 224.000 | 48.719 | torch.Size([64, 64]) || m_down2.0.nstb_block.attn.relative_position_index
 |  0.001 | -0.304 |  0.357 |  0.089 | torch.Size([192, 64]) || m_down2.0.nstb_block.attn.qkv.weight
 | -0.011 | -0.222 |  0.156 |  0.070 | torch.Size([192]) || m_down2.0.nstb_block.attn.qkv.bias
 | -0.003 | -0.209 |  0.233 |  0.082 | torch.Size([64, 64]) || m_down2.0.nstb_block.attn.proj.weight
 |  0.000 | -0.188 |  0.197 |  0.091 | torch.Size([64]) || m_down2.0.nstb_block.attn.proj.bias
 |  0.953 |  0.868 |  1.011 |  0.036 | torch.Size([64]) || m_down2.0.nstb_block.norm1.weight
 |  0.002 | -0.023 |  0.034 |  0.012 | torch.Size([64]) || m_down2.0.nstb_block.norm1.bias
 |  0.001 | -0.386 |  0.402 |  0.102 | torch.Size([128, 64]) || m_down2.0.nstb_block.ffn.fc1.weight
 | -0.006 | -0.160 |  0.126 |  0.079 | torch.Size([128]) || m_down2.0.nstb_block.ffn.fc1.bias
 |  0.001 | -0.237 |  0.256 |  0.066 | torch.Size([64, 128]) || m_down2.0.nstb_block.ffn.fc2.weight
 | -0.003 | -0.163 |  0.140 |  0.070 | torch.Size([64]) || m_down2.0.nstb_block.ffn.fc2.bias
 |  0.963 |  0.881 |  1.030 |  0.026 | torch.Size([64]) || m_down2.0.nstb_block.norm2.weight
 | -0.000 | -0.043 |  0.033 |  0.018 | torch.Size([64]) || m_down2.0.nstb_block.norm2.bias
 | -0.000 | -0.196 |  0.180 |  0.057 | torch.Size([128, 128, 1, 1]) || m_down2.0.conv1_2.weight
 | -0.007 | -0.076 |  0.072 |  0.036 | torch.Size([128]) || m_down2.0.conv1_2.bias
 | -0.000 | -0.173 |  0.220 |  0.044 | torch.Size([256, 128, 2, 2]) || m_down2.1.weight
 |  0.000 | -0.219 |  0.200 |  0.052 | torch.Size([256, 256, 1, 1]) || m_down3.0.conv1_1.weight
 | -0.000 | -0.122 |  0.083 |  0.030 | torch.Size([256]) || m_down3.0.conv1_1.bias
 |  0.000 | -0.453 |  0.393 |  0.049 | torch.Size([128, 128, 3, 3]) || m_down3.0.conv_block.0.weight
 |  0.000 | -0.337 |  0.397 |  0.049 | torch.Size([128, 128, 3, 3]) || m_down3.0.conv_block.2.weight
 | -43.750 | -100.000 |  0.000 | 49.609 | torch.Size([4, 64, 64]) || m_down3.0.nstb_block.attn_mask
 |  0.002 | -0.255 |  0.292 |  0.072 | torch.Size([64, 2, 8, 8]) || m_down3.0.nstb_block.ngram_window_partition.ngram_context.unigram_embed.weight
 |  0.009 | -0.089 |  0.104 |  0.047 | torch.Size([64]) || m_down3.0.nstb_block.ngram_window_partition.ngram_context.unigram_embed.bias
 |  2.348 |  2.267 |  2.393 |  0.058 | torch.Size([4, 1, 1]) || m_down3.0.nstb_block.ngram_window_partition.ngram_context.ngram_attn.logit_scale
 | -0.006 | -0.505 |  0.556 |  0.245 | torch.Size([9, 4]) || m_down3.0.nstb_block.ngram_window_partition.ngram_context.ngram_attn.relative_position_bias_table
 |  4.000 |  0.000 |  8.000 |  2.309 | torch.Size([4, 4]) || m_down3.0.nstb_block.ngram_window_partition.ngram_context.ngram_attn.relative_position_index
 |  0.001 | -0.299 |  0.323 |  0.088 | torch.Size([192, 64]) || m_down3.0.nstb_block.ngram_window_partition.ngram_context.ngram_attn.qkv.weight
 | -0.009 | -0.236 |  0.286 |  0.102 | torch.Size([192]) || m_down3.0.nstb_block.ngram_window_partition.ngram_context.ngram_attn.qkv.bias
 |  0.001 | -0.234 |  0.225 |  0.086 | torch.Size([64, 64]) || m_down3.0.nstb_block.ngram_window_partition.ngram_context.ngram_attn.proj.weight
 | -0.001 | -0.095 |  0.097 |  0.055 | torch.Size([64]) || m_down3.0.nstb_block.ngram_window_partition.ngram_context.ngram_attn.proj.bias
 | -0.000 | -0.217 |  0.214 |  0.067 | torch.Size([128, 128, 1, 1]) || m_down3.0.nstb_block.ngram_window_partition.ngram_context.merge.weight
 |  0.001 | -0.101 |  0.096 |  0.043 | torch.Size([128]) || m_down3.0.nstb_block.ngram_window_partition.ngram_context.merge.bias
 |  2.460 |  2.342 |  2.742 |  0.190 | torch.Size([4, 1, 1]) || m_down3.0.nstb_block.attn.logit_scale
 | -0.071 | -0.705 |  0.820 |  0.226 | torch.Size([225, 4]) || m_down3.0.nstb_block.attn.relative_position_bias_table
 | 112.000 |  0.000 | 224.000 | 48.719 | torch.Size([64, 64]) || m_down3.0.nstb_block.attn.relative_position_index
 | -0.000 | -0.322 |  0.283 |  0.069 | torch.Size([384, 128]) || m_down3.0.nstb_block.attn.qkv.weight
 | -0.000 | -0.206 |  0.273 |  0.069 | torch.Size([384]) || m_down3.0.nstb_block.attn.qkv.bias
 | -0.000 | -0.200 |  0.212 |  0.066 | torch.Size([128, 128]) || m_down3.0.nstb_block.attn.proj.weight
 | -0.004 | -0.185 |  0.206 |  0.079 | torch.Size([128]) || m_down3.0.nstb_block.attn.proj.bias
 |  0.932 |  0.843 |  0.995 |  0.035 | torch.Size([128]) || m_down3.0.nstb_block.norm1.weight
 | -0.000 | -0.026 |  0.024 |  0.010 | torch.Size([128]) || m_down3.0.nstb_block.norm1.bias
 |  0.001 | -0.412 |  0.468 |  0.089 | torch.Size([256, 128]) || m_down3.0.nstb_block.ffn.fc1.weight
 | -0.006 | -0.140 |  0.105 |  0.053 | torch.Size([256]) || m_down3.0.nstb_block.ffn.fc1.bias
 | -0.000 | -0.383 |  0.314 |  0.057 | torch.Size([128, 256]) || m_down3.0.nstb_block.ffn.fc2.weight
 |  0.005 | -0.115 |  0.093 |  0.046 | torch.Size([128]) || m_down3.0.nstb_block.ffn.fc2.bias
 |  0.928 |  0.706 |  0.976 |  0.047 | torch.Size([128]) || m_down3.0.nstb_block.norm2.weight
 |  0.001 | -0.047 |  0.042 |  0.019 | torch.Size([128]) || m_down3.0.nstb_block.norm2.bias
 | -0.000 | -0.184 |  0.157 |  0.043 | torch.Size([256, 256, 1, 1]) || m_down3.0.conv1_2.weight
 | -0.001 | -0.059 |  0.049 |  0.024 | torch.Size([256]) || m_down3.0.conv1_2.bias
 |  0.000 | -0.177 |  0.219 |  0.039 | torch.Size([512, 256, 2, 2]) || m_down3.1.weight
 |  0.000 | -0.219 |  0.215 |  0.048 | torch.Size([512, 512, 1, 1]) || m_body.0.conv1_1.weight
 |  0.002 | -0.125 |  0.165 |  0.047 | torch.Size([512]) || m_body.0.conv1_1.bias
 |  0.000 | -0.269 |  0.258 |  0.048 | torch.Size([256, 256, 3, 3]) || m_body.0.conv_block.0.weight
 |  0.000 | -0.266 |  0.268 |  0.047 | torch.Size([256, 256, 3, 3]) || m_body.0.conv_block.2.weight
 | -75.000 | -100.000 |  0.000 | 43.307 | torch.Size([1, 64, 64]) || m_body.0.nstb_block.attn_mask
 | -0.000 | -0.260 |  0.288 |  0.071 | torch.Size([128, 2, 8, 8]) || m_body.0.nstb_block.ngram_window_partition.ngram_context.unigram_embed.weight
 | -0.003 | -0.109 |  0.101 |  0.050 | torch.Size([128]) || m_body.0.nstb_block.ngram_window_partition.ngram_context.unigram_embed.bias
 |  2.207 |  1.948 |  2.333 |  0.157 | torch.Size([8, 1, 1]) || m_body.0.nstb_block.ngram_window_partition.ngram_context.ngram_attn.logit_scale
 | -0.020 | -0.956 |  1.610 |  0.388 | torch.Size([9, 8]) || m_body.0.nstb_block.ngram_window_partition.ngram_context.ngram_attn.relative_position_bias_table
 |  4.000 |  0.000 |  8.000 |  2.309 | torch.Size([4, 4]) || m_body.0.nstb_block.ngram_window_partition.ngram_context.ngram_attn.relative_position_index
 |  0.000 | -0.271 |  0.288 |  0.070 | torch.Size([384, 128]) || m_body.0.nstb_block.ngram_window_partition.ngram_context.ngram_attn.qkv.weight
 | -0.003 | -0.306 |  0.230 |  0.087 | torch.Size([384]) || m_body.0.nstb_block.ngram_window_partition.ngram_context.ngram_attn.qkv.bias
 | -0.001 | -0.235 |  0.230 |  0.070 | torch.Size([128, 128]) || m_body.0.nstb_block.ngram_window_partition.ngram_context.ngram_attn.proj.weight
 | -0.003 | -0.080 |  0.072 |  0.037 | torch.Size([128]) || m_body.0.nstb_block.ngram_window_partition.ngram_context.ngram_attn.proj.bias
 | -0.000 | -0.229 |  0.231 |  0.058 | torch.Size([256, 256, 1, 1]) || m_body.0.nstb_block.ngram_window_partition.ngram_context.merge.weight
 |  0.003 | -0.131 |  0.118 |  0.047 | torch.Size([256]) || m_body.0.nstb_block.ngram_window_partition.ngram_context.merge.bias
 |  2.588 |  2.467 |  2.791 |  0.109 | torch.Size([8, 1, 1]) || m_body.0.nstb_block.attn.logit_scale
 | -0.164 | -1.361 |  1.011 |  0.435 | torch.Size([225, 8]) || m_body.0.nstb_block.attn.relative_position_bias_table
 | 112.000 |  0.000 | 224.000 | 48.719 | torch.Size([64, 64]) || m_body.0.nstb_block.attn.relative_position_index
 | -0.000 | -0.277 |  0.258 |  0.058 | torch.Size([768, 256]) || m_body.0.nstb_block.attn.qkv.weight
 | -0.001 | -0.289 |  0.273 |  0.080 | torch.Size([768]) || m_body.0.nstb_block.attn.qkv.bias
 | -0.000 | -0.290 |  0.268 |  0.056 | torch.Size([256, 256]) || m_body.0.nstb_block.attn.proj.weight
 | -0.001 | -0.325 |  0.284 |  0.071 | torch.Size([256]) || m_body.0.nstb_block.attn.proj.bias
 |  0.910 |  0.822 |  0.986 |  0.028 | torch.Size([256]) || m_body.0.nstb_block.norm1.weight
 | -0.003 | -0.094 |  0.081 |  0.024 | torch.Size([256]) || m_body.0.nstb_block.norm1.bias
 |  0.000 | -0.321 |  0.294 |  0.065 | torch.Size([512, 256]) || m_body.0.nstb_block.ffn.fc1.weight
 | -0.021 | -0.114 |  0.112 |  0.040 | torch.Size([512]) || m_body.0.nstb_block.ffn.fc1.bias
 |  0.000 | -0.350 |  0.321 |  0.052 | torch.Size([256, 512]) || m_body.0.nstb_block.ffn.fc2.weight
 |  0.000 | -0.207 |  0.240 |  0.046 | torch.Size([256]) || m_body.0.nstb_block.ffn.fc2.bias
 |  0.953 |  0.813 |  1.049 |  0.034 | torch.Size([256]) || m_body.0.nstb_block.norm2.weight
 | -0.002 | -0.090 |  0.084 |  0.031 | torch.Size([256]) || m_body.0.nstb_block.norm2.bias
 | -0.000 | -0.171 |  0.180 |  0.040 | torch.Size([512, 512, 1, 1]) || m_body.0.conv1_2.weight
 | -0.002 | -0.155 |  0.113 |  0.049 | torch.Size([512]) || m_body.0.conv1_2.bias
 |  0.000 | -0.152 |  0.150 |  0.033 | torch.Size([512, 256, 2, 2]) || m_up3.0.weight
 |  0.001 | -0.206 |  0.197 |  0.052 | torch.Size([256, 256, 1, 1]) || m_up3.1.conv1_1.weight
 | -0.002 | -0.111 |  0.125 |  0.053 | torch.Size([256]) || m_up3.1.conv1_1.bias
 | -0.001 | -0.309 |  0.239 |  0.044 | torch.Size([128, 128, 3, 3]) || m_up3.1.conv_block.0.weight
 | -0.000 | -0.264 |  0.283 |  0.043 | torch.Size([128, 128, 3, 3]) || m_up3.1.conv_block.2.weight
 | -43.750 | -100.000 |  0.000 | 49.609 | torch.Size([4, 64, 64]) || m_up3.1.nstb_block.attn_mask
 |  0.002 | -0.291 |  0.220 |  0.064 | torch.Size([64, 2, 8, 8]) || m_up3.1.nstb_block.ngram_window_partition.ngram_context.unigram_embed.weight
 | -0.006 | -0.102 |  0.095 |  0.056 | torch.Size([64]) || m_up3.1.nstb_block.ngram_window_partition.ngram_context.unigram_embed.bias
 |  1.994 |  1.935 |  2.035 |  0.045 | torch.Size([4, 1, 1]) || m_up3.1.nstb_block.ngram_window_partition.ngram_context.ngram_attn.logit_scale
 | -0.020 | -0.866 |  1.563 |  0.546 | torch.Size([9, 4]) || m_up3.1.nstb_block.ngram_window_partition.ngram_context.ngram_attn.relative_position_bias_table
 |  4.000 |  0.000 |  8.000 |  2.309 | torch.Size([4, 4]) || m_up3.1.nstb_block.ngram_window_partition.ngram_context.ngram_attn.relative_position_index
 | -0.002 | -0.285 |  0.297 |  0.084 | torch.Size([192, 64]) || m_up3.1.nstb_block.ngram_window_partition.ngram_context.ngram_attn.qkv.weight
 | -0.006 | -0.392 |  0.346 |  0.136 | torch.Size([192]) || m_up3.1.nstb_block.ngram_window_partition.ngram_context.ngram_attn.qkv.bias
 |  0.001 | -0.216 |  0.218 |  0.082 | torch.Size([64, 64]) || m_up3.1.nstb_block.ngram_window_partition.ngram_context.ngram_attn.proj.weight
 |  0.005 | -0.116 |  0.103 |  0.067 | torch.Size([64]) || m_up3.1.nstb_block.ngram_window_partition.ngram_context.ngram_attn.proj.bias
 |  0.001 | -0.210 |  0.221 |  0.063 | torch.Size([128, 128, 1, 1]) || m_up3.1.nstb_block.ngram_window_partition.ngram_context.merge.weight
 |  0.002 | -0.128 |  0.130 |  0.055 | torch.Size([128]) || m_up3.1.nstb_block.ngram_window_partition.ngram_context.merge.bias
 |  2.500 |  2.375 |  2.652 |  0.115 | torch.Size([4, 1, 1]) || m_up3.1.nstb_block.attn.logit_scale
 | -0.372 | -1.452 |  1.124 |  0.486 | torch.Size([225, 4]) || m_up3.1.nstb_block.attn.relative_position_bias_table
 | 112.000 |  0.000 | 224.000 | 48.719 | torch.Size([64, 64]) || m_up3.1.nstb_block.attn.relative_position_index
 |  0.000 | -0.280 |  0.249 |  0.066 | torch.Size([384, 128]) || m_up3.1.nstb_block.attn.qkv.weight
 |  0.001 | -0.253 |  0.251 |  0.080 | torch.Size([384]) || m_up3.1.nstb_block.attn.qkv.bias
 | -0.000 | -0.211 |  0.238 |  0.062 | torch.Size([128, 128]) || m_up3.1.nstb_block.attn.proj.weight
 |  0.000 | -0.183 |  0.164 |  0.074 | torch.Size([128]) || m_up3.1.nstb_block.attn.proj.bias
 |  0.977 |  0.873 |  1.036 |  0.023 | torch.Size([128]) || m_up3.1.nstb_block.norm1.weight
 |  0.001 | -0.054 |  0.055 |  0.019 | torch.Size([128]) || m_up3.1.nstb_block.norm1.bias
 | -0.000 | -0.297 |  0.303 |  0.070 | torch.Size([256, 128]) || m_up3.1.nstb_block.ffn.fc1.weight
 | -0.030 | -0.178 |  0.107 |  0.061 | torch.Size([256]) || m_up3.1.nstb_block.ffn.fc1.bias
 | -0.000 | -0.226 |  0.240 |  0.053 | torch.Size([128, 256]) || m_up3.1.nstb_block.ffn.fc2.weight
 |  0.004 | -0.100 |  0.159 |  0.047 | torch.Size([128]) || m_up3.1.nstb_block.ffn.fc2.bias
 |  1.007 |  0.897 |  1.105 |  0.034 | torch.Size([128]) || m_up3.1.nstb_block.norm2.weight
 |  0.003 | -0.034 |  0.033 |  0.014 | torch.Size([128]) || m_up3.1.nstb_block.norm2.bias
 | -0.000 | -0.199 |  0.188 |  0.048 | torch.Size([256, 256, 1, 1]) || m_up3.1.conv1_2.weight
 | -0.002 | -0.134 |  0.112 |  0.051 | torch.Size([256]) || m_up3.1.conv1_2.bias
 |  0.000 | -0.114 |  0.107 |  0.024 | torch.Size([256, 128, 2, 2]) || m_up2.0.weight
 | -0.000 | -0.267 |  0.264 |  0.071 | torch.Size([128, 128, 1, 1]) || m_up2.1.conv1_1.weight
 | -0.009 | -0.101 |  0.081 |  0.047 | torch.Size([128]) || m_up2.1.conv1_1.bias
 |  0.000 | -0.290 |  0.306 |  0.048 | torch.Size([64, 64, 3, 3]) || m_up2.1.conv_block.0.weight
 |  0.001 | -0.406 |  0.446 |  0.052 | torch.Size([64, 64, 3, 3]) || m_up2.1.conv_block.2.weight
 | -23.438 | -100.000 |  0.000 | 42.361 | torch.Size([16, 64, 64]) || m_up2.1.nstb_block.attn_mask
 |  0.001 | -0.273 |  0.284 |  0.067 | torch.Size([32, 2, 8, 8]) || m_up2.1.nstb_block.ngram_window_partition.ngram_context.unigram_embed.weight
 | -0.007 | -0.094 |  0.088 |  0.046 | torch.Size([32]) || m_up2.1.nstb_block.ngram_window_partition.ngram_context.unigram_embed.bias
 |  1.705 |  1.548 |  1.861 |  0.221 | torch.Size([2, 1, 1]) || m_up2.1.nstb_block.ngram_window_partition.ngram_context.ngram_attn.logit_scale
 | -0.157 | -1.731 |  1.752 |  1.100 | torch.Size([9, 2]) || m_up2.1.nstb_block.ngram_window_partition.ngram_context.ngram_attn.relative_position_bias_table
 |  4.000 |  0.000 |  8.000 |  2.309 | torch.Size([4, 4]) || m_up2.1.nstb_block.ngram_window_partition.ngram_context.ngram_attn.relative_position_index
 |  0.001 | -0.315 |  0.330 |  0.111 | torch.Size([96, 32]) || m_up2.1.nstb_block.ngram_window_partition.ngram_context.ngram_attn.qkv.weight
 | -0.012 | -0.317 |  0.410 |  0.139 | torch.Size([96]) || m_up2.1.nstb_block.ngram_window_partition.ngram_context.ngram_attn.qkv.bias
 |  0.000 | -0.270 |  0.251 |  0.111 | torch.Size([32, 32]) || m_up2.1.nstb_block.ngram_window_partition.ngram_context.ngram_attn.proj.weight
 |  0.001 | -0.168 |  0.132 |  0.091 | torch.Size([32]) || m_up2.1.nstb_block.ngram_window_partition.ngram_context.ngram_attn.proj.bias
 | -0.000 | -0.303 |  0.284 |  0.079 | torch.Size([64, 64, 1, 1]) || m_up2.1.nstb_block.ngram_window_partition.ngram_context.merge.weight
 | -0.012 | -0.136 |  0.143 |  0.069 | torch.Size([64]) || m_up2.1.nstb_block.ngram_window_partition.ngram_context.merge.bias
 |  2.433 |  2.336 |  2.529 |  0.136 | torch.Size([2, 1, 1]) || m_up2.1.nstb_block.attn.logit_scale
 | -0.237 | -1.133 |  0.996 |  0.473 | torch.Size([225, 2]) || m_up2.1.nstb_block.attn.relative_position_bias_table
 | 112.000 |  0.000 | 224.000 | 48.719 | torch.Size([64, 64]) || m_up2.1.nstb_block.attn.relative_position_index
 | -0.000 | -0.398 |  0.321 |  0.081 | torch.Size([192, 64]) || m_up2.1.nstb_block.attn.qkv.weight
 |  0.007 | -0.150 |  0.186 |  0.085 | torch.Size([192]) || m_up2.1.nstb_block.attn.qkv.bias
 |  0.000 | -0.266 |  0.251 |  0.075 | torch.Size([64, 64]) || m_up2.1.nstb_block.attn.proj.weight
 | -0.010 | -0.226 |  0.175 |  0.086 | torch.Size([64]) || m_up2.1.nstb_block.attn.proj.bias
 |  0.958 |  0.718 |  0.998 |  0.055 | torch.Size([64]) || m_up2.1.nstb_block.norm1.weight
 | -0.002 | -0.020 |  0.011 |  0.007 | torch.Size([64]) || m_up2.1.nstb_block.norm1.bias
 |  0.000 | -0.418 |  0.381 |  0.089 | torch.Size([128, 64]) || m_up2.1.nstb_block.ffn.fc1.weight
 | -0.011 | -0.167 |  0.161 |  0.076 | torch.Size([128]) || m_up2.1.nstb_block.ffn.fc1.bias
 |  0.000 | -0.188 |  0.206 |  0.057 | torch.Size([64, 128]) || m_up2.1.nstb_block.ffn.fc2.weight
 | -0.006 | -0.129 |  0.108 |  0.058 | torch.Size([64]) || m_up2.1.nstb_block.ffn.fc2.bias
 |  0.945 |  0.541 |  1.004 |  0.084 | torch.Size([64]) || m_up2.1.nstb_block.norm2.weight
 | -0.002 | -0.014 |  0.013 |  0.007 | torch.Size([64]) || m_up2.1.nstb_block.norm2.bias
 |  0.000 | -0.271 |  0.245 |  0.063 | torch.Size([128, 128, 1, 1]) || m_up2.1.conv1_2.weight
 |  0.006 | -0.099 |  0.116 |  0.051 | torch.Size([128]) || m_up2.1.conv1_2.bias
 |  0.000 | -0.153 |  0.141 |  0.036 | torch.Size([128, 64, 2, 2]) || m_up1.0.weight
 | -0.002 | -0.266 |  0.288 |  0.085 | torch.Size([64, 64, 1, 1]) || m_up1.1.conv1_1.weight
 |  0.008 | -0.129 |  0.121 |  0.066 | torch.Size([64]) || m_up1.1.conv1_1.bias
 |  0.001 | -0.221 |  0.288 |  0.049 | torch.Size([32, 32, 3, 3]) || m_up1.1.conv_block.0.weight
 | -0.002 | -0.260 |  0.337 |  0.050 | torch.Size([32, 32, 3, 3]) || m_up1.1.conv_block.2.weight
 | -12.109 | -100.000 |  0.000 | 32.624 | torch.Size([64, 64, 64]) || m_up1.1.nstb_block.attn_mask
 |  0.002 | -0.358 |  0.403 |  0.078 | torch.Size([16, 2, 8, 8]) || m_up1.1.nstb_block.ngram_window_partition.ngram_context.unigram_embed.weight
 | -0.012 | -0.083 |  0.075 |  0.045 | torch.Size([16]) || m_up1.1.nstb_block.ngram_window_partition.ngram_context.unigram_embed.bias
 |  2.011 |  2.011 |  2.011 |    nan | torch.Size([1, 1, 1]) || m_up1.1.nstb_block.ngram_window_partition.ngram_context.ngram_attn.logit_scale
 |  0.002 | -0.269 |  0.461 |  0.228 | torch.Size([9, 1]) || m_up1.1.nstb_block.ngram_window_partition.ngram_context.ngram_attn.relative_position_bias_table
 |  4.000 |  0.000 |  8.000 |  2.309 | torch.Size([4, 4]) || m_up1.1.nstb_block.ngram_window_partition.ngram_context.ngram_attn.relative_position_index
 | -0.002 | -0.472 |  0.557 |  0.174 | torch.Size([48, 16]) || m_up1.1.nstb_block.ngram_window_partition.ngram_context.ngram_attn.qkv.weight
 | -0.005 | -0.199 |  0.231 |  0.111 | torch.Size([48]) || m_up1.1.nstb_block.ngram_window_partition.ngram_context.ngram_attn.qkv.bias
 | -0.003 | -0.555 |  0.400 |  0.159 | torch.Size([16, 16]) || m_up1.1.nstb_block.ngram_window_partition.ngram_context.ngram_attn.proj.weight
 | -0.012 | -0.204 |  0.161 |  0.110 | torch.Size([16]) || m_up1.1.nstb_block.ngram_window_partition.ngram_context.ngram_attn.proj.bias
 |  0.003 | -0.340 |  0.276 |  0.105 | torch.Size([32, 32, 1, 1]) || m_up1.1.nstb_block.ngram_window_partition.ngram_context.merge.weight
 |  0.023 | -0.154 |  0.172 |  0.102 | torch.Size([32]) || m_up1.1.nstb_block.ngram_window_partition.ngram_context.merge.bias
 |  2.640 |  2.640 |  2.640 |    nan | torch.Size([1, 1, 1]) || m_up1.1.nstb_block.attn.logit_scale
 | -0.478 | -1.606 |  1.187 |  0.770 | torch.Size([225, 1]) || m_up1.1.nstb_block.attn.relative_position_bias_table
 | 112.000 |  0.000 | 224.000 | 48.719 | torch.Size([64, 64]) || m_up1.1.nstb_block.attn.relative_position_index
 |  0.004 | -0.395 |  0.424 |  0.117 | torch.Size([96, 32]) || m_up1.1.nstb_block.attn.qkv.weight
 | -0.002 | -0.176 |  0.187 |  0.087 | torch.Size([96]) || m_up1.1.nstb_block.attn.qkv.bias
 | -0.001 | -0.279 |  0.266 |  0.104 | torch.Size([32, 32]) || m_up1.1.nstb_block.attn.proj.weight
 |  0.011 | -0.177 |  0.179 |  0.096 | torch.Size([32]) || m_up1.1.nstb_block.attn.proj.bias
 |  0.965 |  0.656 |  1.026 |  0.075 | torch.Size([32]) || m_up1.1.nstb_block.norm1.weight
 |  0.001 | -0.053 |  0.035 |  0.016 | torch.Size([32]) || m_up1.1.nstb_block.norm1.bias
 | -0.001 | -0.536 |  0.351 |  0.111 | torch.Size([64, 32]) || m_up1.1.nstb_block.ffn.fc1.weight
 | -0.004 | -0.195 |  0.187 |  0.104 | torch.Size([64]) || m_up1.1.nstb_block.ffn.fc1.bias
 | -0.002 | -0.178 |  0.234 |  0.076 | torch.Size([32, 64]) || m_up1.1.nstb_block.ffn.fc2.weight
 |  0.007 | -0.130 |  0.119 |  0.077 | torch.Size([32]) || m_up1.1.nstb_block.ffn.fc2.bias
 |  0.967 |  0.820 |  1.018 |  0.057 | torch.Size([32]) || m_up1.1.nstb_block.norm2.weight
 | -0.000 | -0.032 |  0.036 |  0.014 | torch.Size([32]) || m_up1.1.nstb_block.norm2.bias
 | -0.001 | -0.228 |  0.211 |  0.074 | torch.Size([64, 64, 1, 1]) || m_up1.1.conv1_2.weight
 |  0.008 | -0.100 |  0.113 |  0.056 | torch.Size([64]) || m_up1.1.conv1_2.bias
 | -0.000 | -0.036 |  0.040 |  0.013 | torch.Size([1, 64, 3, 3]) || m_tail.0.weight

25-07-08 16:11:47.750 : TensorBoard logging to: training_results/conv_nstb/scunet_ngswin_conv_nstb/tensorboard/SCUNet_conv_nstb_li_ct_val0.1
25-07-08 16:11:47.750 : Experiment name: SCUNet_conv_nstb_li_ct_val0.1
25-07-08 16:11:47.750 : Validation split: 10.0% of training data
25-07-08 16:11:47.750 : Early stopping is disabled. Training will run for full 100 epochs.
25-07-08 16:11:47.750 : ================================================================================
25-07-08 16:11:47.750 : TEST-ONLY MODE: Skipping training, running final test evaluation
25-07-08 16:11:47.750 : ================================================================================
25-07-08 16:11:47.751 : Number of test images: 75
25-07-08 16:11:47.751 : ================================================================================
25-07-08 16:11:47.751 : FINAL TEST EVALUATION - After 100 epochs completed
25-07-08 16:11:47.751 : ================================================================================
25-07-08 16:11:47.751 : Loading best PSNR checkpoint for final test evaluation...
25-07-08 16:11:47.751 : ------------------------------------------------------------
25-07-08 16:11:47.751 : Testing checkpoint: PSNR_E (psnr_E.pth)
25-07-08 16:11:47.751 : ------------------------------------------------------------
25-07-08 16:11:47.751 : Loading checkpoint: training_results/conv_nstb/scunet_ngswin_conv_nstb/models/psnr_E.pth
25-07-08 16:13:16.603 :   task: scunet_ngswin_conv_nstb
  model: scunet_ngswin
  gpu_ids: [0]
  dist: False
  scale: 1
  n_channels: 1
  path:[
    root: training_results/conv_nstb
    pretrained_netG: training_results/conv_nstb/scunet_ngswin_conv_nstb/models/540000_G.pth
    pretrained_netE: training_results/conv_nstb/scunet_ngswin_conv_nstb/models/540000_E.pth
    task: training_results/conv_nstb/scunet_ngswin_conv_nstb
    log: training_results/conv_nstb/scunet_ngswin_conv_nstb
    options: training_results/conv_nstb/scunet_ngswin_conv_nstb/options
    models: training_results/conv_nstb/scunet_ngswin_conv_nstb/models
    images: training_results/conv_nstb/scunet_ngswin_conv_nstb/images
    pretrained_optimizerG: None
  ]
  datasets:[
    train:[
      name: syn_deeplesion_train_li_ct
      dataset_type: li_ct
      dataroot_H: /home/Drive-D/SynDeepLesion/train_640geo
      dataloader_shuffle: True
      dataloader_num_workers: 16
      dataloader_batch_size: 6
      phase: train
      scale: 1
      n_channels: 1
    ]
    test:[
      name: syn_deeplesion_test_li_ct
      dataset_type: li_ct
      dataroot_H: /home/Drive-D/SynDeepLesion/test_640geo
      phase: test
      scale: 1
      n_channels: 1
    ]
    test_2:[
      name: clinical_metal_test_nii_ct
      dataset_type: nii_ct
      dataroot_H: /home/Drive-D/clinical_metal
      phase: test
      scale: 1
      n_channels: 1
    ]
  ]
  netG:[
    net_type: scunet_ngswin
    in_nc: 1
    out_nc: 1
    config: [1, 1, 1, 1, 1, 1, 1]
    dim: 32
    drop_path_rate: 0.0
    input_resolution: 512
    block_variant: conv_nstb
    init_type: kaiming_normal
    init_bn_type: constant
    init_gain: 1.0
    scale: 1
  ]
  train:[
    G_lossfn_type: l1
    G_lossfn_weight: 1.0
    E_decay: 0.999
    G_optimizer_type: adam
    G_optimizer_lr: 0.0001
    G_optimizer_wd: 0
    G_scheduler_type: MultiStepLR
    G_scheduler_milestones: [200000, 400000, 600000, 800000]
    G_scheduler_gamma: 0.5
    G_param_strict: True
    E_param_strict: True
    checkpoint_test: 20000
    checkpoint_save: 10000
    checkpoint_print: 1000
    use_fp16: True
    test_both_checkpoints: True
    test_save_every_nth: 10
    F_feature_layer: 34
    F_weights: 1.0
    F_lossfn_type: l1
    F_use_input_norm: True
    F_use_range_norm: False
    G_optimizer_betas: [0.9, 0.999]
    G_scheduler_restart_weights: 1
    G_optimizer_reuse: False
  ]
  opt_path: options/train_scunet_ngswin_1.json
  is_train: True
  merge_bn: False
  merge_bn_startpoint: -1
  find_unused_parameters: False
  use_static_graph: False
  num_gpu: 1
  device: cuda

25-07-08 16:13:16.603 : Using device: cuda
25-07-08 16:13:16.876 : Total samples: 36,116 | Train: 32,505 (90.0%) | Validation: 3,611 (10.0%)
25-07-08 16:13:16.876 : Training iters per epoch: 5,418
25-07-08 16:13:16.876 : Test set samples: 75
25-07-08 16:13:17.897 : 
Networks name: SCUNet_NGSwin
Params number: 5348264
Net structure:
SCUNet_NGSwin(
  (m_head): Sequential(
    (0): Conv2d(1, 64, kernel_size=(3, 3), stride=(1, 1), padding=(1, 1), bias=False)
  )
  (m_down1): Sequential(
    (0): ConvNSTBBlock(
      (conv1_1): Conv2d(64, 64, kernel_size=(1, 1), stride=(1, 1))
      (conv_block): Sequential(
        (0): Conv2d(32, 32, kernel_size=(3, 3), stride=(1, 1), padding=(1, 1), bias=False)
        (1): ReLU(inplace=True)
        (2): Conv2d(32, 32, kernel_size=(3, 3), stride=(1, 1), padding=(1, 1), bias=False)
      )
      (nstb_block): NSTB(
        (ngram_window_partition): NGramWindowPartition(
          (ngram_context): NGramContext(
            (unigram_embed): Conv2d(32, 16, kernel_size=(8, 8), stride=(8, 8), groups=16)
            (ngram_attn): WindowAttention(
              (qkv): Linear(in_features=16, out_features=48, bias=True)
              (attn_drop): Dropout(p=0.0, inplace=False)
              (proj): Linear(in_features=16, out_features=16, bias=True)
              (proj_drop): Dropout(p=0.0, inplace=False)
              (softmax): Softmax(dim=-1)
            )
            (avg_pool): AvgPool2d(kernel_size=2, stride=2, padding=0)
            (merge): Conv2d(32, 32, kernel_size=(1, 1), stride=(1, 1))
          )
        )
        (attn): WindowAttention(
          (qkv): Linear(in_features=32, out_features=96, bias=True)
          (attn_drop): Dropout(p=0.0, inplace=False)
          (proj): Linear(in_features=32, out_features=32, bias=True)
          (proj_drop): Dropout(p=0.0, inplace=False)
          (softmax): Softmax(dim=-1)
        )
        (norm1): LayerNorm((32,), eps=1e-05, elementwise_affine=True)
        (drop_path): Identity()
        (ffn): Mlp(
          (fc1): Linear(in_features=32, out_features=64, bias=True)
          (act): GELU(approximate='none')
          (drop1): Dropout(p=0.0, inplace=False)
          (norm): Identity()
          (fc2): Linear(in_features=64, out_features=32, bias=True)
          (drop2): Dropout(p=0.0, inplace=False)
        )
        (norm2): LayerNorm((32,), eps=1e-05, elementwise_affine=True)
      )
      (conv1_2): Conv2d(64, 64, kernel_size=(1, 1), stride=(1, 1))
    )
    (1): Conv2d(64, 128, kernel_size=(2, 2), stride=(2, 2), bias=False)
  )
  (m_down2): Sequential(
    (0): ConvNSTBBlock(
      (conv1_1): Conv2d(128, 128, kernel_size=(1, 1), stride=(1, 1))
      (conv_block): Sequential(
        (0): Conv2d(64, 64, kernel_size=(3, 3), stride=(1, 1), padding=(1, 1), bias=False)
        (1): ReLU(inplace=True)
        (2): Conv2d(64, 64, kernel_size=(3, 3), stride=(1, 1), padding=(1, 1), bias=False)
      )
      (nstb_block): NSTB(
        (ngram_window_partition): NGramWindowPartition(
          (ngram_context): NGramContext(
            (unigram_embed): Conv2d(64, 32, kernel_size=(8, 8), stride=(8, 8), groups=32)
            (ngram_attn): WindowAttention(
              (qkv): Linear(in_features=32, out_features=96, bias=True)
              (attn_drop): Dropout(p=0.0, inplace=False)
              (proj): Linear(in_features=32, out_features=32, bias=True)
              (proj_drop): Dropout(p=0.0, inplace=False)
              (softmax): Softmax(dim=-1)
            )
            (avg_pool): AvgPool2d(kernel_size=2, stride=2, padding=0)
            (merge): Conv2d(64, 64, kernel_size=(1, 1), stride=(1, 1))
          )
        )
        (attn): WindowAttention(
          (qkv): Linear(in_features=64, out_features=192, bias=True)
          (attn_drop): Dropout(p=0.0, inplace=False)
          (proj): Linear(in_features=64, out_features=64, bias=True)
          (proj_drop): Dropout(p=0.0, inplace=False)
          (softmax): Softmax(dim=-1)
        )
        (norm1): LayerNorm((64,), eps=1e-05, elementwise_affine=True)
        (drop_path): Identity()
        (ffn): Mlp(
          (fc1): Linear(in_features=64, out_features=128, bias=True)
          (act): GELU(approximate='none')
          (drop1): Dropout(p=0.0, inplace=False)
          (norm): Identity()
          (fc2): Linear(in_features=128, out_features=64, bias=True)
          (drop2): Dropout(p=0.0, inplace=False)
        )
        (norm2): LayerNorm((64,), eps=1e-05, elementwise_affine=True)
      )
      (conv1_2): Conv2d(128, 128, kernel_size=(1, 1), stride=(1, 1))
    )
    (1): Conv2d(128, 256, kernel_size=(2, 2), stride=(2, 2), bias=False)
  )
  (m_down3): Sequential(
    (0): ConvNSTBBlock(
      (conv1_1): Conv2d(256, 256, kernel_size=(1, 1), stride=(1, 1))
      (conv_block): Sequential(
        (0): Conv2d(128, 128, kernel_size=(3, 3), stride=(1, 1), padding=(1, 1), bias=False)
        (1): ReLU(inplace=True)
        (2): Conv2d(128, 128, kernel_size=(3, 3), stride=(1, 1), padding=(1, 1), bias=False)
      )
      (nstb_block): NSTB(
        (ngram_window_partition): NGramWindowPartition(
          (ngram_context): NGramContext(
            (unigram_embed): Conv2d(128, 64, kernel_size=(8, 8), stride=(8, 8), groups=64)
            (ngram_attn): WindowAttention(
              (qkv): Linear(in_features=64, out_features=192, bias=True)
              (attn_drop): Dropout(p=0.0, inplace=False)
              (proj): Linear(in_features=64, out_features=64, bias=True)
              (proj_drop): Dropout(p=0.0, inplace=False)
              (softmax): Softmax(dim=-1)
            )
            (avg_pool): AvgPool2d(kernel_size=2, stride=2, padding=0)
            (merge): Conv2d(128, 128, kernel_size=(1, 1), stride=(1, 1))
          )
        )
        (attn): WindowAttention(
          (qkv): Linear(in_features=128, out_features=384, bias=True)
          (attn_drop): Dropout(p=0.0, inplace=False)
          (proj): Linear(in_features=128, out_features=128, bias=True)
          (proj_drop): Dropout(p=0.0, inplace=False)
          (softmax): Softmax(dim=-1)
        )
        (norm1): LayerNorm((128,), eps=1e-05, elementwise_affine=True)
        (drop_path): Identity()
        (ffn): Mlp(
          (fc1): Linear(in_features=128, out_features=256, bias=True)
          (act): GELU(approximate='none')
          (drop1): Dropout(p=0.0, inplace=False)
          (norm): Identity()
          (fc2): Linear(in_features=256, out_features=128, bias=True)
          (drop2): Dropout(p=0.0, inplace=False)
        )
        (norm2): LayerNorm((128,), eps=1e-05, elementwise_affine=True)
      )
      (conv1_2): Conv2d(256, 256, kernel_size=(1, 1), stride=(1, 1))
    )
    (1): Conv2d(256, 512, kernel_size=(2, 2), stride=(2, 2), bias=False)
  )
  (m_body): Sequential(
    (0): ConvNSTBBlock(
      (conv1_1): Conv2d(512, 512, kernel_size=(1, 1), stride=(1, 1))
      (conv_block): Sequential(
        (0): Conv2d(256, 256, kernel_size=(3, 3), stride=(1, 1), padding=(1, 1), bias=False)
        (1): ReLU(inplace=True)
        (2): Conv2d(256, 256, kernel_size=(3, 3), stride=(1, 1), padding=(1, 1), bias=False)
      )
      (nstb_block): NSTB(
        (ngram_window_partition): NGramWindowPartition(
          (ngram_context): NGramContext(
            (unigram_embed): Conv2d(256, 128, kernel_size=(8, 8), stride=(8, 8), groups=128)
            (ngram_attn): WindowAttention(
              (qkv): Linear(in_features=128, out_features=384, bias=True)
              (attn_drop): Dropout(p=0.0, inplace=False)
              (proj): Linear(in_features=128, out_features=128, bias=True)
              (proj_drop): Dropout(p=0.0, inplace=False)
              (softmax): Softmax(dim=-1)
            )
            (avg_pool): AvgPool2d(kernel_size=2, stride=2, padding=0)
            (merge): Conv2d(256, 256, kernel_size=(1, 1), stride=(1, 1))
          )
        )
        (attn): WindowAttention(
          (qkv): Linear(in_features=256, out_features=768, bias=True)
          (attn_drop): Dropout(p=0.0, inplace=False)
          (proj): Linear(in_features=256, out_features=256, bias=True)
          (proj_drop): Dropout(p=0.0, inplace=False)
          (softmax): Softmax(dim=-1)
        )
        (norm1): LayerNorm((256,), eps=1e-05, elementwise_affine=True)
        (drop_path): Identity()
        (ffn): Mlp(
          (fc1): Linear(in_features=256, out_features=512, bias=True)
          (act): GELU(approximate='none')
          (drop1): Dropout(p=0.0, inplace=False)
          (norm): Identity()
          (fc2): Linear(in_features=512, out_features=256, bias=True)
          (drop2): Dropout(p=0.0, inplace=False)
        )
        (norm2): LayerNorm((256,), eps=1e-05, elementwise_affine=True)
      )
      (conv1_2): Conv2d(512, 512, kernel_size=(1, 1), stride=(1, 1))
    )
  )
  (m_up3): Sequential(
    (0): ConvTranspose2d(512, 256, kernel_size=(2, 2), stride=(2, 2), bias=False)
    (1): ConvNSTBBlock(
      (conv1_1): Conv2d(256, 256, kernel_size=(1, 1), stride=(1, 1))
      (conv_block): Sequential(
        (0): Conv2d(128, 128, kernel_size=(3, 3), stride=(1, 1), padding=(1, 1), bias=False)
        (1): ReLU(inplace=True)
        (2): Conv2d(128, 128, kernel_size=(3, 3), stride=(1, 1), padding=(1, 1), bias=False)
      )
      (nstb_block): NSTB(
        (ngram_window_partition): NGramWindowPartition(
          (ngram_context): NGramContext(
            (unigram_embed): Conv2d(128, 64, kernel_size=(8, 8), stride=(8, 8), groups=64)
            (ngram_attn): WindowAttention(
              (qkv): Linear(in_features=64, out_features=192, bias=True)
              (attn_drop): Dropout(p=0.0, inplace=False)
              (proj): Linear(in_features=64, out_features=64, bias=True)
              (proj_drop): Dropout(p=0.0, inplace=False)
              (softmax): Softmax(dim=-1)
            )
            (avg_pool): AvgPool2d(kernel_size=2, stride=2, padding=0)
            (merge): Conv2d(128, 128, kernel_size=(1, 1), stride=(1, 1))
          )
        )
        (attn): WindowAttention(
          (qkv): Linear(in_features=128, out_features=384, bias=True)
          (attn_drop): Dropout(p=0.0, inplace=False)
          (proj): Linear(in_features=128, out_features=128, bias=True)
          (proj_drop): Dropout(p=0.0, inplace=False)
          (softmax): Softmax(dim=-1)
        )
        (norm1): LayerNorm((128,), eps=1e-05, elementwise_affine=True)
        (drop_path): Identity()
        (ffn): Mlp(
          (fc1): Linear(in_features=128, out_features=256, bias=True)
          (act): GELU(approximate='none')
          (drop1): Dropout(p=0.0, inplace=False)
          (norm): Identity()
          (fc2): Linear(in_features=256, out_features=128, bias=True)
          (drop2): Dropout(p=0.0, inplace=False)
        )
        (norm2): LayerNorm((128,), eps=1e-05, elementwise_affine=True)
      )
      (conv1_2): Conv2d(256, 256, kernel_size=(1, 1), stride=(1, 1))
    )
  )
  (m_up2): Sequential(
    (0): ConvTranspose2d(256, 128, kernel_size=(2, 2), stride=(2, 2), bias=False)
    (1): ConvNSTBBlock(
      (conv1_1): Conv2d(128, 128, kernel_size=(1, 1), stride=(1, 1))
      (conv_block): Sequential(
        (0): Conv2d(64, 64, kernel_size=(3, 3), stride=(1, 1), padding=(1, 1), bias=False)
        (1): ReLU(inplace=True)
        (2): Conv2d(64, 64, kernel_size=(3, 3), stride=(1, 1), padding=(1, 1), bias=False)
      )
      (nstb_block): NSTB(
        (ngram_window_partition): NGramWindowPartition(
          (ngram_context): NGramContext(
            (unigram_embed): Conv2d(64, 32, kernel_size=(8, 8), stride=(8, 8), groups=32)
            (ngram_attn): WindowAttention(
              (qkv): Linear(in_features=32, out_features=96, bias=True)
              (attn_drop): Dropout(p=0.0, inplace=False)
              (proj): Linear(in_features=32, out_features=32, bias=True)
              (proj_drop): Dropout(p=0.0, inplace=False)
              (softmax): Softmax(dim=-1)
            )
            (avg_pool): AvgPool2d(kernel_size=2, stride=2, padding=0)
            (merge): Conv2d(64, 64, kernel_size=(1, 1), stride=(1, 1))
          )
        )
        (attn): WindowAttention(
          (qkv): Linear(in_features=64, out_features=192, bias=True)
          (attn_drop): Dropout(p=0.0, inplace=False)
          (proj): Linear(in_features=64, out_features=64, bias=True)
          (proj_drop): Dropout(p=0.0, inplace=False)
          (softmax): Softmax(dim=-1)
        )
        (norm1): LayerNorm((64,), eps=1e-05, elementwise_affine=True)
        (drop_path): Identity()
        (ffn): Mlp(
          (fc1): Linear(in_features=64, out_features=128, bias=True)
          (act): GELU(approximate='none')
          (drop1): Dropout(p=0.0, inplace=False)
          (norm): Identity()
          (fc2): Linear(in_features=128, out_features=64, bias=True)
          (drop2): Dropout(p=0.0, inplace=False)
        )
        (norm2): LayerNorm((64,), eps=1e-05, elementwise_affine=True)
      )
      (conv1_2): Conv2d(128, 128, kernel_size=(1, 1), stride=(1, 1))
    )
  )
  (m_up1): Sequential(
    (0): ConvTranspose2d(128, 64, kernel_size=(2, 2), stride=(2, 2), bias=False)
    (1): ConvNSTBBlock(
      (conv1_1): Conv2d(64, 64, kernel_size=(1, 1), stride=(1, 1))
      (conv_block): Sequential(
        (0): Conv2d(32, 32, kernel_size=(3, 3), stride=(1, 1), padding=(1, 1), bias=False)
        (1): ReLU(inplace=True)
        (2): Conv2d(32, 32, kernel_size=(3, 3), stride=(1, 1), padding=(1, 1), bias=False)
      )
      (nstb_block): NSTB(
        (ngram_window_partition): NGramWindowPartition(
          (ngram_context): NGramContext(
            (unigram_embed): Conv2d(32, 16, kernel_size=(8, 8), stride=(8, 8), groups=16)
            (ngram_attn): WindowAttention(
              (qkv): Linear(in_features=16, out_features=48, bias=True)
              (attn_drop): Dropout(p=0.0, inplace=False)
              (proj): Linear(in_features=16, out_features=16, bias=True)
              (proj_drop): Dropout(p=0.0, inplace=False)
              (softmax): Softmax(dim=-1)
            )
            (avg_pool): AvgPool2d(kernel_size=2, stride=2, padding=0)
            (merge): Conv2d(32, 32, kernel_size=(1, 1), stride=(1, 1))
          )
        )
        (attn): WindowAttention(
          (qkv): Linear(in_features=32, out_features=96, bias=True)
          (attn_drop): Dropout(p=0.0, inplace=False)
          (proj): Linear(in_features=32, out_features=32, bias=True)
          (proj_drop): Dropout(p=0.0, inplace=False)
          (softmax): Softmax(dim=-1)
        )
        (norm1): LayerNorm((32,), eps=1e-05, elementwise_affine=True)
        (drop_path): Identity()
        (ffn): Mlp(
          (fc1): Linear(in_features=32, out_features=64, bias=True)
          (act): GELU(approximate='none')
          (drop1): Dropout(p=0.0, inplace=False)
          (norm): Identity()
          (fc2): Linear(in_features=64, out_features=32, bias=True)
          (drop2): Dropout(p=0.0, inplace=False)
        )
        (norm2): LayerNorm((32,), eps=1e-05, elementwise_affine=True)
      )
      (conv1_2): Conv2d(64, 64, kernel_size=(1, 1), stride=(1, 1))
    )
  )
  (m_tail): Sequential(
    (0): Conv2d(64, 1, kernel_size=(3, 3), stride=(1, 1), padding=(1, 1), bias=False)
  )
)

25-07-08 16:13:17.934 : 
 |  mean  |  min   |  max   |  std   || shape               
 |  0.006 | -0.457 |  0.432 |  0.201 | torch.Size([64, 1, 3, 3]) || m_head.0.weight
 | -0.005 | -1.429 |  2.076 |  0.179 | torch.Size([64, 64, 1, 1]) || m_down1.0.conv1_1.weight
 | -0.012 | -0.131 |  0.130 |  0.067 | torch.Size([64]) || m_down1.0.conv1_1.bias
 |  0.001 | -0.872 |  0.929 |  0.077 | torch.Size([32, 32, 3, 3]) || m_down1.0.conv_block.0.weight
 | -0.000 | -0.347 |  0.371 |  0.065 | torch.Size([32, 32, 3, 3]) || m_down1.0.conv_block.2.weight
 | -12.109 | -100.000 |  0.000 | 32.624 | torch.Size([64, 64, 64]) || m_down1.0.nstb_block.attn_mask
 | -0.002 | -0.203 |  0.214 |  0.062 | torch.Size([16, 2, 8, 8]) || m_down1.0.nstb_block.ngram_window_partition.ngram_context.unigram_embed.weight
 |  0.025 | -0.077 |  0.113 |  0.050 | torch.Size([16]) || m_down1.0.nstb_block.ngram_window_partition.ngram_context.unigram_embed.bias
 |  2.377 |  2.377 |  2.377 |    nan | torch.Size([1, 1, 1]) || m_down1.0.nstb_block.ngram_window_partition.ngram_context.ngram_attn.logit_scale
 | -0.004 | -0.186 |  0.243 |  0.150 | torch.Size([9, 1]) || m_down1.0.nstb_block.ngram_window_partition.ngram_context.ngram_attn.relative_position_bias_table
 |  4.000 |  0.000 |  8.000 |  2.309 | torch.Size([4, 4]) || m_down1.0.nstb_block.ngram_window_partition.ngram_context.ngram_attn.relative_position_index
 |  0.006 | -0.430 |  0.479 |  0.159 | torch.Size([48, 16]) || m_down1.0.nstb_block.ngram_window_partition.ngram_context.ngram_attn.qkv.weight
 | -0.023 | -0.214 |  0.191 |  0.115 | torch.Size([48]) || m_down1.0.nstb_block.ngram_window_partition.ngram_context.ngram_attn.qkv.bias
 |  0.013 | -0.256 |  0.273 |  0.134 | torch.Size([16, 16]) || m_down1.0.nstb_block.ngram_window_partition.ngram_context.ngram_attn.proj.weight
 | -0.011 | -0.196 |  0.142 |  0.107 | torch.Size([16]) || m_down1.0.nstb_block.ngram_window_partition.ngram_context.ngram_attn.proj.bias
 | -0.001 | -0.299 |  0.229 |  0.102 | torch.Size([32, 32, 1, 1]) || m_down1.0.nstb_block.ngram_window_partition.ngram_context.merge.weight
 | -0.006 | -0.145 |  0.165 |  0.088 | torch.Size([32]) || m_down1.0.nstb_block.ngram_window_partition.ngram_context.merge.bias
 |  3.644 |  3.644 |  3.644 |    nan | torch.Size([1, 1, 1]) || m_down1.0.nstb_block.attn.logit_scale
 | -0.248 | -0.805 |  0.980 |  0.378 | torch.Size([225, 1]) || m_down1.0.nstb_block.attn.relative_position_bias_table
 | 112.000 |  0.000 | 224.000 | 48.719 | torch.Size([64, 64]) || m_down1.0.nstb_block.attn.relative_position_index
 |  0.001 | -0.694 |  0.564 |  0.132 | torch.Size([96, 32]) || m_down1.0.nstb_block.attn.qkv.weight
 | -0.006 | -0.188 |  0.167 |  0.082 | torch.Size([96]) || m_down1.0.nstb_block.attn.qkv.bias
 | -0.003 | -0.326 |  0.270 |  0.109 | torch.Size([32, 32]) || m_down1.0.nstb_block.attn.proj.weight
 |  0.011 | -0.225 |  0.194 |  0.117 | torch.Size([32]) || m_down1.0.nstb_block.attn.proj.bias
 |  0.979 |  0.893 |  1.069 |  0.035 | torch.Size([32]) || m_down1.0.nstb_block.norm1.weight
 |  0.010 | -0.009 |  0.036 |  0.011 | torch.Size([32]) || m_down1.0.nstb_block.norm1.bias
 |  0.001 | -0.487 |  0.653 |  0.135 | torch.Size([64, 32]) || m_down1.0.nstb_block.ffn.fc1.weight
 | -0.000 | -0.199 |  0.164 |  0.094 | torch.Size([64]) || m_down1.0.nstb_block.ffn.fc1.bias
 | -0.003 | -0.221 |  0.253 |  0.081 | torch.Size([32, 64]) || m_down1.0.nstb_block.ffn.fc2.weight
 | -0.016 | -0.124 |  0.153 |  0.082 | torch.Size([32]) || m_down1.0.nstb_block.ffn.fc2.bias
 |  0.962 |  0.790 |  1.003 |  0.042 | torch.Size([32]) || m_down1.0.nstb_block.norm2.weight
 |  0.010 | -0.014 |  0.042 |  0.012 | torch.Size([32]) || m_down1.0.nstb_block.norm2.bias
 | -0.002 | -0.398 |  0.545 |  0.087 | torch.Size([64, 64, 1, 1]) || m_down1.0.conv1_2.weight
 |  0.006 | -0.104 |  0.131 |  0.065 | torch.Size([64]) || m_down1.0.conv1_2.bias
 |  0.000 | -0.329 |  0.276 |  0.051 | torch.Size([128, 64, 2, 2]) || m_down1.1.weight
 |  0.000 | -0.352 |  0.366 |  0.076 | torch.Size([128, 128, 1, 1]) || m_down2.0.conv1_1.weight
 | -0.006 | -0.107 |  0.091 |  0.045 | torch.Size([128]) || m_down2.0.conv1_1.bias
 |  0.002 | -0.371 |  0.360 |  0.055 | torch.Size([64, 64, 3, 3]) || m_down2.0.conv_block.0.weight
 |  0.000 | -0.351 |  0.427 |  0.056 | torch.Size([64, 64, 3, 3]) || m_down2.0.conv_block.2.weight
 | -23.438 | -100.000 |  0.000 | 42.361 | torch.Size([16, 64, 64]) || m_down2.0.nstb_block.attn_mask
 | -0.002 | -0.272 |  0.309 |  0.068 | torch.Size([32, 2, 8, 8]) || m_down2.0.nstb_block.ngram_window_partition.ngram_context.unigram_embed.weight
 |  0.003 | -0.066 |  0.077 |  0.046 | torch.Size([32]) || m_down2.0.nstb_block.ngram_window_partition.ngram_context.unigram_embed.bias
 |  2.287 |  2.182 |  2.392 |  0.149 | torch.Size([2, 1, 1]) || m_down2.0.nstb_block.ngram_window_partition.ngram_context.ngram_attn.logit_scale
 | -0.013 | -0.395 |  0.468 |  0.255 | torch.Size([9, 2]) || m_down2.0.nstb_block.ngram_window_partition.ngram_context.ngram_attn.relative_position_bias_table
 |  4.000 |  0.000 |  8.000 |  2.309 | torch.Size([4, 4]) || m_down2.0.nstb_block.ngram_window_partition.ngram_context.ngram_attn.relative_position_index
 |  0.002 | -0.368 |  0.387 |  0.115 | torch.Size([96, 32]) || m_down2.0.nstb_block.ngram_window_partition.ngram_context.ngram_attn.qkv.weight
 |  0.025 | -0.195 |  0.229 |  0.101 | torch.Size([96]) || m_down2.0.nstb_block.ngram_window_partition.ngram_context.ngram_attn.qkv.bias
 | -0.001 | -0.248 |  0.244 |  0.103 | torch.Size([32, 32]) || m_down2.0.nstb_block.ngram_window_partition.ngram_context.ngram_attn.proj.weight
 |  0.002 | -0.126 |  0.144 |  0.063 | torch.Size([32]) || m_down2.0.nstb_block.ngram_window_partition.ngram_context.ngram_attn.proj.bias
 |  0.001 | -0.249 |  0.216 |  0.077 | torch.Size([64, 64, 1, 1]) || m_down2.0.nstb_block.ngram_window_partition.ngram_context.merge.weight
 |  0.002 | -0.102 |  0.116 |  0.058 | torch.Size([64]) || m_down2.0.nstb_block.ngram_window_partition.ngram_context.merge.bias
 |  2.817 |  2.595 |  3.039 |  0.314 | torch.Size([2, 1, 1]) || m_down2.0.nstb_block.attn.logit_scale
 | -0.331 | -1.011 |  1.407 |  0.399 | torch.Size([225, 2]) || m_down2.0.nstb_block.attn.relative_position_bias_table
 | 112.000 |  0.000 | 224.000 | 48.719 | torch.Size([64, 64]) || m_down2.0.nstb_block.attn.relative_position_index
 |  0.001 | -0.304 |  0.357 |  0.089 | torch.Size([192, 64]) || m_down2.0.nstb_block.attn.qkv.weight
 | -0.011 | -0.222 |  0.156 |  0.070 | torch.Size([192]) || m_down2.0.nstb_block.attn.qkv.bias
 | -0.003 | -0.209 |  0.233 |  0.082 | torch.Size([64, 64]) || m_down2.0.nstb_block.attn.proj.weight
 |  0.000 | -0.188 |  0.197 |  0.091 | torch.Size([64]) || m_down2.0.nstb_block.attn.proj.bias
 |  0.953 |  0.868 |  1.011 |  0.036 | torch.Size([64]) || m_down2.0.nstb_block.norm1.weight
 |  0.002 | -0.023 |  0.034 |  0.012 | torch.Size([64]) || m_down2.0.nstb_block.norm1.bias
 |  0.001 | -0.386 |  0.402 |  0.102 | torch.Size([128, 64]) || m_down2.0.nstb_block.ffn.fc1.weight
 | -0.006 | -0.160 |  0.126 |  0.079 | torch.Size([128]) || m_down2.0.nstb_block.ffn.fc1.bias
 |  0.001 | -0.237 |  0.256 |  0.066 | torch.Size([64, 128]) || m_down2.0.nstb_block.ffn.fc2.weight
 | -0.003 | -0.163 |  0.140 |  0.070 | torch.Size([64]) || m_down2.0.nstb_block.ffn.fc2.bias
 |  0.963 |  0.881 |  1.030 |  0.026 | torch.Size([64]) || m_down2.0.nstb_block.norm2.weight
 | -0.000 | -0.043 |  0.033 |  0.018 | torch.Size([64]) || m_down2.0.nstb_block.norm2.bias
 | -0.000 | -0.196 |  0.180 |  0.057 | torch.Size([128, 128, 1, 1]) || m_down2.0.conv1_2.weight
 | -0.007 | -0.076 |  0.072 |  0.036 | torch.Size([128]) || m_down2.0.conv1_2.bias
 | -0.000 | -0.173 |  0.220 |  0.044 | torch.Size([256, 128, 2, 2]) || m_down2.1.weight
 |  0.000 | -0.219 |  0.200 |  0.052 | torch.Size([256, 256, 1, 1]) || m_down3.0.conv1_1.weight
 | -0.000 | -0.122 |  0.083 |  0.030 | torch.Size([256]) || m_down3.0.conv1_1.bias
 |  0.000 | -0.453 |  0.393 |  0.049 | torch.Size([128, 128, 3, 3]) || m_down3.0.conv_block.0.weight
 |  0.000 | -0.337 |  0.397 |  0.049 | torch.Size([128, 128, 3, 3]) || m_down3.0.conv_block.2.weight
 | -43.750 | -100.000 |  0.000 | 49.609 | torch.Size([4, 64, 64]) || m_down3.0.nstb_block.attn_mask
 |  0.002 | -0.255 |  0.292 |  0.072 | torch.Size([64, 2, 8, 8]) || m_down3.0.nstb_block.ngram_window_partition.ngram_context.unigram_embed.weight
 |  0.009 | -0.089 |  0.104 |  0.047 | torch.Size([64]) || m_down3.0.nstb_block.ngram_window_partition.ngram_context.unigram_embed.bias
 |  2.348 |  2.267 |  2.393 |  0.058 | torch.Size([4, 1, 1]) || m_down3.0.nstb_block.ngram_window_partition.ngram_context.ngram_attn.logit_scale
 | -0.006 | -0.505 |  0.556 |  0.245 | torch.Size([9, 4]) || m_down3.0.nstb_block.ngram_window_partition.ngram_context.ngram_attn.relative_position_bias_table
 |  4.000 |  0.000 |  8.000 |  2.309 | torch.Size([4, 4]) || m_down3.0.nstb_block.ngram_window_partition.ngram_context.ngram_attn.relative_position_index
 |  0.001 | -0.299 |  0.323 |  0.088 | torch.Size([192, 64]) || m_down3.0.nstb_block.ngram_window_partition.ngram_context.ngram_attn.qkv.weight
 | -0.009 | -0.236 |  0.286 |  0.102 | torch.Size([192]) || m_down3.0.nstb_block.ngram_window_partition.ngram_context.ngram_attn.qkv.bias
 |  0.001 | -0.234 |  0.225 |  0.086 | torch.Size([64, 64]) || m_down3.0.nstb_block.ngram_window_partition.ngram_context.ngram_attn.proj.weight
 | -0.001 | -0.095 |  0.097 |  0.055 | torch.Size([64]) || m_down3.0.nstb_block.ngram_window_partition.ngram_context.ngram_attn.proj.bias
 | -0.000 | -0.217 |  0.214 |  0.067 | torch.Size([128, 128, 1, 1]) || m_down3.0.nstb_block.ngram_window_partition.ngram_context.merge.weight
 |  0.001 | -0.101 |  0.096 |  0.043 | torch.Size([128]) || m_down3.0.nstb_block.ngram_window_partition.ngram_context.merge.bias
 |  2.460 |  2.342 |  2.742 |  0.190 | torch.Size([4, 1, 1]) || m_down3.0.nstb_block.attn.logit_scale
 | -0.071 | -0.705 |  0.820 |  0.226 | torch.Size([225, 4]) || m_down3.0.nstb_block.attn.relative_position_bias_table
 | 112.000 |  0.000 | 224.000 | 48.719 | torch.Size([64, 64]) || m_down3.0.nstb_block.attn.relative_position_index
 | -0.000 | -0.322 |  0.283 |  0.069 | torch.Size([384, 128]) || m_down3.0.nstb_block.attn.qkv.weight
 | -0.000 | -0.206 |  0.273 |  0.069 | torch.Size([384]) || m_down3.0.nstb_block.attn.qkv.bias
 | -0.000 | -0.200 |  0.212 |  0.066 | torch.Size([128, 128]) || m_down3.0.nstb_block.attn.proj.weight
 | -0.004 | -0.185 |  0.206 |  0.079 | torch.Size([128]) || m_down3.0.nstb_block.attn.proj.bias
 |  0.932 |  0.843 |  0.995 |  0.035 | torch.Size([128]) || m_down3.0.nstb_block.norm1.weight
 | -0.000 | -0.026 |  0.024 |  0.010 | torch.Size([128]) || m_down3.0.nstb_block.norm1.bias
 |  0.001 | -0.412 |  0.468 |  0.089 | torch.Size([256, 128]) || m_down3.0.nstb_block.ffn.fc1.weight
 | -0.006 | -0.140 |  0.105 |  0.053 | torch.Size([256]) || m_down3.0.nstb_block.ffn.fc1.bias
 | -0.000 | -0.383 |  0.314 |  0.057 | torch.Size([128, 256]) || m_down3.0.nstb_block.ffn.fc2.weight
 |  0.005 | -0.115 |  0.093 |  0.046 | torch.Size([128]) || m_down3.0.nstb_block.ffn.fc2.bias
 |  0.928 |  0.706 |  0.976 |  0.047 | torch.Size([128]) || m_down3.0.nstb_block.norm2.weight
 |  0.001 | -0.047 |  0.042 |  0.019 | torch.Size([128]) || m_down3.0.nstb_block.norm2.bias
 | -0.000 | -0.184 |  0.157 |  0.043 | torch.Size([256, 256, 1, 1]) || m_down3.0.conv1_2.weight
 | -0.001 | -0.059 |  0.049 |  0.024 | torch.Size([256]) || m_down3.0.conv1_2.bias
 |  0.000 | -0.177 |  0.219 |  0.039 | torch.Size([512, 256, 2, 2]) || m_down3.1.weight
 |  0.000 | -0.219 |  0.215 |  0.048 | torch.Size([512, 512, 1, 1]) || m_body.0.conv1_1.weight
 |  0.002 | -0.125 |  0.165 |  0.047 | torch.Size([512]) || m_body.0.conv1_1.bias
 |  0.000 | -0.269 |  0.258 |  0.048 | torch.Size([256, 256, 3, 3]) || m_body.0.conv_block.0.weight
 |  0.000 | -0.266 |  0.268 |  0.047 | torch.Size([256, 256, 3, 3]) || m_body.0.conv_block.2.weight
 | -75.000 | -100.000 |  0.000 | 43.307 | torch.Size([1, 64, 64]) || m_body.0.nstb_block.attn_mask
 | -0.000 | -0.260 |  0.288 |  0.071 | torch.Size([128, 2, 8, 8]) || m_body.0.nstb_block.ngram_window_partition.ngram_context.unigram_embed.weight
 | -0.003 | -0.109 |  0.101 |  0.050 | torch.Size([128]) || m_body.0.nstb_block.ngram_window_partition.ngram_context.unigram_embed.bias
 |  2.207 |  1.948 |  2.333 |  0.157 | torch.Size([8, 1, 1]) || m_body.0.nstb_block.ngram_window_partition.ngram_context.ngram_attn.logit_scale
 | -0.020 | -0.956 |  1.610 |  0.388 | torch.Size([9, 8]) || m_body.0.nstb_block.ngram_window_partition.ngram_context.ngram_attn.relative_position_bias_table
 |  4.000 |  0.000 |  8.000 |  2.309 | torch.Size([4, 4]) || m_body.0.nstb_block.ngram_window_partition.ngram_context.ngram_attn.relative_position_index
 |  0.000 | -0.271 |  0.288 |  0.070 | torch.Size([384, 128]) || m_body.0.nstb_block.ngram_window_partition.ngram_context.ngram_attn.qkv.weight
 | -0.003 | -0.306 |  0.230 |  0.087 | torch.Size([384]) || m_body.0.nstb_block.ngram_window_partition.ngram_context.ngram_attn.qkv.bias
 | -0.001 | -0.235 |  0.230 |  0.070 | torch.Size([128, 128]) || m_body.0.nstb_block.ngram_window_partition.ngram_context.ngram_attn.proj.weight
 | -0.003 | -0.080 |  0.072 |  0.037 | torch.Size([128]) || m_body.0.nstb_block.ngram_window_partition.ngram_context.ngram_attn.proj.bias
 | -0.000 | -0.229 |  0.231 |  0.058 | torch.Size([256, 256, 1, 1]) || m_body.0.nstb_block.ngram_window_partition.ngram_context.merge.weight
 |  0.003 | -0.131 |  0.118 |  0.047 | torch.Size([256]) || m_body.0.nstb_block.ngram_window_partition.ngram_context.merge.bias
 |  2.588 |  2.467 |  2.791 |  0.109 | torch.Size([8, 1, 1]) || m_body.0.nstb_block.attn.logit_scale
 | -0.164 | -1.361 |  1.011 |  0.435 | torch.Size([225, 8]) || m_body.0.nstb_block.attn.relative_position_bias_table
 | 112.000 |  0.000 | 224.000 | 48.719 | torch.Size([64, 64]) || m_body.0.nstb_block.attn.relative_position_index
 | -0.000 | -0.277 |  0.258 |  0.058 | torch.Size([768, 256]) || m_body.0.nstb_block.attn.qkv.weight
 | -0.001 | -0.289 |  0.273 |  0.080 | torch.Size([768]) || m_body.0.nstb_block.attn.qkv.bias
 | -0.000 | -0.290 |  0.268 |  0.056 | torch.Size([256, 256]) || m_body.0.nstb_block.attn.proj.weight
 | -0.001 | -0.325 |  0.284 |  0.071 | torch.Size([256]) || m_body.0.nstb_block.attn.proj.bias
 |  0.910 |  0.822 |  0.986 |  0.028 | torch.Size([256]) || m_body.0.nstb_block.norm1.weight
 | -0.003 | -0.094 |  0.081 |  0.024 | torch.Size([256]) || m_body.0.nstb_block.norm1.bias
 |  0.000 | -0.321 |  0.294 |  0.065 | torch.Size([512, 256]) || m_body.0.nstb_block.ffn.fc1.weight
 | -0.021 | -0.114 |  0.112 |  0.040 | torch.Size([512]) || m_body.0.nstb_block.ffn.fc1.bias
 |  0.000 | -0.350 |  0.321 |  0.052 | torch.Size([256, 512]) || m_body.0.nstb_block.ffn.fc2.weight
 |  0.000 | -0.207 |  0.240 |  0.046 | torch.Size([256]) || m_body.0.nstb_block.ffn.fc2.bias
 |  0.953 |  0.813 |  1.049 |  0.034 | torch.Size([256]) || m_body.0.nstb_block.norm2.weight
 | -0.002 | -0.090 |  0.084 |  0.031 | torch.Size([256]) || m_body.0.nstb_block.norm2.bias
 | -0.000 | -0.171 |  0.180 |  0.040 | torch.Size([512, 512, 1, 1]) || m_body.0.conv1_2.weight
 | -0.002 | -0.155 |  0.113 |  0.049 | torch.Size([512]) || m_body.0.conv1_2.bias
 |  0.000 | -0.152 |  0.150 |  0.033 | torch.Size([512, 256, 2, 2]) || m_up3.0.weight
 |  0.001 | -0.206 |  0.197 |  0.052 | torch.Size([256, 256, 1, 1]) || m_up3.1.conv1_1.weight
 | -0.002 | -0.111 |  0.125 |  0.053 | torch.Size([256]) || m_up3.1.conv1_1.bias
 | -0.001 | -0.309 |  0.239 |  0.044 | torch.Size([128, 128, 3, 3]) || m_up3.1.conv_block.0.weight
 | -0.000 | -0.264 |  0.283 |  0.043 | torch.Size([128, 128, 3, 3]) || m_up3.1.conv_block.2.weight
 | -43.750 | -100.000 |  0.000 | 49.609 | torch.Size([4, 64, 64]) || m_up3.1.nstb_block.attn_mask
 |  0.002 | -0.291 |  0.220 |  0.064 | torch.Size([64, 2, 8, 8]) || m_up3.1.nstb_block.ngram_window_partition.ngram_context.unigram_embed.weight
 | -0.006 | -0.102 |  0.095 |  0.056 | torch.Size([64]) || m_up3.1.nstb_block.ngram_window_partition.ngram_context.unigram_embed.bias
 |  1.994 |  1.935 |  2.035 |  0.045 | torch.Size([4, 1, 1]) || m_up3.1.nstb_block.ngram_window_partition.ngram_context.ngram_attn.logit_scale
 | -0.020 | -0.866 |  1.563 |  0.546 | torch.Size([9, 4]) || m_up3.1.nstb_block.ngram_window_partition.ngram_context.ngram_attn.relative_position_bias_table
 |  4.000 |  0.000 |  8.000 |  2.309 | torch.Size([4, 4]) || m_up3.1.nstb_block.ngram_window_partition.ngram_context.ngram_attn.relative_position_index
 | -0.002 | -0.285 |  0.297 |  0.084 | torch.Size([192, 64]) || m_up3.1.nstb_block.ngram_window_partition.ngram_context.ngram_attn.qkv.weight
 | -0.006 | -0.392 |  0.346 |  0.136 | torch.Size([192]) || m_up3.1.nstb_block.ngram_window_partition.ngram_context.ngram_attn.qkv.bias
 |  0.001 | -0.216 |  0.218 |  0.082 | torch.Size([64, 64]) || m_up3.1.nstb_block.ngram_window_partition.ngram_context.ngram_attn.proj.weight
 |  0.005 | -0.116 |  0.103 |  0.067 | torch.Size([64]) || m_up3.1.nstb_block.ngram_window_partition.ngram_context.ngram_attn.proj.bias
 |  0.001 | -0.210 |  0.221 |  0.063 | torch.Size([128, 128, 1, 1]) || m_up3.1.nstb_block.ngram_window_partition.ngram_context.merge.weight
 |  0.002 | -0.128 |  0.130 |  0.055 | torch.Size([128]) || m_up3.1.nstb_block.ngram_window_partition.ngram_context.merge.bias
 |  2.500 |  2.375 |  2.652 |  0.115 | torch.Size([4, 1, 1]) || m_up3.1.nstb_block.attn.logit_scale
 | -0.372 | -1.452 |  1.124 |  0.486 | torch.Size([225, 4]) || m_up3.1.nstb_block.attn.relative_position_bias_table
 | 112.000 |  0.000 | 224.000 | 48.719 | torch.Size([64, 64]) || m_up3.1.nstb_block.attn.relative_position_index
 |  0.000 | -0.280 |  0.249 |  0.066 | torch.Size([384, 128]) || m_up3.1.nstb_block.attn.qkv.weight
 |  0.001 | -0.253 |  0.251 |  0.080 | torch.Size([384]) || m_up3.1.nstb_block.attn.qkv.bias
 | -0.000 | -0.211 |  0.238 |  0.062 | torch.Size([128, 128]) || m_up3.1.nstb_block.attn.proj.weight
 |  0.000 | -0.183 |  0.164 |  0.074 | torch.Size([128]) || m_up3.1.nstb_block.attn.proj.bias
 |  0.977 |  0.873 |  1.036 |  0.023 | torch.Size([128]) || m_up3.1.nstb_block.norm1.weight
 |  0.001 | -0.054 |  0.055 |  0.019 | torch.Size([128]) || m_up3.1.nstb_block.norm1.bias
 | -0.000 | -0.297 |  0.303 |  0.070 | torch.Size([256, 128]) || m_up3.1.nstb_block.ffn.fc1.weight
 | -0.030 | -0.178 |  0.107 |  0.061 | torch.Size([256]) || m_up3.1.nstb_block.ffn.fc1.bias
 | -0.000 | -0.226 |  0.240 |  0.053 | torch.Size([128, 256]) || m_up3.1.nstb_block.ffn.fc2.weight
 |  0.004 | -0.100 |  0.159 |  0.047 | torch.Size([128]) || m_up3.1.nstb_block.ffn.fc2.bias
 |  1.007 |  0.897 |  1.105 |  0.034 | torch.Size([128]) || m_up3.1.nstb_block.norm2.weight
 |  0.003 | -0.034 |  0.033 |  0.014 | torch.Size([128]) || m_up3.1.nstb_block.norm2.bias
 | -0.000 | -0.199 |  0.188 |  0.048 | torch.Size([256, 256, 1, 1]) || m_up3.1.conv1_2.weight
 | -0.002 | -0.134 |  0.112 |  0.051 | torch.Size([256]) || m_up3.1.conv1_2.bias
 |  0.000 | -0.114 |  0.107 |  0.024 | torch.Size([256, 128, 2, 2]) || m_up2.0.weight
 | -0.000 | -0.267 |  0.264 |  0.071 | torch.Size([128, 128, 1, 1]) || m_up2.1.conv1_1.weight
 | -0.009 | -0.101 |  0.081 |  0.047 | torch.Size([128]) || m_up2.1.conv1_1.bias
 |  0.000 | -0.290 |  0.306 |  0.048 | torch.Size([64, 64, 3, 3]) || m_up2.1.conv_block.0.weight
 |  0.001 | -0.406 |  0.446 |  0.052 | torch.Size([64, 64, 3, 3]) || m_up2.1.conv_block.2.weight
 | -23.438 | -100.000 |  0.000 | 42.361 | torch.Size([16, 64, 64]) || m_up2.1.nstb_block.attn_mask
 |  0.001 | -0.273 |  0.284 |  0.067 | torch.Size([32, 2, 8, 8]) || m_up2.1.nstb_block.ngram_window_partition.ngram_context.unigram_embed.weight
 | -0.007 | -0.094 |  0.088 |  0.046 | torch.Size([32]) || m_up2.1.nstb_block.ngram_window_partition.ngram_context.unigram_embed.bias
 |  1.705 |  1.548 |  1.861 |  0.221 | torch.Size([2, 1, 1]) || m_up2.1.nstb_block.ngram_window_partition.ngram_context.ngram_attn.logit_scale
 | -0.157 | -1.731 |  1.752 |  1.100 | torch.Size([9, 2]) || m_up2.1.nstb_block.ngram_window_partition.ngram_context.ngram_attn.relative_position_bias_table
 |  4.000 |  0.000 |  8.000 |  2.309 | torch.Size([4, 4]) || m_up2.1.nstb_block.ngram_window_partition.ngram_context.ngram_attn.relative_position_index
 |  0.001 | -0.315 |  0.330 |  0.111 | torch.Size([96, 32]) || m_up2.1.nstb_block.ngram_window_partition.ngram_context.ngram_attn.qkv.weight
 | -0.012 | -0.317 |  0.410 |  0.139 | torch.Size([96]) || m_up2.1.nstb_block.ngram_window_partition.ngram_context.ngram_attn.qkv.bias
 |  0.000 | -0.270 |  0.251 |  0.111 | torch.Size([32, 32]) || m_up2.1.nstb_block.ngram_window_partition.ngram_context.ngram_attn.proj.weight
 |  0.001 | -0.168 |  0.132 |  0.091 | torch.Size([32]) || m_up2.1.nstb_block.ngram_window_partition.ngram_context.ngram_attn.proj.bias
 | -0.000 | -0.303 |  0.284 |  0.079 | torch.Size([64, 64, 1, 1]) || m_up2.1.nstb_block.ngram_window_partition.ngram_context.merge.weight
 | -0.012 | -0.136 |  0.143 |  0.069 | torch.Size([64]) || m_up2.1.nstb_block.ngram_window_partition.ngram_context.merge.bias
 |  2.433 |  2.336 |  2.529 |  0.136 | torch.Size([2, 1, 1]) || m_up2.1.nstb_block.attn.logit_scale
 | -0.237 | -1.133 |  0.996 |  0.473 | torch.Size([225, 2]) || m_up2.1.nstb_block.attn.relative_position_bias_table
 | 112.000 |  0.000 | 224.000 | 48.719 | torch.Size([64, 64]) || m_up2.1.nstb_block.attn.relative_position_index
 | -0.000 | -0.398 |  0.321 |  0.081 | torch.Size([192, 64]) || m_up2.1.nstb_block.attn.qkv.weight
 |  0.007 | -0.150 |  0.186 |  0.085 | torch.Size([192]) || m_up2.1.nstb_block.attn.qkv.bias
 |  0.000 | -0.266 |  0.251 |  0.075 | torch.Size([64, 64]) || m_up2.1.nstb_block.attn.proj.weight
 | -0.010 | -0.226 |  0.175 |  0.086 | torch.Size([64]) || m_up2.1.nstb_block.attn.proj.bias
 |  0.958 |  0.718 |  0.998 |  0.055 | torch.Size([64]) || m_up2.1.nstb_block.norm1.weight
 | -0.002 | -0.020 |  0.011 |  0.007 | torch.Size([64]) || m_up2.1.nstb_block.norm1.bias
 |  0.000 | -0.418 |  0.381 |  0.089 | torch.Size([128, 64]) || m_up2.1.nstb_block.ffn.fc1.weight
 | -0.011 | -0.167 |  0.161 |  0.076 | torch.Size([128]) || m_up2.1.nstb_block.ffn.fc1.bias
 |  0.000 | -0.188 |  0.206 |  0.057 | torch.Size([64, 128]) || m_up2.1.nstb_block.ffn.fc2.weight
 | -0.006 | -0.129 |  0.108 |  0.058 | torch.Size([64]) || m_up2.1.nstb_block.ffn.fc2.bias
 |  0.945 |  0.541 |  1.004 |  0.084 | torch.Size([64]) || m_up2.1.nstb_block.norm2.weight
 | -0.002 | -0.014 |  0.013 |  0.007 | torch.Size([64]) || m_up2.1.nstb_block.norm2.bias
 |  0.000 | -0.271 |  0.245 |  0.063 | torch.Size([128, 128, 1, 1]) || m_up2.1.conv1_2.weight
 |  0.006 | -0.099 |  0.116 |  0.051 | torch.Size([128]) || m_up2.1.conv1_2.bias
 |  0.000 | -0.153 |  0.141 |  0.036 | torch.Size([128, 64, 2, 2]) || m_up1.0.weight
 | -0.002 | -0.266 |  0.288 |  0.085 | torch.Size([64, 64, 1, 1]) || m_up1.1.conv1_1.weight
 |  0.008 | -0.129 |  0.121 |  0.066 | torch.Size([64]) || m_up1.1.conv1_1.bias
 |  0.001 | -0.221 |  0.288 |  0.049 | torch.Size([32, 32, 3, 3]) || m_up1.1.conv_block.0.weight
 | -0.002 | -0.260 |  0.337 |  0.050 | torch.Size([32, 32, 3, 3]) || m_up1.1.conv_block.2.weight
 | -12.109 | -100.000 |  0.000 | 32.624 | torch.Size([64, 64, 64]) || m_up1.1.nstb_block.attn_mask
 |  0.002 | -0.358 |  0.403 |  0.078 | torch.Size([16, 2, 8, 8]) || m_up1.1.nstb_block.ngram_window_partition.ngram_context.unigram_embed.weight
 | -0.012 | -0.083 |  0.075 |  0.045 | torch.Size([16]) || m_up1.1.nstb_block.ngram_window_partition.ngram_context.unigram_embed.bias
 |  2.011 |  2.011 |  2.011 |    nan | torch.Size([1, 1, 1]) || m_up1.1.nstb_block.ngram_window_partition.ngram_context.ngram_attn.logit_scale
 |  0.002 | -0.269 |  0.461 |  0.228 | torch.Size([9, 1]) || m_up1.1.nstb_block.ngram_window_partition.ngram_context.ngram_attn.relative_position_bias_table
 |  4.000 |  0.000 |  8.000 |  2.309 | torch.Size([4, 4]) || m_up1.1.nstb_block.ngram_window_partition.ngram_context.ngram_attn.relative_position_index
 | -0.002 | -0.472 |  0.557 |  0.174 | torch.Size([48, 16]) || m_up1.1.nstb_block.ngram_window_partition.ngram_context.ngram_attn.qkv.weight
 | -0.005 | -0.199 |  0.231 |  0.111 | torch.Size([48]) || m_up1.1.nstb_block.ngram_window_partition.ngram_context.ngram_attn.qkv.bias
 | -0.003 | -0.555 |  0.400 |  0.159 | torch.Size([16, 16]) || m_up1.1.nstb_block.ngram_window_partition.ngram_context.ngram_attn.proj.weight
 | -0.012 | -0.204 |  0.161 |  0.110 | torch.Size([16]) || m_up1.1.nstb_block.ngram_window_partition.ngram_context.ngram_attn.proj.bias
 |  0.003 | -0.340 |  0.276 |  0.105 | torch.Size([32, 32, 1, 1]) || m_up1.1.nstb_block.ngram_window_partition.ngram_context.merge.weight
 |  0.023 | -0.154 |  0.172 |  0.102 | torch.Size([32]) || m_up1.1.nstb_block.ngram_window_partition.ngram_context.merge.bias
 |  2.640 |  2.640 |  2.640 |    nan | torch.Size([1, 1, 1]) || m_up1.1.nstb_block.attn.logit_scale
 | -0.478 | -1.606 |  1.187 |  0.770 | torch.Size([225, 1]) || m_up1.1.nstb_block.attn.relative_position_bias_table
 | 112.000 |  0.000 | 224.000 | 48.719 | torch.Size([64, 64]) || m_up1.1.nstb_block.attn.relative_position_index
 |  0.004 | -0.395 |  0.424 |  0.117 | torch.Size([96, 32]) || m_up1.1.nstb_block.attn.qkv.weight
 | -0.002 | -0.176 |  0.187 |  0.087 | torch.Size([96]) || m_up1.1.nstb_block.attn.qkv.bias
 | -0.001 | -0.279 |  0.266 |  0.104 | torch.Size([32, 32]) || m_up1.1.nstb_block.attn.proj.weight
 |  0.011 | -0.177 |  0.179 |  0.096 | torch.Size([32]) || m_up1.1.nstb_block.attn.proj.bias
 |  0.965 |  0.656 |  1.026 |  0.075 | torch.Size([32]) || m_up1.1.nstb_block.norm1.weight
 |  0.001 | -0.053 |  0.035 |  0.016 | torch.Size([32]) || m_up1.1.nstb_block.norm1.bias
 | -0.001 | -0.536 |  0.351 |  0.111 | torch.Size([64, 32]) || m_up1.1.nstb_block.ffn.fc1.weight
 | -0.004 | -0.195 |  0.187 |  0.104 | torch.Size([64]) || m_up1.1.nstb_block.ffn.fc1.bias
 | -0.002 | -0.178 |  0.234 |  0.076 | torch.Size([32, 64]) || m_up1.1.nstb_block.ffn.fc2.weight
 |  0.007 | -0.130 |  0.119 |  0.077 | torch.Size([32]) || m_up1.1.nstb_block.ffn.fc2.bias
 |  0.967 |  0.820 |  1.018 |  0.057 | torch.Size([32]) || m_up1.1.nstb_block.norm2.weight
 | -0.000 | -0.032 |  0.036 |  0.014 | torch.Size([32]) || m_up1.1.nstb_block.norm2.bias
 | -0.001 | -0.228 |  0.211 |  0.074 | torch.Size([64, 64, 1, 1]) || m_up1.1.conv1_2.weight
 |  0.008 | -0.100 |  0.113 |  0.056 | torch.Size([64]) || m_up1.1.conv1_2.bias
 | -0.000 | -0.036 |  0.040 |  0.013 | torch.Size([1, 64, 3, 3]) || m_tail.0.weight

25-07-08 16:13:17.935 : TensorBoard logging to: training_results/conv_nstb/scunet_ngswin_conv_nstb/tensorboard/SCUNet_conv_nstb_li_ct_val0.1
25-07-08 16:13:17.935 : Experiment name: SCUNet_conv_nstb_li_ct_val0.1
25-07-08 16:13:17.935 : Validation split: 10.0% of training data
25-07-08 16:13:17.935 : Early stopping is disabled. Training will run for full 100 epochs.
25-07-08 16:13:17.935 : Starting training...
25-07-08 16:14:03.523 :   task: scunet_ngswin_conv_nstb
  model: scunet_ngswin
  gpu_ids: [0]
  dist: False
  scale: 1
  n_channels: 1
  path:[
    root: training_results/conv_nstb
    pretrained_netG: training_results/conv_nstb/scunet_ngswin_conv_nstb/models/540000_G.pth
    pretrained_netE: training_results/conv_nstb/scunet_ngswin_conv_nstb/models/540000_E.pth
    task: training_results/conv_nstb/scunet_ngswin_conv_nstb
    log: training_results/conv_nstb/scunet_ngswin_conv_nstb
    options: training_results/conv_nstb/scunet_ngswin_conv_nstb/options
    models: training_results/conv_nstb/scunet_ngswin_conv_nstb/models
    images: training_results/conv_nstb/scunet_ngswin_conv_nstb/images
    pretrained_optimizerG: None
  ]
  datasets:[
    train:[
      name: syn_deeplesion_train_li_ct
      dataset_type: li_ct
      dataroot_H: /home/Drive-D/SynDeepLesion/train_640geo
      dataloader_shuffle: True
      dataloader_num_workers: 16
      dataloader_batch_size: 6
      phase: train
      scale: 1
      n_channels: 1
    ]
    test:[
      name: syn_deeplesion_test_li_ct
      dataset_type: li_ct
      dataroot_H: /home/Drive-D/SynDeepLesion/test_640geo
      phase: test
      scale: 1
      n_channels: 1
    ]
    test_2:[
      name: clinical_metal_test_nii_ct
      dataset_type: nii_ct
      dataroot_H: /home/Drive-D/clinical_metal
      phase: test
      scale: 1
      n_channels: 1
    ]
  ]
  netG:[
    net_type: scunet_ngswin
    in_nc: 1
    out_nc: 1
    config: [1, 1, 1, 1, 1, 1, 1]
    dim: 32
    drop_path_rate: 0.0
    input_resolution: 512
    block_variant: conv_nstb
    init_type: kaiming_normal
    init_bn_type: constant
    init_gain: 1.0
    scale: 1
  ]
  train:[
    G_lossfn_type: l1
    G_lossfn_weight: 1.0
    E_decay: 0.999
    G_optimizer_type: adam
    G_optimizer_lr: 0.0001
    G_optimizer_wd: 0
    G_scheduler_type: MultiStepLR
    G_scheduler_milestones: [200000, 400000, 600000, 800000]
    G_scheduler_gamma: 0.5
    G_param_strict: True
    E_param_strict: True
    checkpoint_test: 20000
    checkpoint_save: 10000
    checkpoint_print: 1000
    use_fp16: True
    test_both_checkpoints: True
    test_save_every_nth: 10
    F_feature_layer: 34
    F_weights: 1.0
    F_lossfn_type: l1
    F_use_input_norm: True
    F_use_range_norm: False
    G_optimizer_betas: [0.9, 0.999]
    G_scheduler_restart_weights: 1
    G_optimizer_reuse: False
  ]
  opt_path: options/train_scunet_ngswin_1.json
  is_train: True
  merge_bn: False
  merge_bn_startpoint: -1
  find_unused_parameters: False
  use_static_graph: False
  num_gpu: 1
  device: cuda

25-07-08 16:14:03.523 : Using device: cuda
25-07-08 16:14:03.799 : Total samples: 36,116 | Train: 32,505 (90.0%) | Validation: 3,611 (10.0%)
25-07-08 16:14:03.799 : Training iters per epoch: 5,418
25-07-08 16:14:03.799 : Test set samples: 75
25-07-08 16:14:04.846 : 
Networks name: SCUNet_NGSwin
Params number: 5348264
Net structure:
SCUNet_NGSwin(
  (m_head): Sequential(
    (0): Conv2d(1, 64, kernel_size=(3, 3), stride=(1, 1), padding=(1, 1), bias=False)
  )
  (m_down1): Sequential(
    (0): ConvNSTBBlock(
      (conv1_1): Conv2d(64, 64, kernel_size=(1, 1), stride=(1, 1))
      (conv_block): Sequential(
        (0): Conv2d(32, 32, kernel_size=(3, 3), stride=(1, 1), padding=(1, 1), bias=False)
        (1): ReLU(inplace=True)
        (2): Conv2d(32, 32, kernel_size=(3, 3), stride=(1, 1), padding=(1, 1), bias=False)
      )
      (nstb_block): NSTB(
        (ngram_window_partition): NGramWindowPartition(
          (ngram_context): NGramContext(
            (unigram_embed): Conv2d(32, 16, kernel_size=(8, 8), stride=(8, 8), groups=16)
            (ngram_attn): WindowAttention(
              (qkv): Linear(in_features=16, out_features=48, bias=True)
              (attn_drop): Dropout(p=0.0, inplace=False)
              (proj): Linear(in_features=16, out_features=16, bias=True)
              (proj_drop): Dropout(p=0.0, inplace=False)
              (softmax): Softmax(dim=-1)
            )
            (avg_pool): AvgPool2d(kernel_size=2, stride=2, padding=0)
            (merge): Conv2d(32, 32, kernel_size=(1, 1), stride=(1, 1))
          )
        )
        (attn): WindowAttention(
          (qkv): Linear(in_features=32, out_features=96, bias=True)
          (attn_drop): Dropout(p=0.0, inplace=False)
          (proj): Linear(in_features=32, out_features=32, bias=True)
          (proj_drop): Dropout(p=0.0, inplace=False)
          (softmax): Softmax(dim=-1)
        )
        (norm1): LayerNorm((32,), eps=1e-05, elementwise_affine=True)
        (drop_path): Identity()
        (ffn): Mlp(
          (fc1): Linear(in_features=32, out_features=64, bias=True)
          (act): GELU(approximate='none')
          (drop1): Dropout(p=0.0, inplace=False)
          (norm): Identity()
          (fc2): Linear(in_features=64, out_features=32, bias=True)
          (drop2): Dropout(p=0.0, inplace=False)
        )
        (norm2): LayerNorm((32,), eps=1e-05, elementwise_affine=True)
      )
      (conv1_2): Conv2d(64, 64, kernel_size=(1, 1), stride=(1, 1))
    )
    (1): Conv2d(64, 128, kernel_size=(2, 2), stride=(2, 2), bias=False)
  )
  (m_down2): Sequential(
    (0): ConvNSTBBlock(
      (conv1_1): Conv2d(128, 128, kernel_size=(1, 1), stride=(1, 1))
      (conv_block): Sequential(
        (0): Conv2d(64, 64, kernel_size=(3, 3), stride=(1, 1), padding=(1, 1), bias=False)
        (1): ReLU(inplace=True)
        (2): Conv2d(64, 64, kernel_size=(3, 3), stride=(1, 1), padding=(1, 1), bias=False)
      )
      (nstb_block): NSTB(
        (ngram_window_partition): NGramWindowPartition(
          (ngram_context): NGramContext(
            (unigram_embed): Conv2d(64, 32, kernel_size=(8, 8), stride=(8, 8), groups=32)
            (ngram_attn): WindowAttention(
              (qkv): Linear(in_features=32, out_features=96, bias=True)
              (attn_drop): Dropout(p=0.0, inplace=False)
              (proj): Linear(in_features=32, out_features=32, bias=True)
              (proj_drop): Dropout(p=0.0, inplace=False)
              (softmax): Softmax(dim=-1)
            )
            (avg_pool): AvgPool2d(kernel_size=2, stride=2, padding=0)
            (merge): Conv2d(64, 64, kernel_size=(1, 1), stride=(1, 1))
          )
        )
        (attn): WindowAttention(
          (qkv): Linear(in_features=64, out_features=192, bias=True)
          (attn_drop): Dropout(p=0.0, inplace=False)
          (proj): Linear(in_features=64, out_features=64, bias=True)
          (proj_drop): Dropout(p=0.0, inplace=False)
          (softmax): Softmax(dim=-1)
        )
        (norm1): LayerNorm((64,), eps=1e-05, elementwise_affine=True)
        (drop_path): Identity()
        (ffn): Mlp(
          (fc1): Linear(in_features=64, out_features=128, bias=True)
          (act): GELU(approximate='none')
          (drop1): Dropout(p=0.0, inplace=False)
          (norm): Identity()
          (fc2): Linear(in_features=128, out_features=64, bias=True)
          (drop2): Dropout(p=0.0, inplace=False)
        )
        (norm2): LayerNorm((64,), eps=1e-05, elementwise_affine=True)
      )
      (conv1_2): Conv2d(128, 128, kernel_size=(1, 1), stride=(1, 1))
    )
    (1): Conv2d(128, 256, kernel_size=(2, 2), stride=(2, 2), bias=False)
  )
  (m_down3): Sequential(
    (0): ConvNSTBBlock(
      (conv1_1): Conv2d(256, 256, kernel_size=(1, 1), stride=(1, 1))
      (conv_block): Sequential(
        (0): Conv2d(128, 128, kernel_size=(3, 3), stride=(1, 1), padding=(1, 1), bias=False)
        (1): ReLU(inplace=True)
        (2): Conv2d(128, 128, kernel_size=(3, 3), stride=(1, 1), padding=(1, 1), bias=False)
      )
      (nstb_block): NSTB(
        (ngram_window_partition): NGramWindowPartition(
          (ngram_context): NGramContext(
            (unigram_embed): Conv2d(128, 64, kernel_size=(8, 8), stride=(8, 8), groups=64)
            (ngram_attn): WindowAttention(
              (qkv): Linear(in_features=64, out_features=192, bias=True)
              (attn_drop): Dropout(p=0.0, inplace=False)
              (proj): Linear(in_features=64, out_features=64, bias=True)
              (proj_drop): Dropout(p=0.0, inplace=False)
              (softmax): Softmax(dim=-1)
            )
            (avg_pool): AvgPool2d(kernel_size=2, stride=2, padding=0)
            (merge): Conv2d(128, 128, kernel_size=(1, 1), stride=(1, 1))
          )
        )
        (attn): WindowAttention(
          (qkv): Linear(in_features=128, out_features=384, bias=True)
          (attn_drop): Dropout(p=0.0, inplace=False)
          (proj): Linear(in_features=128, out_features=128, bias=True)
          (proj_drop): Dropout(p=0.0, inplace=False)
          (softmax): Softmax(dim=-1)
        )
        (norm1): LayerNorm((128,), eps=1e-05, elementwise_affine=True)
        (drop_path): Identity()
        (ffn): Mlp(
          (fc1): Linear(in_features=128, out_features=256, bias=True)
          (act): GELU(approximate='none')
          (drop1): Dropout(p=0.0, inplace=False)
          (norm): Identity()
          (fc2): Linear(in_features=256, out_features=128, bias=True)
          (drop2): Dropout(p=0.0, inplace=False)
        )
        (norm2): LayerNorm((128,), eps=1e-05, elementwise_affine=True)
      )
      (conv1_2): Conv2d(256, 256, kernel_size=(1, 1), stride=(1, 1))
    )
    (1): Conv2d(256, 512, kernel_size=(2, 2), stride=(2, 2), bias=False)
  )
  (m_body): Sequential(
    (0): ConvNSTBBlock(
      (conv1_1): Conv2d(512, 512, kernel_size=(1, 1), stride=(1, 1))
      (conv_block): Sequential(
        (0): Conv2d(256, 256, kernel_size=(3, 3), stride=(1, 1), padding=(1, 1), bias=False)
        (1): ReLU(inplace=True)
        (2): Conv2d(256, 256, kernel_size=(3, 3), stride=(1, 1), padding=(1, 1), bias=False)
      )
      (nstb_block): NSTB(
        (ngram_window_partition): NGramWindowPartition(
          (ngram_context): NGramContext(
            (unigram_embed): Conv2d(256, 128, kernel_size=(8, 8), stride=(8, 8), groups=128)
            (ngram_attn): WindowAttention(
              (qkv): Linear(in_features=128, out_features=384, bias=True)
              (attn_drop): Dropout(p=0.0, inplace=False)
              (proj): Linear(in_features=128, out_features=128, bias=True)
              (proj_drop): Dropout(p=0.0, inplace=False)
              (softmax): Softmax(dim=-1)
            )
            (avg_pool): AvgPool2d(kernel_size=2, stride=2, padding=0)
            (merge): Conv2d(256, 256, kernel_size=(1, 1), stride=(1, 1))
          )
        )
        (attn): WindowAttention(
          (qkv): Linear(in_features=256, out_features=768, bias=True)
          (attn_drop): Dropout(p=0.0, inplace=False)
          (proj): Linear(in_features=256, out_features=256, bias=True)
          (proj_drop): Dropout(p=0.0, inplace=False)
          (softmax): Softmax(dim=-1)
        )
        (norm1): LayerNorm((256,), eps=1e-05, elementwise_affine=True)
        (drop_path): Identity()
        (ffn): Mlp(
          (fc1): Linear(in_features=256, out_features=512, bias=True)
          (act): GELU(approximate='none')
          (drop1): Dropout(p=0.0, inplace=False)
          (norm): Identity()
          (fc2): Linear(in_features=512, out_features=256, bias=True)
          (drop2): Dropout(p=0.0, inplace=False)
        )
        (norm2): LayerNorm((256,), eps=1e-05, elementwise_affine=True)
      )
      (conv1_2): Conv2d(512, 512, kernel_size=(1, 1), stride=(1, 1))
    )
  )
  (m_up3): Sequential(
    (0): ConvTranspose2d(512, 256, kernel_size=(2, 2), stride=(2, 2), bias=False)
    (1): ConvNSTBBlock(
      (conv1_1): Conv2d(256, 256, kernel_size=(1, 1), stride=(1, 1))
      (conv_block): Sequential(
        (0): Conv2d(128, 128, kernel_size=(3, 3), stride=(1, 1), padding=(1, 1), bias=False)
        (1): ReLU(inplace=True)
        (2): Conv2d(128, 128, kernel_size=(3, 3), stride=(1, 1), padding=(1, 1), bias=False)
      )
      (nstb_block): NSTB(
        (ngram_window_partition): NGramWindowPartition(
          (ngram_context): NGramContext(
            (unigram_embed): Conv2d(128, 64, kernel_size=(8, 8), stride=(8, 8), groups=64)
            (ngram_attn): WindowAttention(
              (qkv): Linear(in_features=64, out_features=192, bias=True)
              (attn_drop): Dropout(p=0.0, inplace=False)
              (proj): Linear(in_features=64, out_features=64, bias=True)
              (proj_drop): Dropout(p=0.0, inplace=False)
              (softmax): Softmax(dim=-1)
            )
            (avg_pool): AvgPool2d(kernel_size=2, stride=2, padding=0)
            (merge): Conv2d(128, 128, kernel_size=(1, 1), stride=(1, 1))
          )
        )
        (attn): WindowAttention(
          (qkv): Linear(in_features=128, out_features=384, bias=True)
          (attn_drop): Dropout(p=0.0, inplace=False)
          (proj): Linear(in_features=128, out_features=128, bias=True)
          (proj_drop): Dropout(p=0.0, inplace=False)
          (softmax): Softmax(dim=-1)
        )
        (norm1): LayerNorm((128,), eps=1e-05, elementwise_affine=True)
        (drop_path): Identity()
        (ffn): Mlp(
          (fc1): Linear(in_features=128, out_features=256, bias=True)
          (act): GELU(approximate='none')
          (drop1): Dropout(p=0.0, inplace=False)
          (norm): Identity()
          (fc2): Linear(in_features=256, out_features=128, bias=True)
          (drop2): Dropout(p=0.0, inplace=False)
        )
        (norm2): LayerNorm((128,), eps=1e-05, elementwise_affine=True)
      )
      (conv1_2): Conv2d(256, 256, kernel_size=(1, 1), stride=(1, 1))
    )
  )
  (m_up2): Sequential(
    (0): ConvTranspose2d(256, 128, kernel_size=(2, 2), stride=(2, 2), bias=False)
    (1): ConvNSTBBlock(
      (conv1_1): Conv2d(128, 128, kernel_size=(1, 1), stride=(1, 1))
      (conv_block): Sequential(
        (0): Conv2d(64, 64, kernel_size=(3, 3), stride=(1, 1), padding=(1, 1), bias=False)
        (1): ReLU(inplace=True)
        (2): Conv2d(64, 64, kernel_size=(3, 3), stride=(1, 1), padding=(1, 1), bias=False)
      )
      (nstb_block): NSTB(
        (ngram_window_partition): NGramWindowPartition(
          (ngram_context): NGramContext(
            (unigram_embed): Conv2d(64, 32, kernel_size=(8, 8), stride=(8, 8), groups=32)
            (ngram_attn): WindowAttention(
              (qkv): Linear(in_features=32, out_features=96, bias=True)
              (attn_drop): Dropout(p=0.0, inplace=False)
              (proj): Linear(in_features=32, out_features=32, bias=True)
              (proj_drop): Dropout(p=0.0, inplace=False)
              (softmax): Softmax(dim=-1)
            )
            (avg_pool): AvgPool2d(kernel_size=2, stride=2, padding=0)
            (merge): Conv2d(64, 64, kernel_size=(1, 1), stride=(1, 1))
          )
        )
        (attn): WindowAttention(
          (qkv): Linear(in_features=64, out_features=192, bias=True)
          (attn_drop): Dropout(p=0.0, inplace=False)
          (proj): Linear(in_features=64, out_features=64, bias=True)
          (proj_drop): Dropout(p=0.0, inplace=False)
          (softmax): Softmax(dim=-1)
        )
        (norm1): LayerNorm((64,), eps=1e-05, elementwise_affine=True)
        (drop_path): Identity()
        (ffn): Mlp(
          (fc1): Linear(in_features=64, out_features=128, bias=True)
          (act): GELU(approximate='none')
          (drop1): Dropout(p=0.0, inplace=False)
          (norm): Identity()
          (fc2): Linear(in_features=128, out_features=64, bias=True)
          (drop2): Dropout(p=0.0, inplace=False)
        )
        (norm2): LayerNorm((64,), eps=1e-05, elementwise_affine=True)
      )
      (conv1_2): Conv2d(128, 128, kernel_size=(1, 1), stride=(1, 1))
    )
  )
  (m_up1): Sequential(
    (0): ConvTranspose2d(128, 64, kernel_size=(2, 2), stride=(2, 2), bias=False)
    (1): ConvNSTBBlock(
      (conv1_1): Conv2d(64, 64, kernel_size=(1, 1), stride=(1, 1))
      (conv_block): Sequential(
        (0): Conv2d(32, 32, kernel_size=(3, 3), stride=(1, 1), padding=(1, 1), bias=False)
        (1): ReLU(inplace=True)
        (2): Conv2d(32, 32, kernel_size=(3, 3), stride=(1, 1), padding=(1, 1), bias=False)
      )
      (nstb_block): NSTB(
        (ngram_window_partition): NGramWindowPartition(
          (ngram_context): NGramContext(
            (unigram_embed): Conv2d(32, 16, kernel_size=(8, 8), stride=(8, 8), groups=16)
            (ngram_attn): WindowAttention(
              (qkv): Linear(in_features=16, out_features=48, bias=True)
              (attn_drop): Dropout(p=0.0, inplace=False)
              (proj): Linear(in_features=16, out_features=16, bias=True)
              (proj_drop): Dropout(p=0.0, inplace=False)
              (softmax): Softmax(dim=-1)
            )
            (avg_pool): AvgPool2d(kernel_size=2, stride=2, padding=0)
            (merge): Conv2d(32, 32, kernel_size=(1, 1), stride=(1, 1))
          )
        )
        (attn): WindowAttention(
          (qkv): Linear(in_features=32, out_features=96, bias=True)
          (attn_drop): Dropout(p=0.0, inplace=False)
          (proj): Linear(in_features=32, out_features=32, bias=True)
          (proj_drop): Dropout(p=0.0, inplace=False)
          (softmax): Softmax(dim=-1)
        )
        (norm1): LayerNorm((32,), eps=1e-05, elementwise_affine=True)
        (drop_path): Identity()
        (ffn): Mlp(
          (fc1): Linear(in_features=32, out_features=64, bias=True)
          (act): GELU(approximate='none')
          (drop1): Dropout(p=0.0, inplace=False)
          (norm): Identity()
          (fc2): Linear(in_features=64, out_features=32, bias=True)
          (drop2): Dropout(p=0.0, inplace=False)
        )
        (norm2): LayerNorm((32,), eps=1e-05, elementwise_affine=True)
      )
      (conv1_2): Conv2d(64, 64, kernel_size=(1, 1), stride=(1, 1))
    )
  )
  (m_tail): Sequential(
    (0): Conv2d(64, 1, kernel_size=(3, 3), stride=(1, 1), padding=(1, 1), bias=False)
  )
)

25-07-08 16:14:04.885 : 
 |  mean  |  min   |  max   |  std   || shape               
 |  0.006 | -0.457 |  0.432 |  0.201 | torch.Size([64, 1, 3, 3]) || m_head.0.weight
 | -0.005 | -1.429 |  2.076 |  0.179 | torch.Size([64, 64, 1, 1]) || m_down1.0.conv1_1.weight
 | -0.012 | -0.131 |  0.130 |  0.067 | torch.Size([64]) || m_down1.0.conv1_1.bias
 |  0.001 | -0.872 |  0.929 |  0.077 | torch.Size([32, 32, 3, 3]) || m_down1.0.conv_block.0.weight
 | -0.000 | -0.347 |  0.371 |  0.065 | torch.Size([32, 32, 3, 3]) || m_down1.0.conv_block.2.weight
 | -12.109 | -100.000 |  0.000 | 32.624 | torch.Size([64, 64, 64]) || m_down1.0.nstb_block.attn_mask
 | -0.002 | -0.203 |  0.214 |  0.062 | torch.Size([16, 2, 8, 8]) || m_down1.0.nstb_block.ngram_window_partition.ngram_context.unigram_embed.weight
 |  0.025 | -0.077 |  0.113 |  0.050 | torch.Size([16]) || m_down1.0.nstb_block.ngram_window_partition.ngram_context.unigram_embed.bias
 |  2.377 |  2.377 |  2.377 |    nan | torch.Size([1, 1, 1]) || m_down1.0.nstb_block.ngram_window_partition.ngram_context.ngram_attn.logit_scale
 | -0.004 | -0.186 |  0.243 |  0.150 | torch.Size([9, 1]) || m_down1.0.nstb_block.ngram_window_partition.ngram_context.ngram_attn.relative_position_bias_table
 |  4.000 |  0.000 |  8.000 |  2.309 | torch.Size([4, 4]) || m_down1.0.nstb_block.ngram_window_partition.ngram_context.ngram_attn.relative_position_index
 |  0.006 | -0.430 |  0.479 |  0.159 | torch.Size([48, 16]) || m_down1.0.nstb_block.ngram_window_partition.ngram_context.ngram_attn.qkv.weight
 | -0.023 | -0.214 |  0.191 |  0.115 | torch.Size([48]) || m_down1.0.nstb_block.ngram_window_partition.ngram_context.ngram_attn.qkv.bias
 |  0.013 | -0.256 |  0.273 |  0.134 | torch.Size([16, 16]) || m_down1.0.nstb_block.ngram_window_partition.ngram_context.ngram_attn.proj.weight
 | -0.011 | -0.196 |  0.142 |  0.107 | torch.Size([16]) || m_down1.0.nstb_block.ngram_window_partition.ngram_context.ngram_attn.proj.bias
 | -0.001 | -0.299 |  0.229 |  0.102 | torch.Size([32, 32, 1, 1]) || m_down1.0.nstb_block.ngram_window_partition.ngram_context.merge.weight
 | -0.006 | -0.145 |  0.165 |  0.088 | torch.Size([32]) || m_down1.0.nstb_block.ngram_window_partition.ngram_context.merge.bias
 |  3.644 |  3.644 |  3.644 |    nan | torch.Size([1, 1, 1]) || m_down1.0.nstb_block.attn.logit_scale
 | -0.248 | -0.805 |  0.980 |  0.378 | torch.Size([225, 1]) || m_down1.0.nstb_block.attn.relative_position_bias_table
 | 112.000 |  0.000 | 224.000 | 48.719 | torch.Size([64, 64]) || m_down1.0.nstb_block.attn.relative_position_index
 |  0.001 | -0.694 |  0.564 |  0.132 | torch.Size([96, 32]) || m_down1.0.nstb_block.attn.qkv.weight
 | -0.006 | -0.188 |  0.167 |  0.082 | torch.Size([96]) || m_down1.0.nstb_block.attn.qkv.bias
 | -0.003 | -0.326 |  0.270 |  0.109 | torch.Size([32, 32]) || m_down1.0.nstb_block.attn.proj.weight
 |  0.011 | -0.225 |  0.194 |  0.117 | torch.Size([32]) || m_down1.0.nstb_block.attn.proj.bias
 |  0.979 |  0.893 |  1.069 |  0.035 | torch.Size([32]) || m_down1.0.nstb_block.norm1.weight
 |  0.010 | -0.009 |  0.036 |  0.011 | torch.Size([32]) || m_down1.0.nstb_block.norm1.bias
 |  0.001 | -0.487 |  0.653 |  0.135 | torch.Size([64, 32]) || m_down1.0.nstb_block.ffn.fc1.weight
 | -0.000 | -0.199 |  0.164 |  0.094 | torch.Size([64]) || m_down1.0.nstb_block.ffn.fc1.bias
 | -0.003 | -0.221 |  0.253 |  0.081 | torch.Size([32, 64]) || m_down1.0.nstb_block.ffn.fc2.weight
 | -0.016 | -0.124 |  0.153 |  0.082 | torch.Size([32]) || m_down1.0.nstb_block.ffn.fc2.bias
 |  0.962 |  0.790 |  1.003 |  0.042 | torch.Size([32]) || m_down1.0.nstb_block.norm2.weight
 |  0.010 | -0.014 |  0.042 |  0.012 | torch.Size([32]) || m_down1.0.nstb_block.norm2.bias
 | -0.002 | -0.398 |  0.545 |  0.087 | torch.Size([64, 64, 1, 1]) || m_down1.0.conv1_2.weight
 |  0.006 | -0.104 |  0.131 |  0.065 | torch.Size([64]) || m_down1.0.conv1_2.bias
 |  0.000 | -0.329 |  0.276 |  0.051 | torch.Size([128, 64, 2, 2]) || m_down1.1.weight
 |  0.000 | -0.352 |  0.366 |  0.076 | torch.Size([128, 128, 1, 1]) || m_down2.0.conv1_1.weight
 | -0.006 | -0.107 |  0.091 |  0.045 | torch.Size([128]) || m_down2.0.conv1_1.bias
 |  0.002 | -0.371 |  0.360 |  0.055 | torch.Size([64, 64, 3, 3]) || m_down2.0.conv_block.0.weight
 |  0.000 | -0.351 |  0.427 |  0.056 | torch.Size([64, 64, 3, 3]) || m_down2.0.conv_block.2.weight
 | -23.438 | -100.000 |  0.000 | 42.361 | torch.Size([16, 64, 64]) || m_down2.0.nstb_block.attn_mask
 | -0.002 | -0.272 |  0.309 |  0.068 | torch.Size([32, 2, 8, 8]) || m_down2.0.nstb_block.ngram_window_partition.ngram_context.unigram_embed.weight
 |  0.003 | -0.066 |  0.077 |  0.046 | torch.Size([32]) || m_down2.0.nstb_block.ngram_window_partition.ngram_context.unigram_embed.bias
 |  2.287 |  2.182 |  2.392 |  0.149 | torch.Size([2, 1, 1]) || m_down2.0.nstb_block.ngram_window_partition.ngram_context.ngram_attn.logit_scale
 | -0.013 | -0.395 |  0.468 |  0.255 | torch.Size([9, 2]) || m_down2.0.nstb_block.ngram_window_partition.ngram_context.ngram_attn.relative_position_bias_table
 |  4.000 |  0.000 |  8.000 |  2.309 | torch.Size([4, 4]) || m_down2.0.nstb_block.ngram_window_partition.ngram_context.ngram_attn.relative_position_index
 |  0.002 | -0.368 |  0.387 |  0.115 | torch.Size([96, 32]) || m_down2.0.nstb_block.ngram_window_partition.ngram_context.ngram_attn.qkv.weight
 |  0.025 | -0.195 |  0.229 |  0.101 | torch.Size([96]) || m_down2.0.nstb_block.ngram_window_partition.ngram_context.ngram_attn.qkv.bias
 | -0.001 | -0.248 |  0.244 |  0.103 | torch.Size([32, 32]) || m_down2.0.nstb_block.ngram_window_partition.ngram_context.ngram_attn.proj.weight
 |  0.002 | -0.126 |  0.144 |  0.063 | torch.Size([32]) || m_down2.0.nstb_block.ngram_window_partition.ngram_context.ngram_attn.proj.bias
 |  0.001 | -0.249 |  0.216 |  0.077 | torch.Size([64, 64, 1, 1]) || m_down2.0.nstb_block.ngram_window_partition.ngram_context.merge.weight
 |  0.002 | -0.102 |  0.116 |  0.058 | torch.Size([64]) || m_down2.0.nstb_block.ngram_window_partition.ngram_context.merge.bias
 |  2.817 |  2.595 |  3.039 |  0.314 | torch.Size([2, 1, 1]) || m_down2.0.nstb_block.attn.logit_scale
 | -0.331 | -1.011 |  1.407 |  0.399 | torch.Size([225, 2]) || m_down2.0.nstb_block.attn.relative_position_bias_table
 | 112.000 |  0.000 | 224.000 | 48.719 | torch.Size([64, 64]) || m_down2.0.nstb_block.attn.relative_position_index
 |  0.001 | -0.304 |  0.357 |  0.089 | torch.Size([192, 64]) || m_down2.0.nstb_block.attn.qkv.weight
 | -0.011 | -0.222 |  0.156 |  0.070 | torch.Size([192]) || m_down2.0.nstb_block.attn.qkv.bias
 | -0.003 | -0.209 |  0.233 |  0.082 | torch.Size([64, 64]) || m_down2.0.nstb_block.attn.proj.weight
 |  0.000 | -0.188 |  0.197 |  0.091 | torch.Size([64]) || m_down2.0.nstb_block.attn.proj.bias
 |  0.953 |  0.868 |  1.011 |  0.036 | torch.Size([64]) || m_down2.0.nstb_block.norm1.weight
 |  0.002 | -0.023 |  0.034 |  0.012 | torch.Size([64]) || m_down2.0.nstb_block.norm1.bias
 |  0.001 | -0.386 |  0.402 |  0.102 | torch.Size([128, 64]) || m_down2.0.nstb_block.ffn.fc1.weight
 | -0.006 | -0.160 |  0.126 |  0.079 | torch.Size([128]) || m_down2.0.nstb_block.ffn.fc1.bias
 |  0.001 | -0.237 |  0.256 |  0.066 | torch.Size([64, 128]) || m_down2.0.nstb_block.ffn.fc2.weight
 | -0.003 | -0.163 |  0.140 |  0.070 | torch.Size([64]) || m_down2.0.nstb_block.ffn.fc2.bias
 |  0.963 |  0.881 |  1.030 |  0.026 | torch.Size([64]) || m_down2.0.nstb_block.norm2.weight
 | -0.000 | -0.043 |  0.033 |  0.018 | torch.Size([64]) || m_down2.0.nstb_block.norm2.bias
 | -0.000 | -0.196 |  0.180 |  0.057 | torch.Size([128, 128, 1, 1]) || m_down2.0.conv1_2.weight
 | -0.007 | -0.076 |  0.072 |  0.036 | torch.Size([128]) || m_down2.0.conv1_2.bias
 | -0.000 | -0.173 |  0.220 |  0.044 | torch.Size([256, 128, 2, 2]) || m_down2.1.weight
 |  0.000 | -0.219 |  0.200 |  0.052 | torch.Size([256, 256, 1, 1]) || m_down3.0.conv1_1.weight
 | -0.000 | -0.122 |  0.083 |  0.030 | torch.Size([256]) || m_down3.0.conv1_1.bias
 |  0.000 | -0.453 |  0.393 |  0.049 | torch.Size([128, 128, 3, 3]) || m_down3.0.conv_block.0.weight
 |  0.000 | -0.337 |  0.397 |  0.049 | torch.Size([128, 128, 3, 3]) || m_down3.0.conv_block.2.weight
 | -43.750 | -100.000 |  0.000 | 49.609 | torch.Size([4, 64, 64]) || m_down3.0.nstb_block.attn_mask
 |  0.002 | -0.255 |  0.292 |  0.072 | torch.Size([64, 2, 8, 8]) || m_down3.0.nstb_block.ngram_window_partition.ngram_context.unigram_embed.weight
 |  0.009 | -0.089 |  0.104 |  0.047 | torch.Size([64]) || m_down3.0.nstb_block.ngram_window_partition.ngram_context.unigram_embed.bias
 |  2.348 |  2.267 |  2.393 |  0.058 | torch.Size([4, 1, 1]) || m_down3.0.nstb_block.ngram_window_partition.ngram_context.ngram_attn.logit_scale
 | -0.006 | -0.505 |  0.556 |  0.245 | torch.Size([9, 4]) || m_down3.0.nstb_block.ngram_window_partition.ngram_context.ngram_attn.relative_position_bias_table
 |  4.000 |  0.000 |  8.000 |  2.309 | torch.Size([4, 4]) || m_down3.0.nstb_block.ngram_window_partition.ngram_context.ngram_attn.relative_position_index
 |  0.001 | -0.299 |  0.323 |  0.088 | torch.Size([192, 64]) || m_down3.0.nstb_block.ngram_window_partition.ngram_context.ngram_attn.qkv.weight
 | -0.009 | -0.236 |  0.286 |  0.102 | torch.Size([192]) || m_down3.0.nstb_block.ngram_window_partition.ngram_context.ngram_attn.qkv.bias
 |  0.001 | -0.234 |  0.225 |  0.086 | torch.Size([64, 64]) || m_down3.0.nstb_block.ngram_window_partition.ngram_context.ngram_attn.proj.weight
 | -0.001 | -0.095 |  0.097 |  0.055 | torch.Size([64]) || m_down3.0.nstb_block.ngram_window_partition.ngram_context.ngram_attn.proj.bias
 | -0.000 | -0.217 |  0.214 |  0.067 | torch.Size([128, 128, 1, 1]) || m_down3.0.nstb_block.ngram_window_partition.ngram_context.merge.weight
 |  0.001 | -0.101 |  0.096 |  0.043 | torch.Size([128]) || m_down3.0.nstb_block.ngram_window_partition.ngram_context.merge.bias
 |  2.460 |  2.342 |  2.742 |  0.190 | torch.Size([4, 1, 1]) || m_down3.0.nstb_block.attn.logit_scale
 | -0.071 | -0.705 |  0.820 |  0.226 | torch.Size([225, 4]) || m_down3.0.nstb_block.attn.relative_position_bias_table
 | 112.000 |  0.000 | 224.000 | 48.719 | torch.Size([64, 64]) || m_down3.0.nstb_block.attn.relative_position_index
 | -0.000 | -0.322 |  0.283 |  0.069 | torch.Size([384, 128]) || m_down3.0.nstb_block.attn.qkv.weight
 | -0.000 | -0.206 |  0.273 |  0.069 | torch.Size([384]) || m_down3.0.nstb_block.attn.qkv.bias
 | -0.000 | -0.200 |  0.212 |  0.066 | torch.Size([128, 128]) || m_down3.0.nstb_block.attn.proj.weight
 | -0.004 | -0.185 |  0.206 |  0.079 | torch.Size([128]) || m_down3.0.nstb_block.attn.proj.bias
 |  0.932 |  0.843 |  0.995 |  0.035 | torch.Size([128]) || m_down3.0.nstb_block.norm1.weight
 | -0.000 | -0.026 |  0.024 |  0.010 | torch.Size([128]) || m_down3.0.nstb_block.norm1.bias
 |  0.001 | -0.412 |  0.468 |  0.089 | torch.Size([256, 128]) || m_down3.0.nstb_block.ffn.fc1.weight
 | -0.006 | -0.140 |  0.105 |  0.053 | torch.Size([256]) || m_down3.0.nstb_block.ffn.fc1.bias
 | -0.000 | -0.383 |  0.314 |  0.057 | torch.Size([128, 256]) || m_down3.0.nstb_block.ffn.fc2.weight
 |  0.005 | -0.115 |  0.093 |  0.046 | torch.Size([128]) || m_down3.0.nstb_block.ffn.fc2.bias
 |  0.928 |  0.706 |  0.976 |  0.047 | torch.Size([128]) || m_down3.0.nstb_block.norm2.weight
 |  0.001 | -0.047 |  0.042 |  0.019 | torch.Size([128]) || m_down3.0.nstb_block.norm2.bias
 | -0.000 | -0.184 |  0.157 |  0.043 | torch.Size([256, 256, 1, 1]) || m_down3.0.conv1_2.weight
 | -0.001 | -0.059 |  0.049 |  0.024 | torch.Size([256]) || m_down3.0.conv1_2.bias
 |  0.000 | -0.177 |  0.219 |  0.039 | torch.Size([512, 256, 2, 2]) || m_down3.1.weight
 |  0.000 | -0.219 |  0.215 |  0.048 | torch.Size([512, 512, 1, 1]) || m_body.0.conv1_1.weight
 |  0.002 | -0.125 |  0.165 |  0.047 | torch.Size([512]) || m_body.0.conv1_1.bias
 |  0.000 | -0.269 |  0.258 |  0.048 | torch.Size([256, 256, 3, 3]) || m_body.0.conv_block.0.weight
 |  0.000 | -0.266 |  0.268 |  0.047 | torch.Size([256, 256, 3, 3]) || m_body.0.conv_block.2.weight
 | -75.000 | -100.000 |  0.000 | 43.307 | torch.Size([1, 64, 64]) || m_body.0.nstb_block.attn_mask
 | -0.000 | -0.260 |  0.288 |  0.071 | torch.Size([128, 2, 8, 8]) || m_body.0.nstb_block.ngram_window_partition.ngram_context.unigram_embed.weight
 | -0.003 | -0.109 |  0.101 |  0.050 | torch.Size([128]) || m_body.0.nstb_block.ngram_window_partition.ngram_context.unigram_embed.bias
 |  2.207 |  1.948 |  2.333 |  0.157 | torch.Size([8, 1, 1]) || m_body.0.nstb_block.ngram_window_partition.ngram_context.ngram_attn.logit_scale
 | -0.020 | -0.956 |  1.610 |  0.388 | torch.Size([9, 8]) || m_body.0.nstb_block.ngram_window_partition.ngram_context.ngram_attn.relative_position_bias_table
 |  4.000 |  0.000 |  8.000 |  2.309 | torch.Size([4, 4]) || m_body.0.nstb_block.ngram_window_partition.ngram_context.ngram_attn.relative_position_index
 |  0.000 | -0.271 |  0.288 |  0.070 | torch.Size([384, 128]) || m_body.0.nstb_block.ngram_window_partition.ngram_context.ngram_attn.qkv.weight
 | -0.003 | -0.306 |  0.230 |  0.087 | torch.Size([384]) || m_body.0.nstb_block.ngram_window_partition.ngram_context.ngram_attn.qkv.bias
 | -0.001 | -0.235 |  0.230 |  0.070 | torch.Size([128, 128]) || m_body.0.nstb_block.ngram_window_partition.ngram_context.ngram_attn.proj.weight
 | -0.003 | -0.080 |  0.072 |  0.037 | torch.Size([128]) || m_body.0.nstb_block.ngram_window_partition.ngram_context.ngram_attn.proj.bias
 | -0.000 | -0.229 |  0.231 |  0.058 | torch.Size([256, 256, 1, 1]) || m_body.0.nstb_block.ngram_window_partition.ngram_context.merge.weight
 |  0.003 | -0.131 |  0.118 |  0.047 | torch.Size([256]) || m_body.0.nstb_block.ngram_window_partition.ngram_context.merge.bias
 |  2.588 |  2.467 |  2.791 |  0.109 | torch.Size([8, 1, 1]) || m_body.0.nstb_block.attn.logit_scale
 | -0.164 | -1.361 |  1.011 |  0.435 | torch.Size([225, 8]) || m_body.0.nstb_block.attn.relative_position_bias_table
 | 112.000 |  0.000 | 224.000 | 48.719 | torch.Size([64, 64]) || m_body.0.nstb_block.attn.relative_position_index
 | -0.000 | -0.277 |  0.258 |  0.058 | torch.Size([768, 256]) || m_body.0.nstb_block.attn.qkv.weight
 | -0.001 | -0.289 |  0.273 |  0.080 | torch.Size([768]) || m_body.0.nstb_block.attn.qkv.bias
 | -0.000 | -0.290 |  0.268 |  0.056 | torch.Size([256, 256]) || m_body.0.nstb_block.attn.proj.weight
 | -0.001 | -0.325 |  0.284 |  0.071 | torch.Size([256]) || m_body.0.nstb_block.attn.proj.bias
 |  0.910 |  0.822 |  0.986 |  0.028 | torch.Size([256]) || m_body.0.nstb_block.norm1.weight
 | -0.003 | -0.094 |  0.081 |  0.024 | torch.Size([256]) || m_body.0.nstb_block.norm1.bias
 |  0.000 | -0.321 |  0.294 |  0.065 | torch.Size([512, 256]) || m_body.0.nstb_block.ffn.fc1.weight
 | -0.021 | -0.114 |  0.112 |  0.040 | torch.Size([512]) || m_body.0.nstb_block.ffn.fc1.bias
 |  0.000 | -0.350 |  0.321 |  0.052 | torch.Size([256, 512]) || m_body.0.nstb_block.ffn.fc2.weight
 |  0.000 | -0.207 |  0.240 |  0.046 | torch.Size([256]) || m_body.0.nstb_block.ffn.fc2.bias
 |  0.953 |  0.813 |  1.049 |  0.034 | torch.Size([256]) || m_body.0.nstb_block.norm2.weight
 | -0.002 | -0.090 |  0.084 |  0.031 | torch.Size([256]) || m_body.0.nstb_block.norm2.bias
 | -0.000 | -0.171 |  0.180 |  0.040 | torch.Size([512, 512, 1, 1]) || m_body.0.conv1_2.weight
 | -0.002 | -0.155 |  0.113 |  0.049 | torch.Size([512]) || m_body.0.conv1_2.bias
 |  0.000 | -0.152 |  0.150 |  0.033 | torch.Size([512, 256, 2, 2]) || m_up3.0.weight
 |  0.001 | -0.206 |  0.197 |  0.052 | torch.Size([256, 256, 1, 1]) || m_up3.1.conv1_1.weight
 | -0.002 | -0.111 |  0.125 |  0.053 | torch.Size([256]) || m_up3.1.conv1_1.bias
 | -0.001 | -0.309 |  0.239 |  0.044 | torch.Size([128, 128, 3, 3]) || m_up3.1.conv_block.0.weight
 | -0.000 | -0.264 |  0.283 |  0.043 | torch.Size([128, 128, 3, 3]) || m_up3.1.conv_block.2.weight
 | -43.750 | -100.000 |  0.000 | 49.609 | torch.Size([4, 64, 64]) || m_up3.1.nstb_block.attn_mask
 |  0.002 | -0.291 |  0.220 |  0.064 | torch.Size([64, 2, 8, 8]) || m_up3.1.nstb_block.ngram_window_partition.ngram_context.unigram_embed.weight
 | -0.006 | -0.102 |  0.095 |  0.056 | torch.Size([64]) || m_up3.1.nstb_block.ngram_window_partition.ngram_context.unigram_embed.bias
 |  1.994 |  1.935 |  2.035 |  0.045 | torch.Size([4, 1, 1]) || m_up3.1.nstb_block.ngram_window_partition.ngram_context.ngram_attn.logit_scale
 | -0.020 | -0.866 |  1.563 |  0.546 | torch.Size([9, 4]) || m_up3.1.nstb_block.ngram_window_partition.ngram_context.ngram_attn.relative_position_bias_table
 |  4.000 |  0.000 |  8.000 |  2.309 | torch.Size([4, 4]) || m_up3.1.nstb_block.ngram_window_partition.ngram_context.ngram_attn.relative_position_index
 | -0.002 | -0.285 |  0.297 |  0.084 | torch.Size([192, 64]) || m_up3.1.nstb_block.ngram_window_partition.ngram_context.ngram_attn.qkv.weight
 | -0.006 | -0.392 |  0.346 |  0.136 | torch.Size([192]) || m_up3.1.nstb_block.ngram_window_partition.ngram_context.ngram_attn.qkv.bias
 |  0.001 | -0.216 |  0.218 |  0.082 | torch.Size([64, 64]) || m_up3.1.nstb_block.ngram_window_partition.ngram_context.ngram_attn.proj.weight
 |  0.005 | -0.116 |  0.103 |  0.067 | torch.Size([64]) || m_up3.1.nstb_block.ngram_window_partition.ngram_context.ngram_attn.proj.bias
 |  0.001 | -0.210 |  0.221 |  0.063 | torch.Size([128, 128, 1, 1]) || m_up3.1.nstb_block.ngram_window_partition.ngram_context.merge.weight
 |  0.002 | -0.128 |  0.130 |  0.055 | torch.Size([128]) || m_up3.1.nstb_block.ngram_window_partition.ngram_context.merge.bias
 |  2.500 |  2.375 |  2.652 |  0.115 | torch.Size([4, 1, 1]) || m_up3.1.nstb_block.attn.logit_scale
 | -0.372 | -1.452 |  1.124 |  0.486 | torch.Size([225, 4]) || m_up3.1.nstb_block.attn.relative_position_bias_table
 | 112.000 |  0.000 | 224.000 | 48.719 | torch.Size([64, 64]) || m_up3.1.nstb_block.attn.relative_position_index
 |  0.000 | -0.280 |  0.249 |  0.066 | torch.Size([384, 128]) || m_up3.1.nstb_block.attn.qkv.weight
 |  0.001 | -0.253 |  0.251 |  0.080 | torch.Size([384]) || m_up3.1.nstb_block.attn.qkv.bias
 | -0.000 | -0.211 |  0.238 |  0.062 | torch.Size([128, 128]) || m_up3.1.nstb_block.attn.proj.weight
 |  0.000 | -0.183 |  0.164 |  0.074 | torch.Size([128]) || m_up3.1.nstb_block.attn.proj.bias
 |  0.977 |  0.873 |  1.036 |  0.023 | torch.Size([128]) || m_up3.1.nstb_block.norm1.weight
 |  0.001 | -0.054 |  0.055 |  0.019 | torch.Size([128]) || m_up3.1.nstb_block.norm1.bias
 | -0.000 | -0.297 |  0.303 |  0.070 | torch.Size([256, 128]) || m_up3.1.nstb_block.ffn.fc1.weight
 | -0.030 | -0.178 |  0.107 |  0.061 | torch.Size([256]) || m_up3.1.nstb_block.ffn.fc1.bias
 | -0.000 | -0.226 |  0.240 |  0.053 | torch.Size([128, 256]) || m_up3.1.nstb_block.ffn.fc2.weight
 |  0.004 | -0.100 |  0.159 |  0.047 | torch.Size([128]) || m_up3.1.nstb_block.ffn.fc2.bias
 |  1.007 |  0.897 |  1.105 |  0.034 | torch.Size([128]) || m_up3.1.nstb_block.norm2.weight
 |  0.003 | -0.034 |  0.033 |  0.014 | torch.Size([128]) || m_up3.1.nstb_block.norm2.bias
 | -0.000 | -0.199 |  0.188 |  0.048 | torch.Size([256, 256, 1, 1]) || m_up3.1.conv1_2.weight
 | -0.002 | -0.134 |  0.112 |  0.051 | torch.Size([256]) || m_up3.1.conv1_2.bias
 |  0.000 | -0.114 |  0.107 |  0.024 | torch.Size([256, 128, 2, 2]) || m_up2.0.weight
 | -0.000 | -0.267 |  0.264 |  0.071 | torch.Size([128, 128, 1, 1]) || m_up2.1.conv1_1.weight
 | -0.009 | -0.101 |  0.081 |  0.047 | torch.Size([128]) || m_up2.1.conv1_1.bias
 |  0.000 | -0.290 |  0.306 |  0.048 | torch.Size([64, 64, 3, 3]) || m_up2.1.conv_block.0.weight
 |  0.001 | -0.406 |  0.446 |  0.052 | torch.Size([64, 64, 3, 3]) || m_up2.1.conv_block.2.weight
 | -23.438 | -100.000 |  0.000 | 42.361 | torch.Size([16, 64, 64]) || m_up2.1.nstb_block.attn_mask
 |  0.001 | -0.273 |  0.284 |  0.067 | torch.Size([32, 2, 8, 8]) || m_up2.1.nstb_block.ngram_window_partition.ngram_context.unigram_embed.weight
 | -0.007 | -0.094 |  0.088 |  0.046 | torch.Size([32]) || m_up2.1.nstb_block.ngram_window_partition.ngram_context.unigram_embed.bias
 |  1.705 |  1.548 |  1.861 |  0.221 | torch.Size([2, 1, 1]) || m_up2.1.nstb_block.ngram_window_partition.ngram_context.ngram_attn.logit_scale
 | -0.157 | -1.731 |  1.752 |  1.100 | torch.Size([9, 2]) || m_up2.1.nstb_block.ngram_window_partition.ngram_context.ngram_attn.relative_position_bias_table
 |  4.000 |  0.000 |  8.000 |  2.309 | torch.Size([4, 4]) || m_up2.1.nstb_block.ngram_window_partition.ngram_context.ngram_attn.relative_position_index
 |  0.001 | -0.315 |  0.330 |  0.111 | torch.Size([96, 32]) || m_up2.1.nstb_block.ngram_window_partition.ngram_context.ngram_attn.qkv.weight
 | -0.012 | -0.317 |  0.410 |  0.139 | torch.Size([96]) || m_up2.1.nstb_block.ngram_window_partition.ngram_context.ngram_attn.qkv.bias
 |  0.000 | -0.270 |  0.251 |  0.111 | torch.Size([32, 32]) || m_up2.1.nstb_block.ngram_window_partition.ngram_context.ngram_attn.proj.weight
 |  0.001 | -0.168 |  0.132 |  0.091 | torch.Size([32]) || m_up2.1.nstb_block.ngram_window_partition.ngram_context.ngram_attn.proj.bias
 | -0.000 | -0.303 |  0.284 |  0.079 | torch.Size([64, 64, 1, 1]) || m_up2.1.nstb_block.ngram_window_partition.ngram_context.merge.weight
 | -0.012 | -0.136 |  0.143 |  0.069 | torch.Size([64]) || m_up2.1.nstb_block.ngram_window_partition.ngram_context.merge.bias
 |  2.433 |  2.336 |  2.529 |  0.136 | torch.Size([2, 1, 1]) || m_up2.1.nstb_block.attn.logit_scale
 | -0.237 | -1.133 |  0.996 |  0.473 | torch.Size([225, 2]) || m_up2.1.nstb_block.attn.relative_position_bias_table
 | 112.000 |  0.000 | 224.000 | 48.719 | torch.Size([64, 64]) || m_up2.1.nstb_block.attn.relative_position_index
 | -0.000 | -0.398 |  0.321 |  0.081 | torch.Size([192, 64]) || m_up2.1.nstb_block.attn.qkv.weight
 |  0.007 | -0.150 |  0.186 |  0.085 | torch.Size([192]) || m_up2.1.nstb_block.attn.qkv.bias
 |  0.000 | -0.266 |  0.251 |  0.075 | torch.Size([64, 64]) || m_up2.1.nstb_block.attn.proj.weight
 | -0.010 | -0.226 |  0.175 |  0.086 | torch.Size([64]) || m_up2.1.nstb_block.attn.proj.bias
 |  0.958 |  0.718 |  0.998 |  0.055 | torch.Size([64]) || m_up2.1.nstb_block.norm1.weight
 | -0.002 | -0.020 |  0.011 |  0.007 | torch.Size([64]) || m_up2.1.nstb_block.norm1.bias
 |  0.000 | -0.418 |  0.381 |  0.089 | torch.Size([128, 64]) || m_up2.1.nstb_block.ffn.fc1.weight
 | -0.011 | -0.167 |  0.161 |  0.076 | torch.Size([128]) || m_up2.1.nstb_block.ffn.fc1.bias
 |  0.000 | -0.188 |  0.206 |  0.057 | torch.Size([64, 128]) || m_up2.1.nstb_block.ffn.fc2.weight
 | -0.006 | -0.129 |  0.108 |  0.058 | torch.Size([64]) || m_up2.1.nstb_block.ffn.fc2.bias
 |  0.945 |  0.541 |  1.004 |  0.084 | torch.Size([64]) || m_up2.1.nstb_block.norm2.weight
 | -0.002 | -0.014 |  0.013 |  0.007 | torch.Size([64]) || m_up2.1.nstb_block.norm2.bias
 |  0.000 | -0.271 |  0.245 |  0.063 | torch.Size([128, 128, 1, 1]) || m_up2.1.conv1_2.weight
 |  0.006 | -0.099 |  0.116 |  0.051 | torch.Size([128]) || m_up2.1.conv1_2.bias
 |  0.000 | -0.153 |  0.141 |  0.036 | torch.Size([128, 64, 2, 2]) || m_up1.0.weight
 | -0.002 | -0.266 |  0.288 |  0.085 | torch.Size([64, 64, 1, 1]) || m_up1.1.conv1_1.weight
 |  0.008 | -0.129 |  0.121 |  0.066 | torch.Size([64]) || m_up1.1.conv1_1.bias
 |  0.001 | -0.221 |  0.288 |  0.049 | torch.Size([32, 32, 3, 3]) || m_up1.1.conv_block.0.weight
 | -0.002 | -0.260 |  0.337 |  0.050 | torch.Size([32, 32, 3, 3]) || m_up1.1.conv_block.2.weight
 | -12.109 | -100.000 |  0.000 | 32.624 | torch.Size([64, 64, 64]) || m_up1.1.nstb_block.attn_mask
 |  0.002 | -0.358 |  0.403 |  0.078 | torch.Size([16, 2, 8, 8]) || m_up1.1.nstb_block.ngram_window_partition.ngram_context.unigram_embed.weight
 | -0.012 | -0.083 |  0.075 |  0.045 | torch.Size([16]) || m_up1.1.nstb_block.ngram_window_partition.ngram_context.unigram_embed.bias
 |  2.011 |  2.011 |  2.011 |    nan | torch.Size([1, 1, 1]) || m_up1.1.nstb_block.ngram_window_partition.ngram_context.ngram_attn.logit_scale
 |  0.002 | -0.269 |  0.461 |  0.228 | torch.Size([9, 1]) || m_up1.1.nstb_block.ngram_window_partition.ngram_context.ngram_attn.relative_position_bias_table
 |  4.000 |  0.000 |  8.000 |  2.309 | torch.Size([4, 4]) || m_up1.1.nstb_block.ngram_window_partition.ngram_context.ngram_attn.relative_position_index
 | -0.002 | -0.472 |  0.557 |  0.174 | torch.Size([48, 16]) || m_up1.1.nstb_block.ngram_window_partition.ngram_context.ngram_attn.qkv.weight
 | -0.005 | -0.199 |  0.231 |  0.111 | torch.Size([48]) || m_up1.1.nstb_block.ngram_window_partition.ngram_context.ngram_attn.qkv.bias
 | -0.003 | -0.555 |  0.400 |  0.159 | torch.Size([16, 16]) || m_up1.1.nstb_block.ngram_window_partition.ngram_context.ngram_attn.proj.weight
 | -0.012 | -0.204 |  0.161 |  0.110 | torch.Size([16]) || m_up1.1.nstb_block.ngram_window_partition.ngram_context.ngram_attn.proj.bias
 |  0.003 | -0.340 |  0.276 |  0.105 | torch.Size([32, 32, 1, 1]) || m_up1.1.nstb_block.ngram_window_partition.ngram_context.merge.weight
 |  0.023 | -0.154 |  0.172 |  0.102 | torch.Size([32]) || m_up1.1.nstb_block.ngram_window_partition.ngram_context.merge.bias
 |  2.640 |  2.640 |  2.640 |    nan | torch.Size([1, 1, 1]) || m_up1.1.nstb_block.attn.logit_scale
 | -0.478 | -1.606 |  1.187 |  0.770 | torch.Size([225, 1]) || m_up1.1.nstb_block.attn.relative_position_bias_table
 | 112.000 |  0.000 | 224.000 | 48.719 | torch.Size([64, 64]) || m_up1.1.nstb_block.attn.relative_position_index
 |  0.004 | -0.395 |  0.424 |  0.117 | torch.Size([96, 32]) || m_up1.1.nstb_block.attn.qkv.weight
 | -0.002 | -0.176 |  0.187 |  0.087 | torch.Size([96]) || m_up1.1.nstb_block.attn.qkv.bias
 | -0.001 | -0.279 |  0.266 |  0.104 | torch.Size([32, 32]) || m_up1.1.nstb_block.attn.proj.weight
 |  0.011 | -0.177 |  0.179 |  0.096 | torch.Size([32]) || m_up1.1.nstb_block.attn.proj.bias
 |  0.965 |  0.656 |  1.026 |  0.075 | torch.Size([32]) || m_up1.1.nstb_block.norm1.weight
 |  0.001 | -0.053 |  0.035 |  0.016 | torch.Size([32]) || m_up1.1.nstb_block.norm1.bias
 | -0.001 | -0.536 |  0.351 |  0.111 | torch.Size([64, 32]) || m_up1.1.nstb_block.ffn.fc1.weight
 | -0.004 | -0.195 |  0.187 |  0.104 | torch.Size([64]) || m_up1.1.nstb_block.ffn.fc1.bias
 | -0.002 | -0.178 |  0.234 |  0.076 | torch.Size([32, 64]) || m_up1.1.nstb_block.ffn.fc2.weight
 |  0.007 | -0.130 |  0.119 |  0.077 | torch.Size([32]) || m_up1.1.nstb_block.ffn.fc2.bias
 |  0.967 |  0.820 |  1.018 |  0.057 | torch.Size([32]) || m_up1.1.nstb_block.norm2.weight
 | -0.000 | -0.032 |  0.036 |  0.014 | torch.Size([32]) || m_up1.1.nstb_block.norm2.bias
 | -0.001 | -0.228 |  0.211 |  0.074 | torch.Size([64, 64, 1, 1]) || m_up1.1.conv1_2.weight
 |  0.008 | -0.100 |  0.113 |  0.056 | torch.Size([64]) || m_up1.1.conv1_2.bias
 | -0.000 | -0.036 |  0.040 |  0.013 | torch.Size([1, 64, 3, 3]) || m_tail.0.weight

25-07-08 16:14:04.886 : TensorBoard logging to: training_results/conv_nstb/scunet_ngswin_conv_nstb/tensorboard/SCUNet_conv_nstb_li_ct_val0.1
25-07-08 16:14:04.886 : Experiment name: SCUNet_conv_nstb_li_ct_val0.1
25-07-08 16:14:04.886 : Validation split: 10.0% of training data
25-07-08 16:14:04.886 : Early stopping is disabled. Training will run for full 100 epochs.
25-07-08 16:14:04.886 : ================================================================================
25-07-08 16:14:04.886 : TEST-ONLY MODE: Skipping training, running final test evaluation
25-07-08 16:14:04.886 : ================================================================================
25-07-08 16:14:04.887 : Number of test images: 75
25-07-08 16:14:04.887 : ================================================================================
25-07-08 16:14:04.887 : FINAL TEST EVALUATION - After 100 epochs completed
25-07-08 16:14:04.887 : ================================================================================
25-07-08 16:14:04.887 : Loading best PSNR checkpoint for final test evaluation...
25-07-08 16:14:04.887 : ------------------------------------------------------------
25-07-08 16:14:04.887 : Testing checkpoint: PSNR_E (psnr_E.pth)
25-07-08 16:14:04.887 : ------------------------------------------------------------
25-07-08 16:14:04.887 : Loading checkpoint: training_results/conv_nstb/scunet_ngswin_conv_nstb/models/psnr_E.pth
25-07-08 16:14:16.080 : Saved clinical test 10: dataset7_CLINIC_metal_0009_data
25-07-08 16:14:16.080 :   Original: training_results/conv_nstb/scunet_ngswin_conv_nstb/images/final_test_psnr_e_test_2/dataset7_CLINIC_metal_0009_data_original.png
25-07-08 16:14:16.080 :   Enhanced: training_results/conv_nstb/scunet_ngswin_conv_nstb/images/final_test_psnr_e_test_2/dataset7_CLINIC_metal_0009_data_enhanced.png
25-07-08 16:14:16.080 :   Comparison: training_results/conv_nstb/scunet_ngswin_conv_nstb/images/final_test_psnr_e_test_2/dataset7_CLINIC_metal_0009_data_comparison.png
25-07-08 16:14:29.185 : Saved clinical test 20: dataset7_CLINIC_metal_0019_data
25-07-08 16:14:29.186 :   Original: training_results/conv_nstb/scunet_ngswin_conv_nstb/images/final_test_psnr_e_test_2/dataset7_CLINIC_metal_0019_data_original.png
25-07-08 16:14:29.186 :   Enhanced: training_results/conv_nstb/scunet_ngswin_conv_nstb/images/final_test_psnr_e_test_2/dataset7_CLINIC_metal_0019_data_enhanced.png
25-07-08 16:14:29.186 :   Comparison: training_results/conv_nstb/scunet_ngswin_conv_nstb/images/final_test_psnr_e_test_2/dataset7_CLINIC_metal_0019_data_comparison.png
25-07-08 16:14:40.178 : Saved clinical test 30: dataset7_CLINIC_metal_0029_data
25-07-08 16:14:40.178 :   Original: training_results/conv_nstb/scunet_ngswin_conv_nstb/images/final_test_psnr_e_test_2/dataset7_CLINIC_metal_0029_data_original.png
25-07-08 16:14:40.178 :   Enhanced: training_results/conv_nstb/scunet_ngswin_conv_nstb/images/final_test_psnr_e_test_2/dataset7_CLINIC_metal_0029_data_enhanced.png
25-07-08 16:14:40.178 :   Comparison: training_results/conv_nstb/scunet_ngswin_conv_nstb/images/final_test_psnr_e_test_2/dataset7_CLINIC_metal_0029_data_comparison.png
25-07-08 16:14:52.068 : Saved clinical test 40: dataset7_CLINIC_metal_0039_data
25-07-08 16:14:52.068 :   Original: training_results/conv_nstb/scunet_ngswin_conv_nstb/images/final_test_psnr_e_test_2/dataset7_CLINIC_metal_0039_data_original.png
25-07-08 16:14:52.068 :   Enhanced: training_results/conv_nstb/scunet_ngswin_conv_nstb/images/final_test_psnr_e_test_2/dataset7_CLINIC_metal_0039_data_enhanced.png
25-07-08 16:14:52.068 :   Comparison: training_results/conv_nstb/scunet_ngswin_conv_nstb/images/final_test_psnr_e_test_2/dataset7_CLINIC_metal_0039_data_comparison.png
25-07-08 16:15:06.587 : Saved clinical test 50: dataset7_CLINIC_metal_0049_data
25-07-08 16:15:06.587 :   Original: training_results/conv_nstb/scunet_ngswin_conv_nstb/images/final_test_psnr_e_test_2/dataset7_CLINIC_metal_0049_data_original.png
25-07-08 16:15:06.587 :   Enhanced: training_results/conv_nstb/scunet_ngswin_conv_nstb/images/final_test_psnr_e_test_2/dataset7_CLINIC_metal_0049_data_enhanced.png
25-07-08 16:15:06.587 :   Comparison: training_results/conv_nstb/scunet_ngswin_conv_nstb/images/final_test_psnr_e_test_2/dataset7_CLINIC_metal_0049_data_comparison.png
25-07-08 16:15:17.672 : Saved clinical test 60: dataset7_CLINIC_metal_0059_data
25-07-08 16:15:17.672 :   Original: training_results/conv_nstb/scunet_ngswin_conv_nstb/images/final_test_psnr_e_test_2/dataset7_CLINIC_metal_0059_data_original.png
25-07-08 16:15:17.672 :   Enhanced: training_results/conv_nstb/scunet_ngswin_conv_nstb/images/final_test_psnr_e_test_2/dataset7_CLINIC_metal_0059_data_enhanced.png
25-07-08 16:15:17.672 :   Comparison: training_results/conv_nstb/scunet_ngswin_conv_nstb/images/final_test_psnr_e_test_2/dataset7_CLINIC_metal_0059_data_comparison.png
25-07-08 16:15:30.231 : Saved clinical test 70: dataset7_CLINIC_metal_0069_data
25-07-08 16:15:30.232 :   Original: training_results/conv_nstb/scunet_ngswin_conv_nstb/images/final_test_psnr_e_test_2/dataset7_CLINIC_metal_0069_data_original.png
25-07-08 16:15:30.232 :   Enhanced: training_results/conv_nstb/scunet_ngswin_conv_nstb/images/final_test_psnr_e_test_2/dataset7_CLINIC_metal_0069_data_enhanced.png
25-07-08 16:15:30.232 :   Comparison: training_results/conv_nstb/scunet_ngswin_conv_nstb/images/final_test_psnr_e_test_2/dataset7_CLINIC_metal_0069_data_comparison.png
25-07-08 16:15:37.649 : ------------------------------------------------------------
25-07-08 16:15:37.649 : PSNR_E CLINICAL INFERENCE RESULTS:
25-07-08 16:15:37.649 : Processed 75 clinical images
25-07-08 16:15:37.649 : Enhanced images saved with before/after comparison
25-07-08 16:15:37.649 : Images saved: 7 (every 10th)
25-07-08 16:15:37.649 : Test images directory: training_results/conv_nstb/scunet_ngswin_conv_nstb/images/final_test_psnr_e_test_2
25-07-08 16:15:37.649 : ------------------------------------------------------------
25-07-08 16:15:37.649 : ------------------------------------------------------------
25-07-08 16:15:37.650 : Testing checkpoint: PSNR_G (psnr_G.pth)
25-07-08 16:15:37.650 : ------------------------------------------------------------
25-07-08 16:15:37.650 : Loading checkpoint: training_results/conv_nstb/scunet_ngswin_conv_nstb/models/psnr_G.pth
25-07-08 16:15:48.572 : Saved clinical test 10: dataset7_CLINIC_metal_0009_data
25-07-08 16:15:48.573 :   Original: training_results/conv_nstb/scunet_ngswin_conv_nstb/images/final_test_psnr_g_test_2/dataset7_CLINIC_metal_0009_data_original.png
25-07-08 16:15:48.573 :   Enhanced: training_results/conv_nstb/scunet_ngswin_conv_nstb/images/final_test_psnr_g_test_2/dataset7_CLINIC_metal_0009_data_enhanced.png
25-07-08 16:15:48.573 :   Comparison: training_results/conv_nstb/scunet_ngswin_conv_nstb/images/final_test_psnr_g_test_2/dataset7_CLINIC_metal_0009_data_comparison.png
25-07-08 16:16:01.117 : Saved clinical test 20: dataset7_CLINIC_metal_0019_data
25-07-08 16:16:01.118 :   Original: training_results/conv_nstb/scunet_ngswin_conv_nstb/images/final_test_psnr_g_test_2/dataset7_CLINIC_metal_0019_data_original.png
25-07-08 16:16:01.118 :   Enhanced: training_results/conv_nstb/scunet_ngswin_conv_nstb/images/final_test_psnr_g_test_2/dataset7_CLINIC_metal_0019_data_enhanced.png
25-07-08 16:16:01.118 :   Comparison: training_results/conv_nstb/scunet_ngswin_conv_nstb/images/final_test_psnr_g_test_2/dataset7_CLINIC_metal_0019_data_comparison.png
25-07-08 16:16:13.345 : Saved clinical test 30: dataset7_CLINIC_metal_0029_data
25-07-08 16:16:13.345 :   Original: training_results/conv_nstb/scunet_ngswin_conv_nstb/images/final_test_psnr_g_test_2/dataset7_CLINIC_metal_0029_data_original.png
25-07-08 16:16:13.345 :   Enhanced: training_results/conv_nstb/scunet_ngswin_conv_nstb/images/final_test_psnr_g_test_2/dataset7_CLINIC_metal_0029_data_enhanced.png
25-07-08 16:16:13.345 :   Comparison: training_results/conv_nstb/scunet_ngswin_conv_nstb/images/final_test_psnr_g_test_2/dataset7_CLINIC_metal_0029_data_comparison.png
25-07-08 16:16:25.952 : Saved clinical test 40: dataset7_CLINIC_metal_0039_data
25-07-08 16:16:25.952 :   Original: training_results/conv_nstb/scunet_ngswin_conv_nstb/images/final_test_psnr_g_test_2/dataset7_CLINIC_metal_0039_data_original.png
25-07-08 16:16:25.952 :   Enhanced: training_results/conv_nstb/scunet_ngswin_conv_nstb/images/final_test_psnr_g_test_2/dataset7_CLINIC_metal_0039_data_enhanced.png
25-07-08 16:16:25.952 :   Comparison: training_results/conv_nstb/scunet_ngswin_conv_nstb/images/final_test_psnr_g_test_2/dataset7_CLINIC_metal_0039_data_comparison.png
25-07-08 16:16:41.212 : Saved clinical test 50: dataset7_CLINIC_metal_0049_data
25-07-08 16:16:41.212 :   Original: training_results/conv_nstb/scunet_ngswin_conv_nstb/images/final_test_psnr_g_test_2/dataset7_CLINIC_metal_0049_data_original.png
25-07-08 16:16:41.212 :   Enhanced: training_results/conv_nstb/scunet_ngswin_conv_nstb/images/final_test_psnr_g_test_2/dataset7_CLINIC_metal_0049_data_enhanced.png
25-07-08 16:16:41.212 :   Comparison: training_results/conv_nstb/scunet_ngswin_conv_nstb/images/final_test_psnr_g_test_2/dataset7_CLINIC_metal_0049_data_comparison.png
25-07-08 16:16:53.820 : Saved clinical test 60: dataset7_CLINIC_metal_0059_data
25-07-08 16:16:53.828 :   Original: training_results/conv_nstb/scunet_ngswin_conv_nstb/images/final_test_psnr_g_test_2/dataset7_CLINIC_metal_0059_data_original.png
25-07-08 16:16:53.828 :   Enhanced: training_results/conv_nstb/scunet_ngswin_conv_nstb/images/final_test_psnr_g_test_2/dataset7_CLINIC_metal_0059_data_enhanced.png
25-07-08 16:16:53.828 :   Comparison: training_results/conv_nstb/scunet_ngswin_conv_nstb/images/final_test_psnr_g_test_2/dataset7_CLINIC_metal_0059_data_comparison.png
25-07-08 16:17:07.975 : Saved clinical test 70: dataset7_CLINIC_metal_0069_data
25-07-08 16:17:07.975 :   Original: training_results/conv_nstb/scunet_ngswin_conv_nstb/images/final_test_psnr_g_test_2/dataset7_CLINIC_metal_0069_data_original.png
25-07-08 16:17:07.975 :   Enhanced: training_results/conv_nstb/scunet_ngswin_conv_nstb/images/final_test_psnr_g_test_2/dataset7_CLINIC_metal_0069_data_enhanced.png
25-07-08 16:17:07.975 :   Comparison: training_results/conv_nstb/scunet_ngswin_conv_nstb/images/final_test_psnr_g_test_2/dataset7_CLINIC_metal_0069_data_comparison.png
25-07-08 16:17:16.061 : ------------------------------------------------------------
25-07-08 16:17:16.061 : PSNR_G CLINICAL INFERENCE RESULTS:
25-07-08 16:17:16.061 : Processed 75 clinical images
25-07-08 16:17:16.061 : Enhanced images saved with before/after comparison
25-07-08 16:17:16.061 : Images saved: 7 (every 10th)
25-07-08 16:17:16.061 : Test images directory: training_results/conv_nstb/scunet_ngswin_conv_nstb/images/final_test_psnr_g_test_2
25-07-08 16:17:16.061 : ------------------------------------------------------------
25-07-08 16:17:16.062 : ================================================================================
25-07-08 16:17:16.062 : FINAL TEST SUMMARY - ALL CHECKPOINTS
25-07-08 16:17:16.062 : ================================================================================
25-07-08 16:19:17.651 :   task: scunet_ngswin_conv_nstb
  model: scunet_ngswin
  gpu_ids: [0]
  dist: False
  scale: 1
  n_channels: 1
  path:[
    root: training_results/conv_nstb
    pretrained_netG: training_results/conv_nstb/scunet_ngswin_conv_nstb/models/540000_G.pth
    pretrained_netE: training_results/conv_nstb/scunet_ngswin_conv_nstb/models/540000_E.pth
    task: training_results/conv_nstb/scunet_ngswin_conv_nstb
    log: training_results/conv_nstb/scunet_ngswin_conv_nstb
    options: training_results/conv_nstb/scunet_ngswin_conv_nstb/options
    models: training_results/conv_nstb/scunet_ngswin_conv_nstb/models
    images: training_results/conv_nstb/scunet_ngswin_conv_nstb/images
    pretrained_optimizerG: None
  ]
  datasets:[
    train:[
      name: syn_deeplesion_train_li_ct
      dataset_type: li_ct
      dataroot_H: /home/Drive-D/SynDeepLesion/train_640geo
      dataloader_shuffle: True
      dataloader_num_workers: 16
      dataloader_batch_size: 6
      phase: train
      scale: 1
      n_channels: 1
    ]
    test:[
      name: syn_deeplesion_test_li_ct
      dataset_type: li_ct
      dataroot_H: /home/Drive-D/SynDeepLesion/test_640geo
      phase: test
      scale: 1
      n_channels: 1
    ]
    test_2:[
      name: clinical_metal_test_nii_ct
      dataset_type: nii_ct
      dataroot_H: /home/Drive-D/clinical_metal
      phase: test
      scale: 1
      n_channels: 1
    ]
  ]
  netG:[
    net_type: scunet_ngswin
    in_nc: 1
    out_nc: 1
    config: [1, 1, 1, 1, 1, 1, 1]
    dim: 32
    drop_path_rate: 0.0
    input_resolution: 512
    block_variant: conv_nstb
    init_type: kaiming_normal
    init_bn_type: constant
    init_gain: 1.0
    scale: 1
  ]
  train:[
    G_lossfn_type: l1
    G_lossfn_weight: 1.0
    E_decay: 0.999
    G_optimizer_type: adam
    G_optimizer_lr: 0.0001
    G_optimizer_wd: 0
    G_scheduler_type: MultiStepLR
    G_scheduler_milestones: [200000, 400000, 600000, 800000]
    G_scheduler_gamma: 0.5
    G_param_strict: True
    E_param_strict: True
    checkpoint_test: 20000
    checkpoint_save: 10000
    checkpoint_print: 1000
    use_fp16: True
    test_both_checkpoints: True
    test_save_every_nth: 10
    F_feature_layer: 34
    F_weights: 1.0
    F_lossfn_type: l1
    F_use_input_norm: True
    F_use_range_norm: False
    G_optimizer_betas: [0.9, 0.999]
    G_scheduler_restart_weights: 1
    G_optimizer_reuse: False
  ]
  opt_path: options/train_scunet_ngswin_1.json
  is_train: True
  merge_bn: False
  merge_bn_startpoint: -1
  find_unused_parameters: False
  use_static_graph: False
  num_gpu: 1
  device: cuda

25-07-08 16:19:17.651 : Using device: cuda
25-07-08 16:19:35.795 : Total samples: 36,116 | Train: 32,505 (90.0%) | Validation: 3,611 (10.0%)
25-07-08 16:19:35.795 : Training iters per epoch: 5,418
25-07-08 16:19:35.821 : Test set samples: 75
25-07-08 16:19:36.898 : 
Networks name: SCUNet_NGSwin
Params number: 5348264
Net structure:
SCUNet_NGSwin(
  (m_head): Sequential(
    (0): Conv2d(1, 64, kernel_size=(3, 3), stride=(1, 1), padding=(1, 1), bias=False)
  )
  (m_down1): Sequential(
    (0): ConvNSTBBlock(
      (conv1_1): Conv2d(64, 64, kernel_size=(1, 1), stride=(1, 1))
      (conv_block): Sequential(
        (0): Conv2d(32, 32, kernel_size=(3, 3), stride=(1, 1), padding=(1, 1), bias=False)
        (1): ReLU(inplace=True)
        (2): Conv2d(32, 32, kernel_size=(3, 3), stride=(1, 1), padding=(1, 1), bias=False)
      )
      (nstb_block): NSTB(
        (ngram_window_partition): NGramWindowPartition(
          (ngram_context): NGramContext(
            (unigram_embed): Conv2d(32, 16, kernel_size=(8, 8), stride=(8, 8), groups=16)
            (ngram_attn): WindowAttention(
              (qkv): Linear(in_features=16, out_features=48, bias=True)
              (attn_drop): Dropout(p=0.0, inplace=False)
              (proj): Linear(in_features=16, out_features=16, bias=True)
              (proj_drop): Dropout(p=0.0, inplace=False)
              (softmax): Softmax(dim=-1)
            )
            (avg_pool): AvgPool2d(kernel_size=2, stride=2, padding=0)
            (merge): Conv2d(32, 32, kernel_size=(1, 1), stride=(1, 1))
          )
        )
        (attn): WindowAttention(
          (qkv): Linear(in_features=32, out_features=96, bias=True)
          (attn_drop): Dropout(p=0.0, inplace=False)
          (proj): Linear(in_features=32, out_features=32, bias=True)
          (proj_drop): Dropout(p=0.0, inplace=False)
          (softmax): Softmax(dim=-1)
        )
        (norm1): LayerNorm((32,), eps=1e-05, elementwise_affine=True)
        (drop_path): Identity()
        (ffn): Mlp(
          (fc1): Linear(in_features=32, out_features=64, bias=True)
          (act): GELU(approximate='none')
          (drop1): Dropout(p=0.0, inplace=False)
          (norm): Identity()
          (fc2): Linear(in_features=64, out_features=32, bias=True)
          (drop2): Dropout(p=0.0, inplace=False)
        )
        (norm2): LayerNorm((32,), eps=1e-05, elementwise_affine=True)
      )
      (conv1_2): Conv2d(64, 64, kernel_size=(1, 1), stride=(1, 1))
    )
    (1): Conv2d(64, 128, kernel_size=(2, 2), stride=(2, 2), bias=False)
  )
  (m_down2): Sequential(
    (0): ConvNSTBBlock(
      (conv1_1): Conv2d(128, 128, kernel_size=(1, 1), stride=(1, 1))
      (conv_block): Sequential(
        (0): Conv2d(64, 64, kernel_size=(3, 3), stride=(1, 1), padding=(1, 1), bias=False)
        (1): ReLU(inplace=True)
        (2): Conv2d(64, 64, kernel_size=(3, 3), stride=(1, 1), padding=(1, 1), bias=False)
      )
      (nstb_block): NSTB(
        (ngram_window_partition): NGramWindowPartition(
          (ngram_context): NGramContext(
            (unigram_embed): Conv2d(64, 32, kernel_size=(8, 8), stride=(8, 8), groups=32)
            (ngram_attn): WindowAttention(
              (qkv): Linear(in_features=32, out_features=96, bias=True)
              (attn_drop): Dropout(p=0.0, inplace=False)
              (proj): Linear(in_features=32, out_features=32, bias=True)
              (proj_drop): Dropout(p=0.0, inplace=False)
              (softmax): Softmax(dim=-1)
            )
            (avg_pool): AvgPool2d(kernel_size=2, stride=2, padding=0)
            (merge): Conv2d(64, 64, kernel_size=(1, 1), stride=(1, 1))
          )
        )
        (attn): WindowAttention(
          (qkv): Linear(in_features=64, out_features=192, bias=True)
          (attn_drop): Dropout(p=0.0, inplace=False)
          (proj): Linear(in_features=64, out_features=64, bias=True)
          (proj_drop): Dropout(p=0.0, inplace=False)
          (softmax): Softmax(dim=-1)
        )
        (norm1): LayerNorm((64,), eps=1e-05, elementwise_affine=True)
        (drop_path): Identity()
        (ffn): Mlp(
          (fc1): Linear(in_features=64, out_features=128, bias=True)
          (act): GELU(approximate='none')
          (drop1): Dropout(p=0.0, inplace=False)
          (norm): Identity()
          (fc2): Linear(in_features=128, out_features=64, bias=True)
          (drop2): Dropout(p=0.0, inplace=False)
        )
        (norm2): LayerNorm((64,), eps=1e-05, elementwise_affine=True)
      )
      (conv1_2): Conv2d(128, 128, kernel_size=(1, 1), stride=(1, 1))
    )
    (1): Conv2d(128, 256, kernel_size=(2, 2), stride=(2, 2), bias=False)
  )
  (m_down3): Sequential(
    (0): ConvNSTBBlock(
      (conv1_1): Conv2d(256, 256, kernel_size=(1, 1), stride=(1, 1))
      (conv_block): Sequential(
        (0): Conv2d(128, 128, kernel_size=(3, 3), stride=(1, 1), padding=(1, 1), bias=False)
        (1): ReLU(inplace=True)
        (2): Conv2d(128, 128, kernel_size=(3, 3), stride=(1, 1), padding=(1, 1), bias=False)
      )
      (nstb_block): NSTB(
        (ngram_window_partition): NGramWindowPartition(
          (ngram_context): NGramContext(
            (unigram_embed): Conv2d(128, 64, kernel_size=(8, 8), stride=(8, 8), groups=64)
            (ngram_attn): WindowAttention(
              (qkv): Linear(in_features=64, out_features=192, bias=True)
              (attn_drop): Dropout(p=0.0, inplace=False)
              (proj): Linear(in_features=64, out_features=64, bias=True)
              (proj_drop): Dropout(p=0.0, inplace=False)
              (softmax): Softmax(dim=-1)
            )
            (avg_pool): AvgPool2d(kernel_size=2, stride=2, padding=0)
            (merge): Conv2d(128, 128, kernel_size=(1, 1), stride=(1, 1))
          )
        )
        (attn): WindowAttention(
          (qkv): Linear(in_features=128, out_features=384, bias=True)
          (attn_drop): Dropout(p=0.0, inplace=False)
          (proj): Linear(in_features=128, out_features=128, bias=True)
          (proj_drop): Dropout(p=0.0, inplace=False)
          (softmax): Softmax(dim=-1)
        )
        (norm1): LayerNorm((128,), eps=1e-05, elementwise_affine=True)
        (drop_path): Identity()
        (ffn): Mlp(
          (fc1): Linear(in_features=128, out_features=256, bias=True)
          (act): GELU(approximate='none')
          (drop1): Dropout(p=0.0, inplace=False)
          (norm): Identity()
          (fc2): Linear(in_features=256, out_features=128, bias=True)
          (drop2): Dropout(p=0.0, inplace=False)
        )
        (norm2): LayerNorm((128,), eps=1e-05, elementwise_affine=True)
      )
      (conv1_2): Conv2d(256, 256, kernel_size=(1, 1), stride=(1, 1))
    )
    (1): Conv2d(256, 512, kernel_size=(2, 2), stride=(2, 2), bias=False)
  )
  (m_body): Sequential(
    (0): ConvNSTBBlock(
      (conv1_1): Conv2d(512, 512, kernel_size=(1, 1), stride=(1, 1))
      (conv_block): Sequential(
        (0): Conv2d(256, 256, kernel_size=(3, 3), stride=(1, 1), padding=(1, 1), bias=False)
        (1): ReLU(inplace=True)
        (2): Conv2d(256, 256, kernel_size=(3, 3), stride=(1, 1), padding=(1, 1), bias=False)
      )
      (nstb_block): NSTB(
        (ngram_window_partition): NGramWindowPartition(
          (ngram_context): NGramContext(
            (unigram_embed): Conv2d(256, 128, kernel_size=(8, 8), stride=(8, 8), groups=128)
            (ngram_attn): WindowAttention(
              (qkv): Linear(in_features=128, out_features=384, bias=True)
              (attn_drop): Dropout(p=0.0, inplace=False)
              (proj): Linear(in_features=128, out_features=128, bias=True)
              (proj_drop): Dropout(p=0.0, inplace=False)
              (softmax): Softmax(dim=-1)
            )
            (avg_pool): AvgPool2d(kernel_size=2, stride=2, padding=0)
            (merge): Conv2d(256, 256, kernel_size=(1, 1), stride=(1, 1))
          )
        )
        (attn): WindowAttention(
          (qkv): Linear(in_features=256, out_features=768, bias=True)
          (attn_drop): Dropout(p=0.0, inplace=False)
          (proj): Linear(in_features=256, out_features=256, bias=True)
          (proj_drop): Dropout(p=0.0, inplace=False)
          (softmax): Softmax(dim=-1)
        )
        (norm1): LayerNorm((256,), eps=1e-05, elementwise_affine=True)
        (drop_path): Identity()
        (ffn): Mlp(
          (fc1): Linear(in_features=256, out_features=512, bias=True)
          (act): GELU(approximate='none')
          (drop1): Dropout(p=0.0, inplace=False)
          (norm): Identity()
          (fc2): Linear(in_features=512, out_features=256, bias=True)
          (drop2): Dropout(p=0.0, inplace=False)
        )
        (norm2): LayerNorm((256,), eps=1e-05, elementwise_affine=True)
      )
      (conv1_2): Conv2d(512, 512, kernel_size=(1, 1), stride=(1, 1))
    )
  )
  (m_up3): Sequential(
    (0): ConvTranspose2d(512, 256, kernel_size=(2, 2), stride=(2, 2), bias=False)
    (1): ConvNSTBBlock(
      (conv1_1): Conv2d(256, 256, kernel_size=(1, 1), stride=(1, 1))
      (conv_block): Sequential(
        (0): Conv2d(128, 128, kernel_size=(3, 3), stride=(1, 1), padding=(1, 1), bias=False)
        (1): ReLU(inplace=True)
        (2): Conv2d(128, 128, kernel_size=(3, 3), stride=(1, 1), padding=(1, 1), bias=False)
      )
      (nstb_block): NSTB(
        (ngram_window_partition): NGramWindowPartition(
          (ngram_context): NGramContext(
            (unigram_embed): Conv2d(128, 64, kernel_size=(8, 8), stride=(8, 8), groups=64)
            (ngram_attn): WindowAttention(
              (qkv): Linear(in_features=64, out_features=192, bias=True)
              (attn_drop): Dropout(p=0.0, inplace=False)
              (proj): Linear(in_features=64, out_features=64, bias=True)
              (proj_drop): Dropout(p=0.0, inplace=False)
              (softmax): Softmax(dim=-1)
            )
            (avg_pool): AvgPool2d(kernel_size=2, stride=2, padding=0)
            (merge): Conv2d(128, 128, kernel_size=(1, 1), stride=(1, 1))
          )
        )
        (attn): WindowAttention(
          (qkv): Linear(in_features=128, out_features=384, bias=True)
          (attn_drop): Dropout(p=0.0, inplace=False)
          (proj): Linear(in_features=128, out_features=128, bias=True)
          (proj_drop): Dropout(p=0.0, inplace=False)
          (softmax): Softmax(dim=-1)
        )
        (norm1): LayerNorm((128,), eps=1e-05, elementwise_affine=True)
        (drop_path): Identity()
        (ffn): Mlp(
          (fc1): Linear(in_features=128, out_features=256, bias=True)
          (act): GELU(approximate='none')
          (drop1): Dropout(p=0.0, inplace=False)
          (norm): Identity()
          (fc2): Linear(in_features=256, out_features=128, bias=True)
          (drop2): Dropout(p=0.0, inplace=False)
        )
        (norm2): LayerNorm((128,), eps=1e-05, elementwise_affine=True)
      )
      (conv1_2): Conv2d(256, 256, kernel_size=(1, 1), stride=(1, 1))
    )
  )
  (m_up2): Sequential(
    (0): ConvTranspose2d(256, 128, kernel_size=(2, 2), stride=(2, 2), bias=False)
    (1): ConvNSTBBlock(
      (conv1_1): Conv2d(128, 128, kernel_size=(1, 1), stride=(1, 1))
      (conv_block): Sequential(
        (0): Conv2d(64, 64, kernel_size=(3, 3), stride=(1, 1), padding=(1, 1), bias=False)
        (1): ReLU(inplace=True)
        (2): Conv2d(64, 64, kernel_size=(3, 3), stride=(1, 1), padding=(1, 1), bias=False)
      )
      (nstb_block): NSTB(
        (ngram_window_partition): NGramWindowPartition(
          (ngram_context): NGramContext(
            (unigram_embed): Conv2d(64, 32, kernel_size=(8, 8), stride=(8, 8), groups=32)
            (ngram_attn): WindowAttention(
              (qkv): Linear(in_features=32, out_features=96, bias=True)
              (attn_drop): Dropout(p=0.0, inplace=False)
              (proj): Linear(in_features=32, out_features=32, bias=True)
              (proj_drop): Dropout(p=0.0, inplace=False)
              (softmax): Softmax(dim=-1)
            )
            (avg_pool): AvgPool2d(kernel_size=2, stride=2, padding=0)
            (merge): Conv2d(64, 64, kernel_size=(1, 1), stride=(1, 1))
          )
        )
        (attn): WindowAttention(
          (qkv): Linear(in_features=64, out_features=192, bias=True)
          (attn_drop): Dropout(p=0.0, inplace=False)
          (proj): Linear(in_features=64, out_features=64, bias=True)
          (proj_drop): Dropout(p=0.0, inplace=False)
          (softmax): Softmax(dim=-1)
        )
        (norm1): LayerNorm((64,), eps=1e-05, elementwise_affine=True)
        (drop_path): Identity()
        (ffn): Mlp(
          (fc1): Linear(in_features=64, out_features=128, bias=True)
          (act): GELU(approximate='none')
          (drop1): Dropout(p=0.0, inplace=False)
          (norm): Identity()
          (fc2): Linear(in_features=128, out_features=64, bias=True)
          (drop2): Dropout(p=0.0, inplace=False)
        )
        (norm2): LayerNorm((64,), eps=1e-05, elementwise_affine=True)
      )
      (conv1_2): Conv2d(128, 128, kernel_size=(1, 1), stride=(1, 1))
    )
  )
  (m_up1): Sequential(
    (0): ConvTranspose2d(128, 64, kernel_size=(2, 2), stride=(2, 2), bias=False)
    (1): ConvNSTBBlock(
      (conv1_1): Conv2d(64, 64, kernel_size=(1, 1), stride=(1, 1))
      (conv_block): Sequential(
        (0): Conv2d(32, 32, kernel_size=(3, 3), stride=(1, 1), padding=(1, 1), bias=False)
        (1): ReLU(inplace=True)
        (2): Conv2d(32, 32, kernel_size=(3, 3), stride=(1, 1), padding=(1, 1), bias=False)
      )
      (nstb_block): NSTB(
        (ngram_window_partition): NGramWindowPartition(
          (ngram_context): NGramContext(
            (unigram_embed): Conv2d(32, 16, kernel_size=(8, 8), stride=(8, 8), groups=16)
            (ngram_attn): WindowAttention(
              (qkv): Linear(in_features=16, out_features=48, bias=True)
              (attn_drop): Dropout(p=0.0, inplace=False)
              (proj): Linear(in_features=16, out_features=16, bias=True)
              (proj_drop): Dropout(p=0.0, inplace=False)
              (softmax): Softmax(dim=-1)
            )
            (avg_pool): AvgPool2d(kernel_size=2, stride=2, padding=0)
            (merge): Conv2d(32, 32, kernel_size=(1, 1), stride=(1, 1))
          )
        )
        (attn): WindowAttention(
          (qkv): Linear(in_features=32, out_features=96, bias=True)
          (attn_drop): Dropout(p=0.0, inplace=False)
          (proj): Linear(in_features=32, out_features=32, bias=True)
          (proj_drop): Dropout(p=0.0, inplace=False)
          (softmax): Softmax(dim=-1)
        )
        (norm1): LayerNorm((32,), eps=1e-05, elementwise_affine=True)
        (drop_path): Identity()
        (ffn): Mlp(
          (fc1): Linear(in_features=32, out_features=64, bias=True)
          (act): GELU(approximate='none')
          (drop1): Dropout(p=0.0, inplace=False)
          (norm): Identity()
          (fc2): Linear(in_features=64, out_features=32, bias=True)
          (drop2): Dropout(p=0.0, inplace=False)
        )
        (norm2): LayerNorm((32,), eps=1e-05, elementwise_affine=True)
      )
      (conv1_2): Conv2d(64, 64, kernel_size=(1, 1), stride=(1, 1))
    )
  )
  (m_tail): Sequential(
    (0): Conv2d(64, 1, kernel_size=(3, 3), stride=(1, 1), padding=(1, 1), bias=False)
  )
)

25-07-08 16:19:36.935 : 
 |  mean  |  min   |  max   |  std   || shape               
 |  0.006 | -0.457 |  0.432 |  0.201 | torch.Size([64, 1, 3, 3]) || m_head.0.weight
 | -0.005 | -1.429 |  2.076 |  0.179 | torch.Size([64, 64, 1, 1]) || m_down1.0.conv1_1.weight
 | -0.012 | -0.131 |  0.130 |  0.067 | torch.Size([64]) || m_down1.0.conv1_1.bias
 |  0.001 | -0.872 |  0.929 |  0.077 | torch.Size([32, 32, 3, 3]) || m_down1.0.conv_block.0.weight
 | -0.000 | -0.347 |  0.371 |  0.065 | torch.Size([32, 32, 3, 3]) || m_down1.0.conv_block.2.weight
 | -12.109 | -100.000 |  0.000 | 32.624 | torch.Size([64, 64, 64]) || m_down1.0.nstb_block.attn_mask
 | -0.002 | -0.203 |  0.214 |  0.062 | torch.Size([16, 2, 8, 8]) || m_down1.0.nstb_block.ngram_window_partition.ngram_context.unigram_embed.weight
 |  0.025 | -0.077 |  0.113 |  0.050 | torch.Size([16]) || m_down1.0.nstb_block.ngram_window_partition.ngram_context.unigram_embed.bias
 |  2.377 |  2.377 |  2.377 |    nan | torch.Size([1, 1, 1]) || m_down1.0.nstb_block.ngram_window_partition.ngram_context.ngram_attn.logit_scale
 | -0.004 | -0.186 |  0.243 |  0.150 | torch.Size([9, 1]) || m_down1.0.nstb_block.ngram_window_partition.ngram_context.ngram_attn.relative_position_bias_table
 |  4.000 |  0.000 |  8.000 |  2.309 | torch.Size([4, 4]) || m_down1.0.nstb_block.ngram_window_partition.ngram_context.ngram_attn.relative_position_index
 |  0.006 | -0.430 |  0.479 |  0.159 | torch.Size([48, 16]) || m_down1.0.nstb_block.ngram_window_partition.ngram_context.ngram_attn.qkv.weight
 | -0.023 | -0.214 |  0.191 |  0.115 | torch.Size([48]) || m_down1.0.nstb_block.ngram_window_partition.ngram_context.ngram_attn.qkv.bias
 |  0.013 | -0.256 |  0.273 |  0.134 | torch.Size([16, 16]) || m_down1.0.nstb_block.ngram_window_partition.ngram_context.ngram_attn.proj.weight
 | -0.011 | -0.196 |  0.142 |  0.107 | torch.Size([16]) || m_down1.0.nstb_block.ngram_window_partition.ngram_context.ngram_attn.proj.bias
 | -0.001 | -0.299 |  0.229 |  0.102 | torch.Size([32, 32, 1, 1]) || m_down1.0.nstb_block.ngram_window_partition.ngram_context.merge.weight
 | -0.006 | -0.145 |  0.165 |  0.088 | torch.Size([32]) || m_down1.0.nstb_block.ngram_window_partition.ngram_context.merge.bias
 |  3.644 |  3.644 |  3.644 |    nan | torch.Size([1, 1, 1]) || m_down1.0.nstb_block.attn.logit_scale
 | -0.248 | -0.805 |  0.980 |  0.378 | torch.Size([225, 1]) || m_down1.0.nstb_block.attn.relative_position_bias_table
 | 112.000 |  0.000 | 224.000 | 48.719 | torch.Size([64, 64]) || m_down1.0.nstb_block.attn.relative_position_index
 |  0.001 | -0.694 |  0.564 |  0.132 | torch.Size([96, 32]) || m_down1.0.nstb_block.attn.qkv.weight
 | -0.006 | -0.188 |  0.167 |  0.082 | torch.Size([96]) || m_down1.0.nstb_block.attn.qkv.bias
 | -0.003 | -0.326 |  0.270 |  0.109 | torch.Size([32, 32]) || m_down1.0.nstb_block.attn.proj.weight
 |  0.011 | -0.225 |  0.194 |  0.117 | torch.Size([32]) || m_down1.0.nstb_block.attn.proj.bias
 |  0.979 |  0.893 |  1.069 |  0.035 | torch.Size([32]) || m_down1.0.nstb_block.norm1.weight
 |  0.010 | -0.009 |  0.036 |  0.011 | torch.Size([32]) || m_down1.0.nstb_block.norm1.bias
 |  0.001 | -0.487 |  0.653 |  0.135 | torch.Size([64, 32]) || m_down1.0.nstb_block.ffn.fc1.weight
 | -0.000 | -0.199 |  0.164 |  0.094 | torch.Size([64]) || m_down1.0.nstb_block.ffn.fc1.bias
 | -0.003 | -0.221 |  0.253 |  0.081 | torch.Size([32, 64]) || m_down1.0.nstb_block.ffn.fc2.weight
 | -0.016 | -0.124 |  0.153 |  0.082 | torch.Size([32]) || m_down1.0.nstb_block.ffn.fc2.bias
 |  0.962 |  0.790 |  1.003 |  0.042 | torch.Size([32]) || m_down1.0.nstb_block.norm2.weight
 |  0.010 | -0.014 |  0.042 |  0.012 | torch.Size([32]) || m_down1.0.nstb_block.norm2.bias
 | -0.002 | -0.398 |  0.545 |  0.087 | torch.Size([64, 64, 1, 1]) || m_down1.0.conv1_2.weight
 |  0.006 | -0.104 |  0.131 |  0.065 | torch.Size([64]) || m_down1.0.conv1_2.bias
 |  0.000 | -0.329 |  0.276 |  0.051 | torch.Size([128, 64, 2, 2]) || m_down1.1.weight
 |  0.000 | -0.352 |  0.366 |  0.076 | torch.Size([128, 128, 1, 1]) || m_down2.0.conv1_1.weight
 | -0.006 | -0.107 |  0.091 |  0.045 | torch.Size([128]) || m_down2.0.conv1_1.bias
 |  0.002 | -0.371 |  0.360 |  0.055 | torch.Size([64, 64, 3, 3]) || m_down2.0.conv_block.0.weight
 |  0.000 | -0.351 |  0.427 |  0.056 | torch.Size([64, 64, 3, 3]) || m_down2.0.conv_block.2.weight
 | -23.438 | -100.000 |  0.000 | 42.361 | torch.Size([16, 64, 64]) || m_down2.0.nstb_block.attn_mask
 | -0.002 | -0.272 |  0.309 |  0.068 | torch.Size([32, 2, 8, 8]) || m_down2.0.nstb_block.ngram_window_partition.ngram_context.unigram_embed.weight
 |  0.003 | -0.066 |  0.077 |  0.046 | torch.Size([32]) || m_down2.0.nstb_block.ngram_window_partition.ngram_context.unigram_embed.bias
 |  2.287 |  2.182 |  2.392 |  0.149 | torch.Size([2, 1, 1]) || m_down2.0.nstb_block.ngram_window_partition.ngram_context.ngram_attn.logit_scale
 | -0.013 | -0.395 |  0.468 |  0.255 | torch.Size([9, 2]) || m_down2.0.nstb_block.ngram_window_partition.ngram_context.ngram_attn.relative_position_bias_table
 |  4.000 |  0.000 |  8.000 |  2.309 | torch.Size([4, 4]) || m_down2.0.nstb_block.ngram_window_partition.ngram_context.ngram_attn.relative_position_index
 |  0.002 | -0.368 |  0.387 |  0.115 | torch.Size([96, 32]) || m_down2.0.nstb_block.ngram_window_partition.ngram_context.ngram_attn.qkv.weight
 |  0.025 | -0.195 |  0.229 |  0.101 | torch.Size([96]) || m_down2.0.nstb_block.ngram_window_partition.ngram_context.ngram_attn.qkv.bias
 | -0.001 | -0.248 |  0.244 |  0.103 | torch.Size([32, 32]) || m_down2.0.nstb_block.ngram_window_partition.ngram_context.ngram_attn.proj.weight
 |  0.002 | -0.126 |  0.144 |  0.063 | torch.Size([32]) || m_down2.0.nstb_block.ngram_window_partition.ngram_context.ngram_attn.proj.bias
 |  0.001 | -0.249 |  0.216 |  0.077 | torch.Size([64, 64, 1, 1]) || m_down2.0.nstb_block.ngram_window_partition.ngram_context.merge.weight
 |  0.002 | -0.102 |  0.116 |  0.058 | torch.Size([64]) || m_down2.0.nstb_block.ngram_window_partition.ngram_context.merge.bias
 |  2.817 |  2.595 |  3.039 |  0.314 | torch.Size([2, 1, 1]) || m_down2.0.nstb_block.attn.logit_scale
 | -0.331 | -1.011 |  1.407 |  0.399 | torch.Size([225, 2]) || m_down2.0.nstb_block.attn.relative_position_bias_table
 | 112.000 |  0.000 | 224.000 | 48.719 | torch.Size([64, 64]) || m_down2.0.nstb_block.attn.relative_position_index
 |  0.001 | -0.304 |  0.357 |  0.089 | torch.Size([192, 64]) || m_down2.0.nstb_block.attn.qkv.weight
 | -0.011 | -0.222 |  0.156 |  0.070 | torch.Size([192]) || m_down2.0.nstb_block.attn.qkv.bias
 | -0.003 | -0.209 |  0.233 |  0.082 | torch.Size([64, 64]) || m_down2.0.nstb_block.attn.proj.weight
 |  0.000 | -0.188 |  0.197 |  0.091 | torch.Size([64]) || m_down2.0.nstb_block.attn.proj.bias
 |  0.953 |  0.868 |  1.011 |  0.036 | torch.Size([64]) || m_down2.0.nstb_block.norm1.weight
 |  0.002 | -0.023 |  0.034 |  0.012 | torch.Size([64]) || m_down2.0.nstb_block.norm1.bias
 |  0.001 | -0.386 |  0.402 |  0.102 | torch.Size([128, 64]) || m_down2.0.nstb_block.ffn.fc1.weight
 | -0.006 | -0.160 |  0.126 |  0.079 | torch.Size([128]) || m_down2.0.nstb_block.ffn.fc1.bias
 |  0.001 | -0.237 |  0.256 |  0.066 | torch.Size([64, 128]) || m_down2.0.nstb_block.ffn.fc2.weight
 | -0.003 | -0.163 |  0.140 |  0.070 | torch.Size([64]) || m_down2.0.nstb_block.ffn.fc2.bias
 |  0.963 |  0.881 |  1.030 |  0.026 | torch.Size([64]) || m_down2.0.nstb_block.norm2.weight
 | -0.000 | -0.043 |  0.033 |  0.018 | torch.Size([64]) || m_down2.0.nstb_block.norm2.bias
 | -0.000 | -0.196 |  0.180 |  0.057 | torch.Size([128, 128, 1, 1]) || m_down2.0.conv1_2.weight
 | -0.007 | -0.076 |  0.072 |  0.036 | torch.Size([128]) || m_down2.0.conv1_2.bias
 | -0.000 | -0.173 |  0.220 |  0.044 | torch.Size([256, 128, 2, 2]) || m_down2.1.weight
 |  0.000 | -0.219 |  0.200 |  0.052 | torch.Size([256, 256, 1, 1]) || m_down3.0.conv1_1.weight
 | -0.000 | -0.122 |  0.083 |  0.030 | torch.Size([256]) || m_down3.0.conv1_1.bias
 |  0.000 | -0.453 |  0.393 |  0.049 | torch.Size([128, 128, 3, 3]) || m_down3.0.conv_block.0.weight
 |  0.000 | -0.337 |  0.397 |  0.049 | torch.Size([128, 128, 3, 3]) || m_down3.0.conv_block.2.weight
 | -43.750 | -100.000 |  0.000 | 49.609 | torch.Size([4, 64, 64]) || m_down3.0.nstb_block.attn_mask
 |  0.002 | -0.255 |  0.292 |  0.072 | torch.Size([64, 2, 8, 8]) || m_down3.0.nstb_block.ngram_window_partition.ngram_context.unigram_embed.weight
 |  0.009 | -0.089 |  0.104 |  0.047 | torch.Size([64]) || m_down3.0.nstb_block.ngram_window_partition.ngram_context.unigram_embed.bias
 |  2.348 |  2.267 |  2.393 |  0.058 | torch.Size([4, 1, 1]) || m_down3.0.nstb_block.ngram_window_partition.ngram_context.ngram_attn.logit_scale
 | -0.006 | -0.505 |  0.556 |  0.245 | torch.Size([9, 4]) || m_down3.0.nstb_block.ngram_window_partition.ngram_context.ngram_attn.relative_position_bias_table
 |  4.000 |  0.000 |  8.000 |  2.309 | torch.Size([4, 4]) || m_down3.0.nstb_block.ngram_window_partition.ngram_context.ngram_attn.relative_position_index
 |  0.001 | -0.299 |  0.323 |  0.088 | torch.Size([192, 64]) || m_down3.0.nstb_block.ngram_window_partition.ngram_context.ngram_attn.qkv.weight
 | -0.009 | -0.236 |  0.286 |  0.102 | torch.Size([192]) || m_down3.0.nstb_block.ngram_window_partition.ngram_context.ngram_attn.qkv.bias
 |  0.001 | -0.234 |  0.225 |  0.086 | torch.Size([64, 64]) || m_down3.0.nstb_block.ngram_window_partition.ngram_context.ngram_attn.proj.weight
 | -0.001 | -0.095 |  0.097 |  0.055 | torch.Size([64]) || m_down3.0.nstb_block.ngram_window_partition.ngram_context.ngram_attn.proj.bias
 | -0.000 | -0.217 |  0.214 |  0.067 | torch.Size([128, 128, 1, 1]) || m_down3.0.nstb_block.ngram_window_partition.ngram_context.merge.weight
 |  0.001 | -0.101 |  0.096 |  0.043 | torch.Size([128]) || m_down3.0.nstb_block.ngram_window_partition.ngram_context.merge.bias
 |  2.460 |  2.342 |  2.742 |  0.190 | torch.Size([4, 1, 1]) || m_down3.0.nstb_block.attn.logit_scale
 | -0.071 | -0.705 |  0.820 |  0.226 | torch.Size([225, 4]) || m_down3.0.nstb_block.attn.relative_position_bias_table
 | 112.000 |  0.000 | 224.000 | 48.719 | torch.Size([64, 64]) || m_down3.0.nstb_block.attn.relative_position_index
 | -0.000 | -0.322 |  0.283 |  0.069 | torch.Size([384, 128]) || m_down3.0.nstb_block.attn.qkv.weight
 | -0.000 | -0.206 |  0.273 |  0.069 | torch.Size([384]) || m_down3.0.nstb_block.attn.qkv.bias
 | -0.000 | -0.200 |  0.212 |  0.066 | torch.Size([128, 128]) || m_down3.0.nstb_block.attn.proj.weight
 | -0.004 | -0.185 |  0.206 |  0.079 | torch.Size([128]) || m_down3.0.nstb_block.attn.proj.bias
 |  0.932 |  0.843 |  0.995 |  0.035 | torch.Size([128]) || m_down3.0.nstb_block.norm1.weight
 | -0.000 | -0.026 |  0.024 |  0.010 | torch.Size([128]) || m_down3.0.nstb_block.norm1.bias
 |  0.001 | -0.412 |  0.468 |  0.089 | torch.Size([256, 128]) || m_down3.0.nstb_block.ffn.fc1.weight
 | -0.006 | -0.140 |  0.105 |  0.053 | torch.Size([256]) || m_down3.0.nstb_block.ffn.fc1.bias
 | -0.000 | -0.383 |  0.314 |  0.057 | torch.Size([128, 256]) || m_down3.0.nstb_block.ffn.fc2.weight
 |  0.005 | -0.115 |  0.093 |  0.046 | torch.Size([128]) || m_down3.0.nstb_block.ffn.fc2.bias
 |  0.928 |  0.706 |  0.976 |  0.047 | torch.Size([128]) || m_down3.0.nstb_block.norm2.weight
 |  0.001 | -0.047 |  0.042 |  0.019 | torch.Size([128]) || m_down3.0.nstb_block.norm2.bias
 | -0.000 | -0.184 |  0.157 |  0.043 | torch.Size([256, 256, 1, 1]) || m_down3.0.conv1_2.weight
 | -0.001 | -0.059 |  0.049 |  0.024 | torch.Size([256]) || m_down3.0.conv1_2.bias
 |  0.000 | -0.177 |  0.219 |  0.039 | torch.Size([512, 256, 2, 2]) || m_down3.1.weight
 |  0.000 | -0.219 |  0.215 |  0.048 | torch.Size([512, 512, 1, 1]) || m_body.0.conv1_1.weight
 |  0.002 | -0.125 |  0.165 |  0.047 | torch.Size([512]) || m_body.0.conv1_1.bias
 |  0.000 | -0.269 |  0.258 |  0.048 | torch.Size([256, 256, 3, 3]) || m_body.0.conv_block.0.weight
 |  0.000 | -0.266 |  0.268 |  0.047 | torch.Size([256, 256, 3, 3]) || m_body.0.conv_block.2.weight
 | -75.000 | -100.000 |  0.000 | 43.307 | torch.Size([1, 64, 64]) || m_body.0.nstb_block.attn_mask
 | -0.000 | -0.260 |  0.288 |  0.071 | torch.Size([128, 2, 8, 8]) || m_body.0.nstb_block.ngram_window_partition.ngram_context.unigram_embed.weight
 | -0.003 | -0.109 |  0.101 |  0.050 | torch.Size([128]) || m_body.0.nstb_block.ngram_window_partition.ngram_context.unigram_embed.bias
 |  2.207 |  1.948 |  2.333 |  0.157 | torch.Size([8, 1, 1]) || m_body.0.nstb_block.ngram_window_partition.ngram_context.ngram_attn.logit_scale
 | -0.020 | -0.956 |  1.610 |  0.388 | torch.Size([9, 8]) || m_body.0.nstb_block.ngram_window_partition.ngram_context.ngram_attn.relative_position_bias_table
 |  4.000 |  0.000 |  8.000 |  2.309 | torch.Size([4, 4]) || m_body.0.nstb_block.ngram_window_partition.ngram_context.ngram_attn.relative_position_index
 |  0.000 | -0.271 |  0.288 |  0.070 | torch.Size([384, 128]) || m_body.0.nstb_block.ngram_window_partition.ngram_context.ngram_attn.qkv.weight
 | -0.003 | -0.306 |  0.230 |  0.087 | torch.Size([384]) || m_body.0.nstb_block.ngram_window_partition.ngram_context.ngram_attn.qkv.bias
 | -0.001 | -0.235 |  0.230 |  0.070 | torch.Size([128, 128]) || m_body.0.nstb_block.ngram_window_partition.ngram_context.ngram_attn.proj.weight
 | -0.003 | -0.080 |  0.072 |  0.037 | torch.Size([128]) || m_body.0.nstb_block.ngram_window_partition.ngram_context.ngram_attn.proj.bias
 | -0.000 | -0.229 |  0.231 |  0.058 | torch.Size([256, 256, 1, 1]) || m_body.0.nstb_block.ngram_window_partition.ngram_context.merge.weight
 |  0.003 | -0.131 |  0.118 |  0.047 | torch.Size([256]) || m_body.0.nstb_block.ngram_window_partition.ngram_context.merge.bias
 |  2.588 |  2.467 |  2.791 |  0.109 | torch.Size([8, 1, 1]) || m_body.0.nstb_block.attn.logit_scale
 | -0.164 | -1.361 |  1.011 |  0.435 | torch.Size([225, 8]) || m_body.0.nstb_block.attn.relative_position_bias_table
 | 112.000 |  0.000 | 224.000 | 48.719 | torch.Size([64, 64]) || m_body.0.nstb_block.attn.relative_position_index
 | -0.000 | -0.277 |  0.258 |  0.058 | torch.Size([768, 256]) || m_body.0.nstb_block.attn.qkv.weight
 | -0.001 | -0.289 |  0.273 |  0.080 | torch.Size([768]) || m_body.0.nstb_block.attn.qkv.bias
 | -0.000 | -0.290 |  0.268 |  0.056 | torch.Size([256, 256]) || m_body.0.nstb_block.attn.proj.weight
 | -0.001 | -0.325 |  0.284 |  0.071 | torch.Size([256]) || m_body.0.nstb_block.attn.proj.bias
 |  0.910 |  0.822 |  0.986 |  0.028 | torch.Size([256]) || m_body.0.nstb_block.norm1.weight
 | -0.003 | -0.094 |  0.081 |  0.024 | torch.Size([256]) || m_body.0.nstb_block.norm1.bias
 |  0.000 | -0.321 |  0.294 |  0.065 | torch.Size([512, 256]) || m_body.0.nstb_block.ffn.fc1.weight
 | -0.021 | -0.114 |  0.112 |  0.040 | torch.Size([512]) || m_body.0.nstb_block.ffn.fc1.bias
 |  0.000 | -0.350 |  0.321 |  0.052 | torch.Size([256, 512]) || m_body.0.nstb_block.ffn.fc2.weight
 |  0.000 | -0.207 |  0.240 |  0.046 | torch.Size([256]) || m_body.0.nstb_block.ffn.fc2.bias
 |  0.953 |  0.813 |  1.049 |  0.034 | torch.Size([256]) || m_body.0.nstb_block.norm2.weight
 | -0.002 | -0.090 |  0.084 |  0.031 | torch.Size([256]) || m_body.0.nstb_block.norm2.bias
 | -0.000 | -0.171 |  0.180 |  0.040 | torch.Size([512, 512, 1, 1]) || m_body.0.conv1_2.weight
 | -0.002 | -0.155 |  0.113 |  0.049 | torch.Size([512]) || m_body.0.conv1_2.bias
 |  0.000 | -0.152 |  0.150 |  0.033 | torch.Size([512, 256, 2, 2]) || m_up3.0.weight
 |  0.001 | -0.206 |  0.197 |  0.052 | torch.Size([256, 256, 1, 1]) || m_up3.1.conv1_1.weight
 | -0.002 | -0.111 |  0.125 |  0.053 | torch.Size([256]) || m_up3.1.conv1_1.bias
 | -0.001 | -0.309 |  0.239 |  0.044 | torch.Size([128, 128, 3, 3]) || m_up3.1.conv_block.0.weight
 | -0.000 | -0.264 |  0.283 |  0.043 | torch.Size([128, 128, 3, 3]) || m_up3.1.conv_block.2.weight
 | -43.750 | -100.000 |  0.000 | 49.609 | torch.Size([4, 64, 64]) || m_up3.1.nstb_block.attn_mask
 |  0.002 | -0.291 |  0.220 |  0.064 | torch.Size([64, 2, 8, 8]) || m_up3.1.nstb_block.ngram_window_partition.ngram_context.unigram_embed.weight
 | -0.006 | -0.102 |  0.095 |  0.056 | torch.Size([64]) || m_up3.1.nstb_block.ngram_window_partition.ngram_context.unigram_embed.bias
 |  1.994 |  1.935 |  2.035 |  0.045 | torch.Size([4, 1, 1]) || m_up3.1.nstb_block.ngram_window_partition.ngram_context.ngram_attn.logit_scale
 | -0.020 | -0.866 |  1.563 |  0.546 | torch.Size([9, 4]) || m_up3.1.nstb_block.ngram_window_partition.ngram_context.ngram_attn.relative_position_bias_table
 |  4.000 |  0.000 |  8.000 |  2.309 | torch.Size([4, 4]) || m_up3.1.nstb_block.ngram_window_partition.ngram_context.ngram_attn.relative_position_index
 | -0.002 | -0.285 |  0.297 |  0.084 | torch.Size([192, 64]) || m_up3.1.nstb_block.ngram_window_partition.ngram_context.ngram_attn.qkv.weight
 | -0.006 | -0.392 |  0.346 |  0.136 | torch.Size([192]) || m_up3.1.nstb_block.ngram_window_partition.ngram_context.ngram_attn.qkv.bias
 |  0.001 | -0.216 |  0.218 |  0.082 | torch.Size([64, 64]) || m_up3.1.nstb_block.ngram_window_partition.ngram_context.ngram_attn.proj.weight
 |  0.005 | -0.116 |  0.103 |  0.067 | torch.Size([64]) || m_up3.1.nstb_block.ngram_window_partition.ngram_context.ngram_attn.proj.bias
 |  0.001 | -0.210 |  0.221 |  0.063 | torch.Size([128, 128, 1, 1]) || m_up3.1.nstb_block.ngram_window_partition.ngram_context.merge.weight
 |  0.002 | -0.128 |  0.130 |  0.055 | torch.Size([128]) || m_up3.1.nstb_block.ngram_window_partition.ngram_context.merge.bias
 |  2.500 |  2.375 |  2.652 |  0.115 | torch.Size([4, 1, 1]) || m_up3.1.nstb_block.attn.logit_scale
 | -0.372 | -1.452 |  1.124 |  0.486 | torch.Size([225, 4]) || m_up3.1.nstb_block.attn.relative_position_bias_table
 | 112.000 |  0.000 | 224.000 | 48.719 | torch.Size([64, 64]) || m_up3.1.nstb_block.attn.relative_position_index
 |  0.000 | -0.280 |  0.249 |  0.066 | torch.Size([384, 128]) || m_up3.1.nstb_block.attn.qkv.weight
 |  0.001 | -0.253 |  0.251 |  0.080 | torch.Size([384]) || m_up3.1.nstb_block.attn.qkv.bias
 | -0.000 | -0.211 |  0.238 |  0.062 | torch.Size([128, 128]) || m_up3.1.nstb_block.attn.proj.weight
 |  0.000 | -0.183 |  0.164 |  0.074 | torch.Size([128]) || m_up3.1.nstb_block.attn.proj.bias
 |  0.977 |  0.873 |  1.036 |  0.023 | torch.Size([128]) || m_up3.1.nstb_block.norm1.weight
 |  0.001 | -0.054 |  0.055 |  0.019 | torch.Size([128]) || m_up3.1.nstb_block.norm1.bias
 | -0.000 | -0.297 |  0.303 |  0.070 | torch.Size([256, 128]) || m_up3.1.nstb_block.ffn.fc1.weight
 | -0.030 | -0.178 |  0.107 |  0.061 | torch.Size([256]) || m_up3.1.nstb_block.ffn.fc1.bias
 | -0.000 | -0.226 |  0.240 |  0.053 | torch.Size([128, 256]) || m_up3.1.nstb_block.ffn.fc2.weight
 |  0.004 | -0.100 |  0.159 |  0.047 | torch.Size([128]) || m_up3.1.nstb_block.ffn.fc2.bias
 |  1.007 |  0.897 |  1.105 |  0.034 | torch.Size([128]) || m_up3.1.nstb_block.norm2.weight
 |  0.003 | -0.034 |  0.033 |  0.014 | torch.Size([128]) || m_up3.1.nstb_block.norm2.bias
 | -0.000 | -0.199 |  0.188 |  0.048 | torch.Size([256, 256, 1, 1]) || m_up3.1.conv1_2.weight
 | -0.002 | -0.134 |  0.112 |  0.051 | torch.Size([256]) || m_up3.1.conv1_2.bias
 |  0.000 | -0.114 |  0.107 |  0.024 | torch.Size([256, 128, 2, 2]) || m_up2.0.weight
 | -0.000 | -0.267 |  0.264 |  0.071 | torch.Size([128, 128, 1, 1]) || m_up2.1.conv1_1.weight
 | -0.009 | -0.101 |  0.081 |  0.047 | torch.Size([128]) || m_up2.1.conv1_1.bias
 |  0.000 | -0.290 |  0.306 |  0.048 | torch.Size([64, 64, 3, 3]) || m_up2.1.conv_block.0.weight
 |  0.001 | -0.406 |  0.446 |  0.052 | torch.Size([64, 64, 3, 3]) || m_up2.1.conv_block.2.weight
 | -23.438 | -100.000 |  0.000 | 42.361 | torch.Size([16, 64, 64]) || m_up2.1.nstb_block.attn_mask
 |  0.001 | -0.273 |  0.284 |  0.067 | torch.Size([32, 2, 8, 8]) || m_up2.1.nstb_block.ngram_window_partition.ngram_context.unigram_embed.weight
 | -0.007 | -0.094 |  0.088 |  0.046 | torch.Size([32]) || m_up2.1.nstb_block.ngram_window_partition.ngram_context.unigram_embed.bias
 |  1.705 |  1.548 |  1.861 |  0.221 | torch.Size([2, 1, 1]) || m_up2.1.nstb_block.ngram_window_partition.ngram_context.ngram_attn.logit_scale
 | -0.157 | -1.731 |  1.752 |  1.100 | torch.Size([9, 2]) || m_up2.1.nstb_block.ngram_window_partition.ngram_context.ngram_attn.relative_position_bias_table
 |  4.000 |  0.000 |  8.000 |  2.309 | torch.Size([4, 4]) || m_up2.1.nstb_block.ngram_window_partition.ngram_context.ngram_attn.relative_position_index
 |  0.001 | -0.315 |  0.330 |  0.111 | torch.Size([96, 32]) || m_up2.1.nstb_block.ngram_window_partition.ngram_context.ngram_attn.qkv.weight
 | -0.012 | -0.317 |  0.410 |  0.139 | torch.Size([96]) || m_up2.1.nstb_block.ngram_window_partition.ngram_context.ngram_attn.qkv.bias
 |  0.000 | -0.270 |  0.251 |  0.111 | torch.Size([32, 32]) || m_up2.1.nstb_block.ngram_window_partition.ngram_context.ngram_attn.proj.weight
 |  0.001 | -0.168 |  0.132 |  0.091 | torch.Size([32]) || m_up2.1.nstb_block.ngram_window_partition.ngram_context.ngram_attn.proj.bias
 | -0.000 | -0.303 |  0.284 |  0.079 | torch.Size([64, 64, 1, 1]) || m_up2.1.nstb_block.ngram_window_partition.ngram_context.merge.weight
 | -0.012 | -0.136 |  0.143 |  0.069 | torch.Size([64]) || m_up2.1.nstb_block.ngram_window_partition.ngram_context.merge.bias
 |  2.433 |  2.336 |  2.529 |  0.136 | torch.Size([2, 1, 1]) || m_up2.1.nstb_block.attn.logit_scale
 | -0.237 | -1.133 |  0.996 |  0.473 | torch.Size([225, 2]) || m_up2.1.nstb_block.attn.relative_position_bias_table
 | 112.000 |  0.000 | 224.000 | 48.719 | torch.Size([64, 64]) || m_up2.1.nstb_block.attn.relative_position_index
 | -0.000 | -0.398 |  0.321 |  0.081 | torch.Size([192, 64]) || m_up2.1.nstb_block.attn.qkv.weight
 |  0.007 | -0.150 |  0.186 |  0.085 | torch.Size([192]) || m_up2.1.nstb_block.attn.qkv.bias
 |  0.000 | -0.266 |  0.251 |  0.075 | torch.Size([64, 64]) || m_up2.1.nstb_block.attn.proj.weight
 | -0.010 | -0.226 |  0.175 |  0.086 | torch.Size([64]) || m_up2.1.nstb_block.attn.proj.bias
 |  0.958 |  0.718 |  0.998 |  0.055 | torch.Size([64]) || m_up2.1.nstb_block.norm1.weight
 | -0.002 | -0.020 |  0.011 |  0.007 | torch.Size([64]) || m_up2.1.nstb_block.norm1.bias
 |  0.000 | -0.418 |  0.381 |  0.089 | torch.Size([128, 64]) || m_up2.1.nstb_block.ffn.fc1.weight
 | -0.011 | -0.167 |  0.161 |  0.076 | torch.Size([128]) || m_up2.1.nstb_block.ffn.fc1.bias
 |  0.000 | -0.188 |  0.206 |  0.057 | torch.Size([64, 128]) || m_up2.1.nstb_block.ffn.fc2.weight
 | -0.006 | -0.129 |  0.108 |  0.058 | torch.Size([64]) || m_up2.1.nstb_block.ffn.fc2.bias
 |  0.945 |  0.541 |  1.004 |  0.084 | torch.Size([64]) || m_up2.1.nstb_block.norm2.weight
 | -0.002 | -0.014 |  0.013 |  0.007 | torch.Size([64]) || m_up2.1.nstb_block.norm2.bias
 |  0.000 | -0.271 |  0.245 |  0.063 | torch.Size([128, 128, 1, 1]) || m_up2.1.conv1_2.weight
 |  0.006 | -0.099 |  0.116 |  0.051 | torch.Size([128]) || m_up2.1.conv1_2.bias
 |  0.000 | -0.153 |  0.141 |  0.036 | torch.Size([128, 64, 2, 2]) || m_up1.0.weight
 | -0.002 | -0.266 |  0.288 |  0.085 | torch.Size([64, 64, 1, 1]) || m_up1.1.conv1_1.weight
 |  0.008 | -0.129 |  0.121 |  0.066 | torch.Size([64]) || m_up1.1.conv1_1.bias
 |  0.001 | -0.221 |  0.288 |  0.049 | torch.Size([32, 32, 3, 3]) || m_up1.1.conv_block.0.weight
 | -0.002 | -0.260 |  0.337 |  0.050 | torch.Size([32, 32, 3, 3]) || m_up1.1.conv_block.2.weight
 | -12.109 | -100.000 |  0.000 | 32.624 | torch.Size([64, 64, 64]) || m_up1.1.nstb_block.attn_mask
 |  0.002 | -0.358 |  0.403 |  0.078 | torch.Size([16, 2, 8, 8]) || m_up1.1.nstb_block.ngram_window_partition.ngram_context.unigram_embed.weight
 | -0.012 | -0.083 |  0.075 |  0.045 | torch.Size([16]) || m_up1.1.nstb_block.ngram_window_partition.ngram_context.unigram_embed.bias
 |  2.011 |  2.011 |  2.011 |    nan | torch.Size([1, 1, 1]) || m_up1.1.nstb_block.ngram_window_partition.ngram_context.ngram_attn.logit_scale
 |  0.002 | -0.269 |  0.461 |  0.228 | torch.Size([9, 1]) || m_up1.1.nstb_block.ngram_window_partition.ngram_context.ngram_attn.relative_position_bias_table
 |  4.000 |  0.000 |  8.000 |  2.309 | torch.Size([4, 4]) || m_up1.1.nstb_block.ngram_window_partition.ngram_context.ngram_attn.relative_position_index
 | -0.002 | -0.472 |  0.557 |  0.174 | torch.Size([48, 16]) || m_up1.1.nstb_block.ngram_window_partition.ngram_context.ngram_attn.qkv.weight
 | -0.005 | -0.199 |  0.231 |  0.111 | torch.Size([48]) || m_up1.1.nstb_block.ngram_window_partition.ngram_context.ngram_attn.qkv.bias
 | -0.003 | -0.555 |  0.400 |  0.159 | torch.Size([16, 16]) || m_up1.1.nstb_block.ngram_window_partition.ngram_context.ngram_attn.proj.weight
 | -0.012 | -0.204 |  0.161 |  0.110 | torch.Size([16]) || m_up1.1.nstb_block.ngram_window_partition.ngram_context.ngram_attn.proj.bias
 |  0.003 | -0.340 |  0.276 |  0.105 | torch.Size([32, 32, 1, 1]) || m_up1.1.nstb_block.ngram_window_partition.ngram_context.merge.weight
 |  0.023 | -0.154 |  0.172 |  0.102 | torch.Size([32]) || m_up1.1.nstb_block.ngram_window_partition.ngram_context.merge.bias
 |  2.640 |  2.640 |  2.640 |    nan | torch.Size([1, 1, 1]) || m_up1.1.nstb_block.attn.logit_scale
 | -0.478 | -1.606 |  1.187 |  0.770 | torch.Size([225, 1]) || m_up1.1.nstb_block.attn.relative_position_bias_table
 | 112.000 |  0.000 | 224.000 | 48.719 | torch.Size([64, 64]) || m_up1.1.nstb_block.attn.relative_position_index
 |  0.004 | -0.395 |  0.424 |  0.117 | torch.Size([96, 32]) || m_up1.1.nstb_block.attn.qkv.weight
 | -0.002 | -0.176 |  0.187 |  0.087 | torch.Size([96]) || m_up1.1.nstb_block.attn.qkv.bias
 | -0.001 | -0.279 |  0.266 |  0.104 | torch.Size([32, 32]) || m_up1.1.nstb_block.attn.proj.weight
 |  0.011 | -0.177 |  0.179 |  0.096 | torch.Size([32]) || m_up1.1.nstb_block.attn.proj.bias
 |  0.965 |  0.656 |  1.026 |  0.075 | torch.Size([32]) || m_up1.1.nstb_block.norm1.weight
 |  0.001 | -0.053 |  0.035 |  0.016 | torch.Size([32]) || m_up1.1.nstb_block.norm1.bias
 | -0.001 | -0.536 |  0.351 |  0.111 | torch.Size([64, 32]) || m_up1.1.nstb_block.ffn.fc1.weight
 | -0.004 | -0.195 |  0.187 |  0.104 | torch.Size([64]) || m_up1.1.nstb_block.ffn.fc1.bias
 | -0.002 | -0.178 |  0.234 |  0.076 | torch.Size([32, 64]) || m_up1.1.nstb_block.ffn.fc2.weight
 |  0.007 | -0.130 |  0.119 |  0.077 | torch.Size([32]) || m_up1.1.nstb_block.ffn.fc2.bias
 |  0.967 |  0.820 |  1.018 |  0.057 | torch.Size([32]) || m_up1.1.nstb_block.norm2.weight
 | -0.000 | -0.032 |  0.036 |  0.014 | torch.Size([32]) || m_up1.1.nstb_block.norm2.bias
 | -0.001 | -0.228 |  0.211 |  0.074 | torch.Size([64, 64, 1, 1]) || m_up1.1.conv1_2.weight
 |  0.008 | -0.100 |  0.113 |  0.056 | torch.Size([64]) || m_up1.1.conv1_2.bias
 | -0.000 | -0.036 |  0.040 |  0.013 | torch.Size([1, 64, 3, 3]) || m_tail.0.weight

25-07-08 16:19:36.936 : TensorBoard logging to: training_results/conv_nstb/scunet_ngswin_conv_nstb/tensorboard/SCUNet_conv_nstb_li_ct_val0.1
25-07-08 16:19:36.936 : Experiment name: SCUNet_conv_nstb_li_ct_val0.1
25-07-08 16:19:36.936 : Validation split: 10.0% of training data
25-07-08 16:19:36.936 : Early stopping is disabled. Training will run for full 100 epochs.
25-07-08 16:19:36.936 : ================================================================================
25-07-08 16:19:36.936 : TEST-ONLY MODE: Skipping training, running final test evaluation
25-07-08 16:19:36.936 : ================================================================================
25-07-08 16:19:36.937 : Number of test images: 75
25-07-08 16:19:36.937 : ================================================================================
25-07-08 16:19:36.937 : FINAL TEST EVALUATION - After 100 epochs completed
25-07-08 16:19:36.937 : ================================================================================
25-07-08 16:19:36.937 : Loading best PSNR checkpoint for final test evaluation...
25-07-08 16:19:36.937 : ------------------------------------------------------------
25-07-08 16:19:36.937 : Testing checkpoint: PSNR_E (psnr_E.pth)
25-07-08 16:19:36.937 : ------------------------------------------------------------
25-07-08 16:19:36.937 : Loading checkpoint: training_results/conv_nstb/scunet_ngswin_conv_nstb/models/psnr_E.pth
25-07-08 16:19:39.255 : Saved clinical test 10: dataset7_CLINIC_metal_0009_data
25-07-08 16:19:39.255 :   Original: training_results/conv_nstb/scunet_ngswin_conv_nstb/images/final_test_psnr_e_test_2/dataset7_CLINIC_metal_0009_data_original.png
25-07-08 16:19:39.255 :   Enhanced: training_results/conv_nstb/scunet_ngswin_conv_nstb/images/final_test_psnr_e_test_2/dataset7_CLINIC_metal_0009_data_enhanced.png
25-07-08 16:19:39.255 :   Comparison: training_results/conv_nstb/scunet_ngswin_conv_nstb/images/final_test_psnr_e_test_2/dataset7_CLINIC_metal_0009_data_comparison.png
25-07-08 16:19:41.324 : Saved clinical test 20: dataset7_CLINIC_metal_0019_data
25-07-08 16:19:41.324 :   Original: training_results/conv_nstb/scunet_ngswin_conv_nstb/images/final_test_psnr_e_test_2/dataset7_CLINIC_metal_0019_data_original.png
25-07-08 16:19:41.324 :   Enhanced: training_results/conv_nstb/scunet_ngswin_conv_nstb/images/final_test_psnr_e_test_2/dataset7_CLINIC_metal_0019_data_enhanced.png
25-07-08 16:19:41.324 :   Comparison: training_results/conv_nstb/scunet_ngswin_conv_nstb/images/final_test_psnr_e_test_2/dataset7_CLINIC_metal_0019_data_comparison.png
25-07-08 16:19:43.246 : Saved clinical test 30: dataset7_CLINIC_metal_0029_data
25-07-08 16:19:43.246 :   Original: training_results/conv_nstb/scunet_ngswin_conv_nstb/images/final_test_psnr_e_test_2/dataset7_CLINIC_metal_0029_data_original.png
25-07-08 16:19:43.246 :   Enhanced: training_results/conv_nstb/scunet_ngswin_conv_nstb/images/final_test_psnr_e_test_2/dataset7_CLINIC_metal_0029_data_enhanced.png
25-07-08 16:19:43.246 :   Comparison: training_results/conv_nstb/scunet_ngswin_conv_nstb/images/final_test_psnr_e_test_2/dataset7_CLINIC_metal_0029_data_comparison.png
25-07-08 16:19:45.329 : Saved clinical test 40: dataset7_CLINIC_metal_0039_data
25-07-08 16:19:45.329 :   Original: training_results/conv_nstb/scunet_ngswin_conv_nstb/images/final_test_psnr_e_test_2/dataset7_CLINIC_metal_0039_data_original.png
25-07-08 16:19:45.329 :   Enhanced: training_results/conv_nstb/scunet_ngswin_conv_nstb/images/final_test_psnr_e_test_2/dataset7_CLINIC_metal_0039_data_enhanced.png
25-07-08 16:19:45.329 :   Comparison: training_results/conv_nstb/scunet_ngswin_conv_nstb/images/final_test_psnr_e_test_2/dataset7_CLINIC_metal_0039_data_comparison.png
25-07-08 16:19:47.380 : Saved clinical test 50: dataset7_CLINIC_metal_0049_data
25-07-08 16:19:47.380 :   Original: training_results/conv_nstb/scunet_ngswin_conv_nstb/images/final_test_psnr_e_test_2/dataset7_CLINIC_metal_0049_data_original.png
25-07-08 16:19:47.380 :   Enhanced: training_results/conv_nstb/scunet_ngswin_conv_nstb/images/final_test_psnr_e_test_2/dataset7_CLINIC_metal_0049_data_enhanced.png
25-07-08 16:19:47.380 :   Comparison: training_results/conv_nstb/scunet_ngswin_conv_nstb/images/final_test_psnr_e_test_2/dataset7_CLINIC_metal_0049_data_comparison.png
25-07-08 16:19:49.270 : Saved clinical test 60: dataset7_CLINIC_metal_0059_data
25-07-08 16:19:49.270 :   Original: training_results/conv_nstb/scunet_ngswin_conv_nstb/images/final_test_psnr_e_test_2/dataset7_CLINIC_metal_0059_data_original.png
25-07-08 16:19:49.270 :   Enhanced: training_results/conv_nstb/scunet_ngswin_conv_nstb/images/final_test_psnr_e_test_2/dataset7_CLINIC_metal_0059_data_enhanced.png
25-07-08 16:19:49.270 :   Comparison: training_results/conv_nstb/scunet_ngswin_conv_nstb/images/final_test_psnr_e_test_2/dataset7_CLINIC_metal_0059_data_comparison.png
25-07-08 16:19:51.285 : Saved clinical test 70: dataset7_CLINIC_metal_0069_data
25-07-08 16:19:51.285 :   Original: training_results/conv_nstb/scunet_ngswin_conv_nstb/images/final_test_psnr_e_test_2/dataset7_CLINIC_metal_0069_data_original.png
25-07-08 16:19:51.285 :   Enhanced: training_results/conv_nstb/scunet_ngswin_conv_nstb/images/final_test_psnr_e_test_2/dataset7_CLINIC_metal_0069_data_enhanced.png
25-07-08 16:19:51.285 :   Comparison: training_results/conv_nstb/scunet_ngswin_conv_nstb/images/final_test_psnr_e_test_2/dataset7_CLINIC_metal_0069_data_comparison.png
25-07-08 16:19:52.323 : ------------------------------------------------------------
25-07-08 16:19:52.323 : PSNR_E CLINICAL INFERENCE RESULTS:
25-07-08 16:19:52.323 : Processed 75 clinical images
25-07-08 16:19:52.323 : Enhanced images saved with before/after comparison
25-07-08 16:19:52.323 : Images saved: 7 (every 10th)
25-07-08 16:19:52.323 : Test images directory: training_results/conv_nstb/scunet_ngswin_conv_nstb/images/final_test_psnr_e_test_2
25-07-08 16:19:52.323 : ------------------------------------------------------------
25-07-08 16:19:52.323 : ------------------------------------------------------------
25-07-08 16:19:52.323 : Testing checkpoint: PSNR_G (psnr_G.pth)
25-07-08 16:19:52.323 : ------------------------------------------------------------
25-07-08 16:19:52.323 : Loading checkpoint: training_results/conv_nstb/scunet_ngswin_conv_nstb/models/psnr_G.pth
25-07-08 16:19:54.317 : Saved clinical test 10: dataset7_CLINIC_metal_0009_data
25-07-08 16:19:54.317 :   Original: training_results/conv_nstb/scunet_ngswin_conv_nstb/images/final_test_psnr_g_test_2/dataset7_CLINIC_metal_0009_data_original.png
25-07-08 16:19:54.317 :   Enhanced: training_results/conv_nstb/scunet_ngswin_conv_nstb/images/final_test_psnr_g_test_2/dataset7_CLINIC_metal_0009_data_enhanced.png
25-07-08 16:19:54.317 :   Comparison: training_results/conv_nstb/scunet_ngswin_conv_nstb/images/final_test_psnr_g_test_2/dataset7_CLINIC_metal_0009_data_comparison.png
25-07-08 16:19:56.322 : Saved clinical test 20: dataset7_CLINIC_metal_0019_data
25-07-08 16:19:56.322 :   Original: training_results/conv_nstb/scunet_ngswin_conv_nstb/images/final_test_psnr_g_test_2/dataset7_CLINIC_metal_0019_data_original.png
25-07-08 16:19:56.322 :   Enhanced: training_results/conv_nstb/scunet_ngswin_conv_nstb/images/final_test_psnr_g_test_2/dataset7_CLINIC_metal_0019_data_enhanced.png
25-07-08 16:19:56.322 :   Comparison: training_results/conv_nstb/scunet_ngswin_conv_nstb/images/final_test_psnr_g_test_2/dataset7_CLINIC_metal_0019_data_comparison.png
25-07-08 16:19:58.255 : Saved clinical test 30: dataset7_CLINIC_metal_0029_data
25-07-08 16:19:58.255 :   Original: training_results/conv_nstb/scunet_ngswin_conv_nstb/images/final_test_psnr_g_test_2/dataset7_CLINIC_metal_0029_data_original.png
25-07-08 16:19:58.255 :   Enhanced: training_results/conv_nstb/scunet_ngswin_conv_nstb/images/final_test_psnr_g_test_2/dataset7_CLINIC_metal_0029_data_enhanced.png
25-07-08 16:19:58.256 :   Comparison: training_results/conv_nstb/scunet_ngswin_conv_nstb/images/final_test_psnr_g_test_2/dataset7_CLINIC_metal_0029_data_comparison.png
25-07-08 16:20:00.262 : Saved clinical test 40: dataset7_CLINIC_metal_0039_data
25-07-08 16:20:00.263 :   Original: training_results/conv_nstb/scunet_ngswin_conv_nstb/images/final_test_psnr_g_test_2/dataset7_CLINIC_metal_0039_data_original.png
25-07-08 16:20:00.263 :   Enhanced: training_results/conv_nstb/scunet_ngswin_conv_nstb/images/final_test_psnr_g_test_2/dataset7_CLINIC_metal_0039_data_enhanced.png
25-07-08 16:20:00.263 :   Comparison: training_results/conv_nstb/scunet_ngswin_conv_nstb/images/final_test_psnr_g_test_2/dataset7_CLINIC_metal_0039_data_comparison.png
25-07-08 16:20:02.322 : Saved clinical test 50: dataset7_CLINIC_metal_0049_data
25-07-08 16:20:02.323 :   Original: training_results/conv_nstb/scunet_ngswin_conv_nstb/images/final_test_psnr_g_test_2/dataset7_CLINIC_metal_0049_data_original.png
25-07-08 16:20:02.323 :   Enhanced: training_results/conv_nstb/scunet_ngswin_conv_nstb/images/final_test_psnr_g_test_2/dataset7_CLINIC_metal_0049_data_enhanced.png
25-07-08 16:20:02.323 :   Comparison: training_results/conv_nstb/scunet_ngswin_conv_nstb/images/final_test_psnr_g_test_2/dataset7_CLINIC_metal_0049_data_comparison.png
25-07-08 16:20:04.211 : Saved clinical test 60: dataset7_CLINIC_metal_0059_data
25-07-08 16:20:04.211 :   Original: training_results/conv_nstb/scunet_ngswin_conv_nstb/images/final_test_psnr_g_test_2/dataset7_CLINIC_metal_0059_data_original.png
25-07-08 16:20:04.211 :   Enhanced: training_results/conv_nstb/scunet_ngswin_conv_nstb/images/final_test_psnr_g_test_2/dataset7_CLINIC_metal_0059_data_enhanced.png
25-07-08 16:20:04.211 :   Comparison: training_results/conv_nstb/scunet_ngswin_conv_nstb/images/final_test_psnr_g_test_2/dataset7_CLINIC_metal_0059_data_comparison.png
25-07-08 16:20:06.177 : Saved clinical test 70: dataset7_CLINIC_metal_0069_data
25-07-08 16:20:06.177 :   Original: training_results/conv_nstb/scunet_ngswin_conv_nstb/images/final_test_psnr_g_test_2/dataset7_CLINIC_metal_0069_data_original.png
25-07-08 16:20:06.177 :   Enhanced: training_results/conv_nstb/scunet_ngswin_conv_nstb/images/final_test_psnr_g_test_2/dataset7_CLINIC_metal_0069_data_enhanced.png
25-07-08 16:20:06.177 :   Comparison: training_results/conv_nstb/scunet_ngswin_conv_nstb/images/final_test_psnr_g_test_2/dataset7_CLINIC_metal_0069_data_comparison.png
25-07-08 16:20:07.240 : ------------------------------------------------------------
25-07-08 16:20:07.240 : PSNR_G CLINICAL INFERENCE RESULTS:
25-07-08 16:20:07.240 : Processed 75 clinical images
25-07-08 16:20:07.240 : Enhanced images saved with before/after comparison
25-07-08 16:20:07.240 : Images saved: 7 (every 10th)
25-07-08 16:20:07.240 : Test images directory: training_results/conv_nstb/scunet_ngswin_conv_nstb/images/final_test_psnr_g_test_2
25-07-08 16:20:07.240 : ------------------------------------------------------------
25-07-08 16:20:07.240 : ================================================================================
25-07-08 16:20:07.240 : FINAL TEST SUMMARY - ALL CHECKPOINTS
25-07-08 16:20:07.240 : ================================================================================
25-07-08 16:20:07.240 : PSNR_E: Clinical Inference Mode - Processed 75 images, Saved 7 enhanced images
25-07-08 16:20:07.240 : PSNR_G: Clinical Inference Mode - Processed 75 images, Saved 7 enhanced images
25-07-08 16:20:07.240 : ------------------------------------------------------------
25-07-08 16:20:07.240 : CLINICAL INFERENCE MODE:
25-07-08 16:20:07.240 : Both checkpoints processed clinical data successfully.
25-07-08 16:20:07.240 : Enhanced images saved for visual comparison.
25-07-08 16:20:07.240 : ------------------------------------------------------------
25-07-08 16:20:07.241 : Total test samples evaluated: 75
25-07-08 16:20:07.241 : ================================================================================
25-07-08 16:20:53.638 :   task: scunet_ngswin_conv_nstb
  model: scunet_ngswin
  gpu_ids: [0]
  dist: False
  scale: 1
  n_channels: 1
  path:[
    root: training_results/conv_nstb
    pretrained_netG: training_results/conv_nstb/scunet_ngswin_conv_nstb/models/540000_G.pth
    pretrained_netE: training_results/conv_nstb/scunet_ngswin_conv_nstb/models/540000_E.pth
    task: training_results/conv_nstb/scunet_ngswin_conv_nstb
    log: training_results/conv_nstb/scunet_ngswin_conv_nstb
    options: training_results/conv_nstb/scunet_ngswin_conv_nstb/options
    models: training_results/conv_nstb/scunet_ngswin_conv_nstb/models
    images: training_results/conv_nstb/scunet_ngswin_conv_nstb/images
    pretrained_optimizerG: None
  ]
  datasets:[
    train:[
      name: syn_deeplesion_train_li_ct
      dataset_type: li_ct
      dataroot_H: /home/Drive-D/SynDeepLesion/train_640geo
      dataloader_shuffle: True
      dataloader_num_workers: 16
      dataloader_batch_size: 6
      phase: train
      scale: 1
      n_channels: 1
    ]
    test:[
      name: syn_deeplesion_test_li_ct
      dataset_type: li_ct
      dataroot_H: /home/Drive-D/SynDeepLesion/test_640geo
      phase: test
      scale: 1
      n_channels: 1
    ]
    test_2:[
      name: clinical_metal_test_nii_ct
      dataset_type: nii_ct
      dataroot_H: /home/Drive-D/clinical_metal
      phase: test
      scale: 1
      n_channels: 1
    ]
  ]
  netG:[
    net_type: scunet_ngswin
    in_nc: 1
    out_nc: 1
    config: [1, 1, 1, 1, 1, 1, 1]
    dim: 32
    drop_path_rate: 0.0
    input_resolution: 512
    block_variant: conv_nstb
    init_type: kaiming_normal
    init_bn_type: constant
    init_gain: 1.0
    scale: 1
  ]
  train:[
    G_lossfn_type: l1
    G_lossfn_weight: 1.0
    E_decay: 0.999
    G_optimizer_type: adam
    G_optimizer_lr: 0.0001
    G_optimizer_wd: 0
    G_scheduler_type: MultiStepLR
    G_scheduler_milestones: [200000, 400000, 600000, 800000]
    G_scheduler_gamma: 0.5
    G_param_strict: True
    E_param_strict: True
    checkpoint_test: 20000
    checkpoint_save: 10000
    checkpoint_print: 1000
    use_fp16: True
    test_both_checkpoints: True
    test_save_every_nth: 10
    F_feature_layer: 34
    F_weights: 1.0
    F_lossfn_type: l1
    F_use_input_norm: True
    F_use_range_norm: False
    G_optimizer_betas: [0.9, 0.999]
    G_scheduler_restart_weights: 1
    G_optimizer_reuse: False
  ]
  opt_path: options/train_scunet_ngswin_1.json
  is_train: True
  merge_bn: False
  merge_bn_startpoint: -1
  find_unused_parameters: False
  use_static_graph: False
  num_gpu: 1
  device: cuda

25-07-08 16:20:53.639 : Using device: cuda
25-07-08 16:20:53.913 : Total samples: 36,116 | Train: 32,505 (90.0%) | Validation: 3,611 (10.0%)
25-07-08 16:20:53.913 : Training iters per epoch: 5,418
25-07-08 16:20:53.913 : Test set samples: 75
25-07-08 16:20:54.955 : 
Networks name: SCUNet_NGSwin
Params number: 5348264
Net structure:
SCUNet_NGSwin(
  (m_head): Sequential(
    (0): Conv2d(1, 64, kernel_size=(3, 3), stride=(1, 1), padding=(1, 1), bias=False)
  )
  (m_down1): Sequential(
    (0): ConvNSTBBlock(
      (conv1_1): Conv2d(64, 64, kernel_size=(1, 1), stride=(1, 1))
      (conv_block): Sequential(
        (0): Conv2d(32, 32, kernel_size=(3, 3), stride=(1, 1), padding=(1, 1), bias=False)
        (1): ReLU(inplace=True)
        (2): Conv2d(32, 32, kernel_size=(3, 3), stride=(1, 1), padding=(1, 1), bias=False)
      )
      (nstb_block): NSTB(
        (ngram_window_partition): NGramWindowPartition(
          (ngram_context): NGramContext(
            (unigram_embed): Conv2d(32, 16, kernel_size=(8, 8), stride=(8, 8), groups=16)
            (ngram_attn): WindowAttention(
              (qkv): Linear(in_features=16, out_features=48, bias=True)
              (attn_drop): Dropout(p=0.0, inplace=False)
              (proj): Linear(in_features=16, out_features=16, bias=True)
              (proj_drop): Dropout(p=0.0, inplace=False)
              (softmax): Softmax(dim=-1)
            )
            (avg_pool): AvgPool2d(kernel_size=2, stride=2, padding=0)
            (merge): Conv2d(32, 32, kernel_size=(1, 1), stride=(1, 1))
          )
        )
        (attn): WindowAttention(
          (qkv): Linear(in_features=32, out_features=96, bias=True)
          (attn_drop): Dropout(p=0.0, inplace=False)
          (proj): Linear(in_features=32, out_features=32, bias=True)
          (proj_drop): Dropout(p=0.0, inplace=False)
          (softmax): Softmax(dim=-1)
        )
        (norm1): LayerNorm((32,), eps=1e-05, elementwise_affine=True)
        (drop_path): Identity()
        (ffn): Mlp(
          (fc1): Linear(in_features=32, out_features=64, bias=True)
          (act): GELU(approximate='none')
          (drop1): Dropout(p=0.0, inplace=False)
          (norm): Identity()
          (fc2): Linear(in_features=64, out_features=32, bias=True)
          (drop2): Dropout(p=0.0, inplace=False)
        )
        (norm2): LayerNorm((32,), eps=1e-05, elementwise_affine=True)
      )
      (conv1_2): Conv2d(64, 64, kernel_size=(1, 1), stride=(1, 1))
    )
    (1): Conv2d(64, 128, kernel_size=(2, 2), stride=(2, 2), bias=False)
  )
  (m_down2): Sequential(
    (0): ConvNSTBBlock(
      (conv1_1): Conv2d(128, 128, kernel_size=(1, 1), stride=(1, 1))
      (conv_block): Sequential(
        (0): Conv2d(64, 64, kernel_size=(3, 3), stride=(1, 1), padding=(1, 1), bias=False)
        (1): ReLU(inplace=True)
        (2): Conv2d(64, 64, kernel_size=(3, 3), stride=(1, 1), padding=(1, 1), bias=False)
      )
      (nstb_block): NSTB(
        (ngram_window_partition): NGramWindowPartition(
          (ngram_context): NGramContext(
            (unigram_embed): Conv2d(64, 32, kernel_size=(8, 8), stride=(8, 8), groups=32)
            (ngram_attn): WindowAttention(
              (qkv): Linear(in_features=32, out_features=96, bias=True)
              (attn_drop): Dropout(p=0.0, inplace=False)
              (proj): Linear(in_features=32, out_features=32, bias=True)
              (proj_drop): Dropout(p=0.0, inplace=False)
              (softmax): Softmax(dim=-1)
            )
            (avg_pool): AvgPool2d(kernel_size=2, stride=2, padding=0)
            (merge): Conv2d(64, 64, kernel_size=(1, 1), stride=(1, 1))
          )
        )
        (attn): WindowAttention(
          (qkv): Linear(in_features=64, out_features=192, bias=True)
          (attn_drop): Dropout(p=0.0, inplace=False)
          (proj): Linear(in_features=64, out_features=64, bias=True)
          (proj_drop): Dropout(p=0.0, inplace=False)
          (softmax): Softmax(dim=-1)
        )
        (norm1): LayerNorm((64,), eps=1e-05, elementwise_affine=True)
        (drop_path): Identity()
        (ffn): Mlp(
          (fc1): Linear(in_features=64, out_features=128, bias=True)
          (act): GELU(approximate='none')
          (drop1): Dropout(p=0.0, inplace=False)
          (norm): Identity()
          (fc2): Linear(in_features=128, out_features=64, bias=True)
          (drop2): Dropout(p=0.0, inplace=False)
        )
        (norm2): LayerNorm((64,), eps=1e-05, elementwise_affine=True)
      )
      (conv1_2): Conv2d(128, 128, kernel_size=(1, 1), stride=(1, 1))
    )
    (1): Conv2d(128, 256, kernel_size=(2, 2), stride=(2, 2), bias=False)
  )
  (m_down3): Sequential(
    (0): ConvNSTBBlock(
      (conv1_1): Conv2d(256, 256, kernel_size=(1, 1), stride=(1, 1))
      (conv_block): Sequential(
        (0): Conv2d(128, 128, kernel_size=(3, 3), stride=(1, 1), padding=(1, 1), bias=False)
        (1): ReLU(inplace=True)
        (2): Conv2d(128, 128, kernel_size=(3, 3), stride=(1, 1), padding=(1, 1), bias=False)
      )
      (nstb_block): NSTB(
        (ngram_window_partition): NGramWindowPartition(
          (ngram_context): NGramContext(
            (unigram_embed): Conv2d(128, 64, kernel_size=(8, 8), stride=(8, 8), groups=64)
            (ngram_attn): WindowAttention(
              (qkv): Linear(in_features=64, out_features=192, bias=True)
              (attn_drop): Dropout(p=0.0, inplace=False)
              (proj): Linear(in_features=64, out_features=64, bias=True)
              (proj_drop): Dropout(p=0.0, inplace=False)
              (softmax): Softmax(dim=-1)
            )
            (avg_pool): AvgPool2d(kernel_size=2, stride=2, padding=0)
            (merge): Conv2d(128, 128, kernel_size=(1, 1), stride=(1, 1))
          )
        )
        (attn): WindowAttention(
          (qkv): Linear(in_features=128, out_features=384, bias=True)
          (attn_drop): Dropout(p=0.0, inplace=False)
          (proj): Linear(in_features=128, out_features=128, bias=True)
          (proj_drop): Dropout(p=0.0, inplace=False)
          (softmax): Softmax(dim=-1)
        )
        (norm1): LayerNorm((128,), eps=1e-05, elementwise_affine=True)
        (drop_path): Identity()
        (ffn): Mlp(
          (fc1): Linear(in_features=128, out_features=256, bias=True)
          (act): GELU(approximate='none')
          (drop1): Dropout(p=0.0, inplace=False)
          (norm): Identity()
          (fc2): Linear(in_features=256, out_features=128, bias=True)
          (drop2): Dropout(p=0.0, inplace=False)
        )
        (norm2): LayerNorm((128,), eps=1e-05, elementwise_affine=True)
      )
      (conv1_2): Conv2d(256, 256, kernel_size=(1, 1), stride=(1, 1))
    )
    (1): Conv2d(256, 512, kernel_size=(2, 2), stride=(2, 2), bias=False)
  )
  (m_body): Sequential(
    (0): ConvNSTBBlock(
      (conv1_1): Conv2d(512, 512, kernel_size=(1, 1), stride=(1, 1))
      (conv_block): Sequential(
        (0): Conv2d(256, 256, kernel_size=(3, 3), stride=(1, 1), padding=(1, 1), bias=False)
        (1): ReLU(inplace=True)
        (2): Conv2d(256, 256, kernel_size=(3, 3), stride=(1, 1), padding=(1, 1), bias=False)
      )
      (nstb_block): NSTB(
        (ngram_window_partition): NGramWindowPartition(
          (ngram_context): NGramContext(
            (unigram_embed): Conv2d(256, 128, kernel_size=(8, 8), stride=(8, 8), groups=128)
            (ngram_attn): WindowAttention(
              (qkv): Linear(in_features=128, out_features=384, bias=True)
              (attn_drop): Dropout(p=0.0, inplace=False)
              (proj): Linear(in_features=128, out_features=128, bias=True)
              (proj_drop): Dropout(p=0.0, inplace=False)
              (softmax): Softmax(dim=-1)
            )
            (avg_pool): AvgPool2d(kernel_size=2, stride=2, padding=0)
            (merge): Conv2d(256, 256, kernel_size=(1, 1), stride=(1, 1))
          )
        )
        (attn): WindowAttention(
          (qkv): Linear(in_features=256, out_features=768, bias=True)
          (attn_drop): Dropout(p=0.0, inplace=False)
          (proj): Linear(in_features=256, out_features=256, bias=True)
          (proj_drop): Dropout(p=0.0, inplace=False)
          (softmax): Softmax(dim=-1)
        )
        (norm1): LayerNorm((256,), eps=1e-05, elementwise_affine=True)
        (drop_path): Identity()
        (ffn): Mlp(
          (fc1): Linear(in_features=256, out_features=512, bias=True)
          (act): GELU(approximate='none')
          (drop1): Dropout(p=0.0, inplace=False)
          (norm): Identity()
          (fc2): Linear(in_features=512, out_features=256, bias=True)
          (drop2): Dropout(p=0.0, inplace=False)
        )
        (norm2): LayerNorm((256,), eps=1e-05, elementwise_affine=True)
      )
      (conv1_2): Conv2d(512, 512, kernel_size=(1, 1), stride=(1, 1))
    )
  )
  (m_up3): Sequential(
    (0): ConvTranspose2d(512, 256, kernel_size=(2, 2), stride=(2, 2), bias=False)
    (1): ConvNSTBBlock(
      (conv1_1): Conv2d(256, 256, kernel_size=(1, 1), stride=(1, 1))
      (conv_block): Sequential(
        (0): Conv2d(128, 128, kernel_size=(3, 3), stride=(1, 1), padding=(1, 1), bias=False)
        (1): ReLU(inplace=True)
        (2): Conv2d(128, 128, kernel_size=(3, 3), stride=(1, 1), padding=(1, 1), bias=False)
      )
      (nstb_block): NSTB(
        (ngram_window_partition): NGramWindowPartition(
          (ngram_context): NGramContext(
            (unigram_embed): Conv2d(128, 64, kernel_size=(8, 8), stride=(8, 8), groups=64)
            (ngram_attn): WindowAttention(
              (qkv): Linear(in_features=64, out_features=192, bias=True)
              (attn_drop): Dropout(p=0.0, inplace=False)
              (proj): Linear(in_features=64, out_features=64, bias=True)
              (proj_drop): Dropout(p=0.0, inplace=False)
              (softmax): Softmax(dim=-1)
            )
            (avg_pool): AvgPool2d(kernel_size=2, stride=2, padding=0)
            (merge): Conv2d(128, 128, kernel_size=(1, 1), stride=(1, 1))
          )
        )
        (attn): WindowAttention(
          (qkv): Linear(in_features=128, out_features=384, bias=True)
          (attn_drop): Dropout(p=0.0, inplace=False)
          (proj): Linear(in_features=128, out_features=128, bias=True)
          (proj_drop): Dropout(p=0.0, inplace=False)
          (softmax): Softmax(dim=-1)
        )
        (norm1): LayerNorm((128,), eps=1e-05, elementwise_affine=True)
        (drop_path): Identity()
        (ffn): Mlp(
          (fc1): Linear(in_features=128, out_features=256, bias=True)
          (act): GELU(approximate='none')
          (drop1): Dropout(p=0.0, inplace=False)
          (norm): Identity()
          (fc2): Linear(in_features=256, out_features=128, bias=True)
          (drop2): Dropout(p=0.0, inplace=False)
        )
        (norm2): LayerNorm((128,), eps=1e-05, elementwise_affine=True)
      )
      (conv1_2): Conv2d(256, 256, kernel_size=(1, 1), stride=(1, 1))
    )
  )
  (m_up2): Sequential(
    (0): ConvTranspose2d(256, 128, kernel_size=(2, 2), stride=(2, 2), bias=False)
    (1): ConvNSTBBlock(
      (conv1_1): Conv2d(128, 128, kernel_size=(1, 1), stride=(1, 1))
      (conv_block): Sequential(
        (0): Conv2d(64, 64, kernel_size=(3, 3), stride=(1, 1), padding=(1, 1), bias=False)
        (1): ReLU(inplace=True)
        (2): Conv2d(64, 64, kernel_size=(3, 3), stride=(1, 1), padding=(1, 1), bias=False)
      )
      (nstb_block): NSTB(
        (ngram_window_partition): NGramWindowPartition(
          (ngram_context): NGramContext(
            (unigram_embed): Conv2d(64, 32, kernel_size=(8, 8), stride=(8, 8), groups=32)
            (ngram_attn): WindowAttention(
              (qkv): Linear(in_features=32, out_features=96, bias=True)
              (attn_drop): Dropout(p=0.0, inplace=False)
              (proj): Linear(in_features=32, out_features=32, bias=True)
              (proj_drop): Dropout(p=0.0, inplace=False)
              (softmax): Softmax(dim=-1)
            )
            (avg_pool): AvgPool2d(kernel_size=2, stride=2, padding=0)
            (merge): Conv2d(64, 64, kernel_size=(1, 1), stride=(1, 1))
          )
        )
        (attn): WindowAttention(
          (qkv): Linear(in_features=64, out_features=192, bias=True)
          (attn_drop): Dropout(p=0.0, inplace=False)
          (proj): Linear(in_features=64, out_features=64, bias=True)
          (proj_drop): Dropout(p=0.0, inplace=False)
          (softmax): Softmax(dim=-1)
        )
        (norm1): LayerNorm((64,), eps=1e-05, elementwise_affine=True)
        (drop_path): Identity()
        (ffn): Mlp(
          (fc1): Linear(in_features=64, out_features=128, bias=True)
          (act): GELU(approximate='none')
          (drop1): Dropout(p=0.0, inplace=False)
          (norm): Identity()
          (fc2): Linear(in_features=128, out_features=64, bias=True)
          (drop2): Dropout(p=0.0, inplace=False)
        )
        (norm2): LayerNorm((64,), eps=1e-05, elementwise_affine=True)
      )
      (conv1_2): Conv2d(128, 128, kernel_size=(1, 1), stride=(1, 1))
    )
  )
  (m_up1): Sequential(
    (0): ConvTranspose2d(128, 64, kernel_size=(2, 2), stride=(2, 2), bias=False)
    (1): ConvNSTBBlock(
      (conv1_1): Conv2d(64, 64, kernel_size=(1, 1), stride=(1, 1))
      (conv_block): Sequential(
        (0): Conv2d(32, 32, kernel_size=(3, 3), stride=(1, 1), padding=(1, 1), bias=False)
        (1): ReLU(inplace=True)
        (2): Conv2d(32, 32, kernel_size=(3, 3), stride=(1, 1), padding=(1, 1), bias=False)
      )
      (nstb_block): NSTB(
        (ngram_window_partition): NGramWindowPartition(
          (ngram_context): NGramContext(
            (unigram_embed): Conv2d(32, 16, kernel_size=(8, 8), stride=(8, 8), groups=16)
            (ngram_attn): WindowAttention(
              (qkv): Linear(in_features=16, out_features=48, bias=True)
              (attn_drop): Dropout(p=0.0, inplace=False)
              (proj): Linear(in_features=16, out_features=16, bias=True)
              (proj_drop): Dropout(p=0.0, inplace=False)
              (softmax): Softmax(dim=-1)
            )
            (avg_pool): AvgPool2d(kernel_size=2, stride=2, padding=0)
            (merge): Conv2d(32, 32, kernel_size=(1, 1), stride=(1, 1))
          )
        )
        (attn): WindowAttention(
          (qkv): Linear(in_features=32, out_features=96, bias=True)
          (attn_drop): Dropout(p=0.0, inplace=False)
          (proj): Linear(in_features=32, out_features=32, bias=True)
          (proj_drop): Dropout(p=0.0, inplace=False)
          (softmax): Softmax(dim=-1)
        )
        (norm1): LayerNorm((32,), eps=1e-05, elementwise_affine=True)
        (drop_path): Identity()
        (ffn): Mlp(
          (fc1): Linear(in_features=32, out_features=64, bias=True)
          (act): GELU(approximate='none')
          (drop1): Dropout(p=0.0, inplace=False)
          (norm): Identity()
          (fc2): Linear(in_features=64, out_features=32, bias=True)
          (drop2): Dropout(p=0.0, inplace=False)
        )
        (norm2): LayerNorm((32,), eps=1e-05, elementwise_affine=True)
      )
      (conv1_2): Conv2d(64, 64, kernel_size=(1, 1), stride=(1, 1))
    )
  )
  (m_tail): Sequential(
    (0): Conv2d(64, 1, kernel_size=(3, 3), stride=(1, 1), padding=(1, 1), bias=False)
  )
)

25-07-08 16:20:54.992 : 
 |  mean  |  min   |  max   |  std   || shape               
 |  0.006 | -0.457 |  0.432 |  0.201 | torch.Size([64, 1, 3, 3]) || m_head.0.weight
 | -0.005 | -1.429 |  2.076 |  0.179 | torch.Size([64, 64, 1, 1]) || m_down1.0.conv1_1.weight
 | -0.012 | -0.131 |  0.130 |  0.067 | torch.Size([64]) || m_down1.0.conv1_1.bias
 |  0.001 | -0.872 |  0.929 |  0.077 | torch.Size([32, 32, 3, 3]) || m_down1.0.conv_block.0.weight
 | -0.000 | -0.347 |  0.371 |  0.065 | torch.Size([32, 32, 3, 3]) || m_down1.0.conv_block.2.weight
 | -12.109 | -100.000 |  0.000 | 32.624 | torch.Size([64, 64, 64]) || m_down1.0.nstb_block.attn_mask
 | -0.002 | -0.203 |  0.214 |  0.062 | torch.Size([16, 2, 8, 8]) || m_down1.0.nstb_block.ngram_window_partition.ngram_context.unigram_embed.weight
 |  0.025 | -0.077 |  0.113 |  0.050 | torch.Size([16]) || m_down1.0.nstb_block.ngram_window_partition.ngram_context.unigram_embed.bias
 |  2.377 |  2.377 |  2.377 |    nan | torch.Size([1, 1, 1]) || m_down1.0.nstb_block.ngram_window_partition.ngram_context.ngram_attn.logit_scale
 | -0.004 | -0.186 |  0.243 |  0.150 | torch.Size([9, 1]) || m_down1.0.nstb_block.ngram_window_partition.ngram_context.ngram_attn.relative_position_bias_table
 |  4.000 |  0.000 |  8.000 |  2.309 | torch.Size([4, 4]) || m_down1.0.nstb_block.ngram_window_partition.ngram_context.ngram_attn.relative_position_index
 |  0.006 | -0.430 |  0.479 |  0.159 | torch.Size([48, 16]) || m_down1.0.nstb_block.ngram_window_partition.ngram_context.ngram_attn.qkv.weight
 | -0.023 | -0.214 |  0.191 |  0.115 | torch.Size([48]) || m_down1.0.nstb_block.ngram_window_partition.ngram_context.ngram_attn.qkv.bias
 |  0.013 | -0.256 |  0.273 |  0.134 | torch.Size([16, 16]) || m_down1.0.nstb_block.ngram_window_partition.ngram_context.ngram_attn.proj.weight
 | -0.011 | -0.196 |  0.142 |  0.107 | torch.Size([16]) || m_down1.0.nstb_block.ngram_window_partition.ngram_context.ngram_attn.proj.bias
 | -0.001 | -0.299 |  0.229 |  0.102 | torch.Size([32, 32, 1, 1]) || m_down1.0.nstb_block.ngram_window_partition.ngram_context.merge.weight
 | -0.006 | -0.145 |  0.165 |  0.088 | torch.Size([32]) || m_down1.0.nstb_block.ngram_window_partition.ngram_context.merge.bias
 |  3.644 |  3.644 |  3.644 |    nan | torch.Size([1, 1, 1]) || m_down1.0.nstb_block.attn.logit_scale
 | -0.248 | -0.805 |  0.980 |  0.378 | torch.Size([225, 1]) || m_down1.0.nstb_block.attn.relative_position_bias_table
 | 112.000 |  0.000 | 224.000 | 48.719 | torch.Size([64, 64]) || m_down1.0.nstb_block.attn.relative_position_index
 |  0.001 | -0.694 |  0.564 |  0.132 | torch.Size([96, 32]) || m_down1.0.nstb_block.attn.qkv.weight
 | -0.006 | -0.188 |  0.167 |  0.082 | torch.Size([96]) || m_down1.0.nstb_block.attn.qkv.bias
 | -0.003 | -0.326 |  0.270 |  0.109 | torch.Size([32, 32]) || m_down1.0.nstb_block.attn.proj.weight
 |  0.011 | -0.225 |  0.194 |  0.117 | torch.Size([32]) || m_down1.0.nstb_block.attn.proj.bias
 |  0.979 |  0.893 |  1.069 |  0.035 | torch.Size([32]) || m_down1.0.nstb_block.norm1.weight
 |  0.010 | -0.009 |  0.036 |  0.011 | torch.Size([32]) || m_down1.0.nstb_block.norm1.bias
 |  0.001 | -0.487 |  0.653 |  0.135 | torch.Size([64, 32]) || m_down1.0.nstb_block.ffn.fc1.weight
 | -0.000 | -0.199 |  0.164 |  0.094 | torch.Size([64]) || m_down1.0.nstb_block.ffn.fc1.bias
 | -0.003 | -0.221 |  0.253 |  0.081 | torch.Size([32, 64]) || m_down1.0.nstb_block.ffn.fc2.weight
 | -0.016 | -0.124 |  0.153 |  0.082 | torch.Size([32]) || m_down1.0.nstb_block.ffn.fc2.bias
 |  0.962 |  0.790 |  1.003 |  0.042 | torch.Size([32]) || m_down1.0.nstb_block.norm2.weight
 |  0.010 | -0.014 |  0.042 |  0.012 | torch.Size([32]) || m_down1.0.nstb_block.norm2.bias
 | -0.002 | -0.398 |  0.545 |  0.087 | torch.Size([64, 64, 1, 1]) || m_down1.0.conv1_2.weight
 |  0.006 | -0.104 |  0.131 |  0.065 | torch.Size([64]) || m_down1.0.conv1_2.bias
 |  0.000 | -0.329 |  0.276 |  0.051 | torch.Size([128, 64, 2, 2]) || m_down1.1.weight
 |  0.000 | -0.352 |  0.366 |  0.076 | torch.Size([128, 128, 1, 1]) || m_down2.0.conv1_1.weight
 | -0.006 | -0.107 |  0.091 |  0.045 | torch.Size([128]) || m_down2.0.conv1_1.bias
 |  0.002 | -0.371 |  0.360 |  0.055 | torch.Size([64, 64, 3, 3]) || m_down2.0.conv_block.0.weight
 |  0.000 | -0.351 |  0.427 |  0.056 | torch.Size([64, 64, 3, 3]) || m_down2.0.conv_block.2.weight
 | -23.438 | -100.000 |  0.000 | 42.361 | torch.Size([16, 64, 64]) || m_down2.0.nstb_block.attn_mask
 | -0.002 | -0.272 |  0.309 |  0.068 | torch.Size([32, 2, 8, 8]) || m_down2.0.nstb_block.ngram_window_partition.ngram_context.unigram_embed.weight
 |  0.003 | -0.066 |  0.077 |  0.046 | torch.Size([32]) || m_down2.0.nstb_block.ngram_window_partition.ngram_context.unigram_embed.bias
 |  2.287 |  2.182 |  2.392 |  0.149 | torch.Size([2, 1, 1]) || m_down2.0.nstb_block.ngram_window_partition.ngram_context.ngram_attn.logit_scale
 | -0.013 | -0.395 |  0.468 |  0.255 | torch.Size([9, 2]) || m_down2.0.nstb_block.ngram_window_partition.ngram_context.ngram_attn.relative_position_bias_table
 |  4.000 |  0.000 |  8.000 |  2.309 | torch.Size([4, 4]) || m_down2.0.nstb_block.ngram_window_partition.ngram_context.ngram_attn.relative_position_index
 |  0.002 | -0.368 |  0.387 |  0.115 | torch.Size([96, 32]) || m_down2.0.nstb_block.ngram_window_partition.ngram_context.ngram_attn.qkv.weight
 |  0.025 | -0.195 |  0.229 |  0.101 | torch.Size([96]) || m_down2.0.nstb_block.ngram_window_partition.ngram_context.ngram_attn.qkv.bias
 | -0.001 | -0.248 |  0.244 |  0.103 | torch.Size([32, 32]) || m_down2.0.nstb_block.ngram_window_partition.ngram_context.ngram_attn.proj.weight
 |  0.002 | -0.126 |  0.144 |  0.063 | torch.Size([32]) || m_down2.0.nstb_block.ngram_window_partition.ngram_context.ngram_attn.proj.bias
 |  0.001 | -0.249 |  0.216 |  0.077 | torch.Size([64, 64, 1, 1]) || m_down2.0.nstb_block.ngram_window_partition.ngram_context.merge.weight
 |  0.002 | -0.102 |  0.116 |  0.058 | torch.Size([64]) || m_down2.0.nstb_block.ngram_window_partition.ngram_context.merge.bias
 |  2.817 |  2.595 |  3.039 |  0.314 | torch.Size([2, 1, 1]) || m_down2.0.nstb_block.attn.logit_scale
 | -0.331 | -1.011 |  1.407 |  0.399 | torch.Size([225, 2]) || m_down2.0.nstb_block.attn.relative_position_bias_table
 | 112.000 |  0.000 | 224.000 | 48.719 | torch.Size([64, 64]) || m_down2.0.nstb_block.attn.relative_position_index
 |  0.001 | -0.304 |  0.357 |  0.089 | torch.Size([192, 64]) || m_down2.0.nstb_block.attn.qkv.weight
 | -0.011 | -0.222 |  0.156 |  0.070 | torch.Size([192]) || m_down2.0.nstb_block.attn.qkv.bias
 | -0.003 | -0.209 |  0.233 |  0.082 | torch.Size([64, 64]) || m_down2.0.nstb_block.attn.proj.weight
 |  0.000 | -0.188 |  0.197 |  0.091 | torch.Size([64]) || m_down2.0.nstb_block.attn.proj.bias
 |  0.953 |  0.868 |  1.011 |  0.036 | torch.Size([64]) || m_down2.0.nstb_block.norm1.weight
 |  0.002 | -0.023 |  0.034 |  0.012 | torch.Size([64]) || m_down2.0.nstb_block.norm1.bias
 |  0.001 | -0.386 |  0.402 |  0.102 | torch.Size([128, 64]) || m_down2.0.nstb_block.ffn.fc1.weight
 | -0.006 | -0.160 |  0.126 |  0.079 | torch.Size([128]) || m_down2.0.nstb_block.ffn.fc1.bias
 |  0.001 | -0.237 |  0.256 |  0.066 | torch.Size([64, 128]) || m_down2.0.nstb_block.ffn.fc2.weight
 | -0.003 | -0.163 |  0.140 |  0.070 | torch.Size([64]) || m_down2.0.nstb_block.ffn.fc2.bias
 |  0.963 |  0.881 |  1.030 |  0.026 | torch.Size([64]) || m_down2.0.nstb_block.norm2.weight
 | -0.000 | -0.043 |  0.033 |  0.018 | torch.Size([64]) || m_down2.0.nstb_block.norm2.bias
 | -0.000 | -0.196 |  0.180 |  0.057 | torch.Size([128, 128, 1, 1]) || m_down2.0.conv1_2.weight
 | -0.007 | -0.076 |  0.072 |  0.036 | torch.Size([128]) || m_down2.0.conv1_2.bias
 | -0.000 | -0.173 |  0.220 |  0.044 | torch.Size([256, 128, 2, 2]) || m_down2.1.weight
 |  0.000 | -0.219 |  0.200 |  0.052 | torch.Size([256, 256, 1, 1]) || m_down3.0.conv1_1.weight
 | -0.000 | -0.122 |  0.083 |  0.030 | torch.Size([256]) || m_down3.0.conv1_1.bias
 |  0.000 | -0.453 |  0.393 |  0.049 | torch.Size([128, 128, 3, 3]) || m_down3.0.conv_block.0.weight
 |  0.000 | -0.337 |  0.397 |  0.049 | torch.Size([128, 128, 3, 3]) || m_down3.0.conv_block.2.weight
 | -43.750 | -100.000 |  0.000 | 49.609 | torch.Size([4, 64, 64]) || m_down3.0.nstb_block.attn_mask
 |  0.002 | -0.255 |  0.292 |  0.072 | torch.Size([64, 2, 8, 8]) || m_down3.0.nstb_block.ngram_window_partition.ngram_context.unigram_embed.weight
 |  0.009 | -0.089 |  0.104 |  0.047 | torch.Size([64]) || m_down3.0.nstb_block.ngram_window_partition.ngram_context.unigram_embed.bias
 |  2.348 |  2.267 |  2.393 |  0.058 | torch.Size([4, 1, 1]) || m_down3.0.nstb_block.ngram_window_partition.ngram_context.ngram_attn.logit_scale
 | -0.006 | -0.505 |  0.556 |  0.245 | torch.Size([9, 4]) || m_down3.0.nstb_block.ngram_window_partition.ngram_context.ngram_attn.relative_position_bias_table
 |  4.000 |  0.000 |  8.000 |  2.309 | torch.Size([4, 4]) || m_down3.0.nstb_block.ngram_window_partition.ngram_context.ngram_attn.relative_position_index
 |  0.001 | -0.299 |  0.323 |  0.088 | torch.Size([192, 64]) || m_down3.0.nstb_block.ngram_window_partition.ngram_context.ngram_attn.qkv.weight
 | -0.009 | -0.236 |  0.286 |  0.102 | torch.Size([192]) || m_down3.0.nstb_block.ngram_window_partition.ngram_context.ngram_attn.qkv.bias
 |  0.001 | -0.234 |  0.225 |  0.086 | torch.Size([64, 64]) || m_down3.0.nstb_block.ngram_window_partition.ngram_context.ngram_attn.proj.weight
 | -0.001 | -0.095 |  0.097 |  0.055 | torch.Size([64]) || m_down3.0.nstb_block.ngram_window_partition.ngram_context.ngram_attn.proj.bias
 | -0.000 | -0.217 |  0.214 |  0.067 | torch.Size([128, 128, 1, 1]) || m_down3.0.nstb_block.ngram_window_partition.ngram_context.merge.weight
 |  0.001 | -0.101 |  0.096 |  0.043 | torch.Size([128]) || m_down3.0.nstb_block.ngram_window_partition.ngram_context.merge.bias
 |  2.460 |  2.342 |  2.742 |  0.190 | torch.Size([4, 1, 1]) || m_down3.0.nstb_block.attn.logit_scale
 | -0.071 | -0.705 |  0.820 |  0.226 | torch.Size([225, 4]) || m_down3.0.nstb_block.attn.relative_position_bias_table
 | 112.000 |  0.000 | 224.000 | 48.719 | torch.Size([64, 64]) || m_down3.0.nstb_block.attn.relative_position_index
 | -0.000 | -0.322 |  0.283 |  0.069 | torch.Size([384, 128]) || m_down3.0.nstb_block.attn.qkv.weight
 | -0.000 | -0.206 |  0.273 |  0.069 | torch.Size([384]) || m_down3.0.nstb_block.attn.qkv.bias
 | -0.000 | -0.200 |  0.212 |  0.066 | torch.Size([128, 128]) || m_down3.0.nstb_block.attn.proj.weight
 | -0.004 | -0.185 |  0.206 |  0.079 | torch.Size([128]) || m_down3.0.nstb_block.attn.proj.bias
 |  0.932 |  0.843 |  0.995 |  0.035 | torch.Size([128]) || m_down3.0.nstb_block.norm1.weight
 | -0.000 | -0.026 |  0.024 |  0.010 | torch.Size([128]) || m_down3.0.nstb_block.norm1.bias
 |  0.001 | -0.412 |  0.468 |  0.089 | torch.Size([256, 128]) || m_down3.0.nstb_block.ffn.fc1.weight
 | -0.006 | -0.140 |  0.105 |  0.053 | torch.Size([256]) || m_down3.0.nstb_block.ffn.fc1.bias
 | -0.000 | -0.383 |  0.314 |  0.057 | torch.Size([128, 256]) || m_down3.0.nstb_block.ffn.fc2.weight
 |  0.005 | -0.115 |  0.093 |  0.046 | torch.Size([128]) || m_down3.0.nstb_block.ffn.fc2.bias
 |  0.928 |  0.706 |  0.976 |  0.047 | torch.Size([128]) || m_down3.0.nstb_block.norm2.weight
 |  0.001 | -0.047 |  0.042 |  0.019 | torch.Size([128]) || m_down3.0.nstb_block.norm2.bias
 | -0.000 | -0.184 |  0.157 |  0.043 | torch.Size([256, 256, 1, 1]) || m_down3.0.conv1_2.weight
 | -0.001 | -0.059 |  0.049 |  0.024 | torch.Size([256]) || m_down3.0.conv1_2.bias
 |  0.000 | -0.177 |  0.219 |  0.039 | torch.Size([512, 256, 2, 2]) || m_down3.1.weight
 |  0.000 | -0.219 |  0.215 |  0.048 | torch.Size([512, 512, 1, 1]) || m_body.0.conv1_1.weight
 |  0.002 | -0.125 |  0.165 |  0.047 | torch.Size([512]) || m_body.0.conv1_1.bias
 |  0.000 | -0.269 |  0.258 |  0.048 | torch.Size([256, 256, 3, 3]) || m_body.0.conv_block.0.weight
 |  0.000 | -0.266 |  0.268 |  0.047 | torch.Size([256, 256, 3, 3]) || m_body.0.conv_block.2.weight
 | -75.000 | -100.000 |  0.000 | 43.307 | torch.Size([1, 64, 64]) || m_body.0.nstb_block.attn_mask
 | -0.000 | -0.260 |  0.288 |  0.071 | torch.Size([128, 2, 8, 8]) || m_body.0.nstb_block.ngram_window_partition.ngram_context.unigram_embed.weight
 | -0.003 | -0.109 |  0.101 |  0.050 | torch.Size([128]) || m_body.0.nstb_block.ngram_window_partition.ngram_context.unigram_embed.bias
 |  2.207 |  1.948 |  2.333 |  0.157 | torch.Size([8, 1, 1]) || m_body.0.nstb_block.ngram_window_partition.ngram_context.ngram_attn.logit_scale
 | -0.020 | -0.956 |  1.610 |  0.388 | torch.Size([9, 8]) || m_body.0.nstb_block.ngram_window_partition.ngram_context.ngram_attn.relative_position_bias_table
 |  4.000 |  0.000 |  8.000 |  2.309 | torch.Size([4, 4]) || m_body.0.nstb_block.ngram_window_partition.ngram_context.ngram_attn.relative_position_index
 |  0.000 | -0.271 |  0.288 |  0.070 | torch.Size([384, 128]) || m_body.0.nstb_block.ngram_window_partition.ngram_context.ngram_attn.qkv.weight
 | -0.003 | -0.306 |  0.230 |  0.087 | torch.Size([384]) || m_body.0.nstb_block.ngram_window_partition.ngram_context.ngram_attn.qkv.bias
 | -0.001 | -0.235 |  0.230 |  0.070 | torch.Size([128, 128]) || m_body.0.nstb_block.ngram_window_partition.ngram_context.ngram_attn.proj.weight
 | -0.003 | -0.080 |  0.072 |  0.037 | torch.Size([128]) || m_body.0.nstb_block.ngram_window_partition.ngram_context.ngram_attn.proj.bias
 | -0.000 | -0.229 |  0.231 |  0.058 | torch.Size([256, 256, 1, 1]) || m_body.0.nstb_block.ngram_window_partition.ngram_context.merge.weight
 |  0.003 | -0.131 |  0.118 |  0.047 | torch.Size([256]) || m_body.0.nstb_block.ngram_window_partition.ngram_context.merge.bias
 |  2.588 |  2.467 |  2.791 |  0.109 | torch.Size([8, 1, 1]) || m_body.0.nstb_block.attn.logit_scale
 | -0.164 | -1.361 |  1.011 |  0.435 | torch.Size([225, 8]) || m_body.0.nstb_block.attn.relative_position_bias_table
 | 112.000 |  0.000 | 224.000 | 48.719 | torch.Size([64, 64]) || m_body.0.nstb_block.attn.relative_position_index
 | -0.000 | -0.277 |  0.258 |  0.058 | torch.Size([768, 256]) || m_body.0.nstb_block.attn.qkv.weight
 | -0.001 | -0.289 |  0.273 |  0.080 | torch.Size([768]) || m_body.0.nstb_block.attn.qkv.bias
 | -0.000 | -0.290 |  0.268 |  0.056 | torch.Size([256, 256]) || m_body.0.nstb_block.attn.proj.weight
 | -0.001 | -0.325 |  0.284 |  0.071 | torch.Size([256]) || m_body.0.nstb_block.attn.proj.bias
 |  0.910 |  0.822 |  0.986 |  0.028 | torch.Size([256]) || m_body.0.nstb_block.norm1.weight
 | -0.003 | -0.094 |  0.081 |  0.024 | torch.Size([256]) || m_body.0.nstb_block.norm1.bias
 |  0.000 | -0.321 |  0.294 |  0.065 | torch.Size([512, 256]) || m_body.0.nstb_block.ffn.fc1.weight
 | -0.021 | -0.114 |  0.112 |  0.040 | torch.Size([512]) || m_body.0.nstb_block.ffn.fc1.bias
 |  0.000 | -0.350 |  0.321 |  0.052 | torch.Size([256, 512]) || m_body.0.nstb_block.ffn.fc2.weight
 |  0.000 | -0.207 |  0.240 |  0.046 | torch.Size([256]) || m_body.0.nstb_block.ffn.fc2.bias
 |  0.953 |  0.813 |  1.049 |  0.034 | torch.Size([256]) || m_body.0.nstb_block.norm2.weight
 | -0.002 | -0.090 |  0.084 |  0.031 | torch.Size([256]) || m_body.0.nstb_block.norm2.bias
 | -0.000 | -0.171 |  0.180 |  0.040 | torch.Size([512, 512, 1, 1]) || m_body.0.conv1_2.weight
 | -0.002 | -0.155 |  0.113 |  0.049 | torch.Size([512]) || m_body.0.conv1_2.bias
 |  0.000 | -0.152 |  0.150 |  0.033 | torch.Size([512, 256, 2, 2]) || m_up3.0.weight
 |  0.001 | -0.206 |  0.197 |  0.052 | torch.Size([256, 256, 1, 1]) || m_up3.1.conv1_1.weight
 | -0.002 | -0.111 |  0.125 |  0.053 | torch.Size([256]) || m_up3.1.conv1_1.bias
 | -0.001 | -0.309 |  0.239 |  0.044 | torch.Size([128, 128, 3, 3]) || m_up3.1.conv_block.0.weight
 | -0.000 | -0.264 |  0.283 |  0.043 | torch.Size([128, 128, 3, 3]) || m_up3.1.conv_block.2.weight
 | -43.750 | -100.000 |  0.000 | 49.609 | torch.Size([4, 64, 64]) || m_up3.1.nstb_block.attn_mask
 |  0.002 | -0.291 |  0.220 |  0.064 | torch.Size([64, 2, 8, 8]) || m_up3.1.nstb_block.ngram_window_partition.ngram_context.unigram_embed.weight
 | -0.006 | -0.102 |  0.095 |  0.056 | torch.Size([64]) || m_up3.1.nstb_block.ngram_window_partition.ngram_context.unigram_embed.bias
 |  1.994 |  1.935 |  2.035 |  0.045 | torch.Size([4, 1, 1]) || m_up3.1.nstb_block.ngram_window_partition.ngram_context.ngram_attn.logit_scale
 | -0.020 | -0.866 |  1.563 |  0.546 | torch.Size([9, 4]) || m_up3.1.nstb_block.ngram_window_partition.ngram_context.ngram_attn.relative_position_bias_table
 |  4.000 |  0.000 |  8.000 |  2.309 | torch.Size([4, 4]) || m_up3.1.nstb_block.ngram_window_partition.ngram_context.ngram_attn.relative_position_index
 | -0.002 | -0.285 |  0.297 |  0.084 | torch.Size([192, 64]) || m_up3.1.nstb_block.ngram_window_partition.ngram_context.ngram_attn.qkv.weight
 | -0.006 | -0.392 |  0.346 |  0.136 | torch.Size([192]) || m_up3.1.nstb_block.ngram_window_partition.ngram_context.ngram_attn.qkv.bias
 |  0.001 | -0.216 |  0.218 |  0.082 | torch.Size([64, 64]) || m_up3.1.nstb_block.ngram_window_partition.ngram_context.ngram_attn.proj.weight
 |  0.005 | -0.116 |  0.103 |  0.067 | torch.Size([64]) || m_up3.1.nstb_block.ngram_window_partition.ngram_context.ngram_attn.proj.bias
 |  0.001 | -0.210 |  0.221 |  0.063 | torch.Size([128, 128, 1, 1]) || m_up3.1.nstb_block.ngram_window_partition.ngram_context.merge.weight
 |  0.002 | -0.128 |  0.130 |  0.055 | torch.Size([128]) || m_up3.1.nstb_block.ngram_window_partition.ngram_context.merge.bias
 |  2.500 |  2.375 |  2.652 |  0.115 | torch.Size([4, 1, 1]) || m_up3.1.nstb_block.attn.logit_scale
 | -0.372 | -1.452 |  1.124 |  0.486 | torch.Size([225, 4]) || m_up3.1.nstb_block.attn.relative_position_bias_table
 | 112.000 |  0.000 | 224.000 | 48.719 | torch.Size([64, 64]) || m_up3.1.nstb_block.attn.relative_position_index
 |  0.000 | -0.280 |  0.249 |  0.066 | torch.Size([384, 128]) || m_up3.1.nstb_block.attn.qkv.weight
 |  0.001 | -0.253 |  0.251 |  0.080 | torch.Size([384]) || m_up3.1.nstb_block.attn.qkv.bias
 | -0.000 | -0.211 |  0.238 |  0.062 | torch.Size([128, 128]) || m_up3.1.nstb_block.attn.proj.weight
 |  0.000 | -0.183 |  0.164 |  0.074 | torch.Size([128]) || m_up3.1.nstb_block.attn.proj.bias
 |  0.977 |  0.873 |  1.036 |  0.023 | torch.Size([128]) || m_up3.1.nstb_block.norm1.weight
 |  0.001 | -0.054 |  0.055 |  0.019 | torch.Size([128]) || m_up3.1.nstb_block.norm1.bias
 | -0.000 | -0.297 |  0.303 |  0.070 | torch.Size([256, 128]) || m_up3.1.nstb_block.ffn.fc1.weight
 | -0.030 | -0.178 |  0.107 |  0.061 | torch.Size([256]) || m_up3.1.nstb_block.ffn.fc1.bias
 | -0.000 | -0.226 |  0.240 |  0.053 | torch.Size([128, 256]) || m_up3.1.nstb_block.ffn.fc2.weight
 |  0.004 | -0.100 |  0.159 |  0.047 | torch.Size([128]) || m_up3.1.nstb_block.ffn.fc2.bias
 |  1.007 |  0.897 |  1.105 |  0.034 | torch.Size([128]) || m_up3.1.nstb_block.norm2.weight
 |  0.003 | -0.034 |  0.033 |  0.014 | torch.Size([128]) || m_up3.1.nstb_block.norm2.bias
 | -0.000 | -0.199 |  0.188 |  0.048 | torch.Size([256, 256, 1, 1]) || m_up3.1.conv1_2.weight
 | -0.002 | -0.134 |  0.112 |  0.051 | torch.Size([256]) || m_up3.1.conv1_2.bias
 |  0.000 | -0.114 |  0.107 |  0.024 | torch.Size([256, 128, 2, 2]) || m_up2.0.weight
 | -0.000 | -0.267 |  0.264 |  0.071 | torch.Size([128, 128, 1, 1]) || m_up2.1.conv1_1.weight
 | -0.009 | -0.101 |  0.081 |  0.047 | torch.Size([128]) || m_up2.1.conv1_1.bias
 |  0.000 | -0.290 |  0.306 |  0.048 | torch.Size([64, 64, 3, 3]) || m_up2.1.conv_block.0.weight
 |  0.001 | -0.406 |  0.446 |  0.052 | torch.Size([64, 64, 3, 3]) || m_up2.1.conv_block.2.weight
 | -23.438 | -100.000 |  0.000 | 42.361 | torch.Size([16, 64, 64]) || m_up2.1.nstb_block.attn_mask
 |  0.001 | -0.273 |  0.284 |  0.067 | torch.Size([32, 2, 8, 8]) || m_up2.1.nstb_block.ngram_window_partition.ngram_context.unigram_embed.weight
 | -0.007 | -0.094 |  0.088 |  0.046 | torch.Size([32]) || m_up2.1.nstb_block.ngram_window_partition.ngram_context.unigram_embed.bias
 |  1.705 |  1.548 |  1.861 |  0.221 | torch.Size([2, 1, 1]) || m_up2.1.nstb_block.ngram_window_partition.ngram_context.ngram_attn.logit_scale
 | -0.157 | -1.731 |  1.752 |  1.100 | torch.Size([9, 2]) || m_up2.1.nstb_block.ngram_window_partition.ngram_context.ngram_attn.relative_position_bias_table
 |  4.000 |  0.000 |  8.000 |  2.309 | torch.Size([4, 4]) || m_up2.1.nstb_block.ngram_window_partition.ngram_context.ngram_attn.relative_position_index
 |  0.001 | -0.315 |  0.330 |  0.111 | torch.Size([96, 32]) || m_up2.1.nstb_block.ngram_window_partition.ngram_context.ngram_attn.qkv.weight
 | -0.012 | -0.317 |  0.410 |  0.139 | torch.Size([96]) || m_up2.1.nstb_block.ngram_window_partition.ngram_context.ngram_attn.qkv.bias
 |  0.000 | -0.270 |  0.251 |  0.111 | torch.Size([32, 32]) || m_up2.1.nstb_block.ngram_window_partition.ngram_context.ngram_attn.proj.weight
 |  0.001 | -0.168 |  0.132 |  0.091 | torch.Size([32]) || m_up2.1.nstb_block.ngram_window_partition.ngram_context.ngram_attn.proj.bias
 | -0.000 | -0.303 |  0.284 |  0.079 | torch.Size([64, 64, 1, 1]) || m_up2.1.nstb_block.ngram_window_partition.ngram_context.merge.weight
 | -0.012 | -0.136 |  0.143 |  0.069 | torch.Size([64]) || m_up2.1.nstb_block.ngram_window_partition.ngram_context.merge.bias
 |  2.433 |  2.336 |  2.529 |  0.136 | torch.Size([2, 1, 1]) || m_up2.1.nstb_block.attn.logit_scale
 | -0.237 | -1.133 |  0.996 |  0.473 | torch.Size([225, 2]) || m_up2.1.nstb_block.attn.relative_position_bias_table
 | 112.000 |  0.000 | 224.000 | 48.719 | torch.Size([64, 64]) || m_up2.1.nstb_block.attn.relative_position_index
 | -0.000 | -0.398 |  0.321 |  0.081 | torch.Size([192, 64]) || m_up2.1.nstb_block.attn.qkv.weight
 |  0.007 | -0.150 |  0.186 |  0.085 | torch.Size([192]) || m_up2.1.nstb_block.attn.qkv.bias
 |  0.000 | -0.266 |  0.251 |  0.075 | torch.Size([64, 64]) || m_up2.1.nstb_block.attn.proj.weight
 | -0.010 | -0.226 |  0.175 |  0.086 | torch.Size([64]) || m_up2.1.nstb_block.attn.proj.bias
 |  0.958 |  0.718 |  0.998 |  0.055 | torch.Size([64]) || m_up2.1.nstb_block.norm1.weight
 | -0.002 | -0.020 |  0.011 |  0.007 | torch.Size([64]) || m_up2.1.nstb_block.norm1.bias
 |  0.000 | -0.418 |  0.381 |  0.089 | torch.Size([128, 64]) || m_up2.1.nstb_block.ffn.fc1.weight
 | -0.011 | -0.167 |  0.161 |  0.076 | torch.Size([128]) || m_up2.1.nstb_block.ffn.fc1.bias
 |  0.000 | -0.188 |  0.206 |  0.057 | torch.Size([64, 128]) || m_up2.1.nstb_block.ffn.fc2.weight
 | -0.006 | -0.129 |  0.108 |  0.058 | torch.Size([64]) || m_up2.1.nstb_block.ffn.fc2.bias
 |  0.945 |  0.541 |  1.004 |  0.084 | torch.Size([64]) || m_up2.1.nstb_block.norm2.weight
 | -0.002 | -0.014 |  0.013 |  0.007 | torch.Size([64]) || m_up2.1.nstb_block.norm2.bias
 |  0.000 | -0.271 |  0.245 |  0.063 | torch.Size([128, 128, 1, 1]) || m_up2.1.conv1_2.weight
 |  0.006 | -0.099 |  0.116 |  0.051 | torch.Size([128]) || m_up2.1.conv1_2.bias
 |  0.000 | -0.153 |  0.141 |  0.036 | torch.Size([128, 64, 2, 2]) || m_up1.0.weight
 | -0.002 | -0.266 |  0.288 |  0.085 | torch.Size([64, 64, 1, 1]) || m_up1.1.conv1_1.weight
 |  0.008 | -0.129 |  0.121 |  0.066 | torch.Size([64]) || m_up1.1.conv1_1.bias
 |  0.001 | -0.221 |  0.288 |  0.049 | torch.Size([32, 32, 3, 3]) || m_up1.1.conv_block.0.weight
 | -0.002 | -0.260 |  0.337 |  0.050 | torch.Size([32, 32, 3, 3]) || m_up1.1.conv_block.2.weight
 | -12.109 | -100.000 |  0.000 | 32.624 | torch.Size([64, 64, 64]) || m_up1.1.nstb_block.attn_mask
 |  0.002 | -0.358 |  0.403 |  0.078 | torch.Size([16, 2, 8, 8]) || m_up1.1.nstb_block.ngram_window_partition.ngram_context.unigram_embed.weight
 | -0.012 | -0.083 |  0.075 |  0.045 | torch.Size([16]) || m_up1.1.nstb_block.ngram_window_partition.ngram_context.unigram_embed.bias
 |  2.011 |  2.011 |  2.011 |    nan | torch.Size([1, 1, 1]) || m_up1.1.nstb_block.ngram_window_partition.ngram_context.ngram_attn.logit_scale
 |  0.002 | -0.269 |  0.461 |  0.228 | torch.Size([9, 1]) || m_up1.1.nstb_block.ngram_window_partition.ngram_context.ngram_attn.relative_position_bias_table
 |  4.000 |  0.000 |  8.000 |  2.309 | torch.Size([4, 4]) || m_up1.1.nstb_block.ngram_window_partition.ngram_context.ngram_attn.relative_position_index
 | -0.002 | -0.472 |  0.557 |  0.174 | torch.Size([48, 16]) || m_up1.1.nstb_block.ngram_window_partition.ngram_context.ngram_attn.qkv.weight
 | -0.005 | -0.199 |  0.231 |  0.111 | torch.Size([48]) || m_up1.1.nstb_block.ngram_window_partition.ngram_context.ngram_attn.qkv.bias
 | -0.003 | -0.555 |  0.400 |  0.159 | torch.Size([16, 16]) || m_up1.1.nstb_block.ngram_window_partition.ngram_context.ngram_attn.proj.weight
 | -0.012 | -0.204 |  0.161 |  0.110 | torch.Size([16]) || m_up1.1.nstb_block.ngram_window_partition.ngram_context.ngram_attn.proj.bias
 |  0.003 | -0.340 |  0.276 |  0.105 | torch.Size([32, 32, 1, 1]) || m_up1.1.nstb_block.ngram_window_partition.ngram_context.merge.weight
 |  0.023 | -0.154 |  0.172 |  0.102 | torch.Size([32]) || m_up1.1.nstb_block.ngram_window_partition.ngram_context.merge.bias
 |  2.640 |  2.640 |  2.640 |    nan | torch.Size([1, 1, 1]) || m_up1.1.nstb_block.attn.logit_scale
 | -0.478 | -1.606 |  1.187 |  0.770 | torch.Size([225, 1]) || m_up1.1.nstb_block.attn.relative_position_bias_table
 | 112.000 |  0.000 | 224.000 | 48.719 | torch.Size([64, 64]) || m_up1.1.nstb_block.attn.relative_position_index
 |  0.004 | -0.395 |  0.424 |  0.117 | torch.Size([96, 32]) || m_up1.1.nstb_block.attn.qkv.weight
 | -0.002 | -0.176 |  0.187 |  0.087 | torch.Size([96]) || m_up1.1.nstb_block.attn.qkv.bias
 | -0.001 | -0.279 |  0.266 |  0.104 | torch.Size([32, 32]) || m_up1.1.nstb_block.attn.proj.weight
 |  0.011 | -0.177 |  0.179 |  0.096 | torch.Size([32]) || m_up1.1.nstb_block.attn.proj.bias
 |  0.965 |  0.656 |  1.026 |  0.075 | torch.Size([32]) || m_up1.1.nstb_block.norm1.weight
 |  0.001 | -0.053 |  0.035 |  0.016 | torch.Size([32]) || m_up1.1.nstb_block.norm1.bias
 | -0.001 | -0.536 |  0.351 |  0.111 | torch.Size([64, 32]) || m_up1.1.nstb_block.ffn.fc1.weight
 | -0.004 | -0.195 |  0.187 |  0.104 | torch.Size([64]) || m_up1.1.nstb_block.ffn.fc1.bias
 | -0.002 | -0.178 |  0.234 |  0.076 | torch.Size([32, 64]) || m_up1.1.nstb_block.ffn.fc2.weight
 |  0.007 | -0.130 |  0.119 |  0.077 | torch.Size([32]) || m_up1.1.nstb_block.ffn.fc2.bias
 |  0.967 |  0.820 |  1.018 |  0.057 | torch.Size([32]) || m_up1.1.nstb_block.norm2.weight
 | -0.000 | -0.032 |  0.036 |  0.014 | torch.Size([32]) || m_up1.1.nstb_block.norm2.bias
 | -0.001 | -0.228 |  0.211 |  0.074 | torch.Size([64, 64, 1, 1]) || m_up1.1.conv1_2.weight
 |  0.008 | -0.100 |  0.113 |  0.056 | torch.Size([64]) || m_up1.1.conv1_2.bias
 | -0.000 | -0.036 |  0.040 |  0.013 | torch.Size([1, 64, 3, 3]) || m_tail.0.weight

25-07-08 16:20:54.993 : TensorBoard logging to: training_results/conv_nstb/scunet_ngswin_conv_nstb/tensorboard/SCUNet_conv_nstb_li_ct_val0.1
25-07-08 16:20:54.993 : Experiment name: SCUNet_conv_nstb_li_ct_val0.1
25-07-08 16:20:54.993 : Validation split: 10.0% of training data
25-07-08 16:20:54.993 : Early stopping is disabled. Training will run for full 100 epochs.
25-07-08 16:20:54.993 : ================================================================================
25-07-08 16:20:54.993 : TEST-ONLY MODE: Skipping training, running final test evaluation
25-07-08 16:20:54.993 : ================================================================================
25-07-08 16:20:54.994 : Number of test images: 75
25-07-08 16:20:54.994 : ================================================================================
25-07-08 16:20:54.994 : FINAL TEST EVALUATION - After 100 epochs completed
25-07-08 16:20:54.994 : ================================================================================
25-07-08 16:20:54.994 : Loading best PSNR checkpoint for final test evaluation...
25-07-08 16:20:54.994 : ------------------------------------------------------------
25-07-08 16:20:54.994 : Testing checkpoint: PSNR_E (psnr_E.pth)
25-07-08 16:20:54.994 : ------------------------------------------------------------
25-07-08 16:20:54.994 : Loading checkpoint: training_results/conv_nstb/scunet_ngswin_conv_nstb/models/psnr_E.pth
25-07-08 16:20:57.012 : Saved clinical test 10: dataset7_CLINIC_metal_0009_data
25-07-08 16:20:57.012 :   Original: training_results/conv_nstb/scunet_ngswin_conv_nstb/images/final_test_psnr_e_test_2/dataset7_CLINIC_metal_0009_data_original.png
25-07-08 16:20:57.012 :   Enhanced: training_results/conv_nstb/scunet_ngswin_conv_nstb/images/final_test_psnr_e_test_2/dataset7_CLINIC_metal_0009_data_enhanced.png
25-07-08 16:20:57.012 :   Comparison: training_results/conv_nstb/scunet_ngswin_conv_nstb/images/final_test_psnr_e_test_2/dataset7_CLINIC_metal_0009_data_comparison.png
25-07-08 16:20:58.992 : Saved clinical test 20: dataset7_CLINIC_metal_0019_data
25-07-08 16:20:58.992 :   Original: training_results/conv_nstb/scunet_ngswin_conv_nstb/images/final_test_psnr_e_test_2/dataset7_CLINIC_metal_0019_data_original.png
25-07-08 16:20:58.992 :   Enhanced: training_results/conv_nstb/scunet_ngswin_conv_nstb/images/final_test_psnr_e_test_2/dataset7_CLINIC_metal_0019_data_enhanced.png
25-07-08 16:20:58.992 :   Comparison: training_results/conv_nstb/scunet_ngswin_conv_nstb/images/final_test_psnr_e_test_2/dataset7_CLINIC_metal_0019_data_comparison.png
25-07-08 16:21:00.921 : Saved clinical test 30: dataset7_CLINIC_metal_0029_data
25-07-08 16:21:00.922 :   Original: training_results/conv_nstb/scunet_ngswin_conv_nstb/images/final_test_psnr_e_test_2/dataset7_CLINIC_metal_0029_data_original.png
25-07-08 16:21:00.922 :   Enhanced: training_results/conv_nstb/scunet_ngswin_conv_nstb/images/final_test_psnr_e_test_2/dataset7_CLINIC_metal_0029_data_enhanced.png
25-07-08 16:21:00.922 :   Comparison: training_results/conv_nstb/scunet_ngswin_conv_nstb/images/final_test_psnr_e_test_2/dataset7_CLINIC_metal_0029_data_comparison.png
25-07-08 16:21:02.917 : Saved clinical test 40: dataset7_CLINIC_metal_0039_data
25-07-08 16:21:02.917 :   Original: training_results/conv_nstb/scunet_ngswin_conv_nstb/images/final_test_psnr_e_test_2/dataset7_CLINIC_metal_0039_data_original.png
25-07-08 16:21:02.917 :   Enhanced: training_results/conv_nstb/scunet_ngswin_conv_nstb/images/final_test_psnr_e_test_2/dataset7_CLINIC_metal_0039_data_enhanced.png
25-07-08 16:21:02.917 :   Comparison: training_results/conv_nstb/scunet_ngswin_conv_nstb/images/final_test_psnr_e_test_2/dataset7_CLINIC_metal_0039_data_comparison.png
25-07-08 16:21:04.970 : Saved clinical test 50: dataset7_CLINIC_metal_0049_data
25-07-08 16:21:04.970 :   Original: training_results/conv_nstb/scunet_ngswin_conv_nstb/images/final_test_psnr_e_test_2/dataset7_CLINIC_metal_0049_data_original.png
25-07-08 16:21:04.970 :   Enhanced: training_results/conv_nstb/scunet_ngswin_conv_nstb/images/final_test_psnr_e_test_2/dataset7_CLINIC_metal_0049_data_enhanced.png
25-07-08 16:21:04.970 :   Comparison: training_results/conv_nstb/scunet_ngswin_conv_nstb/images/final_test_psnr_e_test_2/dataset7_CLINIC_metal_0049_data_comparison.png
25-07-08 16:21:06.850 : Saved clinical test 60: dataset7_CLINIC_metal_0059_data
25-07-08 16:21:06.850 :   Original: training_results/conv_nstb/scunet_ngswin_conv_nstb/images/final_test_psnr_e_test_2/dataset7_CLINIC_metal_0059_data_original.png
25-07-08 16:21:06.850 :   Enhanced: training_results/conv_nstb/scunet_ngswin_conv_nstb/images/final_test_psnr_e_test_2/dataset7_CLINIC_metal_0059_data_enhanced.png
25-07-08 16:21:06.850 :   Comparison: training_results/conv_nstb/scunet_ngswin_conv_nstb/images/final_test_psnr_e_test_2/dataset7_CLINIC_metal_0059_data_comparison.png
25-07-08 16:21:08.801 : Saved clinical test 70: dataset7_CLINIC_metal_0069_data
25-07-08 16:21:08.801 :   Original: training_results/conv_nstb/scunet_ngswin_conv_nstb/images/final_test_psnr_e_test_2/dataset7_CLINIC_metal_0069_data_original.png
25-07-08 16:21:08.801 :   Enhanced: training_results/conv_nstb/scunet_ngswin_conv_nstb/images/final_test_psnr_e_test_2/dataset7_CLINIC_metal_0069_data_enhanced.png
25-07-08 16:21:08.801 :   Comparison: training_results/conv_nstb/scunet_ngswin_conv_nstb/images/final_test_psnr_e_test_2/dataset7_CLINIC_metal_0069_data_comparison.png
25-07-08 16:21:09.830 : ------------------------------------------------------------
25-07-08 16:21:09.830 : PSNR_E CLINICAL INFERENCE RESULTS:
25-07-08 16:21:09.830 : Processed 75 clinical images
25-07-08 16:21:09.830 : Enhanced images saved with before/after comparison
25-07-08 16:21:09.830 : Images saved: 7 (every 10th)
25-07-08 16:21:09.830 : Test images directory: training_results/conv_nstb/scunet_ngswin_conv_nstb/images/final_test_psnr_e_test_2
25-07-08 16:21:09.830 : ------------------------------------------------------------
25-07-08 16:21:09.830 : ------------------------------------------------------------
25-07-08 16:21:09.830 : Testing checkpoint: PSNR_G (psnr_G.pth)
25-07-08 16:21:09.830 : ------------------------------------------------------------
25-07-08 16:21:09.830 : Loading checkpoint: training_results/conv_nstb/scunet_ngswin_conv_nstb/models/psnr_G.pth
25-07-08 16:21:11.840 : Saved clinical test 10: dataset7_CLINIC_metal_0009_data
25-07-08 16:21:11.840 :   Original: training_results/conv_nstb/scunet_ngswin_conv_nstb/images/final_test_psnr_g_test_2/dataset7_CLINIC_metal_0009_data_original.png
25-07-08 16:21:11.840 :   Enhanced: training_results/conv_nstb/scunet_ngswin_conv_nstb/images/final_test_psnr_g_test_2/dataset7_CLINIC_metal_0009_data_enhanced.png
25-07-08 16:21:11.840 :   Comparison: training_results/conv_nstb/scunet_ngswin_conv_nstb/images/final_test_psnr_g_test_2/dataset7_CLINIC_metal_0009_data_comparison.png
25-07-08 16:21:13.897 : Saved clinical test 20: dataset7_CLINIC_metal_0019_data
25-07-08 16:21:13.897 :   Original: training_results/conv_nstb/scunet_ngswin_conv_nstb/images/final_test_psnr_g_test_2/dataset7_CLINIC_metal_0019_data_original.png
25-07-08 16:21:13.897 :   Enhanced: training_results/conv_nstb/scunet_ngswin_conv_nstb/images/final_test_psnr_g_test_2/dataset7_CLINIC_metal_0019_data_enhanced.png
25-07-08 16:21:13.897 :   Comparison: training_results/conv_nstb/scunet_ngswin_conv_nstb/images/final_test_psnr_g_test_2/dataset7_CLINIC_metal_0019_data_comparison.png
25-07-08 16:21:15.865 : Saved clinical test 30: dataset7_CLINIC_metal_0029_data
25-07-08 16:21:15.865 :   Original: training_results/conv_nstb/scunet_ngswin_conv_nstb/images/final_test_psnr_g_test_2/dataset7_CLINIC_metal_0029_data_original.png
25-07-08 16:21:15.865 :   Enhanced: training_results/conv_nstb/scunet_ngswin_conv_nstb/images/final_test_psnr_g_test_2/dataset7_CLINIC_metal_0029_data_enhanced.png
25-07-08 16:21:15.865 :   Comparison: training_results/conv_nstb/scunet_ngswin_conv_nstb/images/final_test_psnr_g_test_2/dataset7_CLINIC_metal_0029_data_comparison.png
25-07-08 16:21:17.905 : Saved clinical test 40: dataset7_CLINIC_metal_0039_data
25-07-08 16:21:17.905 :   Original: training_results/conv_nstb/scunet_ngswin_conv_nstb/images/final_test_psnr_g_test_2/dataset7_CLINIC_metal_0039_data_original.png
25-07-08 16:21:17.905 :   Enhanced: training_results/conv_nstb/scunet_ngswin_conv_nstb/images/final_test_psnr_g_test_2/dataset7_CLINIC_metal_0039_data_enhanced.png
25-07-08 16:21:17.905 :   Comparison: training_results/conv_nstb/scunet_ngswin_conv_nstb/images/final_test_psnr_g_test_2/dataset7_CLINIC_metal_0039_data_comparison.png
25-07-08 16:21:19.983 : Saved clinical test 50: dataset7_CLINIC_metal_0049_data
25-07-08 16:21:19.983 :   Original: training_results/conv_nstb/scunet_ngswin_conv_nstb/images/final_test_psnr_g_test_2/dataset7_CLINIC_metal_0049_data_original.png
25-07-08 16:21:19.983 :   Enhanced: training_results/conv_nstb/scunet_ngswin_conv_nstb/images/final_test_psnr_g_test_2/dataset7_CLINIC_metal_0049_data_enhanced.png
25-07-08 16:21:19.983 :   Comparison: training_results/conv_nstb/scunet_ngswin_conv_nstb/images/final_test_psnr_g_test_2/dataset7_CLINIC_metal_0049_data_comparison.png
25-07-08 16:21:32.370 :   task: scunet_ngswin_conv_nstb
  model: scunet_ngswin
  gpu_ids: [0]
  dist: False
  scale: 1
  n_channels: 1
  path:[
    root: training_results/conv_nstb
    pretrained_netG: training_results/conv_nstb/scunet_ngswin_conv_nstb/models/540000_G.pth
    pretrained_netE: training_results/conv_nstb/scunet_ngswin_conv_nstb/models/540000_E.pth
    task: training_results/conv_nstb/scunet_ngswin_conv_nstb
    log: training_results/conv_nstb/scunet_ngswin_conv_nstb
    options: training_results/conv_nstb/scunet_ngswin_conv_nstb/options
    models: training_results/conv_nstb/scunet_ngswin_conv_nstb/models
    images: training_results/conv_nstb/scunet_ngswin_conv_nstb/images
    pretrained_optimizerG: None
  ]
  datasets:[
    train:[
      name: syn_deeplesion_train_li_ct
      dataset_type: li_ct
      dataroot_H: /home/Drive-D/SynDeepLesion/train_640geo
      dataloader_shuffle: True
      dataloader_num_workers: 16
      dataloader_batch_size: 6
      phase: train
      scale: 1
      n_channels: 1
    ]
    test:[
      name: syn_deeplesion_test_li_ct
      dataset_type: li_ct
      dataroot_H: /home/Drive-D/SynDeepLesion/test_640geo
      phase: test
      scale: 1
      n_channels: 1
    ]
    test_2:[
      name: clinical_metal_test_nii_ct
      dataset_type: nii_ct
      dataroot_H: /home/Drive-D/clinical_metal
      phase: test
      scale: 1
      n_channels: 1
    ]
  ]
  netG:[
    net_type: scunet_ngswin
    in_nc: 1
    out_nc: 1
    config: [1, 1, 1, 1, 1, 1, 1]
    dim: 32
    drop_path_rate: 0.0
    input_resolution: 512
    block_variant: conv_nstb
    init_type: kaiming_normal
    init_bn_type: constant
    init_gain: 1.0
    scale: 1
  ]
  train:[
    G_lossfn_type: l1
    G_lossfn_weight: 1.0
    E_decay: 0.999
    G_optimizer_type: adam
    G_optimizer_lr: 0.0001
    G_optimizer_wd: 0
    G_scheduler_type: MultiStepLR
    G_scheduler_milestones: [200000, 400000, 600000, 800000]
    G_scheduler_gamma: 0.5
    G_param_strict: True
    E_param_strict: True
    checkpoint_test: 20000
    checkpoint_save: 10000
    checkpoint_print: 1000
    use_fp16: True
    test_both_checkpoints: True
    test_save_every_nth: 10
    F_feature_layer: 34
    F_weights: 1.0
    F_lossfn_type: l1
    F_use_input_norm: True
    F_use_range_norm: False
    G_optimizer_betas: [0.9, 0.999]
    G_scheduler_restart_weights: 1
    G_optimizer_reuse: False
  ]
  opt_path: options/train_scunet_ngswin_1.json
  is_train: True
  merge_bn: False
  merge_bn_startpoint: -1
  find_unused_parameters: False
  use_static_graph: False
  num_gpu: 1
  device: cuda

25-07-08 16:21:32.370 : Using device: cuda
25-07-08 16:21:32.658 : Total samples: 36,116 | Train: 32,505 (90.0%) | Validation: 3,611 (10.0%)
25-07-08 16:21:32.659 : Training iters per epoch: 5,418
25-07-08 16:21:32.659 : Test set samples: 75
25-07-08 16:21:33.679 : 
Networks name: SCUNet_NGSwin
Params number: 5348264
Net structure:
SCUNet_NGSwin(
  (m_head): Sequential(
    (0): Conv2d(1, 64, kernel_size=(3, 3), stride=(1, 1), padding=(1, 1), bias=False)
  )
  (m_down1): Sequential(
    (0): ConvNSTBBlock(
      (conv1_1): Conv2d(64, 64, kernel_size=(1, 1), stride=(1, 1))
      (conv_block): Sequential(
        (0): Conv2d(32, 32, kernel_size=(3, 3), stride=(1, 1), padding=(1, 1), bias=False)
        (1): ReLU(inplace=True)
        (2): Conv2d(32, 32, kernel_size=(3, 3), stride=(1, 1), padding=(1, 1), bias=False)
      )
      (nstb_block): NSTB(
        (ngram_window_partition): NGramWindowPartition(
          (ngram_context): NGramContext(
            (unigram_embed): Conv2d(32, 16, kernel_size=(8, 8), stride=(8, 8), groups=16)
            (ngram_attn): WindowAttention(
              (qkv): Linear(in_features=16, out_features=48, bias=True)
              (attn_drop): Dropout(p=0.0, inplace=False)
              (proj): Linear(in_features=16, out_features=16, bias=True)
              (proj_drop): Dropout(p=0.0, inplace=False)
              (softmax): Softmax(dim=-1)
            )
            (avg_pool): AvgPool2d(kernel_size=2, stride=2, padding=0)
            (merge): Conv2d(32, 32, kernel_size=(1, 1), stride=(1, 1))
          )
        )
        (attn): WindowAttention(
          (qkv): Linear(in_features=32, out_features=96, bias=True)
          (attn_drop): Dropout(p=0.0, inplace=False)
          (proj): Linear(in_features=32, out_features=32, bias=True)
          (proj_drop): Dropout(p=0.0, inplace=False)
          (softmax): Softmax(dim=-1)
        )
        (norm1): LayerNorm((32,), eps=1e-05, elementwise_affine=True)
        (drop_path): Identity()
        (ffn): Mlp(
          (fc1): Linear(in_features=32, out_features=64, bias=True)
          (act): GELU(approximate='none')
          (drop1): Dropout(p=0.0, inplace=False)
          (norm): Identity()
          (fc2): Linear(in_features=64, out_features=32, bias=True)
          (drop2): Dropout(p=0.0, inplace=False)
        )
        (norm2): LayerNorm((32,), eps=1e-05, elementwise_affine=True)
      )
      (conv1_2): Conv2d(64, 64, kernel_size=(1, 1), stride=(1, 1))
    )
    (1): Conv2d(64, 128, kernel_size=(2, 2), stride=(2, 2), bias=False)
  )
  (m_down2): Sequential(
    (0): ConvNSTBBlock(
      (conv1_1): Conv2d(128, 128, kernel_size=(1, 1), stride=(1, 1))
      (conv_block): Sequential(
        (0): Conv2d(64, 64, kernel_size=(3, 3), stride=(1, 1), padding=(1, 1), bias=False)
        (1): ReLU(inplace=True)
        (2): Conv2d(64, 64, kernel_size=(3, 3), stride=(1, 1), padding=(1, 1), bias=False)
      )
      (nstb_block): NSTB(
        (ngram_window_partition): NGramWindowPartition(
          (ngram_context): NGramContext(
            (unigram_embed): Conv2d(64, 32, kernel_size=(8, 8), stride=(8, 8), groups=32)
            (ngram_attn): WindowAttention(
              (qkv): Linear(in_features=32, out_features=96, bias=True)
              (attn_drop): Dropout(p=0.0, inplace=False)
              (proj): Linear(in_features=32, out_features=32, bias=True)
              (proj_drop): Dropout(p=0.0, inplace=False)
              (softmax): Softmax(dim=-1)
            )
            (avg_pool): AvgPool2d(kernel_size=2, stride=2, padding=0)
            (merge): Conv2d(64, 64, kernel_size=(1, 1), stride=(1, 1))
          )
        )
        (attn): WindowAttention(
          (qkv): Linear(in_features=64, out_features=192, bias=True)
          (attn_drop): Dropout(p=0.0, inplace=False)
          (proj): Linear(in_features=64, out_features=64, bias=True)
          (proj_drop): Dropout(p=0.0, inplace=False)
          (softmax): Softmax(dim=-1)
        )
        (norm1): LayerNorm((64,), eps=1e-05, elementwise_affine=True)
        (drop_path): Identity()
        (ffn): Mlp(
          (fc1): Linear(in_features=64, out_features=128, bias=True)
          (act): GELU(approximate='none')
          (drop1): Dropout(p=0.0, inplace=False)
          (norm): Identity()
          (fc2): Linear(in_features=128, out_features=64, bias=True)
          (drop2): Dropout(p=0.0, inplace=False)
        )
        (norm2): LayerNorm((64,), eps=1e-05, elementwise_affine=True)
      )
      (conv1_2): Conv2d(128, 128, kernel_size=(1, 1), stride=(1, 1))
    )
    (1): Conv2d(128, 256, kernel_size=(2, 2), stride=(2, 2), bias=False)
  )
  (m_down3): Sequential(
    (0): ConvNSTBBlock(
      (conv1_1): Conv2d(256, 256, kernel_size=(1, 1), stride=(1, 1))
      (conv_block): Sequential(
        (0): Conv2d(128, 128, kernel_size=(3, 3), stride=(1, 1), padding=(1, 1), bias=False)
        (1): ReLU(inplace=True)
        (2): Conv2d(128, 128, kernel_size=(3, 3), stride=(1, 1), padding=(1, 1), bias=False)
      )
      (nstb_block): NSTB(
        (ngram_window_partition): NGramWindowPartition(
          (ngram_context): NGramContext(
            (unigram_embed): Conv2d(128, 64, kernel_size=(8, 8), stride=(8, 8), groups=64)
            (ngram_attn): WindowAttention(
              (qkv): Linear(in_features=64, out_features=192, bias=True)
              (attn_drop): Dropout(p=0.0, inplace=False)
              (proj): Linear(in_features=64, out_features=64, bias=True)
              (proj_drop): Dropout(p=0.0, inplace=False)
              (softmax): Softmax(dim=-1)
            )
            (avg_pool): AvgPool2d(kernel_size=2, stride=2, padding=0)
            (merge): Conv2d(128, 128, kernel_size=(1, 1), stride=(1, 1))
          )
        )
        (attn): WindowAttention(
          (qkv): Linear(in_features=128, out_features=384, bias=True)
          (attn_drop): Dropout(p=0.0, inplace=False)
          (proj): Linear(in_features=128, out_features=128, bias=True)
          (proj_drop): Dropout(p=0.0, inplace=False)
          (softmax): Softmax(dim=-1)
        )
        (norm1): LayerNorm((128,), eps=1e-05, elementwise_affine=True)
        (drop_path): Identity()
        (ffn): Mlp(
          (fc1): Linear(in_features=128, out_features=256, bias=True)
          (act): GELU(approximate='none')
          (drop1): Dropout(p=0.0, inplace=False)
          (norm): Identity()
          (fc2): Linear(in_features=256, out_features=128, bias=True)
          (drop2): Dropout(p=0.0, inplace=False)
        )
        (norm2): LayerNorm((128,), eps=1e-05, elementwise_affine=True)
      )
      (conv1_2): Conv2d(256, 256, kernel_size=(1, 1), stride=(1, 1))
    )
    (1): Conv2d(256, 512, kernel_size=(2, 2), stride=(2, 2), bias=False)
  )
  (m_body): Sequential(
    (0): ConvNSTBBlock(
      (conv1_1): Conv2d(512, 512, kernel_size=(1, 1), stride=(1, 1))
      (conv_block): Sequential(
        (0): Conv2d(256, 256, kernel_size=(3, 3), stride=(1, 1), padding=(1, 1), bias=False)
        (1): ReLU(inplace=True)
        (2): Conv2d(256, 256, kernel_size=(3, 3), stride=(1, 1), padding=(1, 1), bias=False)
      )
      (nstb_block): NSTB(
        (ngram_window_partition): NGramWindowPartition(
          (ngram_context): NGramContext(
            (unigram_embed): Conv2d(256, 128, kernel_size=(8, 8), stride=(8, 8), groups=128)
            (ngram_attn): WindowAttention(
              (qkv): Linear(in_features=128, out_features=384, bias=True)
              (attn_drop): Dropout(p=0.0, inplace=False)
              (proj): Linear(in_features=128, out_features=128, bias=True)
              (proj_drop): Dropout(p=0.0, inplace=False)
              (softmax): Softmax(dim=-1)
            )
            (avg_pool): AvgPool2d(kernel_size=2, stride=2, padding=0)
            (merge): Conv2d(256, 256, kernel_size=(1, 1), stride=(1, 1))
          )
        )
        (attn): WindowAttention(
          (qkv): Linear(in_features=256, out_features=768, bias=True)
          (attn_drop): Dropout(p=0.0, inplace=False)
          (proj): Linear(in_features=256, out_features=256, bias=True)
          (proj_drop): Dropout(p=0.0, inplace=False)
          (softmax): Softmax(dim=-1)
        )
        (norm1): LayerNorm((256,), eps=1e-05, elementwise_affine=True)
        (drop_path): Identity()
        (ffn): Mlp(
          (fc1): Linear(in_features=256, out_features=512, bias=True)
          (act): GELU(approximate='none')
          (drop1): Dropout(p=0.0, inplace=False)
          (norm): Identity()
          (fc2): Linear(in_features=512, out_features=256, bias=True)
          (drop2): Dropout(p=0.0, inplace=False)
        )
        (norm2): LayerNorm((256,), eps=1e-05, elementwise_affine=True)
      )
      (conv1_2): Conv2d(512, 512, kernel_size=(1, 1), stride=(1, 1))
    )
  )
  (m_up3): Sequential(
    (0): ConvTranspose2d(512, 256, kernel_size=(2, 2), stride=(2, 2), bias=False)
    (1): ConvNSTBBlock(
      (conv1_1): Conv2d(256, 256, kernel_size=(1, 1), stride=(1, 1))
      (conv_block): Sequential(
        (0): Conv2d(128, 128, kernel_size=(3, 3), stride=(1, 1), padding=(1, 1), bias=False)
        (1): ReLU(inplace=True)
        (2): Conv2d(128, 128, kernel_size=(3, 3), stride=(1, 1), padding=(1, 1), bias=False)
      )
      (nstb_block): NSTB(
        (ngram_window_partition): NGramWindowPartition(
          (ngram_context): NGramContext(
            (unigram_embed): Conv2d(128, 64, kernel_size=(8, 8), stride=(8, 8), groups=64)
            (ngram_attn): WindowAttention(
              (qkv): Linear(in_features=64, out_features=192, bias=True)
              (attn_drop): Dropout(p=0.0, inplace=False)
              (proj): Linear(in_features=64, out_features=64, bias=True)
              (proj_drop): Dropout(p=0.0, inplace=False)
              (softmax): Softmax(dim=-1)
            )
            (avg_pool): AvgPool2d(kernel_size=2, stride=2, padding=0)
            (merge): Conv2d(128, 128, kernel_size=(1, 1), stride=(1, 1))
          )
        )
        (attn): WindowAttention(
          (qkv): Linear(in_features=128, out_features=384, bias=True)
          (attn_drop): Dropout(p=0.0, inplace=False)
          (proj): Linear(in_features=128, out_features=128, bias=True)
          (proj_drop): Dropout(p=0.0, inplace=False)
          (softmax): Softmax(dim=-1)
        )
        (norm1): LayerNorm((128,), eps=1e-05, elementwise_affine=True)
        (drop_path): Identity()
        (ffn): Mlp(
          (fc1): Linear(in_features=128, out_features=256, bias=True)
          (act): GELU(approximate='none')
          (drop1): Dropout(p=0.0, inplace=False)
          (norm): Identity()
          (fc2): Linear(in_features=256, out_features=128, bias=True)
          (drop2): Dropout(p=0.0, inplace=False)
        )
        (norm2): LayerNorm((128,), eps=1e-05, elementwise_affine=True)
      )
      (conv1_2): Conv2d(256, 256, kernel_size=(1, 1), stride=(1, 1))
    )
  )
  (m_up2): Sequential(
    (0): ConvTranspose2d(256, 128, kernel_size=(2, 2), stride=(2, 2), bias=False)
    (1): ConvNSTBBlock(
      (conv1_1): Conv2d(128, 128, kernel_size=(1, 1), stride=(1, 1))
      (conv_block): Sequential(
        (0): Conv2d(64, 64, kernel_size=(3, 3), stride=(1, 1), padding=(1, 1), bias=False)
        (1): ReLU(inplace=True)
        (2): Conv2d(64, 64, kernel_size=(3, 3), stride=(1, 1), padding=(1, 1), bias=False)
      )
      (nstb_block): NSTB(
        (ngram_window_partition): NGramWindowPartition(
          (ngram_context): NGramContext(
            (unigram_embed): Conv2d(64, 32, kernel_size=(8, 8), stride=(8, 8), groups=32)
            (ngram_attn): WindowAttention(
              (qkv): Linear(in_features=32, out_features=96, bias=True)
              (attn_drop): Dropout(p=0.0, inplace=False)
              (proj): Linear(in_features=32, out_features=32, bias=True)
              (proj_drop): Dropout(p=0.0, inplace=False)
              (softmax): Softmax(dim=-1)
            )
            (avg_pool): AvgPool2d(kernel_size=2, stride=2, padding=0)
            (merge): Conv2d(64, 64, kernel_size=(1, 1), stride=(1, 1))
          )
        )
        (attn): WindowAttention(
          (qkv): Linear(in_features=64, out_features=192, bias=True)
          (attn_drop): Dropout(p=0.0, inplace=False)
          (proj): Linear(in_features=64, out_features=64, bias=True)
          (proj_drop): Dropout(p=0.0, inplace=False)
          (softmax): Softmax(dim=-1)
        )
        (norm1): LayerNorm((64,), eps=1e-05, elementwise_affine=True)
        (drop_path): Identity()
        (ffn): Mlp(
          (fc1): Linear(in_features=64, out_features=128, bias=True)
          (act): GELU(approximate='none')
          (drop1): Dropout(p=0.0, inplace=False)
          (norm): Identity()
          (fc2): Linear(in_features=128, out_features=64, bias=True)
          (drop2): Dropout(p=0.0, inplace=False)
        )
        (norm2): LayerNorm((64,), eps=1e-05, elementwise_affine=True)
      )
      (conv1_2): Conv2d(128, 128, kernel_size=(1, 1), stride=(1, 1))
    )
  )
  (m_up1): Sequential(
    (0): ConvTranspose2d(128, 64, kernel_size=(2, 2), stride=(2, 2), bias=False)
    (1): ConvNSTBBlock(
      (conv1_1): Conv2d(64, 64, kernel_size=(1, 1), stride=(1, 1))
      (conv_block): Sequential(
        (0): Conv2d(32, 32, kernel_size=(3, 3), stride=(1, 1), padding=(1, 1), bias=False)
        (1): ReLU(inplace=True)
        (2): Conv2d(32, 32, kernel_size=(3, 3), stride=(1, 1), padding=(1, 1), bias=False)
      )
      (nstb_block): NSTB(
        (ngram_window_partition): NGramWindowPartition(
          (ngram_context): NGramContext(
            (unigram_embed): Conv2d(32, 16, kernel_size=(8, 8), stride=(8, 8), groups=16)
            (ngram_attn): WindowAttention(
              (qkv): Linear(in_features=16, out_features=48, bias=True)
              (attn_drop): Dropout(p=0.0, inplace=False)
              (proj): Linear(in_features=16, out_features=16, bias=True)
              (proj_drop): Dropout(p=0.0, inplace=False)
              (softmax): Softmax(dim=-1)
            )
            (avg_pool): AvgPool2d(kernel_size=2, stride=2, padding=0)
            (merge): Conv2d(32, 32, kernel_size=(1, 1), stride=(1, 1))
          )
        )
        (attn): WindowAttention(
          (qkv): Linear(in_features=32, out_features=96, bias=True)
          (attn_drop): Dropout(p=0.0, inplace=False)
          (proj): Linear(in_features=32, out_features=32, bias=True)
          (proj_drop): Dropout(p=0.0, inplace=False)
          (softmax): Softmax(dim=-1)
        )
        (norm1): LayerNorm((32,), eps=1e-05, elementwise_affine=True)
        (drop_path): Identity()
        (ffn): Mlp(
          (fc1): Linear(in_features=32, out_features=64, bias=True)
          (act): GELU(approximate='none')
          (drop1): Dropout(p=0.0, inplace=False)
          (norm): Identity()
          (fc2): Linear(in_features=64, out_features=32, bias=True)
          (drop2): Dropout(p=0.0, inplace=False)
        )
        (norm2): LayerNorm((32,), eps=1e-05, elementwise_affine=True)
      )
      (conv1_2): Conv2d(64, 64, kernel_size=(1, 1), stride=(1, 1))
    )
  )
  (m_tail): Sequential(
    (0): Conv2d(64, 1, kernel_size=(3, 3), stride=(1, 1), padding=(1, 1), bias=False)
  )
)

25-07-08 16:21:33.716 : 
 |  mean  |  min   |  max   |  std   || shape               
 |  0.006 | -0.457 |  0.432 |  0.201 | torch.Size([64, 1, 3, 3]) || m_head.0.weight
 | -0.005 | -1.429 |  2.076 |  0.179 | torch.Size([64, 64, 1, 1]) || m_down1.0.conv1_1.weight
 | -0.012 | -0.131 |  0.130 |  0.067 | torch.Size([64]) || m_down1.0.conv1_1.bias
 |  0.001 | -0.872 |  0.929 |  0.077 | torch.Size([32, 32, 3, 3]) || m_down1.0.conv_block.0.weight
 | -0.000 | -0.347 |  0.371 |  0.065 | torch.Size([32, 32, 3, 3]) || m_down1.0.conv_block.2.weight
 | -12.109 | -100.000 |  0.000 | 32.624 | torch.Size([64, 64, 64]) || m_down1.0.nstb_block.attn_mask
 | -0.002 | -0.203 |  0.214 |  0.062 | torch.Size([16, 2, 8, 8]) || m_down1.0.nstb_block.ngram_window_partition.ngram_context.unigram_embed.weight
 |  0.025 | -0.077 |  0.113 |  0.050 | torch.Size([16]) || m_down1.0.nstb_block.ngram_window_partition.ngram_context.unigram_embed.bias
 |  2.377 |  2.377 |  2.377 |    nan | torch.Size([1, 1, 1]) || m_down1.0.nstb_block.ngram_window_partition.ngram_context.ngram_attn.logit_scale
 | -0.004 | -0.186 |  0.243 |  0.150 | torch.Size([9, 1]) || m_down1.0.nstb_block.ngram_window_partition.ngram_context.ngram_attn.relative_position_bias_table
 |  4.000 |  0.000 |  8.000 |  2.309 | torch.Size([4, 4]) || m_down1.0.nstb_block.ngram_window_partition.ngram_context.ngram_attn.relative_position_index
 |  0.006 | -0.430 |  0.479 |  0.159 | torch.Size([48, 16]) || m_down1.0.nstb_block.ngram_window_partition.ngram_context.ngram_attn.qkv.weight
 | -0.023 | -0.214 |  0.191 |  0.115 | torch.Size([48]) || m_down1.0.nstb_block.ngram_window_partition.ngram_context.ngram_attn.qkv.bias
 |  0.013 | -0.256 |  0.273 |  0.134 | torch.Size([16, 16]) || m_down1.0.nstb_block.ngram_window_partition.ngram_context.ngram_attn.proj.weight
 | -0.011 | -0.196 |  0.142 |  0.107 | torch.Size([16]) || m_down1.0.nstb_block.ngram_window_partition.ngram_context.ngram_attn.proj.bias
 | -0.001 | -0.299 |  0.229 |  0.102 | torch.Size([32, 32, 1, 1]) || m_down1.0.nstb_block.ngram_window_partition.ngram_context.merge.weight
 | -0.006 | -0.145 |  0.165 |  0.088 | torch.Size([32]) || m_down1.0.nstb_block.ngram_window_partition.ngram_context.merge.bias
 |  3.644 |  3.644 |  3.644 |    nan | torch.Size([1, 1, 1]) || m_down1.0.nstb_block.attn.logit_scale
 | -0.248 | -0.805 |  0.980 |  0.378 | torch.Size([225, 1]) || m_down1.0.nstb_block.attn.relative_position_bias_table
 | 112.000 |  0.000 | 224.000 | 48.719 | torch.Size([64, 64]) || m_down1.0.nstb_block.attn.relative_position_index
 |  0.001 | -0.694 |  0.564 |  0.132 | torch.Size([96, 32]) || m_down1.0.nstb_block.attn.qkv.weight
 | -0.006 | -0.188 |  0.167 |  0.082 | torch.Size([96]) || m_down1.0.nstb_block.attn.qkv.bias
 | -0.003 | -0.326 |  0.270 |  0.109 | torch.Size([32, 32]) || m_down1.0.nstb_block.attn.proj.weight
 |  0.011 | -0.225 |  0.194 |  0.117 | torch.Size([32]) || m_down1.0.nstb_block.attn.proj.bias
 |  0.979 |  0.893 |  1.069 |  0.035 | torch.Size([32]) || m_down1.0.nstb_block.norm1.weight
 |  0.010 | -0.009 |  0.036 |  0.011 | torch.Size([32]) || m_down1.0.nstb_block.norm1.bias
 |  0.001 | -0.487 |  0.653 |  0.135 | torch.Size([64, 32]) || m_down1.0.nstb_block.ffn.fc1.weight
 | -0.000 | -0.199 |  0.164 |  0.094 | torch.Size([64]) || m_down1.0.nstb_block.ffn.fc1.bias
 | -0.003 | -0.221 |  0.253 |  0.081 | torch.Size([32, 64]) || m_down1.0.nstb_block.ffn.fc2.weight
 | -0.016 | -0.124 |  0.153 |  0.082 | torch.Size([32]) || m_down1.0.nstb_block.ffn.fc2.bias
 |  0.962 |  0.790 |  1.003 |  0.042 | torch.Size([32]) || m_down1.0.nstb_block.norm2.weight
 |  0.010 | -0.014 |  0.042 |  0.012 | torch.Size([32]) || m_down1.0.nstb_block.norm2.bias
 | -0.002 | -0.398 |  0.545 |  0.087 | torch.Size([64, 64, 1, 1]) || m_down1.0.conv1_2.weight
 |  0.006 | -0.104 |  0.131 |  0.065 | torch.Size([64]) || m_down1.0.conv1_2.bias
 |  0.000 | -0.329 |  0.276 |  0.051 | torch.Size([128, 64, 2, 2]) || m_down1.1.weight
 |  0.000 | -0.352 |  0.366 |  0.076 | torch.Size([128, 128, 1, 1]) || m_down2.0.conv1_1.weight
 | -0.006 | -0.107 |  0.091 |  0.045 | torch.Size([128]) || m_down2.0.conv1_1.bias
 |  0.002 | -0.371 |  0.360 |  0.055 | torch.Size([64, 64, 3, 3]) || m_down2.0.conv_block.0.weight
 |  0.000 | -0.351 |  0.427 |  0.056 | torch.Size([64, 64, 3, 3]) || m_down2.0.conv_block.2.weight
 | -23.438 | -100.000 |  0.000 | 42.361 | torch.Size([16, 64, 64]) || m_down2.0.nstb_block.attn_mask
 | -0.002 | -0.272 |  0.309 |  0.068 | torch.Size([32, 2, 8, 8]) || m_down2.0.nstb_block.ngram_window_partition.ngram_context.unigram_embed.weight
 |  0.003 | -0.066 |  0.077 |  0.046 | torch.Size([32]) || m_down2.0.nstb_block.ngram_window_partition.ngram_context.unigram_embed.bias
 |  2.287 |  2.182 |  2.392 |  0.149 | torch.Size([2, 1, 1]) || m_down2.0.nstb_block.ngram_window_partition.ngram_context.ngram_attn.logit_scale
 | -0.013 | -0.395 |  0.468 |  0.255 | torch.Size([9, 2]) || m_down2.0.nstb_block.ngram_window_partition.ngram_context.ngram_attn.relative_position_bias_table
 |  4.000 |  0.000 |  8.000 |  2.309 | torch.Size([4, 4]) || m_down2.0.nstb_block.ngram_window_partition.ngram_context.ngram_attn.relative_position_index
 |  0.002 | -0.368 |  0.387 |  0.115 | torch.Size([96, 32]) || m_down2.0.nstb_block.ngram_window_partition.ngram_context.ngram_attn.qkv.weight
 |  0.025 | -0.195 |  0.229 |  0.101 | torch.Size([96]) || m_down2.0.nstb_block.ngram_window_partition.ngram_context.ngram_attn.qkv.bias
 | -0.001 | -0.248 |  0.244 |  0.103 | torch.Size([32, 32]) || m_down2.0.nstb_block.ngram_window_partition.ngram_context.ngram_attn.proj.weight
 |  0.002 | -0.126 |  0.144 |  0.063 | torch.Size([32]) || m_down2.0.nstb_block.ngram_window_partition.ngram_context.ngram_attn.proj.bias
 |  0.001 | -0.249 |  0.216 |  0.077 | torch.Size([64, 64, 1, 1]) || m_down2.0.nstb_block.ngram_window_partition.ngram_context.merge.weight
 |  0.002 | -0.102 |  0.116 |  0.058 | torch.Size([64]) || m_down2.0.nstb_block.ngram_window_partition.ngram_context.merge.bias
 |  2.817 |  2.595 |  3.039 |  0.314 | torch.Size([2, 1, 1]) || m_down2.0.nstb_block.attn.logit_scale
 | -0.331 | -1.011 |  1.407 |  0.399 | torch.Size([225, 2]) || m_down2.0.nstb_block.attn.relative_position_bias_table
 | 112.000 |  0.000 | 224.000 | 48.719 | torch.Size([64, 64]) || m_down2.0.nstb_block.attn.relative_position_index
 |  0.001 | -0.304 |  0.357 |  0.089 | torch.Size([192, 64]) || m_down2.0.nstb_block.attn.qkv.weight
 | -0.011 | -0.222 |  0.156 |  0.070 | torch.Size([192]) || m_down2.0.nstb_block.attn.qkv.bias
 | -0.003 | -0.209 |  0.233 |  0.082 | torch.Size([64, 64]) || m_down2.0.nstb_block.attn.proj.weight
 |  0.000 | -0.188 |  0.197 |  0.091 | torch.Size([64]) || m_down2.0.nstb_block.attn.proj.bias
 |  0.953 |  0.868 |  1.011 |  0.036 | torch.Size([64]) || m_down2.0.nstb_block.norm1.weight
 |  0.002 | -0.023 |  0.034 |  0.012 | torch.Size([64]) || m_down2.0.nstb_block.norm1.bias
 |  0.001 | -0.386 |  0.402 |  0.102 | torch.Size([128, 64]) || m_down2.0.nstb_block.ffn.fc1.weight
 | -0.006 | -0.160 |  0.126 |  0.079 | torch.Size([128]) || m_down2.0.nstb_block.ffn.fc1.bias
 |  0.001 | -0.237 |  0.256 |  0.066 | torch.Size([64, 128]) || m_down2.0.nstb_block.ffn.fc2.weight
 | -0.003 | -0.163 |  0.140 |  0.070 | torch.Size([64]) || m_down2.0.nstb_block.ffn.fc2.bias
 |  0.963 |  0.881 |  1.030 |  0.026 | torch.Size([64]) || m_down2.0.nstb_block.norm2.weight
 | -0.000 | -0.043 |  0.033 |  0.018 | torch.Size([64]) || m_down2.0.nstb_block.norm2.bias
 | -0.000 | -0.196 |  0.180 |  0.057 | torch.Size([128, 128, 1, 1]) || m_down2.0.conv1_2.weight
 | -0.007 | -0.076 |  0.072 |  0.036 | torch.Size([128]) || m_down2.0.conv1_2.bias
 | -0.000 | -0.173 |  0.220 |  0.044 | torch.Size([256, 128, 2, 2]) || m_down2.1.weight
 |  0.000 | -0.219 |  0.200 |  0.052 | torch.Size([256, 256, 1, 1]) || m_down3.0.conv1_1.weight
 | -0.000 | -0.122 |  0.083 |  0.030 | torch.Size([256]) || m_down3.0.conv1_1.bias
 |  0.000 | -0.453 |  0.393 |  0.049 | torch.Size([128, 128, 3, 3]) || m_down3.0.conv_block.0.weight
 |  0.000 | -0.337 |  0.397 |  0.049 | torch.Size([128, 128, 3, 3]) || m_down3.0.conv_block.2.weight
 | -43.750 | -100.000 |  0.000 | 49.609 | torch.Size([4, 64, 64]) || m_down3.0.nstb_block.attn_mask
 |  0.002 | -0.255 |  0.292 |  0.072 | torch.Size([64, 2, 8, 8]) || m_down3.0.nstb_block.ngram_window_partition.ngram_context.unigram_embed.weight
 |  0.009 | -0.089 |  0.104 |  0.047 | torch.Size([64]) || m_down3.0.nstb_block.ngram_window_partition.ngram_context.unigram_embed.bias
 |  2.348 |  2.267 |  2.393 |  0.058 | torch.Size([4, 1, 1]) || m_down3.0.nstb_block.ngram_window_partition.ngram_context.ngram_attn.logit_scale
 | -0.006 | -0.505 |  0.556 |  0.245 | torch.Size([9, 4]) || m_down3.0.nstb_block.ngram_window_partition.ngram_context.ngram_attn.relative_position_bias_table
 |  4.000 |  0.000 |  8.000 |  2.309 | torch.Size([4, 4]) || m_down3.0.nstb_block.ngram_window_partition.ngram_context.ngram_attn.relative_position_index
 |  0.001 | -0.299 |  0.323 |  0.088 | torch.Size([192, 64]) || m_down3.0.nstb_block.ngram_window_partition.ngram_context.ngram_attn.qkv.weight
 | -0.009 | -0.236 |  0.286 |  0.102 | torch.Size([192]) || m_down3.0.nstb_block.ngram_window_partition.ngram_context.ngram_attn.qkv.bias
 |  0.001 | -0.234 |  0.225 |  0.086 | torch.Size([64, 64]) || m_down3.0.nstb_block.ngram_window_partition.ngram_context.ngram_attn.proj.weight
 | -0.001 | -0.095 |  0.097 |  0.055 | torch.Size([64]) || m_down3.0.nstb_block.ngram_window_partition.ngram_context.ngram_attn.proj.bias
 | -0.000 | -0.217 |  0.214 |  0.067 | torch.Size([128, 128, 1, 1]) || m_down3.0.nstb_block.ngram_window_partition.ngram_context.merge.weight
 |  0.001 | -0.101 |  0.096 |  0.043 | torch.Size([128]) || m_down3.0.nstb_block.ngram_window_partition.ngram_context.merge.bias
 |  2.460 |  2.342 |  2.742 |  0.190 | torch.Size([4, 1, 1]) || m_down3.0.nstb_block.attn.logit_scale
 | -0.071 | -0.705 |  0.820 |  0.226 | torch.Size([225, 4]) || m_down3.0.nstb_block.attn.relative_position_bias_table
 | 112.000 |  0.000 | 224.000 | 48.719 | torch.Size([64, 64]) || m_down3.0.nstb_block.attn.relative_position_index
 | -0.000 | -0.322 |  0.283 |  0.069 | torch.Size([384, 128]) || m_down3.0.nstb_block.attn.qkv.weight
 | -0.000 | -0.206 |  0.273 |  0.069 | torch.Size([384]) || m_down3.0.nstb_block.attn.qkv.bias
 | -0.000 | -0.200 |  0.212 |  0.066 | torch.Size([128, 128]) || m_down3.0.nstb_block.attn.proj.weight
 | -0.004 | -0.185 |  0.206 |  0.079 | torch.Size([128]) || m_down3.0.nstb_block.attn.proj.bias
 |  0.932 |  0.843 |  0.995 |  0.035 | torch.Size([128]) || m_down3.0.nstb_block.norm1.weight
 | -0.000 | -0.026 |  0.024 |  0.010 | torch.Size([128]) || m_down3.0.nstb_block.norm1.bias
 |  0.001 | -0.412 |  0.468 |  0.089 | torch.Size([256, 128]) || m_down3.0.nstb_block.ffn.fc1.weight
 | -0.006 | -0.140 |  0.105 |  0.053 | torch.Size([256]) || m_down3.0.nstb_block.ffn.fc1.bias
 | -0.000 | -0.383 |  0.314 |  0.057 | torch.Size([128, 256]) || m_down3.0.nstb_block.ffn.fc2.weight
 |  0.005 | -0.115 |  0.093 |  0.046 | torch.Size([128]) || m_down3.0.nstb_block.ffn.fc2.bias
 |  0.928 |  0.706 |  0.976 |  0.047 | torch.Size([128]) || m_down3.0.nstb_block.norm2.weight
 |  0.001 | -0.047 |  0.042 |  0.019 | torch.Size([128]) || m_down3.0.nstb_block.norm2.bias
 | -0.000 | -0.184 |  0.157 |  0.043 | torch.Size([256, 256, 1, 1]) || m_down3.0.conv1_2.weight
 | -0.001 | -0.059 |  0.049 |  0.024 | torch.Size([256]) || m_down3.0.conv1_2.bias
 |  0.000 | -0.177 |  0.219 |  0.039 | torch.Size([512, 256, 2, 2]) || m_down3.1.weight
 |  0.000 | -0.219 |  0.215 |  0.048 | torch.Size([512, 512, 1, 1]) || m_body.0.conv1_1.weight
 |  0.002 | -0.125 |  0.165 |  0.047 | torch.Size([512]) || m_body.0.conv1_1.bias
 |  0.000 | -0.269 |  0.258 |  0.048 | torch.Size([256, 256, 3, 3]) || m_body.0.conv_block.0.weight
 |  0.000 | -0.266 |  0.268 |  0.047 | torch.Size([256, 256, 3, 3]) || m_body.0.conv_block.2.weight
 | -75.000 | -100.000 |  0.000 | 43.307 | torch.Size([1, 64, 64]) || m_body.0.nstb_block.attn_mask
 | -0.000 | -0.260 |  0.288 |  0.071 | torch.Size([128, 2, 8, 8]) || m_body.0.nstb_block.ngram_window_partition.ngram_context.unigram_embed.weight
 | -0.003 | -0.109 |  0.101 |  0.050 | torch.Size([128]) || m_body.0.nstb_block.ngram_window_partition.ngram_context.unigram_embed.bias
 |  2.207 |  1.948 |  2.333 |  0.157 | torch.Size([8, 1, 1]) || m_body.0.nstb_block.ngram_window_partition.ngram_context.ngram_attn.logit_scale
 | -0.020 | -0.956 |  1.610 |  0.388 | torch.Size([9, 8]) || m_body.0.nstb_block.ngram_window_partition.ngram_context.ngram_attn.relative_position_bias_table
 |  4.000 |  0.000 |  8.000 |  2.309 | torch.Size([4, 4]) || m_body.0.nstb_block.ngram_window_partition.ngram_context.ngram_attn.relative_position_index
 |  0.000 | -0.271 |  0.288 |  0.070 | torch.Size([384, 128]) || m_body.0.nstb_block.ngram_window_partition.ngram_context.ngram_attn.qkv.weight
 | -0.003 | -0.306 |  0.230 |  0.087 | torch.Size([384]) || m_body.0.nstb_block.ngram_window_partition.ngram_context.ngram_attn.qkv.bias
 | -0.001 | -0.235 |  0.230 |  0.070 | torch.Size([128, 128]) || m_body.0.nstb_block.ngram_window_partition.ngram_context.ngram_attn.proj.weight
 | -0.003 | -0.080 |  0.072 |  0.037 | torch.Size([128]) || m_body.0.nstb_block.ngram_window_partition.ngram_context.ngram_attn.proj.bias
 | -0.000 | -0.229 |  0.231 |  0.058 | torch.Size([256, 256, 1, 1]) || m_body.0.nstb_block.ngram_window_partition.ngram_context.merge.weight
 |  0.003 | -0.131 |  0.118 |  0.047 | torch.Size([256]) || m_body.0.nstb_block.ngram_window_partition.ngram_context.merge.bias
 |  2.588 |  2.467 |  2.791 |  0.109 | torch.Size([8, 1, 1]) || m_body.0.nstb_block.attn.logit_scale
 | -0.164 | -1.361 |  1.011 |  0.435 | torch.Size([225, 8]) || m_body.0.nstb_block.attn.relative_position_bias_table
 | 112.000 |  0.000 | 224.000 | 48.719 | torch.Size([64, 64]) || m_body.0.nstb_block.attn.relative_position_index
 | -0.000 | -0.277 |  0.258 |  0.058 | torch.Size([768, 256]) || m_body.0.nstb_block.attn.qkv.weight
 | -0.001 | -0.289 |  0.273 |  0.080 | torch.Size([768]) || m_body.0.nstb_block.attn.qkv.bias
 | -0.000 | -0.290 |  0.268 |  0.056 | torch.Size([256, 256]) || m_body.0.nstb_block.attn.proj.weight
 | -0.001 | -0.325 |  0.284 |  0.071 | torch.Size([256]) || m_body.0.nstb_block.attn.proj.bias
 |  0.910 |  0.822 |  0.986 |  0.028 | torch.Size([256]) || m_body.0.nstb_block.norm1.weight
 | -0.003 | -0.094 |  0.081 |  0.024 | torch.Size([256]) || m_body.0.nstb_block.norm1.bias
 |  0.000 | -0.321 |  0.294 |  0.065 | torch.Size([512, 256]) || m_body.0.nstb_block.ffn.fc1.weight
 | -0.021 | -0.114 |  0.112 |  0.040 | torch.Size([512]) || m_body.0.nstb_block.ffn.fc1.bias
 |  0.000 | -0.350 |  0.321 |  0.052 | torch.Size([256, 512]) || m_body.0.nstb_block.ffn.fc2.weight
 |  0.000 | -0.207 |  0.240 |  0.046 | torch.Size([256]) || m_body.0.nstb_block.ffn.fc2.bias
 |  0.953 |  0.813 |  1.049 |  0.034 | torch.Size([256]) || m_body.0.nstb_block.norm2.weight
 | -0.002 | -0.090 |  0.084 |  0.031 | torch.Size([256]) || m_body.0.nstb_block.norm2.bias
 | -0.000 | -0.171 |  0.180 |  0.040 | torch.Size([512, 512, 1, 1]) || m_body.0.conv1_2.weight
 | -0.002 | -0.155 |  0.113 |  0.049 | torch.Size([512]) || m_body.0.conv1_2.bias
 |  0.000 | -0.152 |  0.150 |  0.033 | torch.Size([512, 256, 2, 2]) || m_up3.0.weight
 |  0.001 | -0.206 |  0.197 |  0.052 | torch.Size([256, 256, 1, 1]) || m_up3.1.conv1_1.weight
 | -0.002 | -0.111 |  0.125 |  0.053 | torch.Size([256]) || m_up3.1.conv1_1.bias
 | -0.001 | -0.309 |  0.239 |  0.044 | torch.Size([128, 128, 3, 3]) || m_up3.1.conv_block.0.weight
 | -0.000 | -0.264 |  0.283 |  0.043 | torch.Size([128, 128, 3, 3]) || m_up3.1.conv_block.2.weight
 | -43.750 | -100.000 |  0.000 | 49.609 | torch.Size([4, 64, 64]) || m_up3.1.nstb_block.attn_mask
 |  0.002 | -0.291 |  0.220 |  0.064 | torch.Size([64, 2, 8, 8]) || m_up3.1.nstb_block.ngram_window_partition.ngram_context.unigram_embed.weight
 | -0.006 | -0.102 |  0.095 |  0.056 | torch.Size([64]) || m_up3.1.nstb_block.ngram_window_partition.ngram_context.unigram_embed.bias
 |  1.994 |  1.935 |  2.035 |  0.045 | torch.Size([4, 1, 1]) || m_up3.1.nstb_block.ngram_window_partition.ngram_context.ngram_attn.logit_scale
 | -0.020 | -0.866 |  1.563 |  0.546 | torch.Size([9, 4]) || m_up3.1.nstb_block.ngram_window_partition.ngram_context.ngram_attn.relative_position_bias_table
 |  4.000 |  0.000 |  8.000 |  2.309 | torch.Size([4, 4]) || m_up3.1.nstb_block.ngram_window_partition.ngram_context.ngram_attn.relative_position_index
 | -0.002 | -0.285 |  0.297 |  0.084 | torch.Size([192, 64]) || m_up3.1.nstb_block.ngram_window_partition.ngram_context.ngram_attn.qkv.weight
 | -0.006 | -0.392 |  0.346 |  0.136 | torch.Size([192]) || m_up3.1.nstb_block.ngram_window_partition.ngram_context.ngram_attn.qkv.bias
 |  0.001 | -0.216 |  0.218 |  0.082 | torch.Size([64, 64]) || m_up3.1.nstb_block.ngram_window_partition.ngram_context.ngram_attn.proj.weight
 |  0.005 | -0.116 |  0.103 |  0.067 | torch.Size([64]) || m_up3.1.nstb_block.ngram_window_partition.ngram_context.ngram_attn.proj.bias
 |  0.001 | -0.210 |  0.221 |  0.063 | torch.Size([128, 128, 1, 1]) || m_up3.1.nstb_block.ngram_window_partition.ngram_context.merge.weight
 |  0.002 | -0.128 |  0.130 |  0.055 | torch.Size([128]) || m_up3.1.nstb_block.ngram_window_partition.ngram_context.merge.bias
 |  2.500 |  2.375 |  2.652 |  0.115 | torch.Size([4, 1, 1]) || m_up3.1.nstb_block.attn.logit_scale
 | -0.372 | -1.452 |  1.124 |  0.486 | torch.Size([225, 4]) || m_up3.1.nstb_block.attn.relative_position_bias_table
 | 112.000 |  0.000 | 224.000 | 48.719 | torch.Size([64, 64]) || m_up3.1.nstb_block.attn.relative_position_index
 |  0.000 | -0.280 |  0.249 |  0.066 | torch.Size([384, 128]) || m_up3.1.nstb_block.attn.qkv.weight
 |  0.001 | -0.253 |  0.251 |  0.080 | torch.Size([384]) || m_up3.1.nstb_block.attn.qkv.bias
 | -0.000 | -0.211 |  0.238 |  0.062 | torch.Size([128, 128]) || m_up3.1.nstb_block.attn.proj.weight
 |  0.000 | -0.183 |  0.164 |  0.074 | torch.Size([128]) || m_up3.1.nstb_block.attn.proj.bias
 |  0.977 |  0.873 |  1.036 |  0.023 | torch.Size([128]) || m_up3.1.nstb_block.norm1.weight
 |  0.001 | -0.054 |  0.055 |  0.019 | torch.Size([128]) || m_up3.1.nstb_block.norm1.bias
 | -0.000 | -0.297 |  0.303 |  0.070 | torch.Size([256, 128]) || m_up3.1.nstb_block.ffn.fc1.weight
 | -0.030 | -0.178 |  0.107 |  0.061 | torch.Size([256]) || m_up3.1.nstb_block.ffn.fc1.bias
 | -0.000 | -0.226 |  0.240 |  0.053 | torch.Size([128, 256]) || m_up3.1.nstb_block.ffn.fc2.weight
 |  0.004 | -0.100 |  0.159 |  0.047 | torch.Size([128]) || m_up3.1.nstb_block.ffn.fc2.bias
 |  1.007 |  0.897 |  1.105 |  0.034 | torch.Size([128]) || m_up3.1.nstb_block.norm2.weight
 |  0.003 | -0.034 |  0.033 |  0.014 | torch.Size([128]) || m_up3.1.nstb_block.norm2.bias
 | -0.000 | -0.199 |  0.188 |  0.048 | torch.Size([256, 256, 1, 1]) || m_up3.1.conv1_2.weight
 | -0.002 | -0.134 |  0.112 |  0.051 | torch.Size([256]) || m_up3.1.conv1_2.bias
 |  0.000 | -0.114 |  0.107 |  0.024 | torch.Size([256, 128, 2, 2]) || m_up2.0.weight
 | -0.000 | -0.267 |  0.264 |  0.071 | torch.Size([128, 128, 1, 1]) || m_up2.1.conv1_1.weight
 | -0.009 | -0.101 |  0.081 |  0.047 | torch.Size([128]) || m_up2.1.conv1_1.bias
 |  0.000 | -0.290 |  0.306 |  0.048 | torch.Size([64, 64, 3, 3]) || m_up2.1.conv_block.0.weight
 |  0.001 | -0.406 |  0.446 |  0.052 | torch.Size([64, 64, 3, 3]) || m_up2.1.conv_block.2.weight
 | -23.438 | -100.000 |  0.000 | 42.361 | torch.Size([16, 64, 64]) || m_up2.1.nstb_block.attn_mask
 |  0.001 | -0.273 |  0.284 |  0.067 | torch.Size([32, 2, 8, 8]) || m_up2.1.nstb_block.ngram_window_partition.ngram_context.unigram_embed.weight
 | -0.007 | -0.094 |  0.088 |  0.046 | torch.Size([32]) || m_up2.1.nstb_block.ngram_window_partition.ngram_context.unigram_embed.bias
 |  1.705 |  1.548 |  1.861 |  0.221 | torch.Size([2, 1, 1]) || m_up2.1.nstb_block.ngram_window_partition.ngram_context.ngram_attn.logit_scale
 | -0.157 | -1.731 |  1.752 |  1.100 | torch.Size([9, 2]) || m_up2.1.nstb_block.ngram_window_partition.ngram_context.ngram_attn.relative_position_bias_table
 |  4.000 |  0.000 |  8.000 |  2.309 | torch.Size([4, 4]) || m_up2.1.nstb_block.ngram_window_partition.ngram_context.ngram_attn.relative_position_index
 |  0.001 | -0.315 |  0.330 |  0.111 | torch.Size([96, 32]) || m_up2.1.nstb_block.ngram_window_partition.ngram_context.ngram_attn.qkv.weight
 | -0.012 | -0.317 |  0.410 |  0.139 | torch.Size([96]) || m_up2.1.nstb_block.ngram_window_partition.ngram_context.ngram_attn.qkv.bias
 |  0.000 | -0.270 |  0.251 |  0.111 | torch.Size([32, 32]) || m_up2.1.nstb_block.ngram_window_partition.ngram_context.ngram_attn.proj.weight
 |  0.001 | -0.168 |  0.132 |  0.091 | torch.Size([32]) || m_up2.1.nstb_block.ngram_window_partition.ngram_context.ngram_attn.proj.bias
 | -0.000 | -0.303 |  0.284 |  0.079 | torch.Size([64, 64, 1, 1]) || m_up2.1.nstb_block.ngram_window_partition.ngram_context.merge.weight
 | -0.012 | -0.136 |  0.143 |  0.069 | torch.Size([64]) || m_up2.1.nstb_block.ngram_window_partition.ngram_context.merge.bias
 |  2.433 |  2.336 |  2.529 |  0.136 | torch.Size([2, 1, 1]) || m_up2.1.nstb_block.attn.logit_scale
 | -0.237 | -1.133 |  0.996 |  0.473 | torch.Size([225, 2]) || m_up2.1.nstb_block.attn.relative_position_bias_table
 | 112.000 |  0.000 | 224.000 | 48.719 | torch.Size([64, 64]) || m_up2.1.nstb_block.attn.relative_position_index
 | -0.000 | -0.398 |  0.321 |  0.081 | torch.Size([192, 64]) || m_up2.1.nstb_block.attn.qkv.weight
 |  0.007 | -0.150 |  0.186 |  0.085 | torch.Size([192]) || m_up2.1.nstb_block.attn.qkv.bias
 |  0.000 | -0.266 |  0.251 |  0.075 | torch.Size([64, 64]) || m_up2.1.nstb_block.attn.proj.weight
 | -0.010 | -0.226 |  0.175 |  0.086 | torch.Size([64]) || m_up2.1.nstb_block.attn.proj.bias
 |  0.958 |  0.718 |  0.998 |  0.055 | torch.Size([64]) || m_up2.1.nstb_block.norm1.weight
 | -0.002 | -0.020 |  0.011 |  0.007 | torch.Size([64]) || m_up2.1.nstb_block.norm1.bias
 |  0.000 | -0.418 |  0.381 |  0.089 | torch.Size([128, 64]) || m_up2.1.nstb_block.ffn.fc1.weight
 | -0.011 | -0.167 |  0.161 |  0.076 | torch.Size([128]) || m_up2.1.nstb_block.ffn.fc1.bias
 |  0.000 | -0.188 |  0.206 |  0.057 | torch.Size([64, 128]) || m_up2.1.nstb_block.ffn.fc2.weight
 | -0.006 | -0.129 |  0.108 |  0.058 | torch.Size([64]) || m_up2.1.nstb_block.ffn.fc2.bias
 |  0.945 |  0.541 |  1.004 |  0.084 | torch.Size([64]) || m_up2.1.nstb_block.norm2.weight
 | -0.002 | -0.014 |  0.013 |  0.007 | torch.Size([64]) || m_up2.1.nstb_block.norm2.bias
 |  0.000 | -0.271 |  0.245 |  0.063 | torch.Size([128, 128, 1, 1]) || m_up2.1.conv1_2.weight
 |  0.006 | -0.099 |  0.116 |  0.051 | torch.Size([128]) || m_up2.1.conv1_2.bias
 |  0.000 | -0.153 |  0.141 |  0.036 | torch.Size([128, 64, 2, 2]) || m_up1.0.weight
 | -0.002 | -0.266 |  0.288 |  0.085 | torch.Size([64, 64, 1, 1]) || m_up1.1.conv1_1.weight
 |  0.008 | -0.129 |  0.121 |  0.066 | torch.Size([64]) || m_up1.1.conv1_1.bias
 |  0.001 | -0.221 |  0.288 |  0.049 | torch.Size([32, 32, 3, 3]) || m_up1.1.conv_block.0.weight
 | -0.002 | -0.260 |  0.337 |  0.050 | torch.Size([32, 32, 3, 3]) || m_up1.1.conv_block.2.weight
 | -12.109 | -100.000 |  0.000 | 32.624 | torch.Size([64, 64, 64]) || m_up1.1.nstb_block.attn_mask
 |  0.002 | -0.358 |  0.403 |  0.078 | torch.Size([16, 2, 8, 8]) || m_up1.1.nstb_block.ngram_window_partition.ngram_context.unigram_embed.weight
 | -0.012 | -0.083 |  0.075 |  0.045 | torch.Size([16]) || m_up1.1.nstb_block.ngram_window_partition.ngram_context.unigram_embed.bias
 |  2.011 |  2.011 |  2.011 |    nan | torch.Size([1, 1, 1]) || m_up1.1.nstb_block.ngram_window_partition.ngram_context.ngram_attn.logit_scale
 |  0.002 | -0.269 |  0.461 |  0.228 | torch.Size([9, 1]) || m_up1.1.nstb_block.ngram_window_partition.ngram_context.ngram_attn.relative_position_bias_table
 |  4.000 |  0.000 |  8.000 |  2.309 | torch.Size([4, 4]) || m_up1.1.nstb_block.ngram_window_partition.ngram_context.ngram_attn.relative_position_index
 | -0.002 | -0.472 |  0.557 |  0.174 | torch.Size([48, 16]) || m_up1.1.nstb_block.ngram_window_partition.ngram_context.ngram_attn.qkv.weight
 | -0.005 | -0.199 |  0.231 |  0.111 | torch.Size([48]) || m_up1.1.nstb_block.ngram_window_partition.ngram_context.ngram_attn.qkv.bias
 | -0.003 | -0.555 |  0.400 |  0.159 | torch.Size([16, 16]) || m_up1.1.nstb_block.ngram_window_partition.ngram_context.ngram_attn.proj.weight
 | -0.012 | -0.204 |  0.161 |  0.110 | torch.Size([16]) || m_up1.1.nstb_block.ngram_window_partition.ngram_context.ngram_attn.proj.bias
 |  0.003 | -0.340 |  0.276 |  0.105 | torch.Size([32, 32, 1, 1]) || m_up1.1.nstb_block.ngram_window_partition.ngram_context.merge.weight
 |  0.023 | -0.154 |  0.172 |  0.102 | torch.Size([32]) || m_up1.1.nstb_block.ngram_window_partition.ngram_context.merge.bias
 |  2.640 |  2.640 |  2.640 |    nan | torch.Size([1, 1, 1]) || m_up1.1.nstb_block.attn.logit_scale
 | -0.478 | -1.606 |  1.187 |  0.770 | torch.Size([225, 1]) || m_up1.1.nstb_block.attn.relative_position_bias_table
 | 112.000 |  0.000 | 224.000 | 48.719 | torch.Size([64, 64]) || m_up1.1.nstb_block.attn.relative_position_index
 |  0.004 | -0.395 |  0.424 |  0.117 | torch.Size([96, 32]) || m_up1.1.nstb_block.attn.qkv.weight
 | -0.002 | -0.176 |  0.187 |  0.087 | torch.Size([96]) || m_up1.1.nstb_block.attn.qkv.bias
 | -0.001 | -0.279 |  0.266 |  0.104 | torch.Size([32, 32]) || m_up1.1.nstb_block.attn.proj.weight
 |  0.011 | -0.177 |  0.179 |  0.096 | torch.Size([32]) || m_up1.1.nstb_block.attn.proj.bias
 |  0.965 |  0.656 |  1.026 |  0.075 | torch.Size([32]) || m_up1.1.nstb_block.norm1.weight
 |  0.001 | -0.053 |  0.035 |  0.016 | torch.Size([32]) || m_up1.1.nstb_block.norm1.bias
 | -0.001 | -0.536 |  0.351 |  0.111 | torch.Size([64, 32]) || m_up1.1.nstb_block.ffn.fc1.weight
 | -0.004 | -0.195 |  0.187 |  0.104 | torch.Size([64]) || m_up1.1.nstb_block.ffn.fc1.bias
 | -0.002 | -0.178 |  0.234 |  0.076 | torch.Size([32, 64]) || m_up1.1.nstb_block.ffn.fc2.weight
 |  0.007 | -0.130 |  0.119 |  0.077 | torch.Size([32]) || m_up1.1.nstb_block.ffn.fc2.bias
 |  0.967 |  0.820 |  1.018 |  0.057 | torch.Size([32]) || m_up1.1.nstb_block.norm2.weight
 | -0.000 | -0.032 |  0.036 |  0.014 | torch.Size([32]) || m_up1.1.nstb_block.norm2.bias
 | -0.001 | -0.228 |  0.211 |  0.074 | torch.Size([64, 64, 1, 1]) || m_up1.1.conv1_2.weight
 |  0.008 | -0.100 |  0.113 |  0.056 | torch.Size([64]) || m_up1.1.conv1_2.bias
 | -0.000 | -0.036 |  0.040 |  0.013 | torch.Size([1, 64, 3, 3]) || m_tail.0.weight

25-07-08 16:21:33.717 : TensorBoard logging to: training_results/conv_nstb/scunet_ngswin_conv_nstb/tensorboard/SCUNet_conv_nstb_li_ct_val0.1
25-07-08 16:21:33.717 : Experiment name: SCUNet_conv_nstb_li_ct_val0.1
25-07-08 16:21:33.717 : Validation split: 10.0% of training data
25-07-08 16:21:33.717 : Early stopping is disabled. Training will run for full 100 epochs.
25-07-08 16:21:33.717 : ================================================================================
25-07-08 16:21:33.717 : TEST-ONLY MODE: Skipping training, running final test evaluation
25-07-08 16:21:33.717 : ================================================================================
25-07-08 16:21:33.718 : Number of test images: 75
25-07-08 16:21:33.718 : ================================================================================
25-07-08 16:21:33.718 : FINAL TEST EVALUATION - After 100 epochs completed
25-07-08 16:21:33.718 : ================================================================================
25-07-08 16:21:33.718 : Loading best PSNR checkpoint for final test evaluation...
25-07-08 16:21:33.718 : ------------------------------------------------------------
25-07-08 16:21:33.718 : Testing checkpoint: PSNR_E (psnr_E.pth)
25-07-08 16:21:33.718 : ------------------------------------------------------------
25-07-08 16:21:33.718 : Loading checkpoint: training_results/conv_nstb/scunet_ngswin_conv_nstb/models/psnr_E.pth
25-07-08 16:21:35.686 : Saved clinical test 10: dataset7_CLINIC_metal_0009_data
25-07-08 16:21:35.686 :   Original: training_results/conv_nstb/scunet_ngswin_conv_nstb/images/final_test_psnr_e_test_2/dataset7_CLINIC_metal_0009_data_original.png
25-07-08 16:21:35.686 :   Enhanced: training_results/conv_nstb/scunet_ngswin_conv_nstb/images/final_test_psnr_e_test_2/dataset7_CLINIC_metal_0009_data_enhanced.png
25-07-08 16:21:35.686 :   Comparison: training_results/conv_nstb/scunet_ngswin_conv_nstb/images/final_test_psnr_e_test_2/dataset7_CLINIC_metal_0009_data_comparison.png
25-07-08 16:21:37.653 : Saved clinical test 20: dataset7_CLINIC_metal_0019_data
25-07-08 16:21:37.653 :   Original: training_results/conv_nstb/scunet_ngswin_conv_nstb/images/final_test_psnr_e_test_2/dataset7_CLINIC_metal_0019_data_original.png
25-07-08 16:21:37.653 :   Enhanced: training_results/conv_nstb/scunet_ngswin_conv_nstb/images/final_test_psnr_e_test_2/dataset7_CLINIC_metal_0019_data_enhanced.png
25-07-08 16:21:37.653 :   Comparison: training_results/conv_nstb/scunet_ngswin_conv_nstb/images/final_test_psnr_e_test_2/dataset7_CLINIC_metal_0019_data_comparison.png
25-07-08 16:21:39.537 : Saved clinical test 30: dataset7_CLINIC_metal_0029_data
25-07-08 16:21:39.538 :   Original: training_results/conv_nstb/scunet_ngswin_conv_nstb/images/final_test_psnr_e_test_2/dataset7_CLINIC_metal_0029_data_original.png
25-07-08 16:21:39.538 :   Enhanced: training_results/conv_nstb/scunet_ngswin_conv_nstb/images/final_test_psnr_e_test_2/dataset7_CLINIC_metal_0029_data_enhanced.png
25-07-08 16:21:39.538 :   Comparison: training_results/conv_nstb/scunet_ngswin_conv_nstb/images/final_test_psnr_e_test_2/dataset7_CLINIC_metal_0029_data_comparison.png
25-07-08 16:21:41.480 : Saved clinical test 40: dataset7_CLINIC_metal_0039_data
25-07-08 16:21:41.480 :   Original: training_results/conv_nstb/scunet_ngswin_conv_nstb/images/final_test_psnr_e_test_2/dataset7_CLINIC_metal_0039_data_original.png
25-07-08 16:21:41.480 :   Enhanced: training_results/conv_nstb/scunet_ngswin_conv_nstb/images/final_test_psnr_e_test_2/dataset7_CLINIC_metal_0039_data_enhanced.png
25-07-08 16:21:41.480 :   Comparison: training_results/conv_nstb/scunet_ngswin_conv_nstb/images/final_test_psnr_e_test_2/dataset7_CLINIC_metal_0039_data_comparison.png
25-07-08 16:21:43.487 : Saved clinical test 50: dataset7_CLINIC_metal_0049_data
25-07-08 16:21:43.487 :   Original: training_results/conv_nstb/scunet_ngswin_conv_nstb/images/final_test_psnr_e_test_2/dataset7_CLINIC_metal_0049_data_original.png
25-07-08 16:21:43.488 :   Enhanced: training_results/conv_nstb/scunet_ngswin_conv_nstb/images/final_test_psnr_e_test_2/dataset7_CLINIC_metal_0049_data_enhanced.png
25-07-08 16:21:43.488 :   Comparison: training_results/conv_nstb/scunet_ngswin_conv_nstb/images/final_test_psnr_e_test_2/dataset7_CLINIC_metal_0049_data_comparison.png
25-07-08 16:21:45.325 : Saved clinical test 60: dataset7_CLINIC_metal_0059_data
25-07-08 16:21:45.325 :   Original: training_results/conv_nstb/scunet_ngswin_conv_nstb/images/final_test_psnr_e_test_2/dataset7_CLINIC_metal_0059_data_original.png
25-07-08 16:21:45.325 :   Enhanced: training_results/conv_nstb/scunet_ngswin_conv_nstb/images/final_test_psnr_e_test_2/dataset7_CLINIC_metal_0059_data_enhanced.png
25-07-08 16:21:45.325 :   Comparison: training_results/conv_nstb/scunet_ngswin_conv_nstb/images/final_test_psnr_e_test_2/dataset7_CLINIC_metal_0059_data_comparison.png
25-07-08 16:21:47.212 : Saved clinical test 70: dataset7_CLINIC_metal_0069_data
25-07-08 16:21:47.212 :   Original: training_results/conv_nstb/scunet_ngswin_conv_nstb/images/final_test_psnr_e_test_2/dataset7_CLINIC_metal_0069_data_original.png
25-07-08 16:21:47.212 :   Enhanced: training_results/conv_nstb/scunet_ngswin_conv_nstb/images/final_test_psnr_e_test_2/dataset7_CLINIC_metal_0069_data_enhanced.png
25-07-08 16:21:47.212 :   Comparison: training_results/conv_nstb/scunet_ngswin_conv_nstb/images/final_test_psnr_e_test_2/dataset7_CLINIC_metal_0069_data_comparison.png
25-07-08 16:21:48.218 : ------------------------------------------------------------
25-07-08 16:21:48.218 : PSNR_E CLINICAL INFERENCE RESULTS:
25-07-08 16:21:48.218 : Processed 75 clinical images
25-07-08 16:21:48.218 : Enhanced images saved with before/after comparison
25-07-08 16:21:48.218 : Images saved: 7 (every 10th)
25-07-08 16:21:48.218 : Test images directory: training_results/conv_nstb/scunet_ngswin_conv_nstb/images/final_test_psnr_e_test_2
25-07-08 16:21:48.218 : ------------------------------------------------------------
25-07-08 16:21:48.218 : ------------------------------------------------------------
25-07-08 16:21:48.218 : Testing checkpoint: PSNR_G (psnr_G.pth)
25-07-08 16:21:48.218 : ------------------------------------------------------------
25-07-08 16:21:48.218 : Loading checkpoint: training_results/conv_nstb/scunet_ngswin_conv_nstb/models/psnr_G.pth
25-07-08 16:21:50.148 : Saved clinical test 10: dataset7_CLINIC_metal_0009_data
25-07-08 16:21:50.148 :   Original: training_results/conv_nstb/scunet_ngswin_conv_nstb/images/final_test_psnr_g_test_2/dataset7_CLINIC_metal_0009_data_original.png
25-07-08 16:21:50.148 :   Enhanced: training_results/conv_nstb/scunet_ngswin_conv_nstb/images/final_test_psnr_g_test_2/dataset7_CLINIC_metal_0009_data_enhanced.png
25-07-08 16:21:50.148 :   Comparison: training_results/conv_nstb/scunet_ngswin_conv_nstb/images/final_test_psnr_g_test_2/dataset7_CLINIC_metal_0009_data_comparison.png
25-07-08 16:21:52.115 : Saved clinical test 20: dataset7_CLINIC_metal_0019_data
25-07-08 16:21:52.115 :   Original: training_results/conv_nstb/scunet_ngswin_conv_nstb/images/final_test_psnr_g_test_2/dataset7_CLINIC_metal_0019_data_original.png
25-07-08 16:21:52.115 :   Enhanced: training_results/conv_nstb/scunet_ngswin_conv_nstb/images/final_test_psnr_g_test_2/dataset7_CLINIC_metal_0019_data_enhanced.png
25-07-08 16:21:52.115 :   Comparison: training_results/conv_nstb/scunet_ngswin_conv_nstb/images/final_test_psnr_g_test_2/dataset7_CLINIC_metal_0019_data_comparison.png
25-07-08 16:21:54.018 : Saved clinical test 30: dataset7_CLINIC_metal_0029_data
25-07-08 16:21:54.019 :   Original: training_results/conv_nstb/scunet_ngswin_conv_nstb/images/final_test_psnr_g_test_2/dataset7_CLINIC_metal_0029_data_original.png
25-07-08 16:21:54.019 :   Enhanced: training_results/conv_nstb/scunet_ngswin_conv_nstb/images/final_test_psnr_g_test_2/dataset7_CLINIC_metal_0029_data_enhanced.png
25-07-08 16:21:54.019 :   Comparison: training_results/conv_nstb/scunet_ngswin_conv_nstb/images/final_test_psnr_g_test_2/dataset7_CLINIC_metal_0029_data_comparison.png
25-07-08 16:21:56.007 : Saved clinical test 40: dataset7_CLINIC_metal_0039_data
25-07-08 16:21:56.007 :   Original: training_results/conv_nstb/scunet_ngswin_conv_nstb/images/final_test_psnr_g_test_2/dataset7_CLINIC_metal_0039_data_original.png
25-07-08 16:21:56.007 :   Enhanced: training_results/conv_nstb/scunet_ngswin_conv_nstb/images/final_test_psnr_g_test_2/dataset7_CLINIC_metal_0039_data_enhanced.png
25-07-08 16:21:56.007 :   Comparison: training_results/conv_nstb/scunet_ngswin_conv_nstb/images/final_test_psnr_g_test_2/dataset7_CLINIC_metal_0039_data_comparison.png
25-07-08 16:21:58.044 : Saved clinical test 50: dataset7_CLINIC_metal_0049_data
25-07-08 16:21:58.044 :   Original: training_results/conv_nstb/scunet_ngswin_conv_nstb/images/final_test_psnr_g_test_2/dataset7_CLINIC_metal_0049_data_original.png
25-07-08 16:21:58.045 :   Enhanced: training_results/conv_nstb/scunet_ngswin_conv_nstb/images/final_test_psnr_g_test_2/dataset7_CLINIC_metal_0049_data_enhanced.png
25-07-08 16:21:58.045 :   Comparison: training_results/conv_nstb/scunet_ngswin_conv_nstb/images/final_test_psnr_g_test_2/dataset7_CLINIC_metal_0049_data_comparison.png
25-07-08 16:21:59.910 : Saved clinical test 60: dataset7_CLINIC_metal_0059_data
25-07-08 16:21:59.910 :   Original: training_results/conv_nstb/scunet_ngswin_conv_nstb/images/final_test_psnr_g_test_2/dataset7_CLINIC_metal_0059_data_original.png
25-07-08 16:21:59.910 :   Enhanced: training_results/conv_nstb/scunet_ngswin_conv_nstb/images/final_test_psnr_g_test_2/dataset7_CLINIC_metal_0059_data_enhanced.png
25-07-08 16:21:59.910 :   Comparison: training_results/conv_nstb/scunet_ngswin_conv_nstb/images/final_test_psnr_g_test_2/dataset7_CLINIC_metal_0059_data_comparison.png
25-07-08 16:22:01.851 : Saved clinical test 70: dataset7_CLINIC_metal_0069_data
25-07-08 16:22:01.851 :   Original: training_results/conv_nstb/scunet_ngswin_conv_nstb/images/final_test_psnr_g_test_2/dataset7_CLINIC_metal_0069_data_original.png
25-07-08 16:22:01.851 :   Enhanced: training_results/conv_nstb/scunet_ngswin_conv_nstb/images/final_test_psnr_g_test_2/dataset7_CLINIC_metal_0069_data_enhanced.png
25-07-08 16:22:01.851 :   Comparison: training_results/conv_nstb/scunet_ngswin_conv_nstb/images/final_test_psnr_g_test_2/dataset7_CLINIC_metal_0069_data_comparison.png
25-07-08 16:22:02.872 : ------------------------------------------------------------
25-07-08 16:22:02.872 : PSNR_G CLINICAL INFERENCE RESULTS:
25-07-08 16:22:02.872 : Processed 75 clinical images
25-07-08 16:22:02.872 : Enhanced images saved with before/after comparison
25-07-08 16:22:02.872 : Images saved: 7 (every 10th)
25-07-08 16:22:02.872 : Test images directory: training_results/conv_nstb/scunet_ngswin_conv_nstb/images/final_test_psnr_g_test_2
25-07-08 16:22:02.872 : ------------------------------------------------------------
25-07-08 16:22:02.872 : ================================================================================
25-07-08 16:22:02.872 : FINAL TEST SUMMARY - ALL CHECKPOINTS
25-07-08 16:22:02.872 : ================================================================================
25-07-08 16:22:02.872 : PSNR_E: Clinical Inference Mode - Processed 75 images, Saved 7 enhanced images
25-07-08 16:22:02.872 : PSNR_G: Clinical Inference Mode - Processed 75 images, Saved 7 enhanced images
25-07-08 16:22:02.872 : ------------------------------------------------------------
25-07-08 16:22:02.872 : CLINICAL INFERENCE MODE:
25-07-08 16:22:02.872 : Both checkpoints processed clinical data successfully.
25-07-08 16:22:02.872 : Enhanced images saved for visual comparison.
25-07-08 16:22:02.872 : ------------------------------------------------------------
25-07-08 16:22:02.872 : Total test samples evaluated: 75
25-07-08 16:22:02.872 : ================================================================================
25-07-08 16:22:02.872 : Training completed. TensorBoard logs saved.
25-07-08 16:22:02.872 : Final test images saved to: training_results/conv_nstb/scunet_ngswin_conv_nstb/images/final_test_*_test_2
